tahun,bulan,kuartal,wilayah_enc,harga_lag1,harga_lag2,harga_lag3,harga_rolling3,harga_lag12,sin_bulan,cos_bulan,is_lebaran_month,tren_index,harga_rolling12
-1.0,-0.8,-1.0,-1.0,-1.1379080612924717,-1.1121311475409836,-0.453125,-0.9453539312889098,-1.2709294660514172,0.49999999999999994,0.3660254037844388,0.0,-1.0,-0.29794085247012975
-1.0,-0.6,-1.0,-1.0,-0.5729513657561626,-1.1121311475409836,-1.1015625,-0.9794789024671436,-1.078444297956493,0.5773502691896257,1.793007356604921e-16,0.0,-0.9642857142857143,-0.1877806965511394
-1.0,-0.4,0.0,-1.0,-0.14123917388407728,-0.5560655737704918,-1.1015625,-0.6345400046114829,-0.7567567567567568,0.5,-0.3660254037844383,0.0,-0.9285714285714286,-0.047453605626641436
-1.0,-0.2,0.0,-1.0,-0.46102598267821454,-0.13114754098360656,-0.5494791666666666,-0.40027668895549945,-0.7567567567567568,0.2886751345948128,-0.6339745962155612,1.0,-0.8928571428571429,0.010846538428946902
-1.0,0.0,0.0,-1.0,-0.46102598267821454,-0.4459016393442623,-0.12760416666666666,-0.3615402351856124,1.5187870797626895,0.0,-0.7320508075688771,0.0,-0.8571428571428571,0.06914668248453523
-1.0,0.2,1.0,-1.0,-0.46102598267821454,-0.4459016393442623,-0.4401041666666667,-0.4722158173852896,1.4238628872775214,-0.2886751345948128,-0.6339745962155612,0.0,-0.8214285714285714,-0.16507075671553245
-1.0,0.4,1.0,-1.0,-1.0073284477015323,-0.4459016393442623,-0.4401041666666667,-0.6612866036430717,1.1206328279499012,-0.5,-0.36602540378443876,0.0,-0.7857142857142857,-0.45657147699347533
-1.0,0.6,1.0,-1.0,0.16522318454363757,-0.9836065573770492,-0.4401041666666667,-0.4445469218353703,1.7613711272247858,-0.577350269189626,0.0,0.0,-0.75,-0.5599525463943732
-1.0,0.8,2.0,-1.0,-0.7275149900066622,0.17049180327868851,-0.9739583333333334,-0.5367765736684348,0.3032300593276203,-0.5000000000000001,0.3660254037844388,0.0,-0.7142857142857143,-0.8592492161681214
-1.0,1.0,2.0,-1.0,-0.44770153231179216,-0.7081967213114754,0.171875,-0.3430943048189994,-0.31641397495056034,-0.2886751345948132,0.6339745962155612,0.0,-0.6785714285714286,-0.9355139394966528
-1.0,1.2,2.0,-1.0,-0.15989340439706862,-0.43278688524590164,-0.7005208333333334,-0.45561448005533806,-0.972972972972973,-2.1211504774498138e-16,0.7320508075688774,0.0,-0.6428571428571429,-0.8955173290399121
-0.5,-1.0,-1.0,-1.0,0.3810792804796802,-0.14950819672131146,-0.4270833333333333,-0.0719391284297902,-0.972972972972973,0.2886751345948128,0.6339745962155615,0.0,-0.6071428571428571,-0.7023133632742987
-0.5,-0.8,-1.0,-1.0,0.3810792804796802,0.3829508196721311,-0.14583333333333334,0.2148950887710397,-0.4139749505603164,0.49999999999999994,0.3660254037844388,0.0,-0.5714285714285714,-0.5091093975086856
-0.5,-0.6,-1.0,-1.0,-0.43171219187208526,0.3829508196721311,0.3828125,0.12082084390131403,0.013183915622940013,0.5773502691896257,1.793007356604921e-16,0.0,-0.5357142857142857,-0.4911448182357429
-0.5,-0.4,0.0,-1.0,-0.22651565622918055,-0.41704918032786886,0.3828125,-0.08946276227807269,-0.3032300593276203,0.5,-0.3660254037844383,0.0,-0.5,-0.5019913566646892
-0.5,-0.2,0.0,-1.0,0.5276482345103265,-0.21508196721311476,-0.4114583333333333,-0.038736453769887026,-0.3032300593276203,0.2886751345948128,-0.6339745962155612,1.0,-0.4642857142857143,-0.37623930175408876
-0.5,0.0,0.0,-1.0,-0.37308461025982675,0.5272131147540984,-0.2109375,-0.018445930366613007,-0.3032300593276203,0.0,-0.7320508075688771,0.0,-0.42857142857142855,-0.3650538089992375
-0.5,0.2,1.0,-1.0,-0.37308461025982675,-0.359344262295082,0.5260416666666666,-0.06917223887479827,-0.8437705998681608,-0.2886751345948128,-0.6339745962155612,0.0,-0.39285714285714285,-0.3538683162443862
-0.5,0.4,1.0,-1.0,-0.7914723517654897,-0.359344262295082,-0.3541666666666667,-0.525709015448467,0.31641397495056034,-0.5,-0.36602540378443876,0.0,-0.35714285714285715,-0.3264130158461149
-0.5,0.6,1.0,-1.0,-0.5276482345103265,-0.7711475409836066,-0.3541666666666667,-0.5792022135116442,-0.5669083717864206,-0.577350269189626,0.0,0.0,-0.32142857142857145,-0.4145411405813064
-0.5,0.8,2.0,-1.0,-0.39973351099267157,-0.5114754098360655,-0.7630208333333334,-0.5884251786949507,-0.2900461437046803,-0.5000000000000001,0.3660254037844388,0.0,-0.2857142857142857,-0.37284975849504254
-0.5,1.0,2.0,-1.0,-0.2211858760826116,-0.3855737704918033,-0.5052083333333334,-0.3910537237721931,-0.005273566249176005,-0.2886751345948132,0.6339745962155612,0.0,-0.25,-0.34403864079315305
-0.5,1.2,2.0,-1.0,0.42638241172551633,-0.2098360655737705,-0.3802083333333333,-0.06087157020982247,0.5299934080421885,-2.1211504774498138e-16,0.7320508075688774,0.0,-0.21428571428571427,-0.2694686890941447
0.0,-1.0,-1.0,-1.0,-0.5649566955363091,0.4275409836065574,-0.20572916666666666,-0.11805395434632251,0.5299934080421885,0.2886751345948128,0.6339745962155615,0.0,-0.17857142857142858,-0.389797474790272
0.0,-0.8,-1.0,-1.0,-0.9673550966022652,-0.5481967213114755,0.4270833333333333,-0.37629697947890256,-0.2742254449571523,0.49999999999999994,0.3660254037844388,0.0,-0.14285714285714285,-0.5613083636979919
0.0,-0.6,-1.0,-1.0,-0.9673550966022652,-0.9442622950819672,-0.5416666666666666,-0.8586580585658292,-0.07119314436387607,0.5773502691896257,1.793007356604921e-16,0.0,-0.10714285714285714,-0.6294381832048134
0.0,-0.4,0.0,-1.0,0.07461692205196535,-0.9442622950819672,-0.9348958333333334,-0.6373068941664748,0.6750164798945286,0.5,-0.3660254037844383,0.0,-0.07142857142857142,-0.5911363443775951
0.0,-0.2,0.0,-1.0,0.6528980679546968,0.08131147540983606,-0.9348958333333334,-0.07655061102144355,-0.21621621621621623,0.2886751345948128,-0.6339745962155612,1.0,-0.03571428571428571,-0.5752054910600795
0.0,0.0,0.0,-1.0,0.6528980679546968,0.6504918032786885,0.08333333333333333,0.48420567212358784,-0.21621621621621623,0.0,-0.7320508075688771,0.0,0.0,-0.44470807558681463
0.0,0.2,1.0,-1.0,0.6528980679546968,0.6504918032786885,0.6484375,0.6843440166013374,-0.6301911667765326,-0.2886751345948128,-0.6339745962155612,0.0,0.03571428571428571,-0.3142106601135498
0.0,0.4,1.0,-1.0,3.0646235842771485,0.6504918032786885,0.6484375,1.5190223656905695,-0.3691496374423204,-0.5,-0.36602540378443876,0.0,0.07142857142857142,0.17625624947038432
0.0,0.6,1.0,-1.0,2.558294470353098,3.024262295081967,0.6484375,2.1784643762969798,-0.24258404746209625,-0.577350269189626,0.0,0.0,0.10714285714285714,0.5687653588678931
0.0,0.8,2.0,-1.0,2.798134576948701,2.525901639344262,3.0052083333333335,2.920913073553148,-0.06591957811470006,-0.5000000000000001,0.3660254037844388,0.0,0.14285714285714285,0.9755105499533946
0.0,1.0,2.0,-1.0,0.05862758161225849,2.761967213114754,2.5104166666666665,1.8805626008761824,0.5748187211601846,-0.2886751345948132,0.6339745962155612,0.0,0.17857142857142858,1.0111007541733759
0.0,1.2,2.0,-1.0,-0.3810792804796802,0.06557377049180328,2.7447916666666665,0.8632695411574823,-0.4060646011865524,-2.1211504774498138e-16,0.7320508075688774,0.0,0.21428571428571427,0.9083975934242868
0.5,-1.0,-1.0,-1.0,-0.3944037308461026,-0.36721311475409835,0.06770833333333333,-0.24164168780262887,-0.8042188529993408,0.2886751345948128,0.6339745962155615,0.0,0.25,0.9300906702821801
0.5,-0.8,-1.0,-1.0,-0.3117921385742838,-0.380327868852459,-0.3619791666666667,-0.3698409038505882,-0.8042188529993408,0.49999999999999994,0.3660254037844388,0.0,0.2857142857142857,1.0134734344547078
0.5,-0.6,-1.0,-1.0,0.17854763491005995,-0.29901639344262293,-0.375,-0.17615863500115306,0.2267633487145682,0.5773502691896257,1.793007356604921e-16,0.0,0.32142857142857145,1.159223794593679
0.5,-0.4,0.0,-1.0,0.05862758161225849,0.18360655737704917,-0.2942708333333333,-0.019368226884943513,0.7989452867501649,0.5,-0.3660254037844383,1.0,0.35714285714285715,1.1571900686382515
0.5,-0.2,0.0,-1.0,-0.692871419053964,0.06557377049180328,0.18489583333333334,-0.1512566290062257,0.7989452867501649,0.2886751345948128,-0.6339745962155612,0.0,0.39285714285714285,0.9860181340564365
0.5,0.0,0.0,-1.0,-0.692871419053964,-0.6740983606557377,0.06770833333333333,-0.4528475905003461,0.7989452867501649,0.0,-0.7320508075688771,0.0,0.42857142857142855,0.8148461994746216
0.5,0.2,1.0,-1.0,-0.8314457028647568,-0.6740983606557377,-0.6666666666666666,-0.7608946276227812,3.1852340145023073,-0.2886751345948128,-0.6339745962155612,0.0,0.4642857142857143,0.6260486399457678
0.5,0.4,1.0,-1.0,-0.173217854763491,-0.8104918032786885,-0.6666666666666666,-0.5810468065483056,2.6842452208305865,-0.5,-0.36602540378443876,0.0,0.5,0.2142191339716976
0.5,0.6,1.0,-1.0,-0.3917388407728181,-0.16262295081967212,-0.8020833333333334,-0.4768272999769428,2.921555702043507,-0.577350269189626,0.0,0.0,0.5357142857142857,-0.16100330480467745
0.5,0.8,2.0,-1.0,0.6662225183211192,-0.3777049180327869,-0.15885416666666666,0.04150334332487896,0.2109426499670402,-0.5000000000000001,0.3660254037844388,0.0,0.5714285714285714,-0.4321667655283452
0.5,1.0,2.0,-1.0,0.27181878747501664,0.6636065573770492,-0.3723958333333333,0.19552686188609616,-0.22412656558998023,-0.2886751345948132,0.6339745962155612,0.0,0.6071428571428571,-0.40505041945597825
0.5,1.2,2.0,-1.0,0.3331112591605596,0.2754098360655738,0.6614583333333334,0.4463915148720313,-0.23731048121292023,-2.1211504774498138e-16,0.7320508075688774,0.0,0.6428571428571429,-0.3142106601135498
1.0,-1.0,-1.0,-1.0,1.111259160559627,0.3357377049180328,0.2760416666666667,0.600415033433249,-0.15557020435069216,0.2886751345948128,0.6339745962155615,0.0,0.6785714285714286,-0.12270146597745919
1.0,-0.8,-1.0,-1.0,-0.37308461025982675,1.1016393442622952,0.3359375,0.3772192759972331,0.3295978905735003,0.49999999999999994,0.3660254037844388,0.0,0.7142857142857143,-0.13049741547326482
1.0,-0.6,-1.0,-1.0,-0.10126582278481013,-0.359344262295082,1.0963541666666667,0.2268849435093383,0.2109426499670402,0.5773502691896257,1.793007356604921e-16,0.0,0.75,-0.1660876196932462
1.0,-0.4,0.0,-1.0,1.5936042638241172,-0.09180327868852459,-0.3541666666666667,0.39382061332718465,-0.5326301911667766,0.5,-0.3660254037844383,1.0,0.7857142857142857,0.029150072027794464
1.0,-0.2,0.0,-1.0,0.2798134576948701,1.576393442622951,-0.08854166666666667,0.6197832603181924,-0.5326301911667766,0.2886751345948128,-0.6339745962155612,0.0,0.8214285714285714,0.152868400982968
1.0,0.0,0.0,-1.0,0.4397068620919387,0.28327868852459015,1.5677083333333333,0.8070094535393129,-0.6697429136453527,0.0,-0.7320508075688771,0.0,0.8571428571428571,0.296923989492416
1.0,0.2,1.0,-1.0,0.9007328447701533,0.44065573770491806,0.2838541666666667,0.5672123587733457,-0.01845748187211602,-0.2886751345948128,-0.6339745962155612,0.0,0.8928571428571429,0.5172443013303961
1.0,0.4,1.0,-1.0,0.18121252498334445,0.8944262295081967,0.4401041666666667,0.5330873875951117,-0.23467369808833224,-0.5,-0.36602540378443876,0.0,0.9285714285714286,0.5623252266757057
1.0,0.6,1.0,-1.0,-0.285143237841439,0.18622950819672132,0.890625,0.2822227346091769,0.8121292023731048,-0.577350269189626,0.0,0.0,0.9642857142857143,0.5758833997118894
1.0,0.8,2.0,-1.0,-0.07195203197868089,-0.27278688524590167,0.1875,-0.0544154945815081,0.4218852999340804,-0.5000000000000001,0.3660254037844388,0.0,1.0,0.48199305143631915
-1.0,-0.8,-1.0,-0.8,-0.9593604263824117,-0.9363934426229508,-0.7447916666666666,-0.9250634078856356,-1.0652603823335531,0.49999999999999994,0.3660254037844388,0.0,-1.0,-0.9422930260147447
-1.0,-0.6,-1.0,-0.8,1.0259826782145236,-0.9363934426229508,-0.9270833333333334,-0.3025132580124514,-1.099538562953197,0.5773502691896257,1.793007356604921e-16,0.0,-0.9642857142857143,-0.6551987119735616
-1.0,-0.4,0.0,-0.8,0.6662225183211192,1.0177049180327868,-0.9270833333333334,0.2600876181692415,-0.986156888595913,0.5,-0.3660254037844383,0.0,-0.9285714285714286,-0.40945682569273767
-1.0,-0.2,0.0,-0.8,-0.5649566955363091,0.6636065573770492,1.0130208333333333,0.3965875028821766,-0.986156888595913,0.2886751345948128,-0.6339745962155612,1.0,-0.8928571428571429,-0.3348868739937293
-1.0,0.0,0.0,-0.8,-0.5649566955363091,-0.5481967213114755,0.6614583333333334,-0.1540235185612176,-0.04482531311799604,0.0,-0.7320508075688771,0.0,-0.8571428571428571,-0.26031692229472086
-1.0,0.2,1.0,-0.8,-0.5649566955363091,-0.5481967213114755,-0.5416666666666666,-0.5801245100299749,0.8780487804878049,-0.2886751345948128,-0.6339745962155612,0.0,-0.8214285714285714,-0.3067536649436486
-1.0,0.4,1.0,-0.8,-1.2258494337108594,-0.5481967213114755,-0.5416666666666666,-0.8088540465759745,0.6143704680290046,-0.5,-0.36602540378443876,0.0,-0.7857142857142857,-0.5558850944835182
-1.0,0.6,1.0,-0.8,-1.2125249833444371,-1.198688524590164,-0.5416666666666666,-1.0329721005303207,0.08701384311140409,-0.577350269189626,0.0,0.0,-0.75,-0.7694263198034067
-1.0,0.8,2.0,-0.8,-1.3057961359093937,-1.1855737704918032,-1.1875,-1.28937053262624,-0.2030323005932762,-0.5000000000000001,0.3660254037844388,0.0,-0.7142857142857143,-0.9270400813490385
-1.0,1.0,2.0,-0.8,-1.1325782811459026,-1.2773770491803278,-1.1744791666666667,-1.2570901544846673,-0.6117336849044166,-0.2886751345948132,0.6339745962155612,0.0,-0.6785714285714286,-1.025336835861368
-1.0,1.2,2.0,-0.8,-0.7994670219853431,-1.1068852459016394,-1.265625,-1.1141341941434175,-0.7963085036255768,-2.1211504774498138e-16,0.7320508075688774,0.0,-0.6428571428571429,-1.0287263791204138
-0.5,-1.0,-1.0,-0.8,-0.3331112591605596,-0.779016393442623,-1.0963541666666667,-0.7774959649527328,-0.7963085036255768,0.2886751345948128,0.6339745962155615,0.0,-0.6071428571428571,-0.9490721125328364
-0.5,-0.8,-1.0,-0.8,-0.3331112591605596,-0.32,-0.7708333333333334,-0.5008070094535396,1.1680949241924852,0.49999999999999994,0.3660254037844388,0.0,-0.5714285714285714,-0.869417845945259
-0.5,-0.6,-1.0,-0.8,0.2931379080612925,-0.32,-0.3151041666666667,-0.12266543693797587,0.8121292023731048,0.5773502691896257,1.793007356604921e-16,0.0,-0.5357142857142857,-0.9626302855690199
-0.5,-0.4,0.0,-0.8,0.06662225183211193,0.2963934426229508,-0.3151041666666667,0.01567904081162067,-0.4060646011865524,0.5,-0.3660254037844383,0.0,-0.5,-1.0388950088975513
-0.5,-0.2,0.0,-0.8,0.5329780146568954,0.07344262295081967,0.296875,0.3154254092690801,-0.4060646011865524,0.2886751345948128,-0.6339745962155612,1.0,-0.4642857142857143,-0.8992458266248624
-0.5,0.0,0.0,-0.8,-0.2931379080612925,0.5324590163934426,0.07552083333333333,0.11252017523633824,-0.4060646011865524,0.0,-0.7320508075688771,0.0,-0.42857142857142855,-0.8646724853825949
-0.5,0.2,1.0,-0.8,-0.2931379080612925,-0.28065573770491803,0.53125,-0.011989854738298635,-1.059986816084377,-0.2886751345948128,-0.6339745962155612,0.0,-0.39285714285714285,-0.8300991441403273
-0.5,0.4,1.0,-0.8,-1.1192538307794804,-0.28065573770491803,-0.2760416666666667,-0.5838136961032976,-1.046802900461437,-0.5,-0.36602540378443876,0.0,-0.35714285714285715,-0.8165409711041437
-0.5,0.6,1.0,-0.8,-1.0126582278481013,-1.0937704918032787,-0.2760416666666667,-0.8328337560525714,-1.139090309822017,-0.577350269189626,0.0,0.0,-0.32142857142857145,-0.7911193966612999
-0.5,0.8,2.0,-0.8,-1.1858760826115922,-0.9888524590163934,-1.0833333333333333,-1.1418030896933369,-0.967699406723797,-0.5000000000000001,0.3660254037844388,0.0,-0.2857142857142857,-0.7758664519955936
-0.5,1.0,2.0,-0.8,-1.2125249833444371,-1.159344262295082,-0.9791666666666666,-1.1740834678349092,-0.6381015161502966,-0.2886751345948132,0.6339745962155612,0.0,-0.25,-0.7860350817727312
-0.5,1.2,2.0,-0.8,-1.0926049300466356,-1.1855737704918032,-1.1484375,-1.2017523633848286,-0.17666446934739619,-2.1211504774498138e-16,0.7320508075688774,0.0,-0.21428571428571427,-0.8233200576222356
0.0,-1.0,-1.0,-0.8,-0.5729513657561626,-1.0675409836065575,-1.1744791666666667,-0.9896241641687806,-0.17666446934739619,0.2886751345948128,0.6339745962155615,0.0,-0.17857142857142858,-0.8538259469536482
0.0,-0.8,-1.0,-0.8,-0.5063291139240507,-0.5560655737704918,-1.0572916666666667,-0.7452155868111601,0.44297956493078444,0.49999999999999994,0.3660254037844388,0.0,-0.14285714285714285,-0.8758579781374461
0.0,-0.6,-1.0,-0.8,-0.5063291139240507,-0.4904918032786885,-0.5494791666666666,-0.5423103527784187,0.2188529993408042,0.5773502691896257,1.793007356604921e-16,0.0,-0.10714285714285714,-0.9775442759088214
0.0,-0.4,0.0,-0.8,-0.3331112591605596,-0.4904918032786885,-0.484375,-0.45930366612866047,0.6802900461437047,0.5,-0.3660254037844383,0.0,-0.07142857142857142,-1.028387424794509
0.0,-0.2,0.0,-0.8,0.14656895403064624,-0.32,-0.484375,-0.2333410191376531,-0.13711272247857614,0.2886751345948128,-0.6339745962155612,1.0,-0.03571428571428571,-1.077535802050674
0.0,0.0,0.0,-0.8,0.14656895403064624,0.1521311475409836,-0.3151041666666667,-0.007378372146645283,-0.13711272247857614,0.0,-0.7320508075688771,0.0,0.0,-1.0216083382764176
0.0,0.2,1.0,-0.8,0.14656895403064624,0.1521311475409836,0.15364583333333334,0.15863500115287055,-0.954515491100857,-0.2886751345948128,-0.6339745962155612,0.0,0.03571428571428571,-0.9656808745021611
0.0,0.4,1.0,-0.8,1.665556295802798,0.1521311475409836,0.15364583333333334,0.6843440166013374,-0.8490441661173368,-0.5,-0.36602540378443876,0.0,0.07142857142857142,-0.6114736039318702
0.0,0.6,1.0,-0.8,1.6389073950699533,1.6472131147540983,0.15364583333333334,1.200830066866498,-1.020435069215557,-0.577350269189626,0.0,0.0,0.10714285714285714,-0.27421404965680846
0.0,0.8,2.0,-0.8,0.39973351099267157,1.620983606557377,1.6380208333333333,1.2884482361079088,-1.046802900461437,-0.5000000000000001,0.3660254037844388,0.0,0.14285714285714285,-0.07253622574358089
0.0,1.0,2.0,-0.8,-0.10659560293137908,0.4013114754098361,1.6119791666666667,0.675121051418031,-0.9281476598549769,-0.2886751345948132,0.6339745962155612,0.0,0.17857142857142858,0.06812981950682148
0.0,1.2,2.0,-0.8,-0.5996002664890073,-0.09704918032786886,0.4010416666666667,-0.0996080239797095,-0.4139749505603164,-2.1211504774498138e-16,0.7320508075688774,0.0,0.21428571428571427,0.13083636979916982
0.5,-1.0,-1.0,-0.8,-1.039307128580946,-0.5822950819672131,-0.09375,-0.5976481438782573,-0.34805537244561635,0.2886751345948128,0.6339745962155615,0.0,0.25,0.07151936276586772
0.5,-0.8,-1.0,-0.8,-0.866089273817455,-1.0150819672131148,-0.5755208333333334,-0.8605026516024906,-0.34805537244561635,0.49999999999999994,0.3660254037844388,0.0,0.2857142857142857,0.025760528768748816
0.5,-0.6,-1.0,-0.8,-0.25316455696202533,-0.8445901639344262,-1.0052083333333333,-0.740604104219507,-0.17666446934739619,0.5773502691896257,1.793007356604921e-16,0.0,0.32142857142857145,0.05796118972968395
0.5,-0.4,0.0,-0.8,0.06662225183211193,-0.24131147540983608,-0.8359375,-0.35785104911229,0.2979564930784443,0.5,-0.3660254037844383,1.0,0.35714285714285715,0.10880433861537162
0.5,-0.2,0.0,-0.8,-0.47968021319120585,0.07344262295081967,-0.23697916666666666,-0.2241180539543464,0.2979564930784443,0.2886751345948128,-0.6339745962155612,0.0,0.39285714285714285,0.029150072027794464
0.5,0.0,0.0,-0.8,-0.47968021319120585,-0.4642622950819672,0.07552083333333333,-0.3025132580124514,0.2979564930784443,0.0,-0.7320508075688771,0.0,0.42857142857142855,-0.050504194559782695
0.5,0.2,1.0,-0.8,-0.5463024650233178,-0.4642622950819672,-0.4583333333333333,-0.5146414572284993,1.8009228740936059,-0.2886751345948128,-0.6339745962155612,0.0,0.4642857142857143,-0.13863231929497485
0.5,0.4,1.0,-0.8,-0.19986675549633579,-0.5298360655737705,-0.4583333333333333,-0.41780032280378154,1.7745550428477257,-0.5,-0.36602540378443876,0.0,0.5,-0.3759003474281838
0.5,0.6,1.0,-0.8,-0.6262491672218521,-0.18885245901639344,-0.5234375,-0.468526631311967,0.5484508899143046,-0.577350269189626,0.0,0.0,0.5357142857142857,-0.664011524447081
0.5,0.8,2.0,-0.8,0.06129247168554297,-0.6085245901639345,-0.18489583333333334,-0.25824302513258046,0.047462096242584045,-0.5000000000000001,0.3660254037844388,0.0,0.5714285714285714,-0.707058723836963
0.5,1.0,2.0,-0.8,-0.23984010659560293,0.06819672131147542,-0.6015625,-0.27207747290754014,-0.44034278180619646,-0.2886751345948132,0.6339745962155612,0.0,0.6071428571428571,-0.7240064401321925
0.5,1.2,2.0,-0.8,0.13324450366422386,-0.22819672131147542,0.0703125,-0.009222965183306705,-0.8754119973632168,-2.1211504774498138e-16,0.7320508075688774,0.0,0.6428571428571429,-0.6307940005084316
1.0,-1.0,-1.0,-0.8,1.1325782811459026,0.13901639344262295,-0.22395833333333334,0.361540235185612,-0.7040210942649967,0.2886751345948128,0.6339745962155615,0.0,0.6785714285714286,-0.354546224896195
1.0,-0.8,-1.0,-0.8,0.9993337774816788,1.1226229508196721,0.140625,0.7904081162093612,-0.0975609756097561,0.49999999999999994,0.3660254037844388,0.0,0.7142857142857143,-0.11727819676298604
1.0,-0.6,-1.0,-0.8,1.5856095936042638,0.9914754098360655,1.1171875,1.293059718699562,0.2188529993408042,0.5773502691896257,1.793007356604921e-16,0.0,0.75,0.11660028811117726
1.0,-0.4,0.0,-0.8,1.83344437041972,1.5685245901639344,0.9869791666666666,1.535623703020521,-0.3216875411997363,0.5,-0.3660254037844383,1.0,0.7857142857142857,0.34132700618591677
1.0,-0.2,0.0,-0.8,-0.21852098600932712,1.8124590163934426,1.5598958333333333,1.114134194143417,-0.3216875411997363,0.2886751345948128,-0.6339745962155612,0.0,0.8214285714285714,0.37454453012456623
1.0,0.0,0.0,-0.8,-0.07195203197868089,-0.20721311475409837,1.8020833333333333,0.540465759741757,-0.38760711931443637,0.0,-0.7320508075688771,0.0,0.8571428571428571,0.4264045419879677
1.0,0.2,1.0,-0.8,-0.13324450366422386,-0.06295081967213115,-0.203125,-0.14018907078625795,-0.04482531311799604,-0.2886751345948128,-0.6339745962155612,0.0,0.8928571428571429,0.4789424625031779
1.0,0.4,1.0,-0.8,-0.39973351099267157,-0.12327868852459016,-0.059895833333333336,-0.20290523403274185,-0.46671061305207645,-0.5,-0.36602540378443876,0.0,0.9285714285714286,0.453520888060334
1.0,0.6,1.0,-0.8,-0.19986675549633579,-0.3855737704918033,-0.11979166666666667,-0.24717546691261275,0.21357943309162822,-0.577350269189626,0.0,0.0,0.9642857142857143,0.507753580205068
1.0,0.8,2.0,-0.8,-0.692871419053964,-0.18885245901639344,-0.3802083333333333,-0.4408577357620479,-0.08437705998681608,-0.5000000000000001,0.3660254037844388,0.0,1.0,0.41182950597407014
-1.0,-0.8,-1.0,-0.6,-0.15456362425049966,-0.14426229508196722,-0.0546875,-0.12358773345630637,-0.5273566249176005,0.49999999999999994,0.3660254037844388,0.0,-1.0,0.2881111770188972
-1.0,-0.6,-1.0,-0.6,1.5323117921385743,-0.14426229508196722,-0.140625,0.42979017754207977,-0.6170072511535926,0.5773502691896257,1.793007356604921e-16,0.0,-0.9642857142857143,0.5704601304974157
-1.0,-0.4,0.0,-0.6,0.5542971352431713,1.5160655737704918,-0.140625,0.675121051418031,-0.5273566249176005,0.5,-0.3660254037844383,0.0,-0.9285714285714286,0.7399372934497082
-1.0,-0.2,0.0,-0.6,-0.15456362425049966,0.5534426229508197,1.5078125,0.675121051418031,-0.5273566249176005,0.2886751345948128,-0.6339745962155612,1.0,-0.8928571428571429,0.8077281586306252
-1.0,0.0,0.0,-0.6,-0.15456362425049966,-0.14426229508196722,0.5520833333333334,0.09130735531473372,1.3183915622940012,0.0,-0.7320508075688771,0.0,-0.8571428571428571,0.8755190238115418
-1.0,0.2,1.0,-0.6,-0.15456362425049966,-0.14426229508196722,-0.140625,-0.1540235185612176,1.3605800922874094,-0.2886751345948128,-0.6339745962155612,0.0,-0.8214285714285714,0.7060418608592499
-1.0,0.4,1.0,-0.6,-0.8927381745502998,-0.14426229508196722,-0.140625,-0.40949965413880574,1.7560975609756098,-0.5,-0.36602540378443876,0.0,-0.7857142857142857,0.437251080416914
-1.0,0.6,1.0,-0.6,-0.5542971352431713,-0.8708196721311475,-0.140625,-0.5478441318884024,1.6690837178642057,-0.577350269189626,0.0,0.0,-0.75,0.16066435047877306
-1.0,0.8,2.0,-0.6,-0.7328447701532311,-0.5377049180327869,-0.8619791666666666,-0.747982476366152,0.5695451549110085,-0.5000000000000001,0.3660254037844388,0.0,-0.7142857142857143,-0.12744682654012357
-1.0,1.0,2.0,-0.6,-0.15456362425049966,-0.7134426229508197,-0.53125,-0.49250634078856387,0.08701384311140409,-0.2886751345948132,0.6339745962155612,0.0,-0.6785714285714286,-0.20066096093551383
-1.0,1.2,2.0,-0.6,0.46635576282478347,-0.14426229508196722,-0.7057291666666666,-0.13926677426792744,0.0,-2.1211504774498138e-16,0.7320508075688774,0.0,-0.6428571428571429,-0.1328700957545967
-0.5,-1.0,-1.0,-0.6,0.5116588940706196,0.4668852459016393,-0.140625,0.29144569979248325,0.0,0.2886751345948128,0.6339745962155615,0.0,-0.6071428571428571,-0.0481315142784508
-0.5,-0.8,-1.0,-0.6,0.5116588940706196,0.5114754098360655,0.4661458333333333,0.522019829375144,1.6690837178642057,0.49999999999999994,0.3660254037844388,0.0,-0.5714285714285714,0.036607067197695124
-0.5,-0.6,-1.0,-0.6,1.5323117921385743,0.5114754098360655,0.5104166666666666,0.8909384367074017,0.7013843111404087,0.5773502691896257,1.793007356604921e-16,0.0,-0.5357142857142857,0.036607067197695124
-0.5,-0.4,0.0,-0.6,1.4443704197201865,1.5160655737704918,0.5104166666666666,1.2137422181231265,0.0,0.5,-0.3660254037844383,0.0,-0.5,0.14981781204982675
-0.5,-0.2,0.0,-0.6,0.9113924050632911,1.4295081967213115,1.5078125,1.3520866958727236,0.0,0.2886751345948128,-0.6339745962155612,1.0,-0.4642857142857143,0.2853995424116603
-0.5,0.0,0.0,-0.6,0.28780812791472354,0.9049180327868852,1.421875,0.9213742218123129,0.0,0.0,-0.7320508075688771,0.0,-0.42857142857142855,0.3416659605118212
-0.5,0.2,1.0,-0.6,0.28780812791472354,0.29114754098360657,0.9010416666666666,0.5210975328568135,-0.7303889255108768,-0.2886751345948128,-0.6339745962155612,0.0,-0.39285714285714285,0.3979323786119826
-0.5,0.4,1.0,-0.6,-0.5542971352431713,0.29114754098360657,0.2916666666666667,0.013834447774959653,-0.39551746868820037,-0.5,-0.36602540378443876,0.0,-0.35714285714285715,0.4409795780018646
-0.5,0.6,1.0,-0.6,-0.5542971352431713,-0.5377049180327869,0.2916666666666667,-0.27761125201752396,-0.5721819380355966,-0.577350269189626,0.0,0.0,-0.32142857142857145,0.4409795780018646
-0.5,0.8,2.0,-0.6,-0.7781479013990673,-0.5377049180327869,-0.53125,-0.6465298593497812,0.0,-0.5000000000000001,0.3660254037844388,0.0,-0.2857142857142857,0.43521735446148646
-0.5,1.0,2.0,-0.6,-0.46635576282478347,-0.7580327868852459,-0.53125,-0.6160940742448701,0.6143704680290046,-0.2886751345948132,0.6339745962155612,0.0,-0.25,0.3955596983306501
-0.5,1.2,2.0,-0.6,0.15456362425049966,-0.45114754098360654,-0.75,-0.3707632003689187,0.6591957811470006,-2.1211504774498138e-16,0.7320508075688774,0.0,-0.21428571428571427,0.3559020421998137
0.0,-1.0,-1.0,-0.6,0.46635576282478347,0.16,-0.4453125,0.05994927369149156,0.6591957811470006,0.2886751345948128,0.6339745962155615,0.0,-0.17857142857142858,0.35013981865943616
0.0,-0.8,-1.0,-0.6,0.37841439040639574,0.4668852459016393,0.16145833333333334,0.3523172700023057,1.6690837178642057,0.49999999999999994,0.3660254037844388,0.0,-0.14285714285714285,0.33319210236420677
0.0,-0.6,-1.0,-0.6,0.37841439040639574,0.380327868852459,0.4661458333333333,0.42979017754207977,1.5820698747528015,0.5773502691896257,1.793007356604921e-16,0.0,-0.10714285714285714,0.18642487924752185
0.0,-0.4,0.0,-0.6,0.3331112591605596,0.380327868852459,0.3802083333333333,0.38367535162554744,1.054713249835201,0.5,-0.3660254037844383,0.0,-0.07142857142857142,0.04508092534531013
0.0,-0.2,0.0,-0.6,0.24516988674217188,0.3357377049180328,0.3802083333333333,0.3375605257090155,0.4377059986816084,0.2886751345948128,-0.6339745962155612,1.0,-0.03571428571428571,-0.03965765613083638
0.0,0.0,0.0,-0.6,0.24516988674217188,0.24918032786885247,0.3359375,0.29144569979248325,0.4377059986816084,0.0,-0.7320508075688771,0.0,0.0,-0.04508092534530954
0.0,0.2,1.0,-0.6,0.24516988674217188,0.24918032786885247,0.25,0.261009914687572,-0.39551746868820037,-0.2886751345948128,-0.6339745962155612,0.0,0.03571428571428571,-0.050504194559782695
0.0,0.4,1.0,-0.6,3.0859427048634243,0.24918032786885247,0.25,1.2441780032280378,-0.39551746868820037,-0.5,-0.36602540378443876,0.0,0.07142857142857142,0.41250741462587953
0.0,0.6,1.0,-0.6,2.419720186542305,3.045245901639344,0.25,1.9967719621858435,-0.6170072511535926,-0.577350269189626,0.0,0.0,0.10714285714285714,0.7907804423353958
0.0,0.8,2.0,-0.6,1.798800799467022,2.3895081967213114,3.0260416666666665,2.534470832372608,-0.3085036255767963,-0.5000000000000001,0.3660254037844388,0.0,0.14285714285714285,1.1185492754851287
0.0,1.0,2.0,-0.6,1.177881412391739,1.778360655737705,2.375,1.8741065252478675,0.3058668424522083,-0.2886751345948132,0.6339745962155612,0.0,0.17857142857142858,1.3276840945682578
0.0,1.2,2.0,-0.6,0.5542971352431713,1.1672131147540983,1.7682291666666667,1.2284989624164173,0.6143704680290046,-2.1211504774498138e-16,0.7320508075688774,0.0,0.21428571428571427,1.3785272434539453
0.5,-1.0,-1.0,-0.6,0.15456362425049966,0.5534426229508197,1.1614583333333333,0.6594420106064101,0.5273566249176005,0.2886751345948128,0.6339745962155615,0.0,0.25,1.338869587323109
0.5,-0.8,-1.0,-0.6,0.9113924050632911,0.16,0.5520833333333334,0.5672123587733457,0.5273566249176005,0.49999999999999994,0.3660254037844388,0.0,0.2857142857142857,1.406660452504026
0.5,-0.6,-1.0,-0.6,0.46635576282478347,0.9049180327868852,0.16145833333333334,0.5367765736684346,0.48253131179960446,0.5773502691896257,1.793007356604921e-16,0.0,0.32142857142857145,1.4178459452588774
0.5,-0.4,0.0,-0.6,0.6449033977348434,0.4668852459016393,0.9010416666666666,0.7064791330412729,0.39551746868820037,0.5,-0.3660254037844383,1.0,0.35714285714285715,1.4575036013897138
0.5,-0.2,0.0,-0.6,-0.021319120586275817,0.6426229508196721,0.4661458333333333,0.38367535162554744,0.39551746868820037,0.2886751345948128,-0.6339745962155612,0.0,0.39285714285714285,1.4236081687992548
0.5,0.0,0.0,-0.6,-0.021319120586275817,-0.013114754098360656,0.640625,0.2148950887710397,0.39551746868820037,0.0,-0.7320508075688771,0.0,0.42857142857142855,1.3897127362087967
0.5,0.2,1.0,-0.6,0.021319120586275817,-0.013114754098360656,-0.010416666666666666,-0.000922296518330912,3.206328279499011,-0.2886751345948128,-0.6339745962155612,0.0,0.4642857142857143,1.3612405728328114
0.5,0.4,1.0,-0.6,0.5996002664890073,0.028852459016393443,-0.010416666666666666,0.21397279225270918,2.5471324983520107,-0.5,-0.36602540378443876,0.0,0.5,1.0449961867638342
0.5,0.6,1.0,-0.6,0.021319120586275817,0.5980327868852459,0.03125,0.22872953654599934,1.932762030323006,-0.577350269189626,0.0,0.0,0.5357142857142857,0.7399372934497082
0.5,0.8,2.0,-0.6,0.5542971352431713,0.028852459016393443,0.5963541666666666,0.41318884021212815,1.3183915622940012,-0.5000000000000001,0.3660254037844388,0.0,0.5714285714285714,0.581645623252267
0.5,1.0,2.0,-0.6,0.19986675549633579,0.5534426229508197,0.03125,0.27484436246253163,0.7013843111404087,-0.2886751345948132,0.6339745962155612,0.0,0.6071428571428571,0.45724938564528467
0.5,1.2,2.0,-0.6,1.7108594270486341,0.20459016393442622,0.5520833333333334,0.8595803550841595,0.3058668424522083,-2.1211504774498138e-16,0.7320508075688774,0.0,0.6428571428571429,0.6043555630878745
1.0,-1.0,-1.0,-0.6,2.9980013324450367,1.6918032786885246,0.20572916666666666,1.7053262623933598,1.054713249835201,0.2886751345948128,0.6339745962155615,0.0,0.6785714285714286,0.9660198288280658
1.0,-0.8,-1.0,-0.6,2.9980013324450367,2.9586885245901637,1.6822916666666667,2.6737376066405356,0.6143704680290046,0.49999999999999994,0.3660254037844388,0.0,0.7142857142857143,1.2314210660113554
1.0,-0.6,-1.0,-0.6,1.2658227848101267,2.9586885245901637,2.9401041666666665,2.5197140880793185,0.7910349373764007,0.5773502691896257,1.793007356604921e-16,0.0,0.75,1.3331073637827309
1.0,-0.4,0.0,-0.6,2.3317788141239175,1.2537704918032786,2.9401041666666665,2.289139958496657,0.13183915622940012,0.5,-0.3660254037844383,1.0,0.7857142857142857,1.5476654520803328
1.0,-0.2,0.0,-0.6,0.5996002664890073,2.302950819672131,1.2473958333333333,1.459073091999078,0.13183915622940012,0.2886751345948128,-0.6339745962155612,0.0,0.8214285714285714,1.626641810016101
1.0,0.0,0.0,-0.6,1.7534976682211858,0.5980327868852459,2.2890625,1.6278533548535856,0.17402768622280818,0.0,-0.7320508075688771,0.0,0.8571428571428571,1.8523853910685544
1.0,0.2,1.0,-0.6,0.9993337774816788,1.7337704918032786,0.5963541666666666,1.1667050956882639,0.7462096242584048,-0.2886751345948128,-0.6339745962155612,0.0,0.8928571428571429,1.9767816286755373
1.0,0.4,1.0,-0.6,0.15456362425049966,0.9914754098360655,1.7239583333333333,1.0126815771270465,0.17402768622280818,-0.5,-0.36602540378443876,0.0,0.9285714285714286,1.9201762562494709
1.0,0.6,1.0,-0.6,0.5116588940706196,0.16,0.9869791666666666,0.5828913995849665,0.7013843111404087,-0.577350269189626,0.0,0.0,0.9642857142857143,1.982543852215915
1.0,0.8,2.0,-0.6,0.15456362425049966,0.5114754098360655,0.16145833333333334,0.2905234032741527,0.35069215557020433,-0.5000000000000001,0.3660254037844388,0.0,1.0,1.9317007033302271
-1.0,-0.8,-1.0,-0.4,-0.7061958694203864,-0.6872131147540984,-0.7057291666666666,-0.7359926216278537,-0.9202373104812129,0.49999999999999994,0.3660254037844388,0.0,-1.0,-0.3904753834420813
-1.0,-0.6,-1.0,-0.4,-0.05329780146568954,-0.6872131147540984,-0.6796875,-0.5008070094535396,-0.8885959129861569,0.5773502691896257,1.793007356604921e-16,0.0,-0.9642857142857143,-0.2593000593170071
-1.0,-0.4,0.0,-0.4,0.07994670219853431,-0.04459016393442623,-0.6796875,-0.22872953654599973,-0.8885959129861569,0.5,-0.3660254037844383,0.0,-0.9285714285714286,-0.11524447080755854
-1.0,-0.2,0.0,-0.4,-0.978014656895403,0.08655737704918033,-0.041666666666666664,-0.32280378141572535,-0.8622280817402769,0.2886751345948128,-0.6339745962155612,1.0,-0.8928571428571429,-0.10575374968223036
-1.0,0.0,0.0,-0.4,-0.978014656895403,-0.9547540983606557,0.08854166666666667,-0.6428406732764587,0.9650626235992089,0.0,-0.7320508075688771,0.0,-0.8571428571428571,-0.09965257181594785
-1.0,0.2,1.0,-0.4,-0.978014656895403,-0.9547540983606557,-0.9453125,-1.0089923910537242,1.004614370468029,-0.2886751345948128,-0.6339745962155612,0.0,-0.8214285714285714,-0.3284467418015424
-1.0,0.4,1.0,-0.4,-1.3377748167888075,-0.9547540983606557,-0.9453125,-1.133502421028361,0.9650626235992089,-0.5,-0.36602540378443876,0.0,-0.7857142857142857,-0.6080840606728246
-1.0,0.6,1.0,-0.4,-0.9327115256495669,-1.3088524590163935,-0.9453125,-1.11782338021674,1.7877389584706658,-0.577350269189626,0.0,0.0,-0.75,-0.831116007118041
-1.0,0.8,2.0,-0.4,-1.345769487008661,-0.9101639344262296,-1.296875,-1.245100299746369,-0.21621621621621623,-0.5000000000000001,0.3660254037844388,0.0,-0.7142857142857143,-1.2124396237606985
-1.0,1.0,2.0,-0.4,-0.5116588940706196,-1.31672131147541,-0.9010416666666666,-0.9591883790638694,-0.5721819380355966,-0.2886751345948132,0.6339745962155612,0.0,-0.6785714285714286,-1.230065248707737
-1.0,1.2,2.0,-0.4,-0.586275816122585,-0.49573770491803276,-1.3046875,-0.8392898316808857,-0.5458141067897165,-2.1211504774498138e-16,0.7320508075688774,0.0,-0.6428571428571429,-1.2114227607829848
-0.5,-1.0,-1.0,-0.4,0.586275816122585,-0.5691803278688524,-0.4895833333333333,-0.17062485589116919,-0.5458141067897165,0.2886751345948128,0.6339745962155615,0.0,-0.6071428571428571,-1.0470299127192615
-0.5,-0.8,-1.0,-0.4,0.586275816122585,0.5849180327868853,-0.5625,0.20936130966105582,0.1001977587343441,0.49999999999999994,0.3660254037844388,0.0,-0.5714285714285714,-0.8826370646555377
-0.5,-0.6,-1.0,-0.4,-0.018654230512991338,0.5849180327868853,0.5833333333333334,0.4058104680654829,0.23203691496374423,0.5773502691896257,1.793007356604921e-16,0.0,-0.5357142857142857,-0.8782306584187783
-0.5,-0.4,0.0,-0.4,-0.20519653564290474,-0.010491803278688525,0.5833333333333334,0.13188840212128175,-0.8147659854976929,0.5,-0.3660254037844383,0.0,-0.5,-0.9144987712905688
-0.5,-0.2,0.0,-0.4,0.14123917388407728,-0.1940983606557377,-0.0078125,-0.022135116439935446,-0.8147659854976929,0.2886751345948128,-0.6339745962155612,1.0,-0.4642857142857143,-0.7721379544106433
-0.5,0.0,0.0,-0.4,-0.8980679546968687,0.14688524590163934,-0.19010416666666666,-0.3264929674890478,-0.8147659854976929,0.0,-0.7320508075688771,0.0,-0.42857142857142855,-0.7619693246335058
-0.5,0.2,1.0,-0.4,-0.8980679546968687,-0.8760655737704918,0.1484375,-0.5662900622550153,-1.170731707317073,-0.2886751345948128,-0.6339745962155612,0.0,-0.39285714285714285,-0.7518006948563682
-0.5,0.4,1.0,-0.4,-1.0846102598267822,-0.8760655737704918,-0.8671875,-0.9905464606871114,-0.7699406723796968,-0.5,-0.36602540378443876,0.0,-0.35714285714285715,-0.7196000338954325
-0.5,0.6,1.0,-0.4,-1.2524983344437042,-1.059672131147541,-0.8671875,-1.1132118976250869,-1.178642056690837,-0.577350269189626,0.0,0.0,-0.32142857142857145,-0.760274553003983
-0.5,0.8,2.0,-0.4,-1.2978014656895402,-1.2249180327868852,-1.0494791666666667,-1.2515563753746834,-0.35332893869479237,-0.5000000000000001,0.3660254037844388,0.0,-0.2857142857142857,-0.7541733751377004
-0.5,1.0,2.0,-0.4,-1.0259826782145236,-1.2695081967213115,-1.2135416666666667,-1.2312658519714093,-0.42715886618325644,-0.2886751345948132,0.6339745962155612,0.0,-0.25,-0.819591560037285
-0.5,1.2,2.0,-0.4,-0.21852098600932712,-1.0019672131147541,-1.2578125,-0.8734148028591195,0.7330257086354647,-2.1211504774498138e-16,0.7320508075688774,0.0,-0.21428571428571427,-0.7728158630624523
0.0,-1.0,-1.0,-0.4,-0.7328447701532311,-0.20721311475409837,-0.9921875,-0.6778879409730232,0.7330257086354647,0.2886751345948128,0.6339745962155615,0.0,-0.17857142857142858,-0.9405982543852217
0.0,-0.8,-1.0,-0.4,-0.5782811459027315,-0.7134426229508197,-0.203125,-0.5229421258934751,0.13447593935398813,0.49999999999999994,0.3660254037844388,0.0,-0.14285714285714285,-1.0887212948055254
0.0,-0.6,-1.0,-0.4,-0.5782811459027315,-0.5613114754098361,-0.7057291666666666,-0.647452155868112,-0.05009887936717205,0.5773502691896257,1.793007356604921e-16,0.0,-0.10714285714285714,-1.1599017032454881
0.0,-0.4,0.0,-0.4,-0.06662225183211193,-0.5613114754098361,-0.5546875,-0.416878026285451,0.2926829268292683,0.5,-0.3660254037844383,0.0,-0.07142857142857142,-1.1422760782984496
0.0,-0.2,0.0,-0.4,-0.7061958694203864,-0.057704918032786885,-0.5546875,-0.4611482591653219,-0.7356624917600527,0.2886751345948128,-0.6339745962155612,1.0,-0.03571428571428571,-1.2500635539361074
0.0,0.0,0.0,-0.4,-0.7061958694203864,-0.6872131147540984,-0.0546875,-0.5054184920451928,-0.7356624917600527,0.0,-0.7320508075688771,0.0,0.0,-1.2256588424709773
0.0,0.2,1.0,-0.4,-0.7061958694203864,-0.6872131147540984,-0.6796875,-0.7267696564445473,-0.9202373104812129,-0.2886751345948128,-0.6339745962155612,0.0,0.03571428571428571,-1.2012541310058473
0.0,0.4,1.0,-0.4,2.9526982011992007,-0.6872131147540984,-0.6796875,0.5395434632234265,-1.086354647330257,-0.5,-0.36602540378443876,0.0,0.07142857142857142,-0.6877383272604017
0.0,0.6,1.0,-0.4,1.8787475016655564,2.914098360655738,-0.6796875,1.4341710860041506,-1.131179960448253,-0.577350269189626,0.0,0.0,0.10714285714285714,-0.28946699432251477
0.0,0.8,2.0,-0.4,1.8201199200532978,1.8570491803278688,2.8958333333333335,2.3085081853816005,-0.8622280817402769,-0.5000000000000001,0.3660254037844388,0.0,0.14285714285714285,0.1071095669858491
0.0,1.0,2.0,-0.4,0.6209193870752832,1.799344262295082,1.8463541666666667,1.5014987318422879,-0.06328279499011207,-0.2886751345948132,0.6339745962155612,0.0,0.17857142857142858,0.3165833403948823
0.0,1.2,2.0,-0.4,-0.7781479013990673,0.6190163934426229,1.7890625,0.581969103066636,-0.5721819380355966,-2.1211504774498138e-16,0.7320508075688774,0.0,0.21428571428571427,0.24540293195491958
0.5,-1.0,-1.0,-0.4,-0.519653564290473,-0.7580327868852459,0.6171875,-0.22780724002766922,-0.41924851680949243,0.2886751345948128,0.6339745962155615,0.0,0.25,0.2725192780272859
0.5,-0.8,-1.0,-0.4,0.7195203197868087,-0.5036065573770492,-0.75,-0.19368226884943515,-0.41924851680949243,0.49999999999999994,0.3660254037844388,0.0,0.2857142857142857,0.437590034742819
0.5,-0.6,-1.0,-0.4,-0.031978680879413725,0.7160655737704918,-0.4973958333333333,0.06456075628314492,0.08701384311140409,0.5773502691896257,1.793007356604921e-16,0.0,0.32142857142857145,0.5070756715532586
0.5,-0.4,0.0,-0.4,-0.07994670219853431,-0.02360655737704918,0.7135416666666666,0.2167396818077011,-0.5458141067897165,0.5,-0.3660254037844383,1.0,0.35714285714285715,0.5053808999237355
0.5,-0.2,0.0,-0.4,-0.7115256495669554,-0.07081967213114754,-0.020833333333333332,-0.2785335485358545,-0.5458141067897165,0.2886751345948128,-0.6339745962155612,0.0,0.39285714285714285,0.5047029912719267
0.5,0.0,0.0,-0.4,-0.7115256495669554,-0.6924590163934427,-0.06770833333333333,-0.5137191607101685,-0.5458141067897165,0.0,-0.7320508075688771,0.0,0.42857142857142855,0.5040250826201174
0.5,0.2,1.0,-0.4,-0.7115256495669554,-0.6924590163934427,-0.6848958333333334,-0.7323034355545311,3.074489123269611,-0.2886751345948128,-0.6339745962155612,0.0,0.4642857142857143,0.503347173968308
0.5,0.4,1.0,-0.4,0.09327115256495669,-0.6924590163934427,-0.6848958333333334,-0.4537698870186766,2.0118655240606462,-0.5,-0.36602540378443876,0.0,0.5,0.13964918227268922
0.5,0.6,1.0,-0.4,-0.6795469686875416,0.09967213114754099,-0.6848958333333334,-0.4427023287987089,1.95385629531971,-0.577350269189626,0.0,0.0,0.5357142857142857,-0.1857469705957119
0.5,0.8,2.0,-0.4,-0.08527648234510327,-0.6609836065573771,0.1015625,-0.2259626469910078,0.7673038892551087,-0.5000000000000001,0.3660254037844388,0.0,0.5714285714285714,-0.4280993136174902
0.5,1.0,2.0,-0.4,-0.21852098600932712,-0.0760655737704918,-0.6536458333333334,-0.3338713396356931,-0.6170072511535926,-0.2886751345948132,0.6339745962155612,0.0,0.6071428571428571,-0.5348699262774343
0.5,1.2,2.0,-0.4,0.23984010659560293,-0.20721311475409837,-0.07291666666666667,-0.015679040811621074,-0.3612392880685564,-2.1211504774498138e-16,0.7320508075688774,0.0,0.6428571428571429,-0.40538937378188267
1.0,-1.0,-1.0,-0.4,1.6335776149233845,0.2439344262295082,-0.203125,0.579202213511644,0.8648648648648649,0.2886751345948128,0.6339745962155615,0.0,0.6785714285714286,-0.13151427845097857
1.0,-0.8,-1.0,-0.4,-0.11992005329780146,1.6157377049180328,0.24479166666666666,0.6133271846898777,0.12129202373104812,0.49999999999999994,0.3660254037844388,0.0,0.7142857142857143,-0.2382848911109227
1.0,-0.6,-1.0,-0.4,0.18121252498334445,-0.11016393442622952,1.6067708333333333,0.5930366612866037,0.07382992748846408,0.5773502691896257,1.793007356604921e-16,0.0,0.75,-0.21116854503855575
1.0,-0.4,0.0,-0.4,1.2524983344437042,0.18622950819672132,-0.10677083333333333,0.4611482591653215,-0.5510876730388925,0.5,-0.3660254037844383,1.0,0.7857142857142857,-0.04169138208626389
1.0,-0.2,0.0,-0.4,0.02664890073284477,1.240655737704918,0.1875,0.5118745676735071,-0.5510876730388925,0.2886751345948128,-0.6339745962155612,0.0,0.8214285714285714,0.0521989661893064
1.0,0.0,0.0,-0.4,0.40772818121252496,0.03409836065573771,1.234375,0.5902697717316118,-0.5510876730388925,0.0,-0.7320508075688771,0.0,0.8571428571428571,0.19455978306923188
1.0,0.2,1.0,-0.4,0.42638241172551633,0.40918032786885244,0.036458333333333336,0.3043578510491124,0.24522083058668426,-0.2886751345948128,-0.6339745962155612,0.0,0.8928571428571429,0.33929328023048927
1.0,0.4,1.0,-0.4,-0.37841439040639574,0.4275409836065574,0.4088541666666667,0.16416878026285442,-0.5194462755438365,-0.5,-0.36602540378443876,0.0,0.9285714285714286,0.2792983645453778
1.0,0.6,1.0,-0.4,-0.39973351099267157,-0.3645901639344262,0.4270833333333333,-0.11528706479133058,0.06855636123928807,-0.577350269189626,0.0,0.0,0.9642857142857143,0.3148885687653592
1.0,0.8,2.0,-0.4,-0.7195203197868087,-0.3855737704918033,-0.359375,-0.5118745676735074,-0.06328279499011207,-0.5000000000000001,0.3660254037844388,0.0,1.0,0.23421743920006827
-1.0,-0.8,-1.0,-0.2,-0.5143237841439041,-0.49836065573770494,-0.3385416666666667,-0.4731381139036203,-0.8938694792353329,0.49999999999999994,0.3660254037844388,0.0,-1.0,-0.27895941021947285
-1.0,-0.6,-1.0,-0.2,1.345769487008661,-0.49836065573770494,-0.4921875,0.11620936130966109,-1.0098879367172051,0.5773502691896257,1.793007356604921e-16,0.0,-0.9642857142857143,0.02677739174646257
-1.0,-0.4,0.0,-0.2,0.4183877415056629,1.3324590163934427,-0.4921875,0.43901314272538605,-0.8543177323665129,0.5,-0.3660254037844383,0.0,-0.9285714285714286,0.2294720786374039
-1.0,-0.2,0.0,-0.2,-0.6075949367088608,0.419672131147541,1.3255208333333333,0.4067327645838138,-0.8543177323665129,0.2886751345948128,-0.6339745962155612,1.0,-0.8928571428571429,0.28167104482670974
-1.0,0.0,0.0,-0.2,-0.6075949367088608,-0.5901639344262295,0.4192708333333333,-0.2693105833525482,1.059986816084377,0.0,-0.7320508075688771,0.0,-0.8571428571428571,0.3338700110160161
-1.0,0.2,1.0,-0.2,-0.6075949367088608,-0.5901639344262295,-0.5833333333333334,-0.6243947429098459,0.9334212261041529,-0.2886751345948128,-0.6339745962155612,0.0,-0.8214285714285714,0.1399881365985936
-1.0,0.4,1.0,-0.2,-0.9913391072618255,-0.5901639344262295,-0.5833333333333334,-0.7572054415494585,1.2709294660514172,-0.5,-0.36602540378443876,0.0,-0.7857142857142857,-0.08643335310566905
-1.0,0.6,1.0,-0.2,-0.7648234510326449,-0.9678688524590164,-0.5833333333333334,-0.8116209361309664,1.1496374423203692,-0.577350269189626,0.0,0.0,-0.75,-0.3274298788238286
-1.0,0.8,2.0,-0.2,-1.116588940706196,-0.7449180327868853,-0.9583333333333334,-0.9877795711321194,0.26104152933421226,-0.5000000000000001,0.3660254037844388,0.0,-0.7142857142857143,-0.5975764765697821
-1.0,1.0,2.0,-0.2,-0.49033977348434377,-1.0911475409836067,-0.7369791666666666,-0.8143878256859584,-0.2003955174686882,-0.2886751345948132,0.6339745962155612,0.0,-0.6785714285714286,-0.6738411998983136
-1.0,1.2,2.0,-0.2,0.14123917388407728,-0.47475409836065574,-1.0807291666666667,-0.5008070094535396,-0.35596572181938035,-2.1211504774498138e-16,0.7320508075688774,0.0,-0.6428571428571429,-0.6104567409541565
-0.5,-1.0,-1.0,-0.2,0.173217854763491,0.14688524590163934,-0.46875,-0.0544154945815081,-0.35596572181938035,0.2886751345948128,0.6339745962155615,0.0,-0.6071428571428571,-0.5230065248707737
-0.5,-0.8,-1.0,-0.2,0.173217854763491,0.17836065573770493,0.1484375,0.17523633848282213,1.4845088991430455,0.49999999999999994,0.3660254037844388,0.0,-0.5714285714285714,-0.4355563087873909
-0.5,-0.6,-1.0,-0.2,0.5356429047301798,0.17836065573770493,0.1796875,0.3117362231957573,0.5669083717864206,0.5773502691896257,1.793007356604921e-16,0.0,-0.5357142857142857,-0.5385984238623843
-0.5,-0.4,0.0,-0.2,0.7514990006662225,0.5350819672131147,0.1796875,0.5118745676735071,-0.44825313117996046,0.5,-0.3660254037844383,0.0,-0.5,-0.4962291331243117
-0.5,-0.2,0.0,-0.2,0.642238507661559,0.7475409836065574,0.5338541666666666,0.6741987548997002,-0.44825313117996046,0.2886751345948128,-0.6339745962155612,1.0,-0.4642857142857143,-0.33725955427506116
-0.5,0.0,0.0,-0.2,-0.19187208527648233,0.64,0.7447916666666666,0.4224118053954345,-0.44825313117996046,0.0,-0.7320508075688771,0.0,-0.42857142857142855,-0.284382679433946
-0.5,0.2,1.0,-0.2,-0.19187208527648233,-0.18098360655737705,0.6380208333333334,0.09591883790638667,-0.8279499011206328,-0.2886751345948128,-0.6339745962155612,0.0,-0.39285714285714285,-0.23150580459283082
-0.5,0.4,1.0,-0.2,-0.7834776815456362,-0.18098360655737705,-0.17708333333333334,-0.3975097994005075,-0.6038233355306526,-0.5,-0.36602540378443876,0.0,-0.35714285714285715,-0.20506736717227322
-0.5,0.6,1.0,-0.2,-0.810126582278481,-0.7632786885245901,-0.17708333333333334,-0.6114825916532168,-0.951878707976269,-0.577350269189626,0.0,0.0,-0.32142857142857145,-0.21082959071265137
-0.5,0.8,2.0,-0.2,-0.9673550966022652,-0.7895081967213115,-0.7552083333333334,-0.8798708784874342,-0.33223467369808835,-0.5000000000000001,0.3660254037844388,0.0,-0.2857142857142857,-0.19184814846199444
-0.5,1.0,2.0,-0.2,-0.7275149900066622,-0.9442622950819672,-0.78125,-0.8605026516024906,0.2926829268292683,-0.2886751345948132,0.6339745962155612,0.0,-0.25,-0.22201508346750265
-0.5,1.2,2.0,-0.2,-0.17854763491005995,-0.7081967213114754,-0.9348958333333334,-0.6419183767581281,0.32432432432432434,-2.1211504774498138e-16,0.7320508075688774,0.0,-0.21428571428571427,-0.2626896025760528
0.0,-1.0,-1.0,-0.2,0.17854763491005995,-0.1678688524590164,-0.7005208333333334,-0.24533087387595132,0.32432432432432434,0.2886751345948128,0.6339745962155615,0.0,-0.17857142857142858,-0.2620116939242434
0.0,-0.8,-1.0,-0.2,-0.09860093271152565,0.18360655737704917,-0.1640625,-0.027668895549919307,0.6829268292682927,0.49999999999999994,0.3660254037844388,0.0,-0.14285714285714285,-0.296585035166511
0.0,-0.6,-1.0,-0.2,-0.09860093271152565,-0.08918032786885247,0.18489583333333334,0.0,0.8965062623599209,0.5773502691896257,1.793007356604921e-16,0.0,-0.10714285714285714,-0.3772561647318025
0.0,-0.4,0.0,-0.2,0.15722851432378415,-0.08918032786885247,-0.0859375,-0.007378372146645283,0.7883981542518128,0.5,-0.3660254037844383,0.0,-0.07142857142857142,-0.4528429794085247
0.0,-0.2,0.0,-0.2,0.33044636908727515,0.16262295081967212,-0.0859375,0.14111136730458845,-0.03691496374423204,0.2886751345948128,-0.6339745962155612,1.0,-0.03571428571428571,-0.4925006355393611
0.0,0.0,0.0,-0.2,0.33044636908727515,0.33311475409836067,0.1640625,0.2896011067558218,-0.03691496374423204,0.0,-0.7320508075688771,0.0,0.0,-0.4260655876620627
0.0,0.2,1.0,-0.2,0.33044636908727515,0.33311475409836067,0.3333333333333333,0.3495503804473138,-0.6222808174027686,-0.2886751345948128,-0.6339745962155612,0.0,0.03571428571428571,-0.3596305397847637
0.0,0.4,1.0,-0.2,2.1825449700199866,0.33311475409836067,0.3333333333333333,0.9905464606871112,-0.6486486486486487,-0.5,-0.36602540378443876,0.0,0.07142857142857142,0.017625624947038787
0.0,0.6,1.0,-0.2,1.7508327781479014,2.156065573770492,0.3333333333333333,1.4821305049573443,-0.8042188529993408,-0.577350269189626,0.0,0.0,0.10714285714285714,0.34336073214134427
0.0,0.8,2.0,-0.2,1.2578281145902732,1.7311475409836066,2.1432291666666665,1.8030896933364082,-0.5669083717864206,-0.5000000000000001,0.3660254037844388,0.0,0.14285714285714285,0.6263875942716721
0.0,1.0,2.0,-0.2,0.9540306462358428,1.2459016393442623,1.7213541666666667,1.377910998385981,-0.023731048121292023,-0.2886751345948132,0.6339745962155612,0.0,0.17857142857142858,0.8402677739174653
0.0,1.2,2.0,-0.2,0.22385076615589608,0.9468852459016394,1.2395833333333333,0.8494350933825227,0.3295978905735003,-2.1211504774498138e-16,0.7320508075688774,0.0,0.21428571428571427,0.8914498771290574
0.5,-1.0,-1.0,-0.2,-0.2744836775483011,0.22819672131147542,0.9427083333333334,0.31911459534240255,0.055372445616348055,0.2886751345948128,0.6339745962155615,0.0,0.25,0.8338276417252779
0.5,-0.8,-1.0,-0.2,0.034643570952698204,-0.26229508196721313,0.22916666666666666,0.0009222965183305093,0.055372445616348055,0.49999999999999994,0.3660254037844388,0.0,0.2857142857142857,0.8507753580205073
0.5,-0.6,-1.0,-0.2,0.2211858760826116,0.0419672131147541,-0.2578125,0.0,0.3085036255767963,0.5773502691896257,1.793007356604921e-16,0.0,0.32142857142857145,0.8914498771290574
0.5,-0.4,0.0,-0.2,0.23451032644903397,0.22557377049180327,0.044270833333333336,0.17615863500115264,0.4798945286750165,0.5,-0.3660254037844383,1.0,0.35714285714285715,0.9012795525802906
0.5,-0.2,0.0,-0.2,-0.13590939373750832,0.23868852459016393,0.2265625,0.11713165782799159,0.4798945286750165,0.2886751345948128,-0.6339745962155612,0.0,0.39285714285714285,0.8419625455469879
0.5,0.0,0.0,-0.2,0.04530313124583611,-0.1259016393442623,0.23958333333333334,0.05626008761816912,0.4798945286750165,0.0,-0.7320508075688771,0.0,0.42857142857142855,0.8056944326751977
0.5,0.2,1.0,-0.2,-0.33044636908727515,0.05245901639344262,-0.12239583333333333,-0.13926677426792744,2.3124588002636783,-0.2886751345948128,-0.6339745962155612,0.0,0.4642857142857143,0.7216337598508605
0.5,0.4,1.0,-0.2,0.19453697534976683,-0.3173770491803279,0.0546875,-0.024902005994927374,1.885299934080422,-0.5,-0.36602540378443876,0.0,0.5,0.46877383272604034
0.5,0.6,1.0,-0.2,-0.2504996668887408,0.19934426229508198,-0.3125,-0.1272769195296288,1.3974950560316415,-0.577350269189626,0.0,0.0,0.5357142857142857,0.2142191339716976
0.5,0.8,2.0,-0.2,0.42105263157894735,-0.23868852459016393,0.20052083333333334,0.13281069863961267,1.0969017798286091,-0.5000000000000001,0.3660254037844388,0.0,0.5714285714285714,0.10778747563765786
0.5,1.0,2.0,-0.2,0.21052631578947367,0.4222950819672131,-0.234375,0.13834447774959654,0.3744232036914964,-0.2886751345948132,0.6339745962155612,0.0,0.6071428571428571,0.013219218710278795
0.5,1.2,2.0,-0.2,1.3057961359093937,0.21508196721311476,0.421875,0.6769656444546921,-0.11865524060646011,-2.1211504774498138e-16,0.7320508075688774,0.0,0.6428571428571429,0.1508346750275405
1.0,-1.0,-1.0,-0.2,2.616922051965356,1.2931147540983607,0.21614583333333334,1.4369379755591425,0.1872116018457482,0.2886751345948128,0.6339745962155615,0.0,0.6785714285714286,0.5186001186340142
1.0,-0.8,-1.0,-0.2,1.3724183877415057,2.583606557377049,1.2864583333333333,1.8390592575513034,0.37178642056690836,0.49999999999999994,0.3660254037844388,0.0,0.7142857142857143,0.688755190238116
1.0,-0.6,-1.0,-0.2,1.391072618254497,1.3586885245901639,2.5677083333333335,1.8685727461378836,0.3849703361898484,0.5773502691896257,1.793007356604921e-16,0.0,0.75,0.8375561393102284
1.0,-0.4,0.0,-0.2,2.0466355762824784,1.3770491803278688,1.3515625,1.6712012912151257,0.01845748187211602,0.5,-0.3660254037844383,1.0,0.7857142857142857,1.0680450809253461
1.0,-0.2,0.0,-0.2,0.42105263157894735,2.022295081967213,1.3697916666666667,1.3419414341710865,0.19775873434410018,0.2886751345948128,-0.6339745962155612,0.0,0.8214285714285714,1.138886535039404
1.0,0.0,0.0,-0.2,0.8021319120586275,0.4222950819672131,2.0104166666666665,1.138113903620014,-0.17402768622280818,0.0,-0.7320508075688771,0.0,0.8571428571428571,1.2351495635963061
1.0,0.2,1.0,-0.2,0.5622918054630246,0.7973770491803279,0.421875,0.6243947429098454,0.34541858932102837,-0.2886751345948128,-0.6339745962155612,0.0,0.8928571428571429,1.3486992627743422
1.0,0.4,1.0,-0.2,0.10926049300466356,0.5613114754098361,0.7942708333333334,0.5164860502651601,-0.09492419248516809,-0.5,-0.36602540378443876,0.0,0.9285714285714286,1.3378527243453953
1.0,0.6,1.0,-0.2,0.19453697534976683,0.11540983606557377,0.5598958333333334,0.3062024440857734,0.5695451549110085,-0.577350269189626,0.0,0.0,0.9642857142857143,1.394458096771461
1.0,0.8,2.0,-0.2,-0.10659560293137908,0.19934426229508198,0.1171875,0.07470601798478213,0.3612392880685564,-0.5000000000000001,0.3660254037844388,0.0,1.0,1.3273451402423533
-1.0,-1.0,-1.0,0.0,-0.5516322451698867,-0.5009836065573771,0.018229166666666668,-0.3606179386672819,-0.2083058668424522,0.2886751345948128,0.6339745962155615,0.0,-1.0357142857142858,-0.2687907804423353
-1.0,-0.8,-1.0,0.0,-0.5516322451698867,-0.5350819672131147,-0.4947916666666667,-0.5543002075167168,-0.8358602504943968,0.49999999999999994,0.3660254037844388,0.0,-1.0,-0.292517583255656
-1.0,-0.6,-1.0,0.0,1.2365089940039973,-0.5350819672131147,-0.5286458333333334,0.052570901544846685,-0.9044166117336849,0.5773502691896257,1.793007356604921e-16,0.0,-0.9642857142857143,-0.008134903821710027
-1.0,-0.4,0.0,0.0,0.14390406395736177,1.2249180327868852,-0.5286458333333334,0.29329029282914465,-0.8437705998681608,0.5,-0.3660254037844383,0.0,-0.9285714285714286,0.1460893144648761
-1.0,-0.2,0.0,0.0,-0.5916055962691539,0.14950819672131146,1.21875,0.27945584505418497,-0.8437705998681608,0.2886751345948128,-0.6339745962155612,1.0,-0.8928571428571429,0.1989661893059913
-1.0,0.0,0.0,0.0,-0.5916055962691539,-0.5744262295081968,0.15104166666666666,-0.3532395665206366,0.9413315754779169,0.0,-0.7320508075688771,0.0,-0.8571428571428571,0.2518430641471065
-1.0,0.2,1.0,0.0,-0.5916055962691539,-0.5744262295081968,-0.5677083333333334,-0.6077934055798943,0.9492419248516809,-0.2886751345948128,-0.6339745962155612,0.0,-0.8214285714285714,0.07524786035081776
-1.0,0.4,1.0,0.0,-1.1379080612924717,-0.5744262295081968,-0.5677083333333334,-0.7968641918376762,1.3500329597890572,-0.5,-0.36602540378443876,0.0,-0.7857142857142857,-0.17184984323362434
-1.0,0.6,1.0,0.0,-0.8794137241838774,-1.1121311475409836,-0.5677083333333334,-0.8964722158173857,1.2155570204350692,-0.577350269189626,0.0,0.0,-0.75,-0.4375900347428184
-1.0,0.8,2.0,0.0,-1.116588940706196,-0.8577049180327869,-1.1015625,-1.0781646299285224,0.16084377059986815,-0.5000000000000001,0.3660254037844388,0.0,-0.7142857142857143,-0.7162104906363869
-1.0,1.0,2.0,0.0,-0.5036642238507661,-1.0911475409836067,-0.8489583333333334,-0.8586580585658292,-0.35860250494396834,-0.2886751345948132,0.6339745962155612,0.0,-0.6785714285714286,-0.781289721210067
-1.0,1.2,2.0,0.0,0.047968021319120584,-0.4878688524590164,-1.0807291666666667,-0.5376988701867652,-0.3928806855636124,-2.1211504774498138e-16,0.7320508075688774,0.0,-0.6428571428571429,-0.709431404118295
-0.5,-1.0,-1.0,0.0,0.3037974683544304,0.05508196721311476,-0.4817708333333333,-0.046114825916532313,-0.3928806855636124,0.2886751345948128,0.6339745962155615,0.0,-0.6071428571428571,-0.6006270655029233
-0.5,-0.8,-1.0,0.0,0.3037974683544304,0.30688524590163935,0.057291666666666664,0.23334101913765268,1.3764007910349374,0.49999999999999994,0.3660254037844388,0.0,-0.5714285714285714,-0.4918227268875517
-0.5,-0.6,-1.0,0.0,0.8767488341105929,0.30688524590163935,0.3072916666666667,0.520175236338483,0.2953197099538563,0.5773502691896257,1.793007356604921e-16,0.0,-0.5357142857142857,-0.5375815608846706
-0.5,-0.4,0.0,0.0,0.9060626249167222,0.8708196721311475,0.3072916666666667,0.7286142494812082,-0.43243243243243246,0.5,-0.3660254037844383,0.0,-0.5,-0.44064062367595963
-0.5,-0.2,0.0,0.0,0.5329780146568954,0.899672131147541,0.8671875,0.8079317500576437,-0.43243243243243246,0.2886751345948128,-0.6339745962155612,1.0,-0.4642857142857143,-0.2976018981442248
-0.5,0.0,0.0,0.0,-0.2211858760826116,0.5324590163934426,0.8958333333333334,0.42794558450541836,-0.43243243243243246,0.0,-0.7320508075688771,0.0,-0.42857142857142855,-0.2504872468434877
-0.5,0.2,1.0,0.0,-0.2211858760826116,-0.2098360655737705,0.53125,0.03781415725155612,-0.972972972972973,-0.2886751345948128,-0.6339745962155612,0.0,-0.39285714285714285,-0.2033725955427507
-0.5,0.4,1.0,0.0,-0.8261159227181879,-0.2098360655737705,-0.20572916666666666,-0.4325570670970721,-0.7172050098879367,-0.5,-0.36602540378443876,0.0,-0.35714285714285715,-0.1637149394119143
-0.5,0.6,1.0,0.0,-0.8767488341105929,-0.8052459016393443,-0.20572916666666666,-0.6594420106064102,-0.951878707976269,-0.577350269189626,0.0,0.0,-0.32142857142857145,-0.16337598508600934
-0.5,0.8,2.0,0.0,-1.116588940706196,-0.8550819672131148,-0.796875,-0.9693336407655064,-0.34541858932102837,-0.5000000000000001,0.3660254037844388,0.0,-0.2857142857142857,-0.16337598508600934
-0.5,1.0,2.0,0.0,-0.7408394403730846,-1.0911475409836067,-0.8463541666666666,-0.9398201521789259,0.2003955174686882,-0.2886751345948132,0.6339745962155612,0.0,-0.25,-0.19354292009151755
-0.5,1.2,2.0,0.0,-0.2558294470353098,-0.7213114754098361,-1.0807291666666667,-0.724925063407886,0.4535266974291364,-2.1211504774498138e-16,0.7320508075688774,0.0,-0.21428571428571427,-0.23218371324464018
0.0,-1.0,-1.0,0.0,0.07728181212524983,-0.2439344262295082,-0.7135416666666666,-0.31173622319575767,0.4535266974291364,0.2886751345948128,0.6339745962155615,0.0,-0.17857142857142858,-0.26099483094652964
0.0,-0.8,-1.0,0.0,-0.09327115256495669,0.0839344262295082,-0.23958333333333334,-0.08761816924141128,1.020435069215557,0.49999999999999994,0.3660254037844388,0.0,-0.14285714285714285,-0.311499025506313
0.0,-0.6,-1.0,0.0,-0.09327115256495669,-0.0839344262295082,0.0859375,-0.03135808162324215,1.0494396835860251,0.5773502691896257,1.793007356604921e-16,0.0,-0.10714285714285714,-0.4348784001355815
0.0,-0.4,0.0,0.0,0.06662225183211193,-0.0839344262295082,-0.08072916666666667,-0.03504726769656459,0.6802900461437047,0.5,-0.3660254037844383,0.0,-0.07142857142857142,-0.5416490127955256
0.0,-0.2,0.0,0.0,-0.07994670219853431,0.07344262295081967,-0.08072916666666667,-0.030435785104911236,-0.06591957811470006,0.2886751345948128,-0.6339745962155612,1.0,-0.03571428571428571,-0.6196085077535802
0.0,0.0,0.0,0.0,-0.07994670219853431,-0.07081967213114754,0.07552083333333333,-0.025824302513258287,-0.06591957811470006,0.0,-0.7320508075688771,0.0,0.0,-0.6016439284806371
0.0,0.2,1.0,0.0,-0.07994670219853431,-0.07081967213114754,-0.06770833333333333,-0.07655061102144355,-0.6644693473961767,-0.2886751345948128,-0.6339745962155612,0.0,0.03571428571428571,-0.5836793492076945
0.0,0.4,1.0,0.0,2.4836775483011326,-0.07081967213114754,-0.06770833333333333,0.8106986396126357,-0.7145682267633487,-0.5,-0.36602540378443876,0.0,0.07142857142857142,-0.16269807643420056
0.0,0.6,1.0,0.0,1.9480346435709528,2.4524590163934428,-0.06770833333333333,1.5125662900622556,-0.951878707976269,-0.577350269189626,0.0,0.0,0.10714285714285714,0.1965935090246594
0.0,0.8,2.0,0.0,1.3431045969353763,1.9252459016393442,2.4375,2.0050726308508193,-0.5800922874093606,-0.5000000000000001,0.3660254037844388,0.0,0.14285714285714285,0.5094483518345905
0.0,1.0,2.0,0.0,0.6955363091272485,1.3298360655737704,1.9140625,1.3862116670509568,-0.1001977587343441,-0.2886751345948132,0.6339745962155612,0.0,0.17857142857142858,0.6921447334971618
0.0,1.2,2.0,0.0,0.09060626249167222,0.6924590163934427,1.3229166666666667,0.7433709937744984,0.22940013183915622,-2.1211504774498138e-16,0.7320508075688774,0.0,0.21428571428571427,0.7362087958647575
0.5,-1.0,-1.0,0.0,-0.229180546302465,0.09704918032786886,0.6901041666666666,0.199216047959419,0.06064601186552406,0.2886751345948128,0.6339745962155615,0.0,0.25,0.6972290483857305
0.5,-0.8,-1.0,0.0,0.46902065289806794,-0.21770491803278688,0.09895833333333333,0.12082084390131403,0.06064601186552406,0.49999999999999994,0.3660254037844388,0.0,0.2857142857142857,0.7687484111515976
0.5,-0.6,-1.0,0.0,0.15456362425049966,0.4695081967213115,-0.21354166666666666,0.1429559603412495,0.2188529993408042,0.5773502691896257,1.793007356604921e-16,0.0,0.32142857142857145,0.800271163460724
0.5,-0.4,0.0,0.0,0.18121252498334445,0.16,0.46875,0.28498962416416884,0.07382992748846408,0.5,-0.3660254037844383,1.0,0.35714285714285715,0.8148461994746216
0.5,-0.2,0.0,0.0,-0.3331112591605596,0.18622950819672132,0.16145833333333334,0.00737837214664488,0.07382992748846408,0.2886751345948128,-0.6339745962155612,0.0,0.39285714285714285,0.7826455385136858
0.5,0.0,0.0,0.0,-0.748834110592938,-0.32,0.1875,-0.30528014756744326,0.07382992748846408,0.0,-0.7320508075688771,0.0,0.42857142857142855,0.6975680027116349
0.5,0.2,1.0,0.0,-0.4103930712858095,-0.7291803278688525,-0.3151041666666667,-0.510029974636846,2.6104152933421227,-0.2886751345948128,-0.6339745962155612,0.0,0.4642857142857143,0.6555376662994666
0.5,0.4,1.0,0.0,0.010659560293137908,-0.3960655737704918,-0.7213541666666666,-0.3910537237721931,2.080421885299934,-0.5,-0.36602540378443876,0.0,0.5,0.3409880518600124
0.5,0.6,1.0,0.0,-0.31978680879413723,0.018360655737704918,-0.390625,-0.24256398432095938,1.4818721160184576,-0.577350269189626,0.0,0.0,0.5357142857142857,0.05253792051521079
0.5,0.8,2.0,0.0,0.17055296469020653,-0.30688524590163935,0.020833333333333332,-0.04150334332487896,0.8411338167435728,-0.5000000000000001,0.3660254037844388,0.0,0.5714285714285714,-0.09660198288280658
0.5,1.0,2.0,0.0,-0.07195203197868089,0.17573770491803278,-0.3020833333333333,-0.07009453539312918,0.24258404746209625,-0.2886751345948132,0.6339745962155612,0.0,0.6071428571428571,-0.1942208287433269
0.5,1.2,2.0,0.0,1.2658227848101267,-0.06295081967213115,0.17708333333333334,0.478671893013604,-0.07382992748846408,-2.1211504774498138e-16,0.7320508075688774,0.0,0.6428571428571429,-0.04474197101940515
1.0,-1.0,-1.0,0.0,2.3637574950033313,1.2537704918032786,-0.059895833333333336,1.2377219275997235,0.6170072511535926,0.2886751345948128,0.6339745962155615,0.0,0.6785714285714286,0.28506058808575596
1.0,-0.8,-1.0,0.0,0.7834776815456362,2.3344262295081966,1.2473958333333333,1.53377910998386,0.3058668424522083,0.49999999999999994,0.3660254037844388,0.0,0.7142857142857143,0.3250571985424967
1.0,-0.6,-1.0,0.0,0.9193870752831446,0.779016393442623,2.3203125,1.4138805626008761,0.33223467369808835,0.5773502691896257,1.793007356604921e-16,0.0,0.75,0.4223370900771127
1.0,-0.4,0.0,0.0,1.8067954696868753,0.9127868852459017,0.7760416666666666,1.221120590269772,-0.17666446934739619,0.5,-0.3660254037844383,1.0,0.7857142857142857,0.629099228878909
1.0,-0.2,0.0,0.0,0.11192538307794804,1.7862295081967212,0.9088541666666666,0.9887018676504498,-0.5880026367831246,0.2886751345948128,-0.6339745962155612,0.0,0.8214285714285714,0.6857046013049748
1.0,0.0,0.0,0.0,1.0899400399733512,0.1180327868852459,1.7760416666666667,1.0477288448236108,-0.25313117996044826,0.0,-0.7320508075688771,0.0,0.8571428571428571,0.9195830861791381
1.0,0.2,1.0,0.0,0.6235842771485676,1.080655737704918,0.11979166666666667,0.6382291906848051,0.16348055372445616,-0.2886751345948128,-0.6339745962155612,0.0,0.8928571428571429,1.0510973646301167
1.0,0.4,1.0,0.0,-0.11192538307794804,0.6216393442622951,1.0755208333333333,0.560756283145031,-0.16348055372445616,-0.5,-0.36602540378443876,0.0,0.9285714285714286,1.035505465638506
1.0,0.6,1.0,0.0,0.13590939373750832,-0.10229508196721311,0.6197916666666666,0.23057412958266074,0.3216875411997363,-0.577350269189626,0.0,0.0,0.9642857142857143,1.09346665536819
1.0,0.8,2.0,0.0,-0.31712191872085277,0.14163934426229507,-0.09895833333333333,-0.09499654138805655,0.08174027686222808,-0.5000000000000001,0.3660254037844388,0.0,1.0,1.031438013727651
-1.0,-0.8,-1.0,0.2,-0.9700199866755497,-0.9468852459016394,-0.7708333333333334,-0.9416647452155872,-1.1443638760711932,0.49999999999999994,0.3660254037844388,0.0,-1.0,-1.0209304296246082
-1.0,-0.6,-1.0,0.2,1.0179880079946702,-0.9468852459016394,-0.9375,-0.31265851971408815,-1.2735662491760054,0.5773502691896257,1.793007356604921e-16,0.0,-0.9642857142857143,-0.7246843487840012
-1.0,-0.4,0.0,0.2,-0.17055296469020653,1.0098360655737706,-0.9375,-0.0359695642148951,-0.999340804218853,0.5,-0.3660254037844383,0.0,-0.9285714285714286,-0.5630031353275144
-1.0,-0.2,0.0,0.2,-0.9087275149900067,-0.16,1.0052083333333333,-0.014756744293290566,-0.999340804218853,0.2886751345948128,-0.6339745962155612,1.0,-0.8928571428571429,-0.5304635200406743
-1.0,0.0,0.0,0.2,-0.9087275149900067,-0.8865573770491804,-0.15625,-0.6815771270463457,0.2083058668424522,0.0,-0.7320508075688771,0.0,-0.8571428571428571,-0.49792390475383425
-1.0,0.2,1.0,0.2,-1.1858760826115922,-0.8865573770491804,-0.8776041666666666,-1.0329721005303207,0.2030323005932762,-0.2886751345948128,-0.6339745962155612,0.0,-0.8214285714285714,-0.655876620625371
-1.0,0.4,1.0,0.2,-1.2711525649566955,-1.159344262295082,-0.8776041666666666,-1.1584044270232885,0.5880026367831246,-0.5,-0.36602540378443876,0.0,-0.7857142857142857,-0.8239979662740446
-1.0,0.6,1.0,0.2,-1.1538974017321786,-1.2432786885245901,-1.1484375,-1.2432557067097076,0.3928806855636124,-0.577350269189626,0.0,0.0,-0.75,-1.0266926531649863
-1.0,0.8,2.0,0.2,-1.4283810792804796,-1.1278688524590164,-1.2317708333333333,-1.3271846898777961,-0.34541858932102837,-0.5000000000000001,0.3660254037844388,0.0,-0.7142857142857143,-1.239217015507161
-1.0,1.0,2.0,0.2,-0.978014656895403,-1.3980327868852458,-1.1171875,-1.2257320728614254,-0.6381015161502966,-0.2886751345948132,0.6339745962155612,0.0,-0.6785714285714286,-1.2995508855181765
-1.0,1.2,2.0,0.2,-0.642238507661559,-0.9547540983606557,-1.3854166666666667,-1.048651141341942,-0.8068556361239289,-2.1211504774498138e-16,0.7320508075688774,0.0,-0.6428571428571429,-1.2795525802898062
-0.5,-1.0,-1.0,0.2,-0.28780812791472354,-0.6242622950819672,-0.9453125,-0.6539082314964263,-0.8068556361239289,0.2886751345948128,0.6339745962155615,0.0,-0.6071428571428571,-1.1927802728582326
-0.5,-0.8,-1.0,0.2,-0.28780812791472354,-0.2754098360655738,-0.6171875,-0.4150334332487896,1.1601845748187212,0.49999999999999994,0.3660254037844388,0.0,-0.5714285714285714,-1.106007965426659
-0.5,-0.6,-1.0,0.2,0.13324450366422386,-0.2754098360655738,-0.2708333333333333,-0.14664514641457232,-0.015820698747528016,0.5773502691896257,1.793007356604921e-16,0.0,-0.5357142857142857,-1.218540801626981
-0.5,-0.4,0.0,0.2,0.5036642238507661,0.13901639344262295,-0.2708333333333333,0.1272769195296288,-0.7462096242584048,0.5,-0.3660254037844383,0.0,-0.5,-1.132785357173121
-0.5,-0.2,0.0,0.2,0.463690872751499,0.5036065573770492,0.140625,0.3873645376988703,-0.7462096242584048,0.2886751345948128,-0.6339745962155612,1.0,-0.4642857142857143,-0.9582238793322602
-0.5,0.0,0.0,0.2,-0.27181878747501664,0.4642622950819672,0.5026041666666666,0.24717546691261233,-1.020435069215557,0.0,-0.7320508075688771,0.0,-0.42857142857142855,-0.8772137954410646
-0.5,0.2,1.0,0.2,-0.27181878747501664,-0.259672131147541,0.4635416666666667,-0.021212819921604936,-1.1048121292023731,-0.2886751345948128,-0.6339745962155612,0.0,-0.39285714285714285,-0.760952461655792
-0.5,0.4,1.0,0.2,-1.0233177881412392,-0.259672131147541,-0.2552083333333333,-0.535854277150104,-0.988793671720501,-0.5,-0.36602540378443876,0.0,-0.35714285714285715,-0.7294297093466656
-0.5,0.6,1.0,0.2,-1.1219187208527648,-0.999344262295082,-0.2552083333333333,-0.8300668664975794,-1.2603823335530653,-0.577350269189626,0.0,0.0,-0.32142857142857145,-0.7253622574358106
-0.5,0.8,2.0,0.2,-1.3590939373750832,-1.096393442622951,-0.9895833333333334,-1.206363845976482,-0.8147659854976929,-0.5000000000000001,0.3660254037844388,0.0,-0.2857142857142857,-0.7165494449622912
-0.5,1.0,2.0,0.2,-1.0926049300466356,-1.3298360655737704,-1.0859375,-1.2303435554530786,-0.48253131179960446,-0.2886751345948132,0.6339745962155612,0.0,-0.25,-0.7311244809761888
-0.5,1.2,2.0,0.2,-0.9566955363091273,-1.0675409836065575,-1.3177083333333333,-1.1731611713165788,-0.13183915622940012,-2.1211504774498138e-16,0.7320508075688774,0.0,-0.21428571428571427,-0.7711210914329295
0.0,-1.0,-1.0,0.2,-0.4423717521652232,-0.9337704918032786,-1.0572916666666667,-0.8558911690108373,-0.13183915622940012,0.2886751345948128,0.6339745962155615,0.0,-0.17857142857142858,-0.7907804423353956
0.0,-0.8,-1.0,0.2,-0.4876748834110593,-0.4275409836065574,-0.9244791666666666,-0.6465298593497812,0.28477257745550427,0.49999999999999994,0.3660254037844388,0.0,-0.14285714285714285,-0.8162020167782393
0.0,-0.6,-1.0,0.2,-0.4876748834110593,-0.4721311475409836,-0.421875,-0.48420567212358806,0.6512854317732366,0.5773502691896257,1.793007356604921e-16,0.0,-0.10714285714285714,-0.8951783747140074
0.0,-0.4,0.0,0.2,-0.10926049300466356,-0.4721311475409836,-0.4661458333333333,-0.3689186073322577,0.6117336849044166,0.5,-0.3660254037844383,0.0,-0.07142857142857142,-0.9731378696720617
0.0,-0.2,0.0,0.2,0.1039307128580946,-0.09967213114754099,-0.4661458333333333,-0.1641687802628548,-0.11601845748187212,0.2886751345948128,-0.6339745962155612,1.0,-0.03571428571428571,-1.0188967036691807
0.0,0.0,0.0,0.2,0.1039307128580946,0.11016393442622952,-0.09635416666666667,0.040581046806548046,-0.11601845748187212,0.0,-0.7320508075688771,0.0,0.0,-0.9711041437166342
0.0,0.2,1.0,0.2,0.1039307128580946,0.11016393442622952,0.11197916666666667,0.11436476827299967,-0.8595912986156888,-0.2886751345948128,-0.6339745962155612,0.0,0.03571428571428571,-0.9233115837640878
0.0,0.4,1.0,0.2,1.6095936042638241,0.11016393442622952,0.11197916666666667,0.6354623011298132,-0.9571522742254449,-0.5,-0.36602540378443876,0.0,0.07142857142857142,-0.5884247097703583
0.0,0.6,1.0,0.2,1.6069287141905397,1.5921311475409836,0.11197916666666667,1.1556375374682961,-1.1918259723137772,-0.577350269189626,0.0,0.0,0.10714285714285714,-0.24133548004406397
0.0,0.8,2.0,0.2,0.5383077948034644,1.5895081967213114,1.5833333333333333,1.3059718699561913,-0.9281476598549769,-0.5000000000000001,0.3660254037844388,0.0,0.14285714285714285,0.0
0.0,1.0,2.0,0.2,0.1625582944703531,0.5377049180327869,1.5807291666666667,0.8051648605026518,-0.7936717205009888,-0.2886751345948132,0.6339745962155612,0.0,0.17857142857142858,0.15964748750105928
0.0,1.2,2.0,0.2,-0.6235842771485676,0.1678688524590164,0.5364583333333334,0.03320267465990317,-0.28477257745550427,-2.1211504774498138e-16,0.7320508075688774,0.0,0.21428571428571427,0.20201677823913256
0.5,-1.0,-1.0,0.2,-0.8367754830113258,-0.6059016393442623,0.16927083333333334,-0.4427023287987089,-0.3295978905735003,0.2886751345948128,0.6339745962155615,0.0,0.25,0.15185153800525425
0.5,-0.8,-1.0,0.2,-0.2078614257161892,-0.8157377049180328,-0.5989583333333334,-0.5709015448466684,-0.3295978905735003,0.49999999999999994,0.3660254037844388,0.0,0.2857142857142857,0.18744174222523563
0.5,-0.6,-1.0,0.2,-0.33044636908727515,-0.19672131147540983,-0.8072916666666666,-0.4694489278302977,0.04482531311799604,0.5773502691896257,1.793007356604921e-16,0.0,0.32142857142857145,0.2074400474536057
0.5,-0.4,0.0,0.2,-0.31712191872085277,-0.3173770491803279,-0.19270833333333334,-0.28960110675582224,0.25576796308503624,0.5,-0.3660254037844383,1.0,0.35714285714285715,0.18100161003304813
0.5,-0.2,0.0,0.2,-0.5622918054630246,-0.3042622950819672,-0.3125,-0.41226654369379767,0.25576796308503624,0.2886751345948128,-0.6339745962155612,0.0,0.39285714285714285,0.09626302855690219
0.5,0.0,0.0,0.2,-0.44770153231179216,-0.5455737704918033,-0.2994791666666667,-0.4528475905003461,0.25576796308503624,0.0,-0.7320508075688771,0.0,0.42857142857142855,0.0260994830946532
0.5,0.2,1.0,0.2,-0.6289140572951366,-0.43278688524590164,-0.5390625,-0.5607562831450315,1.7455504284772578,-0.2886751345948128,-0.6339745962155612,0.0,0.4642857142857143,-0.06711295652910773
0.5,0.4,1.0,0.2,-0.49300466355762823,-0.6111475409836066,-0.4270833333333333,-0.5367765736684348,1.7429136453526697,-0.5,-0.36602540378443876,0.0,0.5,-0.3345479196678249
0.5,0.6,1.0,0.2,-0.7808127914723517,-0.47737704918032786,-0.6041666666666666,-0.6520636384597651,0.6855636123928807,-0.577350269189626,0.0,0.0,0.5357142857142857,-0.6382509956783322
0.5,0.8,2.0,0.2,-0.3037974683544304,-0.760655737704918,-0.4713541666666667,-0.5395434632234267,0.3137771918259723,-0.5000000000000001,0.3660254037844388,0.0,0.5714285714285714,-0.7453605626641813
0.5,1.0,2.0,0.2,-0.5836109260493004,-0.29114754098360657,-0.7526041666666666,-0.5709015448466684,-0.46407382992748847,-0.2886751345948132,0.6339745962155612,0.0,0.6071428571428571,-0.8402677739174648
0.5,1.2,2.0,0.2,0.285143237841439,-0.5665573770491803,-0.2864583333333333,-0.20198293751441093,-0.6750164798945286,-2.1211504774498138e-16,0.7320508075688774,0.0,0.6428571428571429,-0.7246843487840012
1.0,-1.0,-1.0,0.2,1.6735509660226515,0.28852459016393445,-0.5598958333333334,0.48236107908692644,-0.05273566249176005,0.2886751345948128,0.6339745962155615,0.0,0.6785714285714286,-0.40538937378188267
1.0,-0.8,-1.0,0.2,0.7248500999333778,1.6550819672131147,0.2890625,0.9352086695872726,-0.17402768622280818,0.49999999999999994,0.3660254037844388,0.0,0.7142857142857143,-0.2867553597152785
1.0,-0.6,-1.0,0.2,0.7115256495669554,0.7213114754098361,1.6458333333333333,1.0827761125201754,-0.16084377059986815,0.5773502691896257,1.793007356604921e-16,0.0,0.75,-0.15422421828658556
1.0,-0.4,0.0,0.2,1.513657561625583,0.7081967213114754,0.71875,1.0274383214203369,-0.4034278180619644,0.5,-0.3660254037844383,1.0,0.7857142857142857,0.078637403609864
1.0,-0.2,0.0,0.2,-0.38907395069953365,1.4977049180327868,0.7057291666666666,0.6419183767581279,-0.2900461437046803,0.2886751345948128,-0.6339745962155612,0.0,0.8214285714285714,0.1006694347936616
1.0,0.0,0.0,0.2,0.5409726848767489,-0.37508196721311476,1.4895833333333333,0.5828913995849665,-0.4693473961766645,0.0,-0.7320508075688771,0.0,0.8571428571428571,0.22642148970426262
1.0,0.2,1.0,0.2,0.029313790806129246,0.540327868852459,-0.3697916666666667,0.06917223887479827,-0.3348714568226763,-0.2886751345948128,-0.6339745962155612,0.0,0.8928571428571429,0.3101432082026948
1.0,0.4,1.0,0.2,-0.48500999333777484,0.036721311475409836,0.5390625,0.0359695642148951,-0.6196440342781806,-0.5,-0.36602540378443876,0.0,0.9285714285714286,0.31116007118040856
1.0,0.6,1.0,0.2,-0.20519653564290474,-0.4695081967213115,0.0390625,-0.22227346091768535,-0.14765985497692816,-0.577350269189626,0.0,0.0,0.9642857142857143,0.3843742055757988
1.0,0.8,2.0,0.2,-0.9220519653564291,-0.1940983606557377,-0.4635416666666667,-0.5515333179617249,-0.4245220830586684,-0.5000000000000001,0.3660254037844388,0.0,1.0,0.3057368019659354
-1.0,-0.8,-1.0,0.4,-0.2318454363757495,-0.22032786885245903,0.6953125,0.08854046575974178,0.07646671061305207,0.49999999999999994,0.3660254037844388,0.0,-1.0,0.5996102025252101
-1.0,-0.6,-1.0,0.4,1.1672218520986009,-0.22032786885245903,-0.21614583333333334,0.24994235646760427,-0.06328279499011207,0.5773502691896257,1.793007356604921e-16,0.0,-0.9642857142857143,0.7579018727226513
-1.0,-0.4,0.0,0.4,0.6582278481012658,1.1567213114754098,-0.21614583333333334,0.5579893935900391,-0.17930125247198417,0.5,-0.3660254037844383,0.0,-0.9285714285714286,0.8694178459452592
-1.0,-0.2,0.0,0.4,-0.010659560293137908,0.6557377049180327,1.1510416666666667,0.6345400046114826,-0.17930125247198417,0.2886751345948128,-0.6339745962155612,1.0,-0.8928571428571429,0.9107702737056187
-1.0,0.0,0.0,0.4,-0.010659560293137908,-0.002622950819672131,0.6536458333333334,0.2268849435093383,1.2471984179301252,0.0,-0.7320508075688771,0.0,-0.8571428571428571,0.9521227014659782
-1.0,0.2,1.0,0.4,-0.010659560293137908,-0.002622950819672131,0.0,-0.004611482591653352,1.086354647330257,-0.2886751345948128,-0.6339745962155612,0.0,-0.8214285714285714,0.8101008389119572
-1.0,0.4,1.0,0.4,-0.5063291139240507,-0.002622950819672131,0.0,-0.17615863500115306,1.3210283454185894,-0.5,-0.36602540378443876,0.0,-0.7857142857142857,0.6257096856198634
-1.0,0.6,1.0,0.4,-0.20519653564290474,-0.4904918032786885,0.0,-0.2434862808392899,1.6638101516150297,-0.577350269189626,0.0,0.0,-0.75,0.449453436149479
-1.0,0.8,2.0,0.4,-0.26115922718187873,-0.1940983606557377,-0.484375,-0.3301821535623707,1.3183915622940012,-0.5000000000000001,0.3660254037844388,0.0,-0.7142857142857143,0.22201508346750323
-1.0,1.0,2.0,0.4,0.21052631578947367,-0.24918032786885247,-0.19010416666666666,-0.0820843901314274,0.8464073829927489,-0.2886751345948132,0.6339745962155612,0.0,-0.6785714285714286,0.09897466316413907
-1.0,1.2,2.0,0.4,0.48500999333777484,0.21508196721311476,-0.24479166666666666,0.15679040811620915,-0.07646671061305207,-2.1211504774498138e-16,0.7320508075688774,0.0,-0.6428571428571429,0.07151936276586772
-0.5,-1.0,-1.0,0.4,0.5729513657561626,0.4852459016393443,0.21614583333333334,0.44546921835370085,-0.07646671061305207,0.2886751345948128,0.6339745962155615,0.0,-0.6071428571428571,0.17388356918905185
-0.5,-0.8,-1.0,0.4,0.5729513657561626,0.5718032786885245,0.484375,0.5709015448466682,1.3078444297956493,0.49999999999999994,0.3660254037844388,0.0,-0.5714285714285714,0.27624777561223657
-0.5,-0.6,-1.0,0.4,1.497668221185876,0.5718032786885245,0.5703125,0.9213742218123129,0.8042188529993408,0.5773502691896257,1.793007356604921e-16,0.0,-0.5357142857142857,0.3182781120244048
-0.5,-0.4,0.0,0.4,1.0686209193870753,1.481967213114754,0.5703125,1.0929213742218127,0.14238628872775214,0.5,-0.3660254037844383,0.0,-0.5,0.37047707821371123
-0.5,-0.2,0.0,0.4,0.7994670219853431,1.059672131147541,1.4739583333333333,1.171316578279917,0.14238628872775214,0.2886751345948128,-0.6339745962155612,1.0,-0.4642857142857143,0.47351919328870473
-0.5,0.0,0.0,0.4,0.1279147235176549,0.7947540983606557,1.0546875,0.6972561678579665,0.14238628872775214,0.0,-0.7320508075688771,0.0,-0.42857142857142855,0.4911448182357429
-0.5,0.2,1.0,0.4,0.1279147235176549,0.13377049180327868,0.7916666666666666,0.3716854968872492,-0.34805537244561635,-0.2886751345948128,-0.6339745962155612,0.0,-0.39285714285714285,0.5087704431827818
-0.5,0.4,1.0,0.4,-0.43704197201865425,0.13377049180327868,0.13541666666666666,-0.05626008761816952,-0.05009887936717205,-0.5,-0.36602540378443876,0.0,-0.35714285714285715,0.5175832556563005
-0.5,0.6,1.0,0.4,-0.4397068620919387,-0.4222950819672131,0.13541666666666666,-0.2527092460225966,-0.1054713249835201,-0.577350269189626,0.0,0.0,-0.32142857142857145,0.4877552749766973
-0.5,0.8,2.0,0.4,-0.38907395069953365,-0.4249180327868852,-0.4166666666666667,-0.43163477057874117,0.3612392880685564,-0.5000000000000001,0.3660254037844388,0.0,-0.2857142857142857,0.47148546733327723
-0.5,1.0,2.0,0.4,-0.10926049300466356,-0.37508196721311476,-0.4192708333333333,-0.318192298824072,0.6328279499011207,-0.2886751345948132,0.6339745962155612,0.0,-0.25,0.4308109482247271
-0.5,1.2,2.0,0.4,0.21585609593604263,-0.09967213114754099,-0.3697916666666667,-0.09130735531473372,0.7198417930125247,-2.1211504774498138e-16,0.7320508075688774,0.0,-0.21428571428571427,0.39657656130836383
0.0,-1.0,-1.0,0.4,0.8394403730846103,0.22032786885245903,-0.09635416666666667,0.3338713396356927,0.7198417930125247,0.2886751345948128,0.6339745962155615,0.0,-0.17857142857142858,0.4304719938988227
0.0,-0.8,-1.0,0.4,1.0313124583610926,0.8340983606557377,0.22135416666666666,0.7286142494812082,1.6348055372445616,0.49999999999999994,0.3660254037844388,0.0,-0.14285714285714285,0.48877213795441105
0.0,-0.6,-1.0,0.4,1.0313124583610926,1.022950819672131,0.8307291666666666,1.0108369840903852,1.2102834541858931,0.5773502691896257,1.793007356604921e-16,0.0,-0.10714285714285714,0.42945513092110893
0.0,-0.4,0.0,0.4,0.5036642238507661,1.022950819672131,1.0182291666666667,0.8946276227807242,0.9439683586025049,0.5,-0.3660254037844383,0.0,-0.07142857142857142,0.35759681382933683
0.0,-0.2,0.0,0.4,0.351765489673551,0.5036065573770492,1.0182291666666667,0.6594420106064101,0.2794990112063283,0.2886751345948128,-0.6339745962155612,1.0,-0.03571428571428571,0.30065248707736664
0.0,0.0,0.0,0.4,0.351765489673551,0.3540983606557377,0.5026041666666666,0.4242563984320959,0.2794990112063283,0.0,-0.7320508075688771,0.0,0.0,0.32912465045335176
0.0,0.2,1.0,0.4,0.351765489673551,0.3540983606557377,0.3541666666666667,0.3716854968872492,-0.2794990112063283,-0.2886751345948128,-0.6339745962155612,0.0,0.03571428571428571,0.35759681382933683
0.0,0.4,1.0,0.4,2.1665556295802797,0.3540983606557377,0.3541666666666667,0.9997694258704175,-0.2821357943309163,-0.5,-0.36602540378443876,0.0,0.07142857142857142,0.688755190238116
0.0,0.6,1.0,0.4,2.374417055296469,2.140327868852459,0.3541666666666667,1.699792483283376,-0.23203691496374423,-0.577350269189626,0.0,0.0,0.10714285714285714,1.0466909583933572
0.0,0.8,2.0,0.4,1.6015989340439707,2.344918032786885,2.1276041666666665,2.132349550380448,0.04482531311799604,-0.5000000000000001,0.3660254037844388,0.0,0.14285714285714285,1.299889839844082
0.0,1.0,2.0,0.4,1.4017321785476349,1.5842622950819671,2.3307291666666665,1.8676504496195527,0.36651285431773234,-0.2886751345948132,0.6339745962155612,0.0,0.17857142857142858,1.4920769426319813
0.0,1.2,2.0,0.4,0.5303131245836109,1.3875409836065573,1.5755208333333333,1.2294212589347477,0.983520105471325,-2.1211504774498138e-16,0.7320508075688774,0.0,0.21428571428571427,1.5320735530887222
0.5,-1.0,-1.0,0.4,0.3624250499666889,0.5298360655737705,1.3802083333333333,0.8005533779109985,1.1733684904416612,0.2886751345948128,0.6339745962155615,0.0,0.25,1.4714007287518012
0.5,-0.8,-1.0,0.4,1.1139240506329113,0.3645901639344262,0.5286458333333334,0.700945353931289,1.1733684904416612,0.49999999999999994,0.3660254037844388,0.0,0.2857142857142857,1.4819083128548438
0.5,-0.6,-1.0,0.4,0.3944037308461026,1.1042622950819672,0.3645833333333333,0.6539082314964262,0.6512854317732366,0.5773502691896257,1.793007356604921e-16,0.0,0.32142857142857145,1.4008982289636478
0.5,-0.4,0.0,0.4,0.7941372418387741,0.3960655737704918,1.0989583333333333,0.8033202674659904,0.5009887936717206,0.5,-0.3660254037844383,1.0,0.35714285714285715,1.4378442504872475
0.5,-0.2,0.0,0.4,0.22385076615589608,0.7895081967213115,0.3958333333333333,0.4952732303435556,0.5009887936717206,0.2886751345948128,-0.6339745962155612,0.0,0.39285714285714285,1.4215744428438273
0.5,0.0,0.0,0.4,0.22385076615589608,0.22819672131147542,0.7864583333333334,0.4362462531703941,0.5009887936717206,0.0,-0.7320508075688771,0.0,0.42857142857142855,1.4053046352004073
0.5,0.2,1.0,0.4,0.23451032644903397,0.22819672131147542,0.22916666666666666,0.242563984320959,2.2966381015161503,-0.2886751345948128,-0.6339745962155612,0.0,0.4642857142857143,1.390390644860606
0.5,0.4,1.0,0.4,0.9193870752831446,0.23868852459016393,0.22916666666666666,0.48328337560525697,2.5023071852340144,-0.5,-0.36602540378443876,0.0,0.5,1.2317600203372605
0.5,0.6,1.0,0.4,0.5942704863424384,0.9127868852459017,0.23958333333333334,0.6114825916532167,1.7376400791034938,-0.577350269189626,0.0,0.0,0.5357142857142857,1.0053385306329978
0.5,0.8,2.0,0.4,0.9700199866755497,0.5927868852459016,0.9088541666666666,0.8660364307124743,1.5398813447593935,-0.5000000000000001,0.3660254037844388,0.0,0.5714285714285714,0.9250063553936113
0.5,1.0,2.0,0.4,0.692871419053964,0.9626229508196721,0.5911458333333334,0.7876412266543693,0.6776532630191167,-0.2886751345948132,0.6339745962155612,0.0,0.6071428571428571,0.8348445047029917
0.5,1.2,2.0,0.4,1.665556295802798,0.6898360655737705,0.9583333333333334,1.158404427023288,0.5115359261700725,-2.1211504774498138e-16,0.7320508075688774,0.0,0.6428571428571429,0.9792390475383446
1.0,-1.0,-1.0,0.4,2.2758161225849434,1.6472131147540983,0.6875,1.6103297210053031,1.2551087673038892,0.2886751345948128,0.6339745962155615,0.0,0.6785714285714286,1.2226082535378366
1.0,-0.8,-1.0,0.4,2.2758161225849434,2.2478688524590162,1.6380208333333333,2.1581738528937056,0.5431773236651285,0.49999999999999994,0.3660254037844388,0.0,0.7142857142857143,1.3703923396322353
1.0,-0.6,-1.0,0.4,0.9673550966022652,2.2478688524590162,2.234375,1.9165321650910774,0.938694792353329,0.5773502691896257,1.793007356604921e-16,0.0,0.75,1.443267519701721
1.0,-0.4,0.0,0.4,1.8574283810792804,0.96,2.234375,1.771731611713166,0.3744232036914964,0.5,-0.3660254037844383,1.0,0.7857142857142857,1.5785102957376504
1.0,-0.2,0.0,0.4,0.9593604263824117,1.8360655737704918,0.9557291666666666,1.3161171316578282,0.3744232036914964,0.2886751345948128,-0.6339745962155612,0.0,0.8214285714285714,1.6720616896873157
1.0,0.0,0.0,0.4,1.4283810792804796,0.9521311475409836,1.8255208333333333,1.4756744293290296,0.3849703361898484,0.0,-0.7320508075688771,0.0,0.8571428571428571,1.8252690449961875
1.0,0.2,1.0,0.4,1.1192538307794804,1.4137704918032787,0.9479166666666666,1.2201982937514415,1.062623599208965,-0.2886751345948128,-0.6339745962155612,0.0,0.8928571428571429,1.9378018811965096
1.0,0.4,1.0,0.4,0.47968021319120585,1.1095081967213114,1.40625,1.0541849204519256,0.7409360580092288,-0.5,-0.36602540378443876,0.0,0.9285714285714286,1.8818744174222533
1.0,0.6,1.0,0.4,0.5436375749500333,0.48,1.1041666666666667,0.7479824763661518,1.1127224785761372,-0.577350269189626,0.0,0.0,0.9642857142857143,1.8754342852300663
1.0,0.8,2.0,0.4,0.3624250499666889,0.5429508196721311,0.4791666666666667,0.4860502651602489,0.8384970336189849,-0.5000000000000001,0.3660254037844388,0.0,1.0,1.798152698923821
-1.0,-1.0,-1.0,0.6,-0.43171219187208526,0.0,0.1484375,-0.09684113442471758,-0.17930125247198417,0.2886751345948128,0.6339745962155615,0.0,-1.0357142857142858,-0.09287348529785595
-1.0,-0.8,-1.0,0.6,-0.43171219187208526,-0.41704918032786886,0.0026041666666666665,-0.29513488586580605,-0.6301911667765326,0.49999999999999994,0.3660254037844388,0.0,-1.0,-0.10507584103042099
-1.0,-0.6,-1.0,0.6,0.4157228514323784,-0.41704918032786886,-0.4114583333333333,-0.14848973945123375,-0.6486486486486487,0.5773502691896257,1.793007356604921e-16,0.0,-0.9642857142857143,0.048470468604355776
-1.0,-0.4,0.0,0.6,0.02664890073284477,0.41704918032786886,-0.4114583333333333,0.01014526170163681,-0.5247198417930126,0.5,-0.3660254037844383,0.0,-0.9285714285714286,0.1549021269383955
-1.0,-0.2,0.0,0.6,-0.5116588940706196,0.03409836065573771,0.4166666666666667,-0.017523633848282497,-0.4060646011865524,0.2886751345948128,-0.6339745962155612,1.0,-0.8928571428571429,0.1769341581221931
-1.0,0.0,0.0,0.6,-0.14656895403064624,-0.49573770491803276,0.036458333333333336,-0.21212819921604814,0.9281476598549769,0.0,-0.7320508075688771,0.0,-0.8571428571428571,0.23014998728921326
-1.0,0.2,1.0,0.6,-0.4050632911392405,-0.13639344262295083,-0.4895833333333333,-0.3615402351856124,0.8675016479894528,-0.2886751345948128,-0.6339745962155612,0.0,-0.8214285714285714,0.07897635793576839
-1.0,0.4,1.0,0.6,-0.5969353764157228,-0.39081967213114754,-0.1328125,-0.3910537237721931,1.086354647330257,-0.5,-0.36602540378443876,0.0,-0.7857142857142857,-0.08880603338700094
-1.0,0.6,1.0,0.6,-0.20519653564290474,-0.579672131147541,-0.3854166666666667,-0.41134424717546714,0.9413315754779169,-0.577350269189626,0.0,0.0,-0.75,-0.23489534785187705
-1.0,0.8,2.0,0.6,-0.6822118587608261,-0.1940983606557377,-0.5729166666666666,-0.507263085081854,0.2926829268292683,-0.5000000000000001,0.3660254037844388,0.0,-0.7142857142857143,-0.42301499872892145
-1.0,1.0,2.0,0.6,-0.24250499666888742,-0.6636065573770492,-0.19010416666666666,-0.38459764814387837,0.14502307185234015,-0.2886751345948132,0.6339745962155612,0.0,-0.6785714285714286,-0.4718244216591816
-1.0,1.2,2.0,0.6,0.08794137241838774,-0.23081967213114754,-0.65625,-0.28314503112750783,-0.2742254449571523,-2.1211504774498138e-16,0.7320508075688774,0.0,-0.6428571428571429,-0.4596220659266166
-0.5,-1.0,-1.0,0.6,0.1625582944703531,0.09442622950819672,-0.2265625,0.009222965183306302,-0.2742254449571523,0.2886751345948128,0.6339745962155615,0.0,-0.6071428571428571,-0.38403525124989385
-0.5,-0.8,-1.0,0.6,0.1625582944703531,0.1678688524590164,0.09635416666666667,0.14941203596956426,0.5642715886618326,0.49999999999999994,0.3660254037844388,0.0,-0.5714285714285714,-0.30844843657317167
-0.5,-0.6,-1.0,0.6,0.46102598267821454,0.1678688524590164,0.16927083333333334,0.2785335485358541,0.17930125247198417,0.5773502691896257,1.793007356604921e-16,0.0,-0.5357142857142857,-0.3026862130327936
-0.5,-0.4,0.0,0.6,0.3757495003331113,0.4616393442622951,0.16927083333333334,0.3523172700023057,-0.35332893869479237,0.5,-0.3660254037844383,0.0,-0.5,-0.25828319633929336
-0.5,-0.2,0.0,0.6,0.5169886742171885,0.3777049180327869,0.4609375,0.47498270694028116,0.007910349373764008,0.2886751345948128,-0.6339745962155612,1.0,-0.4642857142857143,-0.12744682654012357
-0.5,0.0,0.0,0.6,-0.10926049300466356,0.5167213114754098,0.3776041666666667,0.27761125201752357,-0.24785761371127224,0.0,-0.7320508075688771,0.0,-0.42857142857142855,-0.12270146597745919
-0.5,0.2,1.0,0.6,0.28780812791472354,-0.09967213114754099,0.515625,0.24717546691261233,-0.4377059986816084,-0.2886751345948128,-0.6339745962155612,0.0,-0.39285714285714285,-0.034573341242267616
-0.5,0.4,1.0,0.6,-0.3251165889407062,0.29114754098360657,-0.09635416666666667,-0.04427023287987089,-0.05009887936717205,-0.5,-0.36602540378443876,0.0,-0.35714285714285715,0.0
-0.5,0.6,1.0,0.6,-0.4343770819453698,-0.3121311475409836,0.2916666666666667,-0.15679040811620953,-0.5220830586684245,-0.577350269189626,0.0,0.0,-0.32142857142857145,-0.02915007202779387
-0.5,0.8,2.0,0.6,-0.6795469686875416,-0.419672131147541,-0.3072916666666667,-0.49158404427023317,-0.08701384311140409,-0.5000000000000001,0.3660254037844388,0.0,-0.2857142857142857,-0.028811117701889485
-0.5,1.0,2.0,0.6,-0.5729513657561626,-0.6609836065573771,-0.4140625,-0.577357620474983,0.23994726433750824,-0.2886751345948132,0.6339745962155612,0.0,-0.25,-0.07084145411405776
-0.5,1.2,2.0,0.6,-0.23451032644903397,-0.5560655737704918,-0.6536458333333334,-0.5081853816001848,0.3137771918259723,-2.1211504774498138e-16,0.7320508075688774,0.0,-0.21428571428571427,-0.11185492754851288
0.0,-1.0,-1.0,0.6,0.10659560293137908,-0.22295081967213115,-0.5494791666666666,-0.23610790869264503,0.3137771918259723,0.2886751345948128,0.6339745962155615,0.0,-0.17857142857142858,-0.11897296839250916
0.0,-0.8,-1.0,0.6,0.41305796135909395,0.11278688524590164,-0.21875,0.10514180308969337,0.6090969017798286,0.49999999999999994,0.3660254037844388,0.0,-0.14285714285714285,-0.08711126175747783
0.0,-0.6,-1.0,0.6,0.41305796135909395,0.41442622950819674,0.11458333333333333,0.32925985704403976,0.5247198417930126,0.5773502691896257,1.793007356604921e-16,0.0,-0.10714285714285714,-0.09321243962376034
0.0,-0.4,0.0,0.6,0.46102598267821454,0.41442622950819674,0.4140625,0.4519252939820152,0.6644693473961767,0.5,-0.3660254037844383,0.0,-0.07142857142857142,-0.08236590119481403
0.0,-0.2,0.0,0.6,0.46102598267821454,0.4616393442622951,0.4140625,0.4685266313119668,0.04482531311799604,0.2886751345948128,-0.6339745962155612,1.0,-0.03571428571428571,-0.0894839420388103
0.0,0.0,0.0,0.6,0.46102598267821454,0.4616393442622951,0.4609375,0.4851279686419184,0.4377059986816084,0.0,-0.7320508075688771,0.0,0.0,-0.01694771629522883
0.0,0.2,1.0,0.6,0.46102598267821454,0.4616393442622951,0.4609375,0.4851279686419184,-0.16875411997363216,-0.2886751345948128,-0.6339745962155612,0.0,0.03571428571428571,0.0050843148885687675
0.0,0.4,1.0,0.6,1.921385742838108,0.4616393442622951,0.4609375,0.9905464606871112,-0.27686222808174027,-0.5,-0.36602540378443876,0.0,0.07142857142857142,0.2908228116261335
0.0,0.6,1.0,0.6,1.5856095936042638,1.899016393442623,0.4609375,1.379755591422643,-0.5194462755438365,-0.577350269189626,0.0,0.0,0.10714285714285714,0.5477501906618087
0.0,0.8,2.0,0.6,1.156562291805463,1.5685245901639344,1.8880208333333333,1.620474982706941,-0.4139749505603164,-0.5000000000000001,0.3660254037844388,0.0,0.14285714285714285,0.7812897212100677
0.0,1.0,2.0,0.6,0.5489673550966022,1.1462295081967213,1.5598958333333333,1.1454922757666592,-0.07910349373764008,-0.2886751345948132,0.6339745962155612,0.0,0.17857142857142858,0.9239894924158976
0.0,1.2,2.0,0.6,-0.07994670219853431,0.5481967213114755,1.140625,0.5690569518100068,0.2584047462096243,-2.1211504774498138e-16,0.7320508075688774,0.0,0.21428571428571427,0.9436488433183632
0.5,-1.0,-1.0,0.6,-0.24250499666888742,-0.07081967213114754,0.546875,0.08485127968641894,0.5616348055372445,0.2886751345948128,0.6339745962155615,0.0,0.25,0.8992458266248631
0.5,-0.8,-1.0,0.6,0.10926049300466356,-0.23081967213114754,-0.06770833333333333,-0.06732764583813725,0.5616348055372445,0.49999999999999994,0.3660254037844388,0.0,0.2857142857142857,0.8606050334717404
0.5,-0.6,-1.0,0.6,-0.007994670219853431,0.11540983606557377,-0.2265625,-0.04242563984320987,0.6090969017798286,0.5773502691896257,1.793007356604921e-16,0.0,0.32142857142857145,0.8070502499788159
0.5,-0.4,0.0,0.6,0.285143237841439,0.0,0.1171875,0.14018907078625756,0.6090969017798286,0.5,-0.3660254037844383,1.0,0.35714285714285715,0.7846792644691133
0.5,-0.2,0.0,0.6,0.021319120586275817,0.28852459016393445,0.0026041666666666665,0.10975328568134632,0.6090969017798286,0.2886751345948128,-0.6339745962155612,0.0,0.39285714285714285,0.7287518006948569
0.5,0.0,0.0,0.6,-0.09860093271152565,0.028852459016393443,0.2890625,0.07839520405810457,0.6090969017798286,0.0,-0.7320508075688771,0.0,0.42857142857142855,0.6575713922548941
0.5,0.2,1.0,0.6,0.14390406395736177,-0.08918032786885247,0.03125,0.029513488586580323,2.054054054054054,-0.2886751345948128,-0.6339745962155612,0.0,0.4642857142857143,0.6172358274722484
0.5,0.4,1.0,0.6,0.5089940039973351,0.14950819672131146,-0.0859375,0.1982937514410881,1.7218193803559658,-0.5,-0.36602540378443876,0.0,0.5,0.437590034742819
0.5,0.6,1.0,0.6,0.037308461025982675,0.5088524590163934,0.15104166666666666,0.24533087387595093,1.2972972972972974,-0.577350269189626,0.0,0.0,0.5357142857142857,0.2406575713922552
0.5,0.8,2.0,0.6,0.2984676882078614,0.04459016393442623,0.5078125,0.2988240719391285,0.6961107448912327,-0.5000000000000001,0.3660254037844388,0.0,0.5714285714285714,0.13151427845097918
0.5,1.0,2.0,0.6,0.14656895403064624,0.3016393442622951,0.046875,0.1733917454461607,0.07382992748846408,-0.2886751345948132,0.6339745962155612,0.0,0.6071428571428571,0.08033217523938653
0.5,1.2,2.0,0.6,0.871419053964024,0.1521311475409836,0.3020833333333333,0.4620705556836524,-0.08701384311140409,-2.1211504774498138e-16,0.7320508075688774,0.0,0.6428571428571429,0.2013388695873232
1.0,-1.0,-1.0,0.6,1.6069287141905397,0.8655737704918033,0.15364583333333334,0.9149181461839981,0.26104152933421226,0.2886751345948128,0.6339745962155615,0.0,0.6785714285714286,0.43657317176510524
1.0,-0.8,-1.0,0.6,0.9966688874083944,1.5895081967213114,0.8619791666666666,1.2091307355314738,0.14502307185234015,0.49999999999999994,0.3660254037844388,0.0,0.7142857142857143,0.5494449622913319
1.0,-0.6,-1.0,0.6,0.5729513657561626,0.9888524590163934,1.5807291666666667,1.1058335254784413,0.43506921555702044,0.5773502691896257,1.793007356604921e-16,0.0,0.75,0.6233370053385309
1.0,-0.4,0.0,0.6,1.447035309793471,0.5718032786885245,0.984375,1.0504957343786028,0.17402768622280818,0.5,-0.3660254037844383,1.0,0.7857142857142857,0.7711210914329301
1.0,-0.2,0.0,0.6,0.38374417055296467,1.4321311475409837,0.5703125,0.838367535162555,0.055372445616348055,0.2886751345948128,-0.6339745962155612,0.0,0.8214285714285714,0.8172188797559534
1.0,0.0,0.0,0.6,0.5542971352431713,0.3855737704918033,1.4244791666666667,0.8319114595342402,0.2953197099538563,0.0,-0.7320508075688771,0.0,0.8571428571428571,0.9002626896025768
1.0,0.2,1.0,0.6,0.6528980679546968,0.5534426229508197,0.3854166666666667,0.5570670970717085,0.6565589980224127,-0.2886751345948128,-0.6339745962155612,0.0,0.8928571428571429,0.9650029658503521
1.0,0.4,1.0,0.6,0.5596269153897402,0.6504918032786885,0.5520833333333334,0.617938667281531,0.18984838497033618,-0.5,-0.36602540378443876,0.0,0.9285714285714286,0.9714430980425396
1.0,0.6,1.0,0.6,0.46635576282478347,0.5586885245901639,0.6484375,0.5875028821766198,0.44825313117996046,-0.577350269189626,0.0,0.0,0.9642857142857143,1.0260147445131773
1.0,0.8,2.0,0.6,0.15722851432378415,0.4668852459016393,0.5572916666666666,0.4159557297671201,0.2979564930784443,-0.5000000000000001,0.3660254037844388,0.0,1.0,1.0080501652402347
-1.0,-0.8,-1.0,0.8,-1.039307128580946,-1.0150819672131148,-0.796875,-0.9988471293520872,-0.9281476598549769,0.49999999999999994,0.3660254037844388,0.0,-1.0,-0.7945089399203459
-1.0,-0.6,-1.0,0.8,0.866089273817455,-1.0150819672131148,-1.0052083333333333,-0.4131888402121286,-1.086354647330257,0.5773502691896257,1.793007356604921e-16,0.0,-0.9642857142857143,-0.5453775103804762
-1.0,-0.4,0.0,0.8,-0.06662225183211193,0.860327868852459,-1.0052083333333333,-0.07655061102144355,-1.059986816084377,0.5,-0.3660254037844383,0.0,-0.9285714285714286,-0.3945428353529363
-1.0,-0.2,0.0,0.8,-0.9993337774816788,-0.057704918032786885,0.8567708333333334,-0.0627161632464839,-1.059986816084377,0.2886751345948128,-0.6339745962155612,1.0,-0.8928571428571429,-0.3657317176510463
-1.0,0.0,0.0,0.8,-0.9993337774816788,-0.9757377049180328,-0.0546875,-0.7083237260779345,0.4693473961766645,0.0,-0.7320508075688771,0.0,-0.8571428571428571,-0.3369205999491568
-1.0,0.2,1.0,0.8,-0.9993337774816788,-0.9757377049180328,-0.9661458333333334,-1.0311275074936597,0.6407382992748847,-0.2886751345948128,-0.6339745962155612,0.0,-0.8214285714285714,-0.5047029912719261
-1.0,0.4,1.0,0.8,-1.3724183877415057,-0.9757377049180328,-0.9661458333333334,-1.1602490200599496,1.075807514831905,-0.5,-0.36602540378443876,0.0,-0.7857142857142857,-0.7419710194051351
-1.0,0.6,1.0,0.8,-1.279147235176549,-1.3429508196721311,-0.9661458333333334,-1.2570901544846673,0.6802900461437047,-0.577350269189626,0.0,0.0,-0.75,-1.0233031099059404
-1.0,0.8,2.0,0.8,-1.492338441039307,-1.2511475409836066,-1.3307291666666667,-1.4277150103758363,-0.17666446934739619,-0.5000000000000001,0.3660254037844388,0.0,-0.7142857142857143,-1.2809083975934248
-1.0,1.0,2.0,0.8,-0.9327115256495669,-1.4609836065573771,-1.2395833333333333,-1.2755360848512802,-0.6644693473961767,-0.2886751345948132,0.6339745962155612,0.0,-0.6785714285714286,-1.3571731209219562
-1.0,1.2,2.0,0.8,-0.5329780146568954,-0.9101639344262296,-1.4479166666666667,-1.0172930597187,-0.8754119973632168,-2.1211504774498138e-16,0.7320508075688774,0.0,-0.6428571428571429,-1.3198881450724518
-0.5,-1.0,-1.0,0.8,-0.3331112591605596,-0.5167213114754098,-0.9010416666666666,-0.6160940742448701,-0.8754119973632168,0.2886751345948128,0.6339745962155615,0.0,-0.6071428571428571,-1.230065248707737
-0.5,-0.8,-1.0,0.8,-0.3331112591605596,-0.32,-0.5104166666666666,-0.4085773576204752,1.0098879367172051,0.49999999999999994,0.3660254037844388,0.0,-0.5714285714285714,-1.140242352343022
-0.5,-0.6,-1.0,0.8,0.19986675549633579,-0.32,-0.3151041666666667,-0.1549458150795481,0.08701384311140409,0.5773502691896257,1.793007356604921e-16,0.0,-0.5357142857142857,-1.2249809338191682
-0.5,-0.4,0.0,0.8,0.39973351099267157,0.20459016393442622,-0.3151041666666667,0.09868572746137859,-0.8358602504943968,0.5,-0.3660254037844383,0.0,-0.5,-1.165663926785866
-0.5,-0.2,0.0,0.8,0.19986675549633579,0.4013114754098361,0.20572916666666666,0.28314503112750744,-0.8358602504943968,0.2886751345948128,-0.6339745962155612,1.0,-0.4642857142857143,-1.013134480128803
-0.5,0.0,0.0,0.8,-0.5329780146568954,0.20459016393442622,0.4010416666666667,0.029513488586580323,-0.8358602504943968,0.0,-0.7320508075688771,0.0,-0.42857142857142855,-0.9538174730955005
-0.5,0.2,1.0,0.8,-0.5329780146568954,-0.5167213114754098,0.20572916666666666,-0.29329029282914465,-1.2050098879367173,-0.2886751345948128,-0.6339745962155612,0.0,-0.39285714285714285,-0.8945004660621984
-0.5,0.4,1.0,0.8,-1.2125249833444371,-0.5167213114754098,-0.5104166666666666,-0.7821074475443859,-1.1127224785761372,-0.5,-0.36602540378443876,0.0,-0.35714285714285715,-0.8741632065079233
-0.5,0.6,1.0,0.8,-1.0259826782145236,-1.1855737704918032,-0.5104166666666666,-0.9527323034355548,-1.3236651285431773,-0.577350269189626,0.0,0.0,-0.32142857142857145,-0.8419625455469876
-0.5,0.8,2.0,0.8,-1.385742838107928,-1.0019672131147541,-1.1744791666666667,-1.2478671893013609,-0.7699406723796968,-0.5000000000000001,0.3660254037844388,0.0,-0.2857142857142857,-0.8284043725108043
-0.5,1.0,2.0,0.8,-1.0926049300466356,-1.3560655737704919,-0.9921875,-1.206363845976482,-0.3744232036914964,-0.2886751345948132,0.6339745962155612,0.0,-0.25,-0.8487416320650795
-0.5,1.2,2.0,0.8,-0.47968021319120585,-1.0675409836065575,-1.34375,-1.0172930597187,-0.17666446934739619,-2.1211504774498138e-16,0.7320508075688774,0.0,-0.21428571428571427,-0.8419625455469876
0.0,-1.0,-1.0,0.8,-0.31978680879413723,-0.4642622950819672,-1.0572916666666667,-0.6483744523864425,-0.17666446934739619,0.2886751345948128,0.6339745962155615,0.0,-0.17857142857142858,-0.8402677739174648
0.0,-0.8,-1.0,0.8,0.0,-0.30688524590163935,-0.4583333333333333,-0.2702328798708787,0.35069215557020433,0.49999999999999994,0.3660254037844388,0.0,-0.14285714285714285,-0.7978984831793918
0.0,-0.6,-1.0,0.8,0.0,0.007868852459016393,-0.3020833333333333,-0.10421950657136285,0.5484508899143046,0.5773502691896257,1.793007356604921e-16,0.0,-0.10714285714285714,-0.8233200576222356
0.0,-0.4,0.0,0.8,-0.15989340439706862,0.007868852459016393,0.010416666666666666,-0.04888171547152424,0.35069215557020433,0.5,-0.3660254037844383,0.0,-0.07142857142857142,-0.8945004660621984
0.0,-0.2,0.0,0.8,-0.2664890073284477,-0.14950819672131146,0.010416666666666666,-0.14111136730458845,-0.3744232036914964,0.2886751345948128,-0.6339745962155612,1.0,-0.03571428571428571,-0.9538174730955005
0.0,0.0,0.0,0.8,-0.2664890073284477,-0.2544262295081967,-0.14583333333333334,-0.2333410191376531,-0.3744232036914964,0.0,-0.7320508075688771,0.0,0.0,-0.9199220405050422
0.0,0.2,1.0,0.8,-0.2664890073284477,-0.2544262295081967,-0.25,-0.2702328798708787,-1.046802900461437,-0.2886751345948128,-0.6339745962155612,0.0,0.03571428571428571,-0.8860266079145837
0.0,0.4,1.0,0.8,1.932045303131246,-0.2544262295081967,-0.25,0.49066174775190224,-0.8622280817402769,-0.5,-0.36602540378443876,0.0,0.07142857142857142,-0.48606050334717416
0.0,0.6,1.0,0.8,1.5989340439706863,1.9095081967213114,-0.25,1.1362693105833526,-1.2181938035596571,-0.577350269189626,0.0,0.0,0.10714285714285714,-0.15219049233115803
0.0,0.8,2.0,0.8,0.7328447701532311,1.5816393442622951,1.8984375,1.4821305049573443,-0.9281476598549769,-0.5000000000000001,0.3660254037844388,0.0,0.14285714285714285,0.11727819676298663
0.0,1.0,2.0,0.8,0.3331112591605596,0.7291803278688525,1.5729166666666667,0.9287525939589578,-0.3216875411997363,-0.2886751345948132,0.6339745962155612,0.0,0.17857142857142858,0.29861876112193914
0.0,1.2,2.0,0.8,-0.39973351099267157,0.3357377049180328,0.7265625,0.23703020521097512,-0.16348055372445616,-2.1211504774498138e-16,0.7320508075688774,0.0,0.21428571428571427,0.30878739089907664
0.5,-1.0,-1.0,0.8,-0.6662225183211192,-0.3855737704918033,0.3359375,-0.24717546691261275,0.15293342122610415,0.2886751345948128,0.6339745962155615,0.0,0.25,0.2647233285314809
0.5,-0.8,-1.0,0.8,-0.13324450366422386,-0.6478688524590164,-0.3802083333333333,-0.4085773576204752,0.15293342122610415,0.49999999999999994,0.3660254037844388,0.0,0.2857142857142857,0.24777561223625147
0.5,-0.6,-1.0,0.8,-0.19986675549633579,-0.12327868852459016,-0.640625,-0.33940511874567697,-0.005273566249176005,0.5773502691896257,1.793007356604921e-16,0.0,0.32142857142857145,0.22235403779340762
0.5,-0.4,0.0,0.8,0.06662225183211193,-0.18885245901639344,-0.11979166666666667,-0.08577357620474985,-0.11074489123269611,0.5,-0.3660254037844383,1.0,0.35714285714285715,0.2511651554952971
0.5,-0.2,0.0,0.8,-0.3331112591605596,0.07344262295081967,-0.18489583333333334,-0.1549458150795481,-0.11074489123269611,0.2886751345948128,-0.6339745962155612,0.0,0.39285714285714285,0.2426912973476827
0.5,0.0,0.0,0.8,-0.19986675549633579,-0.32,0.07552083333333333,-0.1549458150795481,-0.11074489123269611,0.0,-0.7320508075688771,0.0,0.42857142857142855,0.2511651554952971
0.5,0.2,1.0,0.8,-0.9060626249167222,-0.18885245901639344,-0.3151041666666667,-0.49158404427023317,2.064601186552406,-0.2886751345948128,-0.6339745962155612,0.0,0.4642857142857143,0.16981611727819684
0.5,0.4,1.0,0.8,-0.6262491672218521,-0.8839344262295082,-0.18489583333333334,-0.5930366612866038,1.7350032959789057,-0.5,-0.36602540378443876,0.0,0.5,-0.15558003559020428
0.5,0.6,1.0,0.8,-0.5596269153897402,-0.6085245901639345,-0.875,-0.7175466912612407,0.8780487804878049,-0.577350269189626,0.0,0.0,0.5357142857142857,-0.4301330395729177
0.5,0.8,2.0,0.8,0.09327115256495669,-0.5429508196721311,-0.6015625,-0.3716854968872496,0.48253131179960446,-0.5000000000000001,0.3660254037844388,0.0,0.5714285714285714,-0.511482077790018
0.5,1.0,2.0,0.8,-0.19986675549633579,0.09967213114754099,-0.5364583333333334,-0.2241180539543464,-0.24258404746209625,-0.2886751345948132,0.6339745962155612,0.0,0.6071428571428571,-0.5792729429709345
0.5,1.2,2.0,0.8,0.5996002664890073,-0.18885245901639344,0.1015625,0.17708093151948356,-0.5062623599208965,-2.1211504774498138e-16,0.7320508075688774,0.0,0.6428571428571429,-0.4521650707567153
1.0,-1.0,-1.0,0.8,1.1992005329780147,0.5980327868852459,-0.18489583333333334,0.5598339866267005,0.02109426499670402,0.2886751345948128,0.6339745962155615,0.0,0.6785714285714286,-0.21489704262350637
1.0,-0.8,-1.0,0.8,0.7328447701532311,1.1881967213114755,0.5963541666666666,0.8826377680424259,-0.04482531311799604,0.49999999999999994,0.3660254037844388,0.0,0.7142857142857143,-0.10473688670451661
1.0,-0.6,-1.0,0.8,0.5996002664890073,0.7291803278688525,1.1822916666666667,0.8826377680424259,0.2188529993408042,0.5773502691896257,1.793007356604921e-16,0.0,0.75,-0.0030505889331412604
1.0,-0.4,0.0,0.8,1.73217854763491,0.5980327868852459,0.7265625,1.0670970717085544,-0.17666446934739619,0.5,-0.3660254037844383,1.0,0.7857142857142857,0.20879586475722445
1.0,-0.2,0.0,0.8,-0.2664890073284477,1.7127868852459016,0.5963541666666666,0.721235877334563,-0.04482531311799604,0.2886751345948128,-0.6339745962155612,0.0,0.8214285714285714,0.21726972290483887
1.0,0.0,0.0,0.8,0.46635576282478347,-0.2544262295081967,1.703125,0.675121051418031,-0.7435728411338167,0.0,-0.7320508075688771,0.0,0.8571428571428571,0.3020083043809848
1.0,0.2,1.0,0.8,0.0,0.4668852459016393,-0.25,0.07562831450311264,-0.46671061305207645,-0.2886751345948128,-0.6339745962155612,0.0,0.8928571428571429,0.4172527751885439
1.0,0.4,1.0,0.8,-0.39973351099267157,0.007868852459016393,0.4661458333333333,0.029513488586580323,-0.4007910349373764,-0.5,-0.36602540378443876,0.0,0.9285714285714286,0.4460638928904334
1.0,0.6,1.0,0.8,-0.3331112591605596,-0.3855737704918033,0.010416666666666666,-0.24717546691261275,0.24522083058668426,-0.577350269189626,0.0,0.0,0.9642857142857143,0.4748750105923229
1.0,0.8,2.0,0.8,-0.7994670219853431,-0.32,-0.3802083333333333,-0.5238644224118056,-0.04482531311799604,-0.5000000000000001,0.3660254037844388,0.0,1.0,0.3613253114142875
