tahun,bulan,kuartal,wilayah_enc,harga_lag1,harga_lag2,harga_lag3,harga_rolling3,harga_lag12,sin_bulan,cos_bulan,is_lebaran_month,tren_index,harga_rolling12
-1.0,-0.8,-1.0,-1.0,0.17592592592592593,0.2127659574468085,0.3756906077348066,0.2695035460992912,0.9032258064516129,0.49999999999999994,0.3660254037844388,0.0,-1.0,0.5041916167664677
-1.0,-0.6,-1.0,-1.0,0.23148148148148148,0.2127659574468085,0.2430939226519337,0.24822695035461037,0.9032258064516129,0.5773502691896257,1.793007356604921e-16,0.0,-0.9642857142857143,0.4922155688622758
-1.0,-0.4,0.0,-1.0,0.3611111111111111,0.2765957446808511,0.2430939226519337,0.319148936170213,0.9032258064516129,0.5,-0.3660254037844383,0.0,-0.9285714285714286,0.4970059880239528
-1.0,-0.2,0.0,-1.0,1.8055555555555556,0.425531914893617,0.30939226519337015,0.9432624113475182,0.9032258064516129,0.2886751345948128,-0.6339745962155612,1.0,-0.8928571428571429,0.6886227544910192
-1.0,0.0,0.0,-1.0,1.8055555555555556,2.0851063829787235,0.46408839779005523,1.5460992907801434,0.9032258064516129,0.0,-0.7320508075688771,0.0,-0.8571428571428571,0.8802395209580844
-1.0,0.2,1.0,-1.0,1.8055555555555556,2.0851063829787235,2.1878453038674035,2.0992907801418457,0.8064516129032258,-0.2886751345948128,-0.6339745962155612,0.0,-0.8214285714285714,1.0718562874251498
-1.0,0.4,1.0,-1.0,1.0277777777777777,2.0851063829787235,2.1878453038674035,1.8014184397163138,0.8387096774193549,-0.5,-0.36602540378443876,0.0,-0.7857142857142857,1.1700598802395226
-1.0,0.6,1.0,-1.0,1.0277777777777777,1.1914893617021276,2.1878453038674035,1.5035460992907816,0.8387096774193549,-0.577350269189626,0.0,0.0,-0.75,1.265868263473054
-1.0,0.8,2.0,-1.0,1.1203703703703705,1.1914893617021276,1.2596685082872927,1.2411347517730504,0.9032258064516129,-0.5000000000000001,0.3660254037844388,0.0,-0.7142857142857143,1.3736526946107788
-1.0,1.0,2.0,-1.0,0.8796296296296297,1.297872340425532,1.2596685082872927,1.1843971631205685,0.8387096774193549,-0.2886751345948132,0.6339745962155612,0.0,-0.6785714285714286,1.4455089820359284
-1.0,1.2,2.0,-1.0,0.8796296296296297,1.0212765957446808,1.3701657458563536,1.1276595744680868,0.6451612903225806,-2.1211504774498138e-16,0.7320508075688774,0.0,-0.6428571428571429,1.5221556886227563
-0.5,-1.0,-1.0,-1.0,0.9351851851851852,1.0212765957446808,1.0828729281767955,1.0567375886524832,0.6451612903225806,0.2886751345948128,0.6339745962155615,0.0,-0.6071428571428571,1.6203592814371268
-0.5,-0.8,-1.0,-1.0,0.9351851851851852,1.0851063829787233,1.0828729281767955,1.0780141843971642,0.7419354838709677,0.49999999999999994,0.3660254037844388,0.0,-0.5714285714285714,1.7185628742514976
-0.5,-0.6,-1.0,-1.0,1.1203703703703705,1.0851063829787233,1.149171270718232,1.1702127659574484,0.967741935483871,0.5773502691896257,1.793007356604921e-16,0.0,-0.5357142857142857,1.833532934131737
-0.5,-0.4,0.0,-1.0,1.1203703703703705,1.297872340425532,1.149171270718232,1.2411347517730504,3.4838709677419355,0.5,-0.3660254037844383,0.0,-0.5,1.9317365269461098
-0.5,-0.2,0.0,-1.0,0.8425925925925926,1.297872340425532,1.3701657458563536,1.2056737588652495,3.4838709677419355,0.2886751345948128,-0.6339745962155612,1.0,-0.4642857142857143,1.8071856287425163
-0.5,0.0,0.0,-1.0,0.8425925925925926,0.9787234042553191,1.3701657458563536,1.099290780141845,3.4838709677419355,0.0,-0.7320508075688771,0.0,-0.42857142857142855,1.6826347305389227
-0.5,0.2,1.0,-1.0,0.8425925925925926,0.9787234042553191,1.0386740331491713,0.9929078014184407,2.129032258064516,-0.2886751345948128,-0.6339745962155612,0.0,-0.39285714285714285,1.5580838323353312
-0.5,0.4,1.0,-1.0,0.8425925925925926,0.9787234042553191,1.0386740331491713,0.9929078014184407,2.129032258064516,-0.5,-0.36602540378443876,0.0,-0.35714285714285715,1.5341317365269471
-0.5,0.6,1.0,-1.0,0.8425925925925926,0.9787234042553191,1.0386740331491713,0.9929078014184407,2.2903225806451615,-0.577350269189626,0.0,0.0,-0.32142857142857145,1.5101796407185633
-0.5,0.8,2.0,-1.0,0.8425925925925926,0.9787234042553191,1.0386740331491713,0.9929078014184407,1.8709677419354838,-0.5000000000000001,0.3660254037844388,0.0,-0.2857142857142857,1.4742514970059883
-0.5,1.0,2.0,-1.0,0.8425925925925926,0.9787234042553191,1.0386740331491713,0.9929078014184407,1.8709677419354838,-0.2886751345948132,0.6339745962155612,0.0,-0.25,1.4694610778443125
-0.5,1.2,2.0,-1.0,0.8425925925925926,0.9787234042553191,1.0386740331491713,0.9929078014184407,1.967741935483871,-2.1211504774498138e-16,0.7320508075688774,0.0,-0.21428571428571427,1.4646706586826364
0.0,-1.0,-1.0,-1.0,0.8425925925925926,0.9787234042553191,1.0386740331491713,0.9929078014184407,1.967741935483871,0.2886751345948128,0.6339745962155615,0.0,-0.17857142857142858,1.4526946107784435
0.0,-0.8,-1.0,-1.0,1.25,0.9787234042553191,1.0386740331491713,1.1489361702127676,2.2903225806451615,0.49999999999999994,0.3660254037844388,0.0,-0.14285714285714285,1.4934131736526963
0.0,-0.6,-1.0,-1.0,1.25,1.446808510638298,1.0386740331491713,1.304964539007093,2.2903225806451615,0.5773502691896257,1.793007356604921e-16,0.0,-0.10714285714285714,1.5101796407185633
0.0,-0.4,0.0,-1.0,1.25,1.446808510638298,1.5248618784530388,1.4609929078014199,1.8064516129032258,0.5,-0.3660254037844383,0.0,-0.07142857142857142,1.5269461077844322
0.0,-0.2,0.0,-1.0,0.6574074074074074,1.446808510638298,1.5248618784530388,1.2340425531914911,1.8064516129032258,0.2886751345948128,-0.6339745962155612,1.0,-0.03571428571428571,1.5029940119760483
0.0,0.0,0.0,-1.0,0.6574074074074074,0.7659574468085106,1.5248618784530388,1.0070921985815608,1.8064516129032258,0.0,-0.7320508075688771,0.0,0.0,1.4790419161676664
0.0,0.2,1.0,-1.0,0.6574074074074074,0.7659574468085106,0.8176795580110497,0.7801418439716321,1.8064516129032258,-0.2886751345948128,-0.6339745962155612,0.0,0.03571428571428571,1.4550898203592824
0.0,0.4,1.0,-1.0,0.4722222222222222,0.7659574468085106,0.8176795580110497,0.7092198581560286,1.8064516129032258,-0.5,-0.36602540378443876,0.0,0.07142857142857142,1.4071856287425166
0.0,0.6,1.0,-1.0,0.4722222222222222,0.5531914893617021,0.8176795580110497,0.6382978723404268,1.8064516129032258,-0.577350269189626,0.0,0.0,0.10714285714285714,1.3592814371257487
0.0,0.8,2.0,-1.0,0.32407407407407407,0.5531914893617021,0.5966850828729282,0.5106382978723416,1.8064516129032258,-0.5000000000000001,0.3660254037844388,0.0,0.14285714285714285,1.292215568862277
0.0,1.0,2.0,-1.0,0.4166666666666667,0.3829787234042553,0.5966850828729282,0.4893617021276607,1.8064516129032258,-0.2886751345948132,0.6339745962155612,0.0,0.17857142857142858,1.2371257485029943
0.0,1.2,2.0,-1.0,0.4166666666666667,0.48936170212765956,0.4198895027624309,0.46808510638297984,1.8064516129032258,-2.1211504774498138e-16,0.7320508075688774,0.0,0.21428571428571427,1.1820359281437134
0.5,-1.0,-1.0,-1.0,0.4166666666666667,0.48936170212765956,0.5303867403314917,0.5035460992907808,2.5161290322580645,0.2886751345948128,0.6339745962155615,0.0,0.25,1.1269461077844327
0.5,-0.8,-1.0,-1.0,0.4166666666666667,0.48936170212765956,0.5303867403314917,0.5035460992907808,2.5161290322580645,0.49999999999999994,0.3660254037844388,0.0,0.2857142857142857,1.019161676646708
0.5,-0.6,-1.0,-1.0,0.37962962962962965,0.48936170212765956,0.5303867403314917,0.4893617021276607,2.5161290322580645,0.5773502691896257,1.793007356604921e-16,0.0,0.32142857142857145,0.9065868263473054
0.5,-0.4,0.0,-1.0,0.3055555555555556,0.44680851063829785,0.5303867403314917,0.44680851063829824,1.4838709677419355,0.5,-0.3660254037844383,1.0,0.35714285714285715,0.7844311377245508
0.5,-0.2,0.0,-1.0,0.37962962962962965,0.3617021276595745,0.4861878453038674,0.43262411347517815,1.4838709677419355,0.2886751345948128,-0.6339745962155612,0.0,0.39285714285714285,0.7485029940119758
0.5,0.0,0.0,-1.0,0.37962962962962965,0.44680851063829785,0.39779005524861877,0.43262411347517815,1.4838709677419355,0.0,-0.7320508075688771,0.0,0.42857142857142855,0.712574850299401
0.5,0.2,1.0,-1.0,0.4722222222222222,0.44680851063829785,0.4861878453038674,0.49645390070921996,1.1612903225806452,-0.2886751345948128,-0.6339745962155612,0.0,0.4642857142857143,0.6886227544910192
0.5,0.4,1.0,-1.0,0.4722222222222222,0.5531914893617021,0.4861878453038674,0.5319148936170225,1.1612903225806452,-0.5,-0.36602540378443876,0.0,0.5,0.6886227544910192
0.5,0.6,1.0,-1.0,0.4722222222222222,0.5531914893617021,0.5966850828729282,0.5673758865248234,0.9032258064516129,-0.577350269189626,0.0,0.0,0.5357142857142857,0.6886227544910192
0.5,0.8,2.0,-1.0,0.4722222222222222,0.5531914893617021,0.5966850828729282,0.5673758865248234,1.064516129032258,-0.5000000000000001,0.3660254037844388,0.0,0.5714285714285714,0.707784431137725
0.5,1.0,2.0,-1.0,0.5648148148148148,0.5531914893617021,0.5966850828729282,0.6028368794326243,1.064516129032258,-0.2886751345948132,0.6339745962155612,0.0,0.6071428571428571,0.7269461077844309
0.5,1.2,2.0,-1.0,0.6574074074074074,0.6595744680851063,0.5966850828729282,0.6737588652482277,1.064516129032258,-2.1211504774498138e-16,0.7320508075688774,0.0,0.6428571428571429,0.7580838323353298
1.0,-1.0,-1.0,-1.0,1.1203703703703705,0.7659574468085106,0.7071823204419889,0.9219858156028373,1.064516129032258,0.2886751345948128,0.6339745962155615,0.0,0.6785714285714286,0.8491017964071855
1.0,-0.8,-1.0,-1.0,1.1203703703703705,1.297872340425532,0.8176795580110497,1.134751773049646,1.0,0.49999999999999994,0.3660254037844388,0.0,0.7142857142857143,0.9401197604790432
1.0,-0.6,-1.0,-1.0,1.25,1.297872340425532,1.3701657458563536,1.3617021276595762,0.8709677419354839,0.5773502691896257,1.793007356604921e-16,0.0,0.75,1.0526946107784438
1.0,-0.4,0.0,-1.0,1.3981481481481481,1.446808510638298,1.3701657458563536,1.4680851063829807,1.0,0.5,-0.3660254037844383,1.0,0.7857142857142857,1.1940119760479044
1.0,-0.2,0.0,-1.0,1.3425925925925926,1.6170212765957446,1.5248618784530388,1.553191489361704,1.0,0.2886751345948128,-0.6339745962155612,0.0,0.8214285714285714,1.3185628742514979
1.0,0.0,0.0,-1.0,1.8055555555555556,1.553191489361702,1.701657458563536,1.7659574468085129,1.1612903225806452,0.0,-0.7320508075688771,0.0,0.8571428571428571,1.5029940119760483
1.0,0.2,1.0,-1.0,1.712962962962963,2.0851063829787235,1.6353591160220995,1.886524822695037,1.1612903225806452,-0.2886751345948128,-0.6339745962155612,0.0,0.8928571428571429,1.6634730538922167
1.0,0.4,1.0,-1.0,1.712962962962963,1.9787234042553192,2.1878453038674035,2.0283687943262425,1.1612903225806452,-0.5,-0.36602540378443876,0.0,0.9285714285714286,1.8239520958083852
1.0,0.6,1.0,-1.0,1.712962962962963,1.9787234042553192,2.0773480662983426,1.9929078014184416,1.1612903225806452,-0.577350269189626,0.0,0.0,0.9642857142857143,1.9844311377245516
1.0,0.8,2.0,-1.0,1.8055555555555556,1.9787234042553192,2.0773480662983426,2.0283687943262425,1.3225806451612903,-0.5000000000000001,0.3660254037844388,0.0,1.0,2.156886227544911
-1.0,-0.8,-1.0,-0.8,-0.5092592592592593,-0.574468085106383,-0.574585635359116,-0.5602836879432626,-0.5483870967741935,0.49999999999999994,0.3660254037844388,0.0,-1.0,-0.6335329341317373
-1.0,-0.6,-1.0,-0.8,-0.32407407407407407,-0.574468085106383,-0.574585635359116,-0.48936170212765995,-0.3870967741935484,0.5773502691896257,1.793007356604921e-16,0.0,-0.9642857142857143,-0.6095808383233534
-1.0,-0.4,0.0,-0.8,-0.23148148148148148,-0.3617021276595745,-0.574585635359116,-0.3829787234042556,-0.3870967741935484,0.5,-0.3660254037844383,0.0,-0.9285714285714286,-0.5856287425149704
-1.0,-0.2,0.0,-0.8,0.28703703703703703,-0.2553191489361702,-0.35359116022099446,-0.07801418439716266,-0.3870967741935484,0.2886751345948128,-0.6339745962155612,1.0,-0.8928571428571429,-0.49461077844311374
-1.0,0.0,0.0,-0.8,0.28703703703703703,0.3404255319148936,-0.2430939226519337,0.15602836879432688,-0.3870967741935484,0.0,-0.7320508075688771,0.0,-0.8571428571428571,-0.4035928143712581
-1.0,0.2,1.0,-0.8,0.28703703703703703,0.3404255319148936,0.3756906077348066,0.3546099290780147,-0.3870967741935484,-0.2886751345948128,-0.6339745962155612,0.0,-0.8214285714285714,-0.3125748502994014
-1.0,0.4,1.0,-0.8,-0.23148148148148148,0.3404255319148936,0.3756906077348066,0.15602836879432688,-0.3870967741935484,-0.5,-0.36602540378443876,0.0,-0.7857142857142857,-0.28862275449101854
-1.0,0.6,1.0,-0.8,-0.4166666666666667,-0.2553191489361702,0.3756906077348066,-0.11347517730496437,-0.3870967741935484,-0.577350269189626,0.0,0.0,-0.75,-0.28862275449101854
-1.0,0.8,2.0,-0.8,-0.4166666666666667,-0.46808510638297873,-0.2430939226519337,-0.3829787234042556,-0.3870967741935484,-0.5000000000000001,0.3660254037844388,0.0,-0.7142857142857143,-0.28862275449101854
-1.0,1.0,2.0,-0.8,-0.5092592592592593,-0.46808510638297873,-0.46408839779005523,-0.48936170212765995,-0.5483870967741935,-0.2886751345948132,0.6339745962155612,0.0,-0.6785714285714286,-0.3005988023952094
-1.0,1.2,2.0,-0.8,-0.5092592592592593,-0.574468085106383,-0.46408839779005523,-0.5248226950354609,-0.5483870967741935,-2.1211504774498138e-16,0.7320508075688774,0.0,-0.6428571428571429,-0.3005988023952094
-0.5,-1.0,-1.0,-0.8,-0.6018518518518519,-0.574468085106383,-0.574585635359116,-0.5957446808510642,-0.5483870967741935,0.2886751345948128,0.6339745962155615,0.0,-0.6071428571428571,-0.3125748502994014
-0.5,-0.8,-1.0,-0.8,-0.6018518518518519,-0.6808510638297872,-0.574585635359116,-0.6312056737588653,-0.22580645161290322,0.49999999999999994,0.3660254037844388,0.0,-0.5714285714285714,-0.3245508982035934
-0.5,-0.6,-1.0,-0.8,-0.6018518518518519,-0.6808510638297872,-0.6850828729281768,-0.666666666666667,-0.06451612903225806,0.5773502691896257,1.793007356604921e-16,0.0,-0.5357142857142857,-0.36047904191616825
-0.5,-0.4,0.0,-0.8,-0.6018518518518519,-0.6808510638297872,-0.6850828729281768,-0.666666666666667,0.8387096774193549,0.5,-0.3660254037844383,0.0,-0.5,-0.40838323353293404
-0.5,-0.2,0.0,-0.8,-0.6018518518518519,-0.6808510638297872,-0.6850828729281768,-0.666666666666667,0.8387096774193549,0.2886751345948128,-0.6339745962155612,1.0,-0.4642857142857143,-0.5233532934131737
-0.5,0.0,0.0,-0.8,-0.6018518518518519,-0.6808510638297872,-0.6850828729281768,-0.666666666666667,0.8387096774193549,0.0,-0.7320508075688771,0.0,-0.42857142857142855,-0.6383233532934133
-0.5,0.2,1.0,-0.8,-0.6018518518518519,-0.6808510638297872,-0.6850828729281768,-0.666666666666667,-0.06451612903225806,-0.2886751345948128,-0.6339745962155612,0.0,-0.39285714285714285,-0.7532934131736528
-0.5,0.4,1.0,-0.8,-0.6018518518518519,-0.6808510638297872,-0.6850828729281768,-0.666666666666667,-0.3870967741935484,-0.5,-0.36602540378443876,0.0,-0.35714285714285715,-0.8011976047904197
-0.5,0.6,1.0,-0.8,-0.6018518518518519,-0.6808510638297872,-0.6850828729281768,-0.666666666666667,-0.3870967741935484,-0.577350269189626,0.0,0.0,-0.32142857142857145,-0.8251497005988027
-0.5,0.8,2.0,-0.8,-0.6018518518518519,-0.6808510638297872,-0.6850828729281768,-0.666666666666667,-0.5483870967741935,-0.5000000000000001,0.3660254037844388,0.0,-0.2857142857142857,-0.8491017964071865
-0.5,1.0,2.0,-0.8,-0.6018518518518519,-0.6808510638297872,-0.6850828729281768,-0.666666666666667,-0.5483870967741935,-0.2886751345948132,0.6339745962155612,0.0,-0.25,-0.8610778443113775
-0.5,1.2,2.0,-0.8,-0.6388888888888888,-0.6808510638297872,-0.6850828729281768,-0.6808510638297878,-0.7096774193548387,-2.1211504774498138e-16,0.7320508075688774,0.0,-0.21428571428571427,-0.8778443113772465
0.0,-1.0,-1.0,-0.8,-0.6388888888888888,-0.723404255319149,-0.6850828729281768,-0.6950354609929078,-0.7096774193548387,0.2886751345948128,0.6339745962155615,0.0,-0.17857142857142858,-0.8826347305389224
0.0,-0.8,-1.0,-0.8,-0.6388888888888888,-0.723404255319149,-0.7292817679558011,-0.7092198581560286,-0.7096774193548387,0.49999999999999994,0.3660254037844388,0.0,-0.14285714285714285,-0.8874251497005994
0.0,-0.6,-1.0,-0.8,-0.6388888888888888,-0.723404255319149,-0.7292817679558011,-0.7092198581560286,-0.7096774193548387,0.5773502691896257,1.793007356604921e-16,0.0,-0.10714285714285714,-0.8922155688622764
0.0,-0.4,0.0,-0.8,-0.5462962962962963,-0.723404255319149,-0.7292817679558011,-0.6737588652482269,-0.7096774193548387,0.5,-0.3660254037844383,0.0,-0.07142857142857142,-0.8850299401197614
0.0,-0.2,0.0,-0.8,-0.4537037037037037,-0.6170212765957447,-0.7292817679558011,-0.6028368794326243,-0.7096774193548387,0.2886751345948128,-0.6339745962155612,1.0,-0.03571428571428571,-0.8658682634730545
0.0,0.0,0.0,-0.8,-0.4537037037037037,-0.5106382978723404,-0.6187845303867403,-0.5319148936170217,-0.7096774193548387,0.0,-0.7320508075688771,0.0,0.0,-0.8467065868263476
0.0,0.2,1.0,-0.8,-0.4537037037037037,-0.5106382978723404,-0.5082872928176796,-0.49645390070921996,-0.7096774193548387,-0.2886751345948128,-0.6339745962155612,0.0,0.03571428571428571,-0.8275449101796416
0.0,0.4,1.0,-0.8,-0.3425925925925926,-0.5106382978723404,-0.5082872928176796,-0.45390070921985826,-0.7096774193548387,-0.5,-0.36602540378443876,0.0,0.07142857142857142,-0.7940119760479047
0.0,0.6,1.0,-0.8,-0.3425925925925926,-0.3829787234042553,-0.5082872928176796,-0.4113475177304965,-0.7096774193548387,-0.577350269189626,0.0,0.0,0.10714285714285714,-0.7604790419161679
0.0,0.8,2.0,-0.8,-0.3425925925925926,-0.3829787234042553,-0.3756906077348066,-0.3687943262411348,-0.7096774193548387,-0.5000000000000001,0.3660254037844388,0.0,0.14285714285714285,-0.726946107784432
0.0,1.0,2.0,-0.8,-0.3425925925925926,-0.3829787234042553,-0.3756906077348066,-0.3687943262411348,-0.7741935483870968,-0.2886751345948132,0.6339745962155612,0.0,0.17857142857142858,-0.6934131736526951
0.0,1.2,2.0,-0.8,-0.3055555555555556,-0.3829787234042553,-0.3756906077348066,-0.3546099290780139,-0.7741935483870968,-2.1211504774498138e-16,0.7320508075688774,0.0,0.21428571428571427,-0.6502994011976052
0.5,-1.0,-1.0,-0.8,-0.28703703703703703,-0.3404255319148936,-0.3756906077348066,-0.3333333333333331,-0.7741935483870968,0.2886751345948128,0.6339745962155615,0.0,0.25,-0.6047904191616774
0.5,-0.8,-1.0,-0.8,-0.5092592592592593,-0.3191489361702128,-0.3314917127071823,-0.3971631205673757,-0.7741935483870968,0.49999999999999994,0.3660254037844388,0.0,0.2857142857142857,-0.5880239520958085
0.5,-0.6,-1.0,-0.8,-0.32407407407407407,-0.574468085106383,-0.30939226519337015,-0.4042553191489365,-0.6129032258064516,0.5773502691896257,1.793007356604921e-16,0.0,0.32142857142857145,-0.5473053892215576
0.5,-0.4,0.0,-0.8,-0.1388888888888889,-0.3617021276595745,-0.574585635359116,-0.3475177304964539,-0.45161290322580644,0.5,-0.3660254037844383,1.0,0.35714285714285715,-0.49461077844311374
0.5,-0.2,0.0,-0.8,-0.1388888888888889,-0.14893617021276595,-0.35359116022099446,-0.20567375886524786,-0.45161290322580644,0.2886751345948128,-0.6339745962155612,0.0,0.39285714285714285,-0.45389221556886294
0.5,0.0,0.0,-0.8,-0.1388888888888889,-0.14893617021276595,-0.13259668508287292,-0.13475177304964522,-0.45161290322580644,0.0,-0.7320508075688771,0.0,0.42857142857142855,-0.4131736526946111
0.5,0.2,1.0,-0.8,-0.1388888888888889,-0.14893617021276595,-0.13259668508287292,-0.13475177304964522,-0.25806451612903225,-0.2886751345948128,-0.6339745962155612,0.0,0.4642857142857143,-0.3724550898203592
0.5,0.4,1.0,-0.8,-0.046296296296296294,-0.14893617021276595,-0.13259668508287292,-0.09929078014184353,-0.25806451612903225,-0.5,-0.36602540378443876,0.0,0.5,-0.33413173652694633
0.5,0.6,1.0,-0.8,0.009259259259259259,-0.0425531914893617,-0.13259668508287292,-0.042553191489361736,-0.25806451612903225,-0.577350269189626,0.0,0.0,0.5357142857142857,-0.28862275449101854
0.5,0.8,2.0,-0.8,0.009259259259259259,0.02127659574468085,-0.022099447513812154,0.014184397163120836,-0.25806451612903225,-0.5000000000000001,0.3660254037844388,0.0,0.5714285714285714,-0.24311377245508964
0.5,1.0,2.0,-0.8,0.009259259259259259,0.02127659574468085,0.04419889502762431,0.035460992907801706,-0.1935483870967742,-0.2886751345948132,0.6339745962155612,0.0,0.6071428571428571,-0.19760479041916182
0.5,1.2,2.0,-0.8,0.32407407407407407,0.02127659574468085,0.04419889502762431,0.15602836879432688,-0.16129032258064516,-2.1211504774498138e-16,0.7320508075688774,0.0,0.6428571428571429,-0.11616766467065912
1.0,-1.0,-1.0,-0.8,0.9722222222222222,0.3829787234042553,0.04419889502762431,0.5248226950354616,-0.5483870967741935,0.2886751345948128,0.6339745962155615,0.0,0.6785714285714286,0.04670658682634734
1.0,-0.8,-1.0,-0.8,0.9722222222222222,1.127659574468085,0.4198895027624309,0.8936170212765973,-0.22580645161290322,0.49999999999999994,0.3660254037844388,0.0,0.7142857142857143,0.2383233532934137
1.0,-0.6,-1.0,-0.8,1.1574074074074074,1.127659574468085,1.1933701657458564,1.2127659574468101,0.0967741935483871,0.5773502691896257,1.793007356604921e-16,0.0,0.75,0.42994011976047897
1.0,-0.4,0.0,-0.8,1.1574074074074074,1.3404255319148937,1.1933701657458564,1.283687943262412,0.0967741935483871,0.5,-0.3660254037844383,1.0,0.7857142857142857,0.5976047904191625
1.0,-0.2,0.0,-0.8,1.1574074074074074,1.3404255319148937,1.4143646408839778,1.3546099290780156,0.0967741935483871,0.2886751345948128,-0.6339745962155612,0.0,0.8214285714285714,0.7652694610778449
1.0,0.0,0.0,-0.8,1.3425925925925926,1.3404255319148937,1.4143646408839778,1.425531914893619,0.0967741935483871,0.0,-0.7320508075688771,0.0,0.8571428571428571,0.9568862275449102
1.0,0.2,1.0,-0.8,1.3425925925925926,1.553191489361702,1.4143646408839778,1.4964539007092208,0.25806451612903225,-0.2886751345948128,-0.6339745962155612,0.0,0.8928571428571429,1.1485029940119775
1.0,0.4,1.0,-0.8,1.3425925925925926,1.553191489361702,1.6353591160220995,1.5673758865248242,0.3548387096774194,-0.5,-0.36602540378443876,0.0,0.9285714285714286,1.3281437125748519
1.0,0.6,1.0,-0.8,1.5833333333333333,1.553191489361702,1.6353591160220995,1.6595744680851083,0.3548387096774194,-0.577350269189626,0.0,0.0,0.9642857142857143,1.531736526946108
1.0,0.8,2.0,-0.8,1.5833333333333333,1.8297872340425532,1.6353591160220995,1.7517730496453912,0.3548387096774194,-0.5000000000000001,0.3660254037844388,0.0,1.0,1.7353293413173665
-1.0,-0.8,-1.0,-0.6,-0.28703703703703703,-0.3191489361702128,-0.2430939226519337,-0.2836879432624113,-0.5483870967741935,0.49999999999999994,0.3660254037844388,0.0,-1.0,-0.432335329341318
-1.0,-0.6,-1.0,-0.6,-0.10185185185185185,-0.3191489361702128,-0.30939226519337015,-0.23404255319148953,-0.5483870967741935,0.5773502691896257,1.793007356604921e-16,0.0,-0.9642857142857143,-0.3796407185628742
-1.0,-0.4,0.0,-0.6,0.009259259259259259,-0.10638297872340426,-0.30939226519337015,-0.1205673758865244,-0.5483870967741935,0.5,-0.3660254037844383,0.0,-0.9285714285714286,-0.3125748502994014
-1.0,-0.2,0.0,-0.6,1.25,0.02127659574468085,-0.08839779005524862,0.46808510638297984,-0.5483870967741935,0.2886751345948128,-0.6339745962155612,1.0,-0.8928571428571429,-0.08502994011976019
-1.0,0.0,0.0,-0.6,1.25,1.446808510638298,0.04419889502762431,0.98581560283688,0.0967741935483871,0.0,-0.7320508075688771,0.0,-0.8571428571428571,0.14251497005987998
-1.0,0.2,1.0,-0.6,1.25,1.446808510638298,1.5248618784530388,1.4609929078014199,0.0967741935483871,-0.2886751345948128,-0.6339745962155612,0.0,-0.8214285714285714,0.32215568862275434
-1.0,0.4,1.0,-0.6,0.8425925925925926,1.446808510638298,1.5248618784530388,1.304964539007093,-0.06451612903225806,-0.5,-0.36602540378443876,0.0,-0.7857142857142857,0.44910179640718595
-1.0,0.6,1.0,-0.6,0.17592592592592593,0.9787234042553191,1.5248618784530388,0.8936170212765973,-0.06451612903225806,-0.577350269189626,0.0,0.0,-0.75,0.5017964071856288
-1.0,0.8,2.0,-0.6,0.17592592592592593,0.2127659574468085,1.0386740331491713,0.48226950354609993,-0.06451612903225806,-0.5000000000000001,0.3660254037844388,0.0,-0.7142857142857143,0.5544910179640726
-1.0,1.0,2.0,-0.6,-0.009259259259259259,0.2127659574468085,0.2430939226519337,0.15602836879432688,-0.06451612903225806,-0.2886751345948132,0.6339745962155612,0.0,-0.6785714285714286,0.5832335329341325
-1.0,1.2,2.0,-0.6,0.046296296296296294,0.0,0.2430939226519337,0.10638297872340434,-0.16129032258064516,-2.1211504774498138e-16,0.7320508075688774,0.0,-0.6428571428571429,0.6191616766467074
-0.5,-1.0,-1.0,-0.6,0.046296296296296294,0.06382978723404255,0.022099447513812154,0.05673758865248257,-0.16129032258064516,0.2886751345948128,0.6339745962155615,0.0,-0.6071428571428571,0.6622754491017961
-0.5,-0.8,-1.0,-0.6,0.046296296296296294,0.06382978723404255,0.08839779005524862,0.07801418439716344,0.16129032258064516,0.49999999999999994,0.3660254037844388,0.0,-0.5714285714285714,0.705389221556886
-0.5,-0.6,-1.0,-0.6,-0.08333333333333333,0.06382978723404255,0.08839779005524862,0.028368794326241672,0.3548387096774194,0.5773502691896257,1.793007356604921e-16,0.0,-0.5357142857142857,0.707784431137725
-0.5,-0.4,0.0,-0.6,-0.08333333333333333,-0.0851063829787234,0.08839779005524862,-0.021276595744680868,2.5161290322580645,0.5,-0.3660254037844383,0.0,-0.5,0.6958083832335341
-0.5,-0.2,0.0,-0.6,-0.1388888888888889,-0.0851063829787234,-0.06629834254143646,-0.0921985815602835,2.5161290322580645,0.2886751345948128,-0.6339745962155612,1.0,-0.4642857142857143,0.5161676646706587
-0.5,0.0,0.0,-0.6,-0.19444444444444445,-0.14893617021276595,-0.06629834254143646,-0.13475177304964522,2.5161290322580645,0.0,-0.7320508075688771,0.0,-0.42857142857142855,0.32934131736526934
-0.5,0.2,1.0,-0.6,-0.19444444444444445,-0.2127659574468085,-0.13259668508287292,-0.17730496453900696,1.8064516129032258,-0.2886751345948128,-0.6339745962155612,0.0,-0.39285714285714285,0.14251497005987998
-0.5,0.4,1.0,-0.6,-0.19444444444444445,-0.2127659574468085,-0.19889502762430938,-0.19858156028368784,0.6451612903225806,-0.5,-0.36602540378443876,0.0,-0.35714285714285715,0.008383233532934487
-0.5,0.6,1.0,-0.6,-0.1388888888888889,-0.2127659574468085,-0.19889502762430938,-0.17730496453900696,0.6451612903225806,-0.577350269189626,0.0,0.0,-0.32142857142857145,-0.03233532934131739
-0.5,0.8,2.0,-0.6,-0.1388888888888889,-0.14893617021276595,-0.19889502762430938,-0.1560283687943261,0.3225806451612903,-0.5000000000000001,0.3660254037844388,0.0,-0.2857142857142857,-0.07305389221556927
-0.5,1.0,2.0,-0.6,-0.1388888888888889,-0.14893617021276595,-0.13259668508287292,-0.13475177304964522,0.41935483870967744,-0.2886751345948132,0.6339745962155612,0.0,-0.25,-0.08982035928143718
-0.5,1.2,2.0,-0.6,-0.19444444444444445,-0.14893617021276595,-0.13259668508287292,-0.1560283687943261,0.41935483870967744,-2.1211504774498138e-16,0.7320508075688774,0.0,-0.21428571428571427,-0.12095808383233507
0.0,-1.0,-1.0,-0.6,-0.26851851851851855,-0.2127659574468085,-0.13259668508287292,-0.20567375886524786,0.41935483870967744,0.2886751345948128,0.6339745962155615,0.0,-0.17857142857142858,-0.16167664670658694
0.0,-0.8,-1.0,-0.6,-0.26851851851851855,-0.2978723404255319,-0.19889502762430938,-0.2553191489361704,0.1935483870967742,0.49999999999999994,0.3660254037844388,0.0,-0.14285714285714285,-0.20239520958083881
0.0,-0.6,-1.0,-0.6,-0.26851851851851855,-0.2978723404255319,-0.287292817679558,-0.2836879432624113,0.1935483870967742,0.5773502691896257,1.793007356604921e-16,0.0,-0.10714285714285714,-0.2263473053892217
0.0,-0.4,0.0,-0.6,-0.1388888888888889,-0.2978723404255319,-0.287292817679558,-0.23404255319148953,0.0967741935483871,0.5,-0.3660254037844383,0.0,-0.07142857142857142,-0.2335329341317367
0.0,-0.2,0.0,-0.6,-0.08333333333333333,-0.14893617021276595,-0.287292817679558,-0.16312056737588612,0.0,0.2886751345948128,-0.6339745962155612,1.0,-0.03571428571428571,-0.2263473053892217
0.0,0.0,0.0,-0.6,-0.08333333333333333,-0.0851063829787234,-0.13259668508287292,-0.0921985815602835,0.0,0.0,-0.7320508075688771,0.0,0.0,-0.21197604790419178
0.0,0.2,1.0,-0.6,-0.08333333333333333,-0.0851063829787234,-0.06629834254143646,-0.07092198581560263,0.0,-0.2886751345948128,-0.6339745962155612,0.0,0.03571428571428571,-0.19760479041916182
0.0,0.4,1.0,-0.6,0.10185185185185185,-0.0851063829787234,-0.06629834254143646,0.0,0.0967741935483871,-0.5,-0.36602540378443876,0.0,0.07142857142857142,-0.15928143712574896
0.0,0.6,1.0,-0.6,-0.08333333333333333,0.1276595744680851,-0.06629834254143646,0.0,0.0967741935483871,-0.577350269189626,0.0,0.0,0.10714285714285714,-0.152095808383234
0.0,0.8,2.0,-0.6,-0.08333333333333333,-0.0851063829787234,0.15469613259668508,0.0,0.0967741935483871,-0.5000000000000001,0.3660254037844388,0.0,0.14285714285714285,-0.144910179640719
0.0,1.0,2.0,-0.6,-0.08333333333333333,-0.0851063829787234,-0.06629834254143646,-0.07092198581560263,0.0,-0.2886751345948132,0.6339745962155612,0.0,0.17857142857142858,-0.13772455089820404
0.0,1.2,2.0,-0.6,-0.08333333333333333,-0.0851063829787234,-0.06629834254143646,-0.07092198581560263,-0.12903225806451613,-2.1211504774498138e-16,0.7320508075688774,0.0,0.21428571428571427,-0.12335329341317408
0.5,-1.0,-1.0,-0.6,-0.08333333333333333,-0.0851063829787234,-0.06629834254143646,-0.07092198581560263,-0.12903225806451613,0.2886751345948128,0.6339745962155615,0.0,0.25,-0.09940119760479015
0.5,-0.8,-1.0,-0.6,-0.08333333333333333,-0.0851063829787234,-0.06629834254143646,-0.07092198581560263,-0.12903225806451613,0.49999999999999994,0.3660254037844388,0.0,0.2857142857142857,-0.07544910179640724
0.5,-0.6,-1.0,-0.6,-0.08333333333333333,-0.0851063829787234,-0.06629834254143646,-0.07092198581560263,0.0967741935483871,0.5773502691896257,1.793007356604921e-16,0.0,0.32142857142857145,-0.051497005988024334
0.5,-0.4,0.0,-0.6,-0.08333333333333333,-0.0851063829787234,-0.06629834254143646,-0.07092198581560263,0.1935483870967742,0.5,-0.3660254037844383,1.0,0.35714285714285715,-0.04431137724550936
0.5,-0.2,0.0,-0.6,-0.08333333333333333,-0.0851063829787234,-0.06629834254143646,-0.07092198581560263,0.1935483870967742,0.2886751345948128,-0.6339745962155612,0.0,0.39285714285714285,-0.04431137724550936
0.5,0.0,0.0,-0.6,-0.08333333333333333,-0.0851063829787234,-0.06629834254143646,-0.07092198581560263,0.1935483870967742,0.0,-0.7320508075688771,0.0,0.42857142857142855,-0.04431137724550936
0.5,0.2,1.0,-0.6,-0.009259259259259259,-0.0851063829787234,-0.06629834254143646,-0.042553191489361736,0.5161290322580645,-0.2886751345948128,-0.6339745962155612,0.0,0.4642857142857143,-0.034730538922155364
0.5,0.4,1.0,-0.6,-0.009259259259259259,0.0,-0.06629834254143646,-0.014184397163120062,0.1935483870967742,-0.5,-0.36602540378443876,0.0,0.5,-0.049101796407185316
0.5,0.6,1.0,-0.6,0.046296296296296294,0.0,0.022099447513812154,0.035460992907801706,0.1935483870967742,-0.577350269189626,0.0,0.0,0.5357142857142857,-0.03233532934131739
0.5,0.8,2.0,-0.6,0.17592592592592593,0.06382978723404255,0.022099447513812154,0.10638297872340434,0.1935483870967742,-0.5000000000000001,0.3660254037844388,0.0,0.5714285714285714,0.001197604790419511
0.5,1.0,2.0,-0.6,0.17592592592592593,0.2127659574468085,0.08839779005524862,0.17730496453900774,0.1935483870967742,-0.2886751345948132,0.6339745962155612,0.0,0.6071428571428571,0.034730538922155364
0.5,1.2,2.0,-0.6,0.5462962962962963,0.2127659574468085,0.2430939226519337,0.36879432624113556,0.1935483870967742,-2.1211504774498138e-16,0.7320508075688774,0.0,0.6428571428571429,0.11616766467065912
1.0,-1.0,-1.0,-0.6,0.9166666666666666,0.6382978723404256,0.2430939226519337,0.6524822695035468,0.1935483870967742,0.2886751345948128,0.6339745962155615,0.0,0.6785714285714286,0.24550898203592866
1.0,-0.8,-1.0,-0.6,0.9166666666666666,1.0638297872340425,0.6850828729281768,0.9361702127659589,0.1935483870967742,0.49999999999999994,0.3660254037844388,0.0,0.7142857142857143,0.37485029940119824
1.0,-0.6,-1.0,-0.6,1.0462962962962963,1.0638297872340425,1.12707182320442,1.1276595744680868,0.1935483870967742,0.5773502691896257,1.793007356604921e-16,0.0,0.75,0.5209580838323357
1.0,-0.4,0.0,-0.6,1.0462962962962963,1.2127659574468086,1.12707182320442,1.1773049645390077,0.1935483870967742,0.5,-0.3660254037844383,1.0,0.7857142857142857,0.6670658682634742
1.0,-0.2,0.0,-0.6,1.1018518518518519,1.2127659574468086,1.281767955801105,1.248226950354611,0.1935483870967742,0.2886751345948128,-0.6339745962155612,0.0,0.8214285714285714,0.8203592814371257
1.0,0.0,0.0,-0.6,1.4722222222222223,1.2765957446808511,1.281767955801105,1.4113475177304973,0.3225806451612903,0.0,-0.7320508075688771,0.0,0.8571428571428571,1.021556886227545
1.0,0.2,1.0,-0.6,1.6018518518518519,1.702127659574468,1.3480662983425415,1.6241134751773059,0.3225806451612903,-0.2886751345948128,-0.6339745962155612,0.0,0.8928571428571429,1.2299401197604791
1.0,0.4,1.0,-0.6,1.6018518518518519,1.851063829787234,1.7900552486187846,1.8156028368794337,0.41935483870967744,-0.5,-0.36602540378443876,0.0,0.9285714285714286,1.4383233532934134
1.0,0.6,1.0,-0.6,1.6759259259259258,1.851063829787234,1.9447513812154695,1.893617021276598,0.6451612903225806,-0.577350269189626,0.0,0.0,0.9642857142857143,1.6491017964071868
1.0,0.8,2.0,-0.6,1.6018518518518519,1.9361702127659575,1.9447513812154695,1.893617021276598,0.6451612903225806,-0.5000000000000001,0.3660254037844388,0.0,1.0,1.833532934131737
-1.0,-0.8,-1.0,-0.4,-0.5277777777777778,-0.5957446808510638,-0.5966850828729282,-0.5815602836879434,-0.7096774193548387,0.49999999999999994,0.3660254037844388,0.0,-1.0,-0.7964071856287427
-1.0,-0.6,-1.0,-0.4,-0.5092592592592593,-0.5957446808510638,-0.5966850828729282,-0.5744680851063835,-0.7096774193548387,0.5773502691896257,1.793007356604921e-16,0.0,-0.9642857142857143,-0.7844311377245518
-1.0,-0.4,0.0,-0.4,-0.4722222222222222,-0.574468085106383,-0.5966850828729282,-0.5531914893617026,-0.7096774193548387,0.5,-0.3660254037844383,0.0,-0.9285714285714286,-0.7676646706586828
-1.0,-0.2,0.0,-0.4,-0.4722222222222222,-0.5319148936170213,-0.574585635359116,-0.5319148936170217,-0.7096774193548387,0.2886751345948128,-0.6339745962155612,1.0,-0.8928571428571429,-0.7508982035928149
-1.0,0.0,0.0,-0.4,-0.4722222222222222,-0.5319148936170213,-0.5303867403314917,-0.5177304964539009,-0.5806451612903226,0.0,-0.7320508075688771,0.0,-0.8571428571428571,-0.734131736526947
-1.0,0.2,1.0,-0.4,-0.4722222222222222,-0.5319148936170213,-0.5303867403314917,-0.5177304964539009,-0.5806451612903226,-0.2886751345948128,-0.6339745962155612,0.0,-0.8214285714285714,-0.726946107784432
-1.0,0.4,1.0,-0.4,-0.49074074074074076,-0.5319148936170213,-0.5303867403314917,-0.5248226950354609,-0.5806451612903226,-0.5,-0.36602540378443876,0.0,-0.7857142857142857,-0.722155688622755
-1.0,0.6,1.0,-0.4,-0.49074074074074076,-0.5531914893617021,-0.5303867403314917,-0.5319148936170217,-0.5806451612903226,-0.577350269189626,0.0,0.0,-0.75,-0.717365269461078
-1.0,0.8,2.0,-0.4,-0.49074074074074076,-0.5531914893617021,-0.5524861878453039,-0.5390070921985817,-0.5806451612903226,-0.5000000000000001,0.3660254037844388,0.0,-0.7142857142857143,-0.712574850299402
-1.0,1.0,2.0,-0.4,-0.4722222222222222,-0.5531914893617021,-0.5524861878453039,-0.5319148936170217,-0.5806451612903226,-0.2886751345948132,0.6339745962155612,0.0,-0.6785714285714286,-0.7053892215568871
-1.0,1.2,2.0,-0.4,-0.4722222222222222,-0.5319148936170213,-0.5524861878453039,-0.5248226950354609,-0.5806451612903226,-2.1211504774498138e-16,0.7320508075688774,0.0,-0.6428571428571429,-0.698203592814372
-0.5,-1.0,-1.0,-0.4,-0.4722222222222222,-0.5319148936170213,-0.5303867403314917,-0.5177304964539009,-0.5806451612903226,0.2886751345948128,0.6339745962155615,0.0,-0.6071428571428571,-0.6910179640718571
-0.5,-0.8,-1.0,-0.4,-0.4722222222222222,-0.5319148936170213,-0.5303867403314917,-0.5177304964539009,-0.5483870967741935,0.49999999999999994,0.3660254037844388,0.0,-0.5714285714285714,-0.6838323353293422
-0.5,-0.6,-1.0,-0.4,-0.4722222222222222,-0.5319148936170213,-0.5303867403314917,-0.5177304964539009,-0.4838709677419355,0.5773502691896257,1.793007356604921e-16,0.0,-0.5357142857142857,-0.6790419161676652
-0.5,-0.4,0.0,-0.4,-0.4722222222222222,-0.5319148936170213,-0.5303867403314917,-0.5177304964539009,-0.4838709677419355,0.5,-0.3660254037844383,0.0,-0.5,-0.6790419161676652
-0.5,-0.2,0.0,-0.4,-0.4722222222222222,-0.5319148936170213,-0.5303867403314917,-0.5177304964539009,-0.4838709677419355,0.2886751345948128,-0.6339745962155612,1.0,-0.4642857142857143,-0.6790419161676652
-0.5,0.0,0.0,-0.4,-0.4722222222222222,-0.5319148936170213,-0.5303867403314917,-0.5177304964539009,-0.4838709677419355,0.0,-0.7320508075688771,0.0,-0.42857142857142855,-0.6790419161676652
-0.5,0.2,1.0,-0.4,-0.4722222222222222,-0.5319148936170213,-0.5303867403314917,-0.5177304964539009,-0.5161290322580645,-0.2886751345948128,-0.6339745962155612,0.0,-0.39285714285714285,-0.6790419161676652
-0.5,0.4,1.0,-0.4,-0.4722222222222222,-0.5319148936170213,-0.5303867403314917,-0.5177304964539009,-0.5161290322580645,-0.5,-0.36602540378443876,0.0,-0.35714285714285715,-0.6766467065868271
-0.5,0.6,1.0,-0.4,-0.4722222222222222,-0.5319148936170213,-0.5303867403314917,-0.5177304964539009,-0.5161290322580645,-0.577350269189626,0.0,0.0,-0.32142857142857145,-0.6742514970059882
-0.5,0.8,2.0,-0.4,-0.4722222222222222,-0.5319148936170213,-0.5303867403314917,-0.5177304964539009,-0.4838709677419355,-0.5000000000000001,0.3660254037844388,0.0,-0.2857142857142857,-0.6718562874251501
-0.5,1.0,2.0,-0.4,-0.4722222222222222,-0.5319148936170213,-0.5303867403314917,-0.5177304964539009,-0.4838709677419355,-0.2886751345948132,0.6339745962155612,0.0,-0.25,-0.6718562874251501
-0.5,1.2,2.0,-0.4,-0.4722222222222222,-0.5319148936170213,-0.5303867403314917,-0.5177304964539009,-0.4838709677419355,-2.1211504774498138e-16,0.7320508075688774,0.0,-0.21428571428571427,-0.6718562874251501
0.0,-1.0,-1.0,-0.4,-0.4722222222222222,-0.5319148936170213,-0.5303867403314917,-0.5177304964539009,-0.4838709677419355,0.2886751345948128,0.6339745962155615,0.0,-0.17857142857142858,-0.6718562874251501
0.0,-0.8,-1.0,-0.4,-0.4722222222222222,-0.5319148936170213,-0.5303867403314917,-0.5177304964539009,-0.4838709677419355,0.49999999999999994,0.3660254037844388,0.0,-0.14285714285714285,-0.6718562874251501
0.0,-0.6,-1.0,-0.4,-0.4722222222222222,-0.5319148936170213,-0.5303867403314917,-0.5177304964539009,-0.4838709677419355,0.5773502691896257,1.793007356604921e-16,0.0,-0.10714285714285714,-0.6718562874251501
0.0,-0.4,0.0,-0.4,-0.4722222222222222,-0.5319148936170213,-0.5303867403314917,-0.5177304964539009,-0.4838709677419355,0.5,-0.3660254037844383,0.0,-0.07142857142857142,-0.6718562874251501
0.0,-0.2,0.0,-0.4,-0.4722222222222222,-0.5319148936170213,-0.5303867403314917,-0.5177304964539009,-0.4838709677419355,0.2886751345948128,-0.6339745962155612,1.0,-0.03571428571428571,-0.6718562874251501
0.0,0.0,0.0,-0.4,-0.4722222222222222,-0.5319148936170213,-0.5303867403314917,-0.5177304964539009,-0.4838709677419355,0.0,-0.7320508075688771,0.0,0.0,-0.6718562874251501
0.0,0.2,1.0,-0.4,-0.4722222222222222,-0.5319148936170213,-0.5303867403314917,-0.5177304964539009,-0.4838709677419355,-0.2886751345948128,-0.6339745962155612,0.0,0.03571428571428571,-0.6718562874251501
0.0,0.4,1.0,-0.4,-0.4722222222222222,-0.5319148936170213,-0.5303867403314917,-0.5177304964539009,-0.4838709677419355,-0.5,-0.36602540378443876,0.0,0.07142857142857142,-0.6718562874251501
0.0,0.6,1.0,-0.4,-0.4722222222222222,-0.5319148936170213,-0.5303867403314917,-0.5177304964539009,-0.4838709677419355,-0.577350269189626,0.0,0.0,0.10714285714285714,-0.6718562874251501
0.0,0.8,2.0,-0.4,-0.4722222222222222,-0.5319148936170213,-0.5303867403314917,-0.5177304964539009,-0.4838709677419355,-0.5000000000000001,0.3660254037844388,0.0,0.14285714285714285,-0.6718562874251501
0.0,1.0,2.0,-0.4,-0.4722222222222222,-0.5319148936170213,-0.5303867403314917,-0.5177304964539009,-0.4838709677419355,-0.2886751345948132,0.6339745962155612,0.0,0.17857142857142858,-0.6718562874251501
0.0,1.2,2.0,-0.4,-0.4722222222222222,-0.5319148936170213,-0.5303867403314917,-0.5177304964539009,-0.4838709677419355,-2.1211504774498138e-16,0.7320508075688774,0.0,0.21428571428571427,-0.6718562874251501
0.5,-1.0,-1.0,-0.4,-0.4722222222222222,-0.5319148936170213,-0.5303867403314917,-0.5177304964539009,-0.4838709677419355,0.2886751345948128,0.6339745962155615,0.0,0.25,-0.6718562874251501
0.5,-0.8,-1.0,-0.4,-0.4722222222222222,-0.5319148936170213,-0.5303867403314917,-0.5177304964539009,-0.4838709677419355,0.49999999999999994,0.3660254037844388,0.0,0.2857142857142857,-0.6718562874251501
0.5,-0.6,-1.0,-0.4,-0.4722222222222222,-0.5319148936170213,-0.5303867403314917,-0.5177304964539009,-0.4838709677419355,0.5773502691896257,1.793007356604921e-16,0.0,0.32142857142857145,-0.6718562874251501
0.5,-0.4,0.0,-0.4,-0.4722222222222222,-0.5319148936170213,-0.5303867403314917,-0.5177304964539009,-0.4838709677419355,0.5,-0.3660254037844383,1.0,0.35714285714285715,-0.6718562874251501
0.5,-0.2,0.0,-0.4,-0.4722222222222222,-0.5319148936170213,-0.5303867403314917,-0.5177304964539009,-0.4838709677419355,0.2886751345948128,-0.6339745962155612,0.0,0.39285714285714285,-0.6718562874251501
0.5,0.0,0.0,-0.4,-0.4722222222222222,-0.5319148936170213,-0.5303867403314917,-0.5177304964539009,-0.4838709677419355,0.0,-0.7320508075688771,0.0,0.42857142857142855,-0.6718562874251501
0.5,0.2,1.0,-0.4,-0.4722222222222222,-0.5319148936170213,-0.5303867403314917,-0.5177304964539009,-0.4838709677419355,-0.2886751345948128,-0.6339745962155612,0.0,0.4642857142857143,-0.6718562874251501
0.5,0.4,1.0,-0.4,-0.19444444444444445,-0.5319148936170213,-0.5303867403314917,-0.4113475177304965,-0.4838709677419355,-0.5,-0.36602540378443876,0.0,0.5,-0.6359281437125753
0.5,0.6,1.0,-0.4,-0.19444444444444445,-0.2127659574468085,-0.5303867403314917,-0.3049645390070922,-0.4838709677419355,-0.577350269189626,0.0,0.0,0.5357142857142857,-0.6000000000000004
0.5,0.8,2.0,-0.4,-0.08333333333333333,-0.2127659574468085,-0.19889502762430938,-0.1560283687943261,-0.4838709677419355,-0.5000000000000001,0.3660254037844388,0.0,0.5714285714285714,-0.5497005988023956
0.5,1.0,2.0,-0.4,0.046296296296296294,-0.0851063829787234,-0.19889502762430938,-0.0638297872340426,-0.4838709677419355,-0.2886751345948132,0.6339745962155612,0.0,0.6071428571428571,-0.48263473053892286
0.5,1.2,2.0,-0.4,0.17592592592592593,0.06382978723404255,-0.06629834254143646,0.07801418439716344,-0.4838709677419355,-2.1211504774498138e-16,0.7320508075688774,0.0,0.6428571428571429,-0.3988023952095811
1.0,-1.0,-1.0,-0.4,0.49074074074074076,0.2127659574468085,0.08839779005524862,0.2978723404255321,-0.4838709677419355,0.2886751345948128,0.6339745962155615,0.0,0.6785714285714286,-0.27425149700598855
1.0,-0.8,-1.0,-0.4,0.49074074074074076,0.574468085106383,0.2430939226519337,0.46808510638297984,-0.4838709677419355,0.49999999999999994,0.3660254037844388,0.0,0.7142857142857143,-0.14970059880239497
1.0,-0.6,-1.0,-0.4,0.7314814814814815,0.574468085106383,0.6187845303867403,0.6808510638297885,-0.4838709677419355,0.5773502691896257,1.793007356604921e-16,0.0,0.75,0.005988023952095464
1.0,-0.4,0.0,-0.4,0.6759259259259259,0.851063829787234,0.6187845303867403,0.7517730496453904,-0.4838709677419355,0.5,-0.3660254037844383,1.0,0.7857142857142857,0.15449101796407197
1.0,-0.2,0.0,-0.4,0.8611111111111112,0.7872340425531915,0.9060773480662984,0.8936170212765973,-0.4838709677419355,0.2886751345948128,-0.6339745962155612,0.0,0.8214285714285714,0.32694610778443134
1.0,0.0,0.0,-0.4,1.212962962962963,1.0,0.8397790055248618,1.0780141843971642,-0.4838709677419355,0.0,-0.7320508075688771,0.0,0.8571428571428571,0.5449101796407186
1.0,0.2,1.0,-0.4,1.2314814814814814,1.4042553191489362,1.0607734806629834,1.2907801418439728,0.0,-0.2886751345948128,-0.6339745962155612,0.0,0.8928571428571429,0.7652694610778449
1.0,0.4,1.0,-0.4,1.1388888888888888,1.425531914893617,1.4806629834254144,1.3971631205673771,0.0,-0.5,-0.36602540378443876,0.0,0.9285714285714286,0.9377245508982043
1.0,0.6,1.0,-0.4,1.1388888888888888,1.3191489361702127,1.5027624309392265,1.3687943262411355,0.1935483870967742,-0.577350269189626,0.0,0.0,0.9642857142857143,1.1101796407185636
1.0,0.8,2.0,-0.4,1.1018518518518519,1.3191489361702127,1.3922651933701657,1.3191489361702147,0.41935483870967744,-0.5000000000000001,0.3660254037844388,0.0,1.0,1.2634730538922172
-1.0,-0.8,-1.0,-0.2,-0.6203703703703703,-0.7021276595744681,-0.7071823204419889,-0.6879432624113478,-0.8709677419354839,0.49999999999999994,0.3660254037844388,0.0,-1.0,-0.9185628742514973
-1.0,-0.6,-1.0,-0.2,-0.4722222222222222,-0.7021276595744681,-0.7071823204419889,-0.6312056737588653,-0.9354838709677419,0.5773502691896257,1.793007356604921e-16,0.0,-0.9642857142857143,-0.8898203592814374
-1.0,-0.4,0.0,-0.2,-0.19444444444444445,-0.5319148936170213,-0.7071823204419889,-0.46808510638297907,-0.8387096774193549,0.5,-0.3660254037844383,0.0,-0.9285714285714286,-0.8203592814371267
-1.0,-0.2,0.0,-0.2,0.4166666666666667,-0.2127659574468085,-0.5303867403314917,-0.07092198581560263,-0.8387096774193549,0.2886751345948128,-0.6339745962155612,1.0,-0.8928571428571429,-0.6790419161676652
-1.0,0.0,0.0,-0.2,0.4166666666666667,0.48936170212765956,-0.19889502762430938,0.2695035460992912,-0.6129032258064516,0.0,-0.7320508075688771,0.0,-0.8571428571428571,-0.5377245508982036
-1.0,0.2,1.0,-0.2,0.4166666666666667,0.48936170212765956,0.5303867403314917,0.5035460992907808,-0.6129032258064516,-0.2886751345948128,-0.6339745962155612,0.0,-0.8214285714285714,-0.4131736526946111
-1.0,0.4,1.0,-0.2,0.3055555555555556,0.48936170212765956,0.5303867403314917,0.46099290780141905,-0.6774193548387096,-0.5,-0.36602540378443876,0.0,-0.7857142857142857,-0.30299401197604847
-1.0,0.6,1.0,-0.2,-0.1574074074074074,0.3617021276595745,0.5303867403314917,0.24113475177305035,-0.7419354838709677,-0.577350269189626,0.0,0.0,-0.75,-0.24790419161676663
-1.0,0.8,2.0,-0.2,-0.26851851851851855,-0.1702127659574468,0.39779005524861877,-0.021276595744680868,-0.7741935483870968,-0.5000000000000001,0.3660254037844388,0.0,-0.7142857142857143,-0.20239520958083881
-1.0,1.0,2.0,-0.2,-0.3611111111111111,-0.2978723404255319,-0.15469613259668508,-0.2765957446808513,-0.7419354838709677,-0.2886751345948132,0.6339745962155612,0.0,-0.6785714285714286,-0.16646706586826393
-1.0,1.2,2.0,-0.2,-0.4166666666666667,-0.40425531914893614,-0.287292817679558,-0.3758865248226948,-0.7419354838709677,-2.1211504774498138e-16,0.7320508075688774,0.0,-0.6428571428571429,-0.140119760479042
-0.5,-1.0,-1.0,-0.2,-0.39814814814814814,-0.46808510638297873,-0.39779005524861877,-0.42553191489361736,-0.7419354838709677,0.2886751345948128,0.6339745962155615,0.0,-0.6071428571428571,-0.11137724550898212
-0.5,-0.8,-1.0,-0.2,-0.39814814814814814,-0.44680851063829785,-0.46408839779005523,-0.4397163120567374,-0.4838709677419355,0.49999999999999994,0.3660254037844388,0.0,-0.5714285714285714,-0.08263473053892222
-0.5,-0.6,-1.0,-0.2,-0.4166666666666667,-0.44680851063829785,-0.4419889502762431,-0.4397163120567374,0.0,0.5773502691896257,1.793007356604921e-16,0.0,-0.5357142857142857,-0.07544910179640724
-0.5,-0.4,0.0,-0.2,-0.4166666666666667,-0.46808510638297873,-0.4419889502762431,-0.44680851063829824,1.064516129032258,0.5,-0.3660254037844383,0.0,-0.5,-0.10419161676646714
-0.5,-0.2,0.0,-0.2,-0.37962962962962965,-0.46808510638297873,-0.46408839779005523,-0.4397163120567374,1.064516129032258,0.2886751345948128,-0.6339745962155612,1.0,-0.4642857142857143,-0.20718562874251475
-0.5,0.0,0.0,-0.2,-0.37962962962962965,-0.425531914893617,-0.46408839779005523,-0.42553191489361736,1.064516129032258,0.0,-0.7320508075688771,0.0,-0.42857142857142855,-0.31017964071856347
-0.5,0.2,1.0,-0.2,-0.37962962962962965,-0.425531914893617,-0.4198895027624309,-0.4113475177304965,0.8709677419354839,-0.2886751345948128,-0.6339745962155612,0.0,-0.39285714285714285,-0.4131736526946111
-0.5,0.4,1.0,-0.2,-0.4166666666666667,-0.425531914893617,-0.4198895027624309,-0.42553191489361736,0.06451612903225806,-0.5,-0.36602540378443876,0.0,-0.35714285714285715,-0.5065868263473058
-0.5,0.6,1.0,-0.2,-0.4166666666666667,-0.46808510638297873,-0.4198895027624309,-0.4397163120567374,-0.12903225806451613,-0.577350269189626,0.0,0.0,-0.32142857142857145,-0.5401197604790426
-0.5,0.8,2.0,-0.2,-0.4166666666666667,-0.46808510638297873,-0.46408839779005523,-0.45390070921985826,-0.2903225806451613,-0.5000000000000001,0.3660254037844388,0.0,-0.2857142857142857,-0.5592814371257485
-0.5,1.0,2.0,-0.2,-0.39814814814814814,-0.46808510638297873,-0.46408839779005523,-0.44680851063829824,-0.3870967741935484,-0.2886751345948132,0.6339745962155612,0.0,-0.25,-0.5640718562874255
-0.5,1.2,2.0,-0.2,-0.4166666666666667,-0.44680851063829785,-0.46408839779005523,-0.44680851063829824,-0.3548387096774194,-2.1211504774498138e-16,0.7320508075688774,0.0,-0.21428571428571427,-0.5640718562874255
0.0,-1.0,-1.0,-0.2,-0.4166666666666667,-0.46808510638297873,-0.4419889502762431,-0.44680851063829824,-0.3548387096774194,0.2886751345948128,0.6339745962155615,0.0,-0.17857142857142858,-0.5664670658682636
0.0,-0.8,-1.0,-0.2,-0.39814814814814814,-0.46808510638297873,-0.46408839779005523,-0.44680851063829824,-0.3870967741935484,0.49999999999999994,0.3660254037844388,0.0,-0.14285714285714285,-0.5664670658682636
0.0,-0.6,-1.0,-0.2,-0.39814814814814814,-0.44680851063829785,-0.46408839779005523,-0.4397163120567374,-0.3870967741935484,0.5773502691896257,1.793007356604921e-16,0.0,-0.10714285714285714,-0.5640718562874255
0.0,-0.4,0.0,-0.2,-0.26851851851851855,-0.44680851063829785,-0.4419889502762431,-0.3829787234042556,-0.3225806451612903,0.5,-0.3660254037844383,0.0,-0.07142857142857142,-0.5449101796407186
0.0,-0.2,0.0,-0.2,-0.17592592592592593,-0.2978723404255319,-0.4419889502762431,-0.2978723404255321,-0.3225806451612903,0.2886751345948128,-0.6339745962155612,1.0,-0.03571428571428571,-0.5185628742514977
0.0,0.0,0.0,-0.2,-0.17592592592592593,-0.19148936170212766,-0.287292817679558,-0.21276595744680868,-0.3225806451612903,0.0,-0.7320508075688771,0.0,0.0,-0.4922155688622758
0.0,0.2,1.0,-0.2,-0.17592592592592593,-0.19148936170212766,-0.17679558011049723,-0.17730496453900696,-0.3870967741935484,-0.2886751345948128,-0.6339745962155612,0.0,0.03571428571428571,-0.4658682634730539
0.0,0.4,1.0,-0.2,-0.009259259259259259,-0.19148936170212766,-0.17679558011049723,-0.11347517730496437,-0.3870967741935484,-0.5,-0.36602540378443876,0.0,0.07142857142857142,-0.4131736526946111
0.0,0.6,1.0,-0.2,-0.10185185185185185,0.0,-0.17679558011049723,-0.08510638297872347,-0.3870967741935484,-0.577350269189626,0.0,0.0,0.10714285714285714,-0.3724550898203592
0.0,0.8,2.0,-0.2,-0.10185185185185185,-0.10638297872340426,0.022099447513812154,-0.056737588652481796,-0.3548387096774194,-0.5000000000000001,0.3660254037844388,0.0,0.14285714285714285,-0.3317365269461084
0.0,1.0,2.0,-0.2,-0.1388888888888889,-0.10638297872340426,-0.08839779005524862,-0.10638297872340434,-0.3870967741935484,-0.2886751345948132,0.6339745962155612,0.0,0.17857142857142858,-0.2982035928143715
0.0,1.2,2.0,-0.2,-0.1388888888888889,-0.14893617021276595,-0.08839779005524862,-0.1205673758865244,-0.3870967741935484,-2.1211504774498138e-16,0.7320508075688774,0.0,0.21428571428571427,-0.26227544910179657
0.5,-1.0,-1.0,-0.2,-0.1574074074074074,-0.14893617021276595,-0.13259668508287292,-0.14184397163120527,-0.3548387096774194,0.2886751345948128,0.6339745962155615,0.0,0.25,-0.22874251497005968
0.5,-0.8,-1.0,-0.2,-0.1574074074074074,-0.1702127659574468,-0.13259668508287292,-0.14893617021276606,-0.3548387096774194,0.49999999999999994,0.3660254037844388,0.0,0.2857142857142857,-0.19760479041916182
0.5,-0.6,-1.0,-0.2,-0.1574074074074074,-0.1702127659574468,-0.15469613259668508,-0.1560283687943261,-0.12903225806451613,0.5773502691896257,1.793007356604921e-16,0.0,0.32142857142857145,-0.16646706586826393
0.5,-0.4,0.0,-0.2,-0.1574074074074074,-0.1702127659574468,-0.15469613259668508,-0.1560283687943261,0.03225806451612903,0.5,-0.3660254037844383,1.0,0.35714285714285715,-0.152095808383234
0.5,-0.2,0.0,-0.2,-0.1574074074074074,-0.1702127659574468,-0.15469613259668508,-0.1560283687943261,0.03225806451612903,0.2886751345948128,-0.6339745962155612,0.0,0.39285714285714285,-0.14970059880239497
0.5,0.0,0.0,-0.2,-0.10185185185185185,-0.1702127659574468,-0.15469613259668508,-0.13475177304964522,0.03225806451612903,0.0,-0.7320508075688771,0.0,0.42857142857142855,-0.140119760479042
0.5,0.2,1.0,-0.2,-0.06481481481481481,-0.10638297872340426,-0.15469613259668508,-0.09929078014184353,0.3225806451612903,-0.2886751345948128,-0.6339745962155612,0.0,0.4642857142857143,-0.12574850299401205
0.5,0.4,1.0,-0.2,-0.10185185185185185,-0.06382978723404255,-0.08839779005524862,-0.07801418439716266,0.16129032258064516,-0.5,-0.36602540378443876,0.0,0.5,-0.13772455089820404
0.5,0.6,1.0,-0.2,-0.027777777777777776,-0.10638297872340426,-0.04419889502762431,-0.049645390070921766,0.16129032258064516,-0.577350269189626,0.0,0.0,0.5357142857142857,-0.12814371257485005
0.5,0.8,2.0,-0.2,-0.009259259259259259,-0.02127659574468085,-0.08839779005524862,-0.028368794326240898,0.0967741935483871,-0.5000000000000001,0.3660254037844388,0.0,0.5714285714285714,-0.11616766467065912
0.5,1.0,2.0,-0.2,0.1388888888888889,0.0,0.0,0.0638297872340426,0.0967741935483871,-0.2886751345948132,0.6339745962155612,0.0,0.6071428571428571,-0.08023952095808423
0.5,1.2,2.0,-0.2,0.37962962962962965,0.1702127659574468,0.022099447513812154,0.21985815602836947,0.06451612903225806,-2.1211504774498138e-16,0.7320508075688774,0.0,0.6428571428571429,-0.01317365269461044
1.0,-1.0,-1.0,-0.2,0.75,0.44680851063829785,0.19889502762430938,0.5106382978723416,0.06451612903225806,0.2886751345948128,0.6339745962155615,0.0,0.6785714285714286,0.10419161676646714
1.0,-0.8,-1.0,-0.2,0.8055555555555556,0.8723404255319149,0.4861878453038674,0.765957446808512,0.06451612903225806,0.49999999999999994,0.3660254037844388,0.0,0.7142857142857143,0.22874251497005968
1.0,-0.6,-1.0,-0.2,0.8055555555555556,0.9361702127659575,0.9281767955801105,0.9290780141843982,0.06451612903225806,0.5773502691896257,1.793007356604921e-16,0.0,0.75,0.3532934131736533
1.0,-0.4,0.0,-0.2,0.8055555555555556,0.9361702127659575,0.994475138121547,0.950354609929079,0.06451612903225806,0.5,-0.3660254037844383,1.0,0.7857142857142857,0.47784431137724587
1.0,-0.2,0.0,-0.2,0.9537037037037037,0.9361702127659575,0.994475138121547,1.0070921985815608,0.16129032258064516,0.2886751345948128,-0.6339745962155612,0.0,0.8214285714285714,0.6215568862275453
1.0,0.0,0.0,-0.2,1.2685185185185186,1.1063829787234043,0.994475138121547,1.1843971631205685,0.22580645161290322,0.0,-0.7320508075688771,0.0,0.8571428571428571,0.7988023952095807
1.0,0.2,1.0,-0.2,1.2685185185185186,1.4680851063829787,1.171270718232044,1.3617021276595762,0.16129032258064516,-0.2886751345948128,-0.6339745962155612,0.0,0.8928571428571429,0.9712574850299401
1.0,0.4,1.0,-0.2,1.2314814814814814,1.4680851063829787,1.5469613259668509,1.4680851063829807,0.2903225806451613,-0.5,-0.36602540378443876,0.0,0.9285714285714286,1.1437125748502994
1.0,0.6,1.0,-0.2,1.212962962962963,1.425531914893617,1.5469613259668509,1.4468085106382997,0.3225806451612903,-0.577350269189626,0.0,0.0,0.9642857142857143,1.304191616766468
1.0,0.8,2.0,-0.2,1.2314814814814814,1.4042553191489362,1.5027624309392265,1.4326241134751783,0.5806451612903226,-0.5000000000000001,0.3660254037844388,0.0,1.0,1.4646706586826364
-1.0,-1.0,-1.0,0.0,-0.37962962962962965,-0.3829787234042553,-0.3756906077348066,-0.3829787234042556,-0.25806451612903225,0.2886751345948128,0.6339745962155615,0.0,-1.0357142857142858,-0.5544910179640726
-1.0,-0.8,-1.0,0.0,-0.37962962962962965,-0.425531914893617,-0.3756906077348066,-0.3971631205673757,-0.5161290322580645,0.49999999999999994,0.3660254037844388,0.0,-1.0,-0.5592814371257485
-1.0,-0.6,-1.0,0.0,-0.1574074074074074,-0.425531914893617,-0.4198895027624309,-0.326241134751773,-0.5161290322580645,0.5773502691896257,1.793007356604921e-16,0.0,-0.9642857142857143,-0.5161676646706587
-1.0,-0.4,0.0,0.0,0.027777777777777776,-0.1702127659574468,-0.4198895027624309,-0.17021276595744694,-0.6451612903225806,0.5,-0.3660254037844383,0.0,-0.9285714285714286,-0.44910179640718595
-1.0,-0.2,0.0,0.0,1.0833333333333333,0.0425531914893617,-0.15469613259668508,0.39007092198581644,-0.6451612903225806,0.2886751345948128,-0.6339745962155612,1.0,-0.8928571428571429,-0.23592814371257467
-1.0,0.0,0.0,0.0,1.0833333333333333,1.2553191489361701,0.06629834254143646,0.8652482269503555,-0.12903225806451613,0.0,-0.7320508075688771,0.0,-0.8571428571428571,-0.022754491017964437
-1.0,0.2,1.0,0.0,1.0833333333333333,1.2553191489361701,1.3259668508287292,1.269503546099292,-0.12903225806451613,-0.2886751345948128,-0.6339745962155612,0.0,-0.8214285714285714,0.152095808383234
-1.0,0.4,1.0,0.0,0.4166666666666667,1.2553191489361701,1.3259668508287292,1.0141843971631217,-0.2903225806451613,-0.5,-0.36602540378443876,0.0,-0.7857142857142857,0.24071856287425167
-1.0,0.6,1.0,0.0,0.06481481481481481,0.48936170212765956,1.3259668508287292,0.6241134751773052,-0.25806451612903225,-0.577350269189626,0.0,0.0,-0.75,0.2958083832335335
-1.0,0.8,2.0,0.0,0.009259259259259259,0.0851063829787234,0.5303867403314917,0.21276595744680868,-0.25806451612903225,-0.5000000000000001,0.3660254037844388,0.0,-0.7142857142857143,0.3413173652694613
-1.0,1.0,2.0,0.0,-0.1574074074074074,0.02127659574468085,0.11049723756906077,-0.007092198581560031,-0.25806451612903225,-0.2886751345948132,0.6339745962155612,0.0,-0.6785714285714286,0.3652694610778442
-1.0,1.2,2.0,0.0,-0.10185185185185185,-0.1702127659574468,0.04419889502762431,-0.07092198581560263,-0.3225806451612903,-2.1211504774498138e-16,0.7320508075688774,0.0,-0.6428571428571429,0.39640718562874316
-0.5,-1.0,-1.0,0.0,-0.10185185185185185,-0.10638297872340426,-0.15469613259668508,-0.11347517730496437,-0.3225806451612903,0.2886751345948128,0.6339745962155615,0.0,-0.6071428571428571,0.432335329341318
-0.5,-0.8,-1.0,0.0,-0.10185185185185185,-0.10638297872340426,-0.08839779005524862,-0.0921985815602835,0.06451612903225806,0.49999999999999994,0.3660254037844388,0.0,-0.5714285714285714,0.4682634730538929
-0.5,-0.6,-1.0,0.0,-0.19444444444444445,-0.10638297872340426,-0.08839779005524862,-0.1276595744680852,0.3870967741935484,0.5773502691896257,1.793007356604921e-16,0.0,-0.5357142857142857,0.4634730538922159
-0.5,-0.4,0.0,0.0,-0.19444444444444445,-0.2127659574468085,-0.08839779005524862,-0.16312056737588612,2.225806451612903,0.5,-0.3660254037844383,0.0,-0.5,0.434730538922156
-0.5,-0.2,0.0,0.0,-0.21296296296296297,-0.2127659574468085,-0.19889502762430938,-0.20567375886524786,2.225806451612903,0.2886751345948128,-0.6339745962155612,1.0,-0.4642857142857143,0.2670658682634736
-0.5,0.0,0.0,0.0,-0.25,-0.23404255319148937,-0.19889502762430938,-0.22695035460992874,2.225806451612903,0.0,-0.7320508075688771,0.0,-0.42857142857142855,0.09461077844311419
-0.5,0.2,1.0,0.0,-0.25,-0.2765957446808511,-0.22099447513812154,-0.2482269503546096,1.064516129032258,-0.2886751345948128,-0.6339745962155612,0.0,-0.39285714285714285,-0.07784431137724522
-0.5,0.4,1.0,0.0,-0.28703703703703703,-0.2765957446808511,-0.26519337016574585,-0.2765957446808513,0.45161290322580644,-0.5,-0.36602540378443876,0.0,-0.35714285714285715,-0.1688622754491019
-0.5,0.6,1.0,0.0,-0.25,-0.3191489361702128,-0.26519337016574585,-0.2765957446808513,0.3548387096774194,-0.577350269189626,0.0,0.0,-0.32142857142857145,-0.20958083832335378
-0.5,0.8,2.0,0.0,-0.25,-0.2765957446808511,-0.30939226519337015,-0.2765957446808513,0.06451612903225806,-0.5000000000000001,0.3660254037844388,0.0,-0.2857142857142857,-0.24311377245508964
-0.5,1.0,2.0,0.0,-0.28703703703703703,-0.2765957446808511,-0.26519337016574585,-0.2765957446808513,0.16129032258064516,-0.2886751345948132,0.6339745962155612,0.0,-0.25,-0.2598802395209586
-0.5,1.2,2.0,0.0,-0.3055555555555556,-0.3191489361702128,-0.26519337016574585,-0.2978723404255321,0.16129032258064516,-2.1211504774498138e-16,0.7320508075688774,0.0,-0.21428571428571427,-0.2862275449101795
0.0,-1.0,-1.0,0.0,-0.3425925925925926,-0.3404255319148936,-0.30939226519337015,-0.3333333333333331,0.16129032258064516,0.2886751345948128,0.6339745962155615,0.0,-0.17857142857142858,-0.3173652694610784
0.0,-0.8,-1.0,0.0,-0.39814814814814814,-0.3829787234042553,-0.3314917127071823,-0.3758865248226948,0.0,0.49999999999999994,0.3660254037844388,0.0,-0.14285714285714285,-0.35568862275449126
0.0,-0.6,-1.0,0.0,-0.39814814814814814,-0.44680851063829785,-0.3756906077348066,-0.4113475177304965,0.0,0.5773502691896257,1.793007356604921e-16,0.0,-0.10714285714285714,-0.3820359281437132
0.0,-0.4,0.0,0.0,-0.17592592592592593,-0.44680851063829785,-0.4419889502762431,-0.3475177304964539,-0.03225806451612903,0.5,-0.3660254037844383,0.0,-0.07142857142857142,-0.3796407185628742
0.0,-0.2,0.0,0.0,0.1388888888888889,-0.19148936170212766,-0.4419889502762431,-0.14184397163120527,-0.0967741935483871,0.2886751345948128,-0.6339745962155612,1.0,-0.03571428571428571,-0.33413173652694633
0.0,0.0,0.0,0.0,0.1388888888888889,0.1702127659574468,-0.17679558011049723,0.0638297872340426,-0.0967741935483871,0.0,-0.7320508075688771,0.0,0.0,-0.2838323353293415
0.0,0.2,1.0,0.0,0.1388888888888889,0.1702127659574468,0.19889502762430938,0.18439716312056778,-0.16129032258064516,-0.2886751345948128,-0.6339745962155612,0.0,0.03571428571428571,-0.2335329341317367
0.0,0.4,1.0,0.0,0.06481481481481481,0.1702127659574468,0.19889502762430938,0.15602836879432688,-0.0967741935483871,-0.5,-0.36602540378443876,0.0,0.07142857142857142,-0.18802395209580886
0.0,0.6,1.0,0.0,-0.046296296296296294,0.0851063829787234,0.19889502762430938,0.08510638297872347,-0.0967741935483871,-0.577350269189626,0.0,0.0,0.10714285714285714,-0.16167664670658694
0.0,0.8,2.0,0.0,-0.046296296296296294,-0.0425531914893617,0.11049723756906077,0.014184397163120836,-0.16129032258064516,-0.5000000000000001,0.3660254037844388,0.0,0.14285714285714285,-0.13532934131736502
0.0,1.0,2.0,0.0,-0.08333333333333333,-0.0425531914893617,-0.022099447513812154,-0.042553191489361736,-0.1935483870967742,-0.2886751345948132,0.6339745962155612,0.0,0.17857142857142858,-0.10898203592814414
0.0,1.2,2.0,0.0,-0.08333333333333333,-0.0851063829787234,-0.022099447513812154,-0.056737588652481796,-0.25806451612903225,-2.1211504774498138e-16,0.7320508075688774,0.0,0.21428571428571427,-0.08023952095808423
0.5,-1.0,-1.0,0.0,-0.08333333333333333,-0.0851063829787234,-0.06629834254143646,-0.07092198581560263,-0.3548387096774194,0.2886751345948128,0.6339745962155615,0.0,0.25,-0.04670658682634734
0.5,-0.8,-1.0,0.0,-0.046296296296296294,-0.0851063829787234,-0.06629834254143646,-0.056737588652481796,-0.3548387096774194,0.49999999999999994,0.3660254037844388,0.0,0.2857142857142857,-0.001197604790419511
0.5,-0.6,-1.0,0.0,-0.046296296296296294,-0.0425531914893617,-0.06629834254143646,-0.042553191489361736,0.03225806451612903,0.5773502691896257,1.793007356604921e-16,0.0,0.32142857142857145,0.04431137724550936
0.5,-0.4,0.0,0.0,-0.027777777777777776,-0.0425531914893617,-0.022099447513812154,-0.021276595744680868,0.5806451612903226,0.5,-0.3660254037844383,1.0,0.35714285714285715,0.06347305389221526
0.5,-0.2,0.0,0.0,-0.009259259259259259,-0.02127659574468085,-0.022099447513812154,-0.007092198581560031,0.5806451612903226,0.2886751345948128,-0.6339745962155612,0.0,0.39285714285714285,0.04431137724550936
0.5,0.0,0.0,0.0,0.1574074074074074,0.0,0.0,0.07092198581560341,0.5806451612903226,0.0,-0.7320508075688771,0.0,0.42857142857142855,0.04670658682634734
0.5,0.2,1.0,0.0,0.046296296296296294,0.19148936170212766,0.022099447513812154,0.09929078014184431,0.45161290322580644,-0.2886751345948128,-0.6339745962155612,0.0,0.4642857142857143,0.034730538922155364
0.5,0.4,1.0,0.0,0.027777777777777776,0.06382978723404255,0.22099447513812154,0.11347517730496515,0.25806451612903225,-0.5,-0.36602540378443876,0.0,0.5,0.02994011976047941
0.5,0.6,1.0,0.0,0.06481481481481481,0.0425531914893617,0.08839779005524862,0.07801418439716344,0.25806451612903225,-0.577350269189626,0.0,0.0,0.5357142857142857,0.04431137724550936
0.5,0.8,2.0,0.0,0.1388888888888889,0.0851063829787234,0.06629834254143646,0.11347517730496515,0.1935483870967742,-0.5000000000000001,0.3660254037844388,0.0,0.5714285714285714,0.06826347305389226
0.5,1.0,2.0,0.0,0.25,0.1702127659574468,0.11049723756906077,0.19858156028368862,0.1935483870967742,-0.2886751345948132,0.6339745962155612,0.0,0.6071428571428571,0.11137724550898212
0.5,1.2,2.0,0.0,0.5277777777777778,0.2978723404255319,0.19889502762430938,0.3758865248226956,0.1935483870967742,-2.1211504774498138e-16,0.7320508075688774,0.0,0.6428571428571429,0.19041916167664685
1.0,-1.0,-1.0,0.0,0.9537037037037037,0.6170212765957447,0.3314917127071823,0.6879432624113478,0.25806451612903225,0.2886751345948128,0.6339745962155615,0.0,0.6785714285714286,0.3245508982035934
1.0,-0.8,-1.0,0.0,0.9722222222222222,1.1063829787234043,0.6629834254143646,0.9645390070921991,0.25806451612903225,0.49999999999999994,0.3660254037844388,0.0,0.7142857142857143,0.45628742514970094
1.0,-0.6,-1.0,0.0,1.0462962962962963,1.127659574468085,1.171270718232044,1.1631205673758878,0.2903225806451613,0.5773502691896257,1.793007356604921e-16,0.0,0.75,0.5976047904191625
1.0,-0.4,0.0,0.0,1.0833333333333333,1.2127659574468086,1.1933701657458564,1.2127659574468101,0.3225806451612903,0.5,-0.3660254037844383,1.0,0.7857142857142857,0.7413173652694609
1.0,-0.2,0.0,0.0,1.1759259259259258,1.2553191489361701,1.281767955801105,1.2907801418439728,0.6129032258064516,0.2886751345948128,-0.6339745962155612,0.0,0.8214285714285714,0.8946107784431144
1.0,0.0,0.0,0.0,1.4537037037037037,1.3617021276595744,1.3259668508287292,1.4468085106382997,0.41935483870967744,0.0,-0.7320508075688771,0.0,0.8571428571428571,1.0622754491017978
1.0,0.2,1.0,0.0,1.4722222222222223,1.6808510638297873,1.4364640883977902,1.5957446808510658,0.3870967741935484,-0.2886751345948128,-0.6339745962155612,0.0,0.8928571428571429,1.2467065868263483
1.0,0.4,1.0,0.0,1.4351851851851851,1.702127659574468,1.7679558011049723,1.6950354609929095,0.45161290322580644,-0.5,-0.36602540378443876,0.0,0.9285714285714286,1.4287425149700617
1.0,0.6,1.0,0.0,1.4722222222222223,1.6595744680851063,1.7900552486187846,1.70212765957447,0.5806451612903226,-0.577350269189626,0.0,0.0,0.9642857142857143,1.6107784431137728
1.0,0.8,2.0,0.0,1.3981481481481481,1.702127659574468,1.7458563535911602,1.6737588652482285,0.7741935483870968,-0.5000000000000001,0.3660254037844388,0.0,1.0,1.7736526946107805
-1.0,-0.8,-1.0,0.2,-0.6574074074074074,-0.7446808510638298,-0.7513812154696132,-0.7304964539007095,-0.8064516129032258,0.49999999999999994,0.3660254037844388,0.0,-1.0,-0.9209580838323363
-1.0,-0.6,-1.0,0.2,-0.4537037037037037,-0.7446808510638298,-0.7513812154696132,-0.652482269503546,-0.8064516129032258,0.5773502691896257,1.793007356604921e-16,0.0,-0.9642857142857143,-0.8946107784431144
-1.0,-0.4,0.0,0.2,-0.21296296296296297,-0.5106382978723404,-0.7513812154696132,-0.48226950354609915,-0.7419354838709677,0.5,-0.3660254037844383,0.0,-0.9285714285714286,-0.8371257485029946
-1.0,-0.2,0.0,0.2,1.1759259259259258,-0.23404255319148937,-0.5082872928176796,0.21985815602836947,-0.5483870967741935,0.2886751345948128,-0.6339745962155612,1.0,-0.8928571428571429,-0.6047904191616774
-1.0,0.0,0.0,0.2,1.1759259259259258,1.3617021276595744,-0.22099447513812154,0.8439716312056746,-0.7419354838709677,0.0,-0.7320508075688771,0.0,-0.8571428571428571,-0.3868263473053891
-1.0,0.2,1.0,0.2,1.1759259259259258,1.3617021276595744,1.4364640883977902,1.3758865248226964,-0.7419354838709677,-0.2886751345948128,-0.6339745962155612,0.0,-0.8214285714285714,-0.15449101796407197
-1.0,0.4,1.0,0.2,0.19444444444444445,1.3617021276595744,1.4364640883977902,1.0000000000000016,-0.7741935483870968,-0.5,-0.36602540378443876,0.0,-0.7857142857142857,-0.049101796407185316
-1.0,0.6,1.0,0.2,0.10185185185185185,0.23404255319148937,1.4364640883977902,0.5886524822695043,-0.7741935483870968,-0.577350269189626,0.0,0.0,-0.75,0.04670658682634734
-1.0,0.8,2.0,0.2,0.009259259259259259,0.1276595744680851,0.26519337016574585,0.14184397163120605,-0.8064516129032258,-0.5000000000000001,0.3660254037844388,0.0,-0.7142857142857143,0.13053892215568907
-1.0,1.0,2.0,0.2,-0.19444444444444445,0.02127659574468085,0.15469613259668508,-0.007092198581560031,-0.8064516129032258,-0.2886751345948132,0.6339745962155612,0.0,-0.6785714285714286,0.19041916167664685
-1.0,1.2,2.0,0.2,-0.19444444444444445,-0.2127659574468085,0.04419889502762431,-0.1205673758865244,-0.8064516129032258,-2.1211504774498138e-16,0.7320508075688774,0.0,-0.6428571428571429,0.25029940119760463
-0.5,-1.0,-1.0,0.2,-0.28703703703703703,-0.2127659574468085,-0.19889502762430938,-0.23404255319148953,-0.8064516129032258,0.2886751345948128,0.6339745962155615,0.0,-0.6071428571428571,0.2982035928143715
-0.5,-0.8,-1.0,0.2,-0.28703703703703703,-0.3191489361702128,-0.19889502762430938,-0.26950354609929045,-0.45161290322580644,0.49999999999999994,0.3660254037844388,0.0,-0.5714285714285714,0.3461077844311383
-0.5,-0.6,-1.0,0.2,-0.3055555555555556,-0.3191489361702128,-0.30939226519337015,-0.3120567375886522,-0.03225806451612903,0.5773502691896257,1.793007356604921e-16,0.0,-0.5357142857142857,0.3652694610778442
-0.5,-0.4,0.0,0.2,-0.3611111111111111,-0.3404255319148936,-0.30939226519337015,-0.3404255319148939,2.3870967741935485,0.5,-0.3660254037844383,0.0,-0.5,0.3461077844311383
-0.5,-0.2,0.0,0.2,-0.4351851851851852,-0.40425531914893614,-0.3314917127071823,-0.3971631205673757,2.3870967741935485,0.2886751345948128,-0.6339745962155612,1.0,-0.4642857142857143,0.13772455089820404
-0.5,0.0,0.0,0.2,-0.4351851851851852,-0.48936170212765956,-0.39779005524861877,-0.44680851063829824,2.3870967741935485,0.0,-0.7320508075688771,0.0,-0.42857142857142855,-0.07065868263473024
-0.5,0.2,1.0,0.2,-0.4351851851851852,-0.48936170212765956,-0.4861878453038674,-0.47517730496453914,0.6774193548387096,-0.2886751345948128,-0.6339745962155612,0.0,-0.39285714285714285,-0.2790419161676645
-0.5,0.4,1.0,0.2,-0.49074074074074076,-0.48936170212765956,-0.4861878453038674,-0.49645390070921996,0.5161290322580645,-0.5,-0.36602540378443876,0.0,-0.35714285714285715,-0.36766467065868325
-0.5,0.6,1.0,0.2,-0.5462962962962963,-0.5531914893617021,-0.4861878453038674,-0.5390070921985817,0.3548387096774194,-0.577350269189626,0.0,0.0,-0.32142857142857145,-0.4514970059880239
-0.5,0.8,2.0,0.2,-0.5462962962962963,-0.6170212765957447,-0.5524861878453039,-0.5815602836879434,0.0,-0.5000000000000001,0.3660254037844388,0.0,-0.2857142857142857,-0.5233532934131737
-0.5,1.0,2.0,0.2,-0.5833333333333334,-0.6170212765957447,-0.6187845303867403,-0.6170212765957451,0.0,-0.2886751345948132,0.6339745962155612,0.0,-0.25,-0.5736526946107785
-0.5,1.2,2.0,0.2,-0.5833333333333334,-0.6595744680851063,-0.6187845303867403,-0.6312056737588653,-0.16129032258064516,-2.1211504774498138e-16,0.7320508075688774,0.0,-0.21428571428571427,-0.6239520958083833
0.0,-1.0,-1.0,0.2,-0.6018518518518519,-0.6595744680851063,-0.6629834254143646,-0.652482269503546,-0.16129032258064516,0.2886751345948128,0.6339745962155615,0.0,-0.17857142857142858,-0.6646706586826352
0.0,-0.8,-1.0,0.2,-0.5648148148148148,-0.6808510638297872,-0.6629834254143646,-0.6453900709219861,-0.1935483870967742,0.49999999999999994,0.3660254037844388,0.0,-0.14285714285714285,-0.7005988023952101
0.0,-0.6,-1.0,0.2,-0.5092592592592593,-0.6382978723404256,-0.6850828729281768,-0.6170212765957451,-0.2903225806451613,0.5773502691896257,1.793007356604921e-16,0.0,-0.10714285714285714,-0.726946107784432
0.0,-0.4,0.0,0.2,-0.39814814814814814,-0.574468085106383,-0.6408839779005525,-0.5390070921985817,-0.41935483870967744,0.5,-0.3660254037844383,0.0,-0.07142857142857142,-0.7317365269461079
0.0,-0.2,0.0,0.2,-0.19444444444444445,-0.44680851063829785,-0.574585635359116,-0.3971631205673757,-0.41935483870967744,0.2886751345948128,-0.6339745962155612,1.0,-0.03571428571428571,-0.7005988023952101
0.0,0.0,0.0,0.2,-0.19444444444444445,-0.2127659574468085,-0.4419889502762431,-0.2765957446808513,-0.41935483870967744,0.0,-0.7320508075688771,0.0,0.0,-0.6694610778443122
0.0,0.2,1.0,0.2,-0.19444444444444445,-0.2127659574468085,-0.19889502762430938,-0.19858156028368784,-0.5161290322580645,-0.2886751345948128,-0.6339745962155612,0.0,0.03571428571428571,-0.6383233532934133
0.0,0.4,1.0,0.2,-0.1388888888888889,-0.2127659574468085,-0.19889502762430938,-0.17730496453900696,-0.6129032258064516,-0.5,-0.36602540378443876,0.0,0.07142857142857142,-0.5928143712574855
0.0,0.6,1.0,0.2,-0.23148148148148148,-0.14893617021276595,-0.19889502762430938,-0.1914893617021278,-0.6129032258064516,-0.577350269189626,0.0,0.0,0.10714285714285714,-0.5520958083832336
0.0,0.8,2.0,0.2,-0.23148148148148148,-0.2553191489361702,-0.13259668508287292,-0.20567375886524786,-0.6774193548387096,-0.5000000000000001,0.3660254037844388,0.0,0.14285714285714285,-0.5113772455089828
0.0,1.0,2.0,0.2,-0.28703703703703703,-0.2553191489361702,-0.2430939226519337,-0.26241134751773043,-0.6774193548387096,-0.2886751345948132,0.6339745962155612,0.0,0.17857142857142858,-0.4730538922155688
0.0,1.2,2.0,0.2,-0.3055555555555556,-0.3191489361702128,-0.2430939226519337,-0.29078014184397133,-0.7096774193548387,-2.1211504774498138e-16,0.7320508075688774,0.0,0.21428571428571427,-0.43712574850299396
0.5,-1.0,-1.0,0.2,-0.3611111111111111,-0.3404255319148936,-0.30939226519337015,-0.3404255319148939,-0.6451612903225806,0.2886751345948128,0.6339745962155615,0.0,0.25,-0.4059880239520961
0.5,-0.8,-1.0,0.2,-0.3425925925925926,-0.40425531914893614,-0.3314917127071823,-0.36170212765957477,-0.5483870967741935,0.49999999999999994,0.3660254037844388,0.0,0.2857142857142857,-0.3772455089820362
0.5,-0.6,-1.0,0.2,-0.3055555555555556,-0.3829787234042553,-0.39779005524861877,-0.36170212765957477,-0.3548387096774194,0.5773502691896257,1.793007356604921e-16,0.0,0.32142857142857145,-0.35089820359281426
0.5,-0.4,0.0,0.2,-0.32407407407407407,-0.3404255319148936,-0.3756906077348066,-0.3475177304964539,0.0,0.5,-0.3660254037844383,1.0,0.35714285714285715,-0.3413173652694613
0.5,-0.2,0.0,0.2,-0.32407407407407407,-0.3617021276595745,-0.3314917127071823,-0.3404255319148939,0.0,0.2886751345948128,-0.6339745962155612,0.0,0.39285714285714285,-0.35808383233532926
0.5,0.0,0.0,0.2,-0.21296296296296297,-0.3617021276595745,-0.35359116022099446,-0.3049645390070922,0.0,0.0,-0.7320508075688771,0.0,0.42857142857142855,-0.36047904191616825
0.5,0.2,1.0,0.2,-0.23148148148148148,-0.23404255319148937,-0.35359116022099446,-0.26950354609929045,0.0967741935483871,-0.2886751345948128,-0.6339745962155612,0.0,0.4642857142857143,-0.3652694610778442
0.5,0.4,1.0,0.2,-0.25,-0.2553191489361702,-0.22099447513812154,-0.24113475177304958,-0.06451612903225806,-0.5,-0.36602540378443876,0.0,0.5,-0.3796407185628742
0.5,0.6,1.0,0.2,-0.19444444444444445,-0.2765957446808511,-0.2430939226519337,-0.23404255319148953,-0.06451612903225806,-0.577350269189626,0.0,0.0,0.5357142857142857,-0.37485029940119824
0.5,0.8,2.0,0.2,-0.1574074074074074,-0.2127659574468085,-0.26519337016574585,-0.20567375886524786,-0.16129032258064516,-0.5000000000000001,0.3660254037844388,0.0,0.5714285714285714,-0.3652694610778442
0.5,1.0,2.0,0.2,0.08333333333333333,-0.1702127659574468,-0.19889502762430938,-0.07801418439716266,-0.1935483870967742,-0.2886751345948132,0.6339745962155612,0.0,0.6071428571428571,-0.3173652694610784
0.5,1.2,2.0,0.2,0.23148148148148148,0.10638297872340426,-0.15469613259668508,0.08510638297872347,-0.2903225806451613,-2.1211504774498138e-16,0.7320508075688774,0.0,0.6428571428571429,-0.24790419161676663
1.0,-1.0,-1.0,0.2,0.6944444444444444,0.2765957446808511,0.13259668508287292,0.41134751773049727,-0.25806451612903225,0.2886751345948128,0.6339745962155615,0.0,0.6785714285714286,-0.11137724550898212
1.0,-0.8,-1.0,0.2,0.7314814814814815,0.8085106382978723,0.30939226519337015,0.6595744680851077,-0.1935483870967742,0.49999999999999994,0.3660254037844388,0.0,0.7142857142857143,0.027544910179640388
1.0,-0.6,-1.0,0.2,0.8055555555555556,0.851063829787234,0.861878453038674,0.8794326241134756,-0.22580645161290322,0.5773502691896257,1.793007356604921e-16,0.0,0.75,0.1712574850299399
1.0,-0.4,0.0,0.2,0.8055555555555556,0.9361702127659575,0.9060773480662984,0.9219858156028373,-0.22580645161290322,0.5,-0.3660254037844383,1.0,0.7857142857142857,0.3173652694610784
1.0,-0.2,0.0,0.2,0.8425925925925926,0.9361702127659575,0.994475138121547,0.9645390070921991,-0.03225806451612903,0.2886751345948128,-0.6339745962155612,0.0,0.8214285714285714,0.4682634730538929
1.0,0.0,0.0,0.2,1.0462962962962963,0.9787234042553191,0.994475138121547,1.0567375886524832,-0.06451612903225806,0.0,-0.7320508075688771,0.0,0.8571428571428571,0.6311377245508983
1.0,0.2,1.0,0.2,1.0462962962962963,1.2127659574468086,1.0386740331491713,1.1489361702127676,-0.0967741935483871,-0.2886751345948128,-0.6339745962155612,0.0,0.8928571428571429,0.7964071856287438
1.0,0.4,1.0,0.2,0.9537037037037037,1.2127659574468086,1.281767955801105,1.1914893617021294,0.0,-0.5,-0.36602540378443876,0.0,0.9285714285714286,0.9520958083832342
1.0,0.6,1.0,0.2,1.0092592592592593,1.1063829787234043,1.281767955801105,1.1773049645390077,0.06451612903225806,-0.577350269189626,0.0,0.0,0.9642857142857143,1.1077844311377247
1.0,0.8,2.0,0.2,1.0277777777777777,1.1702127659574468,1.171270718232044,1.1702127659574484,0.4838709677419355,-0.5000000000000001,0.3660254037844388,0.0,1.0,1.2610778443113781
-1.0,-0.8,-1.0,0.4,-0.4166666666666667,-0.46808510638297873,-0.39779005524861877,-0.4326241134751774,-0.6451612903225806,0.49999999999999994,0.3660254037844388,0.0,-1.0,-0.6239520958083833
-1.0,-0.6,-1.0,0.4,-0.28703703703703703,-0.46808510638297873,-0.46408839779005523,-0.4042553191489365,-0.6451612903225806,0.5773502691896257,1.793007356604921e-16,0.0,-0.9642857142857143,-0.5880239520958085
-1.0,-0.4,0.0,0.4,-0.08333333333333333,-0.3191489361702128,-0.46408839779005523,-0.2765957446808513,-0.6774193548387096,0.5,-0.3660254037844383,0.0,-0.9285714285714286,-0.5257485029940127
-1.0,-0.2,0.0,0.4,1.4907407407407407,-0.0851063829787234,-0.30939226519337015,0.45390070921985903,-0.6774193548387096,0.2886751345948128,-0.6339745962155612,1.0,-0.8928571428571429,-0.25748502994011957
-1.0,0.0,0.0,0.4,1.4907407407407407,1.7234042553191489,-0.06629834254143646,1.134751773049646,-0.25806451612903225,0.0,-0.7320508075688771,0.0,-0.8571428571428571,0.010778443113772462
-1.0,0.2,1.0,0.4,1.4907407407407407,1.7234042553191489,1.8121546961325967,1.737588652482271,-0.25806451612903225,-0.2886751345948128,-0.6339745962155612,0.0,-0.8214285714285714,0.24790419161676663
-1.0,0.4,1.0,0.4,1.6574074074074074,1.7234042553191489,1.8121546961325967,1.8014184397163138,-0.3225806451612903,-0.5,-0.36602540378443876,0.0,-0.7857142857142857,0.5065868263473058
-1.0,0.6,1.0,0.4,1.3240740740740742,1.9148936170212767,1.8121546961325967,1.737588652482271,-0.3225806451612903,-0.577350269189626,0.0,0.0,-0.75,0.7269461077844309
-1.0,0.8,2.0,0.4,0.9907407407407407,1.5319148936170213,2.0110497237569063,1.5460992907801434,-0.2903225806451613,-0.5000000000000001,0.3660254037844388,0.0,-0.7142857142857143,0.9041916167664684
-1.0,1.0,2.0,0.4,0.8981481481481481,1.148936170212766,1.6132596685082874,1.255319148936172,-0.2903225806451613,-0.2886751345948132,0.6339745962155612,0.0,-0.6785714285714286,1.0670658682634737
-1.0,1.2,2.0,0.4,0.8611111111111112,1.0425531914893618,1.2154696132596685,1.0780141843971642,-0.3870967741935484,-2.1211504774498138e-16,0.7320508075688774,0.0,-0.6428571428571429,1.2251497005988032
-0.5,-1.0,-1.0,0.4,0.8611111111111112,1.0,1.1049723756906078,1.0283687943262416,-0.3870967741935484,0.2886751345948128,0.6339745962155615,0.0,-0.6071428571428571,1.3904191616766477
-0.5,-0.8,-1.0,0.4,0.8611111111111112,1.0,1.0607734806629834,1.0141843971631217,-0.16129032258064516,0.49999999999999994,0.3660254037844388,0.0,-0.5714285714285714,1.5556886227544922
-0.5,-0.6,-1.0,0.4,0.21296296296296297,1.0,1.0607734806629834,0.765957446808512,0.1935483870967742,0.5773502691896257,1.793007356604921e-16,0.0,-0.5357142857142857,1.6203592814371268
-0.5,-0.4,0.0,0.4,0.21296296296296297,0.2553191489361702,1.0607734806629834,0.5177304964539009,2.935483870967742,0.5,-0.3660254037844383,0.0,-0.5,1.6586826347305408
-0.5,-0.2,0.0,0.4,0.17592592592592593,0.2553191489361702,0.287292817679558,0.2553191489361704,2.935483870967742,0.2886751345948128,-0.6339745962155612,1.0,-0.4642857142857143,1.4886227544910182
-0.5,0.0,0.0,0.4,0.1574074074074074,0.2127659574468085,0.287292817679558,0.23404255319148953,2.935483870967742,0.0,-0.7320508075688771,0.0,-0.42857142857142855,1.3161676646706588
-0.5,0.2,1.0,0.4,0.1574074074074074,0.19148936170212766,0.2430939226519337,0.21276595744680868,3.225806451612903,-0.2886751345948128,-0.6339745962155612,0.0,-0.39285714285714285,1.1437125748502994
-0.5,0.4,1.0,0.4,0.23148148148148148,0.19148936170212766,0.22099447513812154,0.23404255319148953,2.6451612903225805,-0.5,-0.36602540378443876,0.0,-0.35714285714285715,0.9592814371257492
-0.5,0.6,1.0,0.4,0.25,0.2765957446808511,0.22099447513812154,0.2695035460992912,2.064516129032258,-0.577350269189626,0.0,0.0,-0.32142857142857145,0.8203592814371257
-0.5,0.8,2.0,0.4,0.25,0.2978723404255319,0.30939226519337015,0.30496453900709297,1.903225806451613,-0.5000000000000001,0.3660254037844388,0.0,-0.2857142857142857,0.724550898203594
-0.5,1.0,2.0,0.4,0.25,0.2978723404255319,0.3314917127071823,0.312056737588653,1.8387096774193548,-0.2886751345948132,0.6339745962155612,0.0,-0.25,0.6407185628742523
-0.5,1.2,2.0,0.4,0.3055555555555556,0.2978723404255319,0.3314917127071823,0.33333333333333387,1.8387096774193548,-2.1211504774498138e-16,0.7320508075688774,0.0,-0.21428571428571427,0.5688622754491025
0.0,-1.0,-1.0,0.4,0.21296296296296297,0.3617021276595745,0.3314917127071823,0.319148936170213,1.8387096774193548,0.2886751345948128,0.6339745962155615,0.0,-0.17857142857142858,0.4850299401197608
0.0,-0.8,-1.0,0.4,-0.28703703703703703,0.2553191489361702,0.39779005524861877,0.11347517730496515,0.7096774193548387,0.49999999999999994,0.3660254037844388,0.0,-0.14285714285714285,0.33652694610778433
0.0,-0.6,-1.0,0.4,-0.28703703703703703,-0.3191489361702128,0.287292817679558,-0.11347517730496437,0.7096774193548387,0.5773502691896257,1.793007356604921e-16,0.0,-0.10714285714285714,0.27185628742514956
0.0,-0.4,0.0,0.4,-0.08333333333333333,-0.3191489361702128,-0.30939226519337015,-0.22695035460992874,0.6451612903225806,0.5,-0.3660254037844383,0.0,-0.07142857142857142,0.2335329341317367
0.0,-0.2,0.0,0.4,-0.027777777777777776,-0.0851063829787234,-0.30939226519337015,-0.1276595744680852,0.6129032258064516,0.2886751345948128,-0.6339745962155612,1.0,-0.03571428571428571,0.20718562874251475
0.0,0.0,0.0,0.4,-0.027777777777777776,-0.02127659574468085,-0.06629834254143646,-0.028368794326240898,0.6129032258064516,0.0,-0.7320508075688771,0.0,0.0,0.18323353293413186
0.0,0.2,1.0,0.4,-0.027777777777777776,-0.02127659574468085,0.0,-0.007092198581560031,0.7419354838709677,-0.2886751345948128,-0.6339745962155612,0.0,0.03571428571428571,0.15928143712574896
0.0,0.4,1.0,0.4,0.06481481481481481,-0.02127659574468085,0.0,0.028368794326241672,0.7741935483870968,-0.5,-0.36602540378443876,0.0,0.07142857142857142,0.13772455089820404
0.0,0.6,1.0,0.4,-0.009259259259259259,0.0851063829787234,0.0,0.035460992907801706,0.7741935483870968,-0.577350269189626,0.0,0.0,0.10714285714285714,0.10419161676646714
0.0,0.8,2.0,0.4,0.009259259259259259,0.0,0.11049723756906077,0.04964539007092254,0.7741935483870968,-0.5000000000000001,0.3660254037844388,0.0,0.14285714285714285,0.07305389221556927
0.0,1.0,2.0,0.4,0.009259259259259259,0.02127659574468085,0.022099447513812154,0.028368794326241672,0.8709677419354839,-0.2886751345948132,0.6339745962155612,0.0,0.17857142857142858,0.04191616766467034
0.0,1.2,2.0,0.4,-0.009259259259259259,0.02127659574468085,0.04419889502762431,0.028368794326241672,0.7096774193548387,-2.1211504774498138e-16,0.7320508075688774,0.0,0.21428571428571427,0.001197604790419511
0.5,-1.0,-1.0,0.4,-0.027777777777777776,0.0,0.04419889502762431,0.014184397163120836,-0.16129032258064516,0.2886751345948128,0.6339745962155615,0.0,0.25,-0.02994011976047941
0.5,-0.8,-1.0,0.4,-0.027777777777777776,-0.02127659574468085,0.022099447513812154,0.0,-0.16129032258064516,0.49999999999999994,0.3660254037844388,0.0,0.2857142857142857,0.0035928143712574876
0.5,-0.6,-1.0,0.4,-0.027777777777777776,-0.02127659574468085,0.0,-0.007092198581560031,0.1935483870967742,0.5773502691896257,1.793007356604921e-16,0.0,0.32142857142857145,0.03712574850299439
0.5,-0.4,0.0,0.4,-0.009259259259259259,-0.02127659574468085,0.0,0.0,0.2903225806451613,0.5,-0.3660254037844383,1.0,0.35714285714285715,0.04670658682634734
0.5,-0.2,0.0,0.4,0.046296296296296294,0.0,0.0,0.028368794326241672,0.2903225806451613,0.2886751345948128,-0.6339745962155612,0.0,0.39285714285714285,0.05628742514970029
0.5,0.0,0.0,0.4,0.046296296296296294,0.06382978723404255,0.022099447513812154,0.05673758865248257,0.2903225806451613,0.0,-0.7320508075688771,0.0,0.42857142857142855,0.06586826347305429
0.5,0.2,1.0,0.4,0.08333333333333333,0.06382978723404255,0.08839779005524862,0.09219858156028428,0.45161290322580644,-0.2886751345948128,-0.6339745962155612,0.0,0.4642857142857143,0.08023952095808423
0.5,0.4,1.0,0.4,0.10185185185185185,0.10638297872340426,0.08839779005524862,0.11347517730496515,0.3225806451612903,-0.5,-0.36602540378443876,0.0,0.5,0.08502994011976019
0.5,0.6,1.0,0.4,0.1388888888888889,0.1276595744680851,0.13259668508287292,0.14893617021276606,0.3548387096774194,-0.577350269189626,0.0,0.0,0.5357142857142857,0.10419161676646714
0.5,0.8,2.0,0.4,0.21296296296296297,0.1702127659574468,0.15469613259668508,0.19858156028368862,0.3548387096774194,-0.5000000000000001,0.3660254037844388,0.0,0.5714285714285714,0.13053892215568907
0.5,1.0,2.0,0.4,0.23148148148148148,0.2553191489361702,0.19889502762430938,0.24822695035461037,0.3225806451612903,-0.2886751345948132,0.6339745962155612,0.0,0.6071428571428571,0.15928143712574896
0.5,1.2,2.0,0.4,0.49074074074074076,0.2765957446808511,0.287292817679558,0.3829787234042556,0.2903225806451613,-2.1211504774498138e-16,0.7320508075688774,0.0,0.6428571428571429,0.22395209580838374
1.0,-1.0,-1.0,0.4,0.8425925925925926,0.574468085106383,0.30939226519337015,0.6241134751773052,0.2903225806451613,0.2886751345948128,0.6339745962155615,0.0,0.6785714285714286,0.33652694610778433
1.0,-0.8,-1.0,0.4,0.8425925925925926,0.9787234042553191,0.6187845303867403,0.8581560283687948,0.2903225806451613,0.49999999999999994,0.3660254037844388,0.0,0.7142857142857143,0.44910179640718595
1.0,-0.6,-1.0,0.4,0.9722222222222222,0.9787234042553191,1.0386740331491713,1.0425531914893633,0.3225806451612903,0.5773502691896257,1.793007356604921e-16,0.0,0.75,0.5784431137724555
1.0,-0.4,0.0,0.4,0.9722222222222222,1.127659574468085,1.0386740331491713,1.0921985815602844,0.41935483870967744,0.5,-0.3660254037844383,1.0,0.7857142857142857,0.705389221556886
1.0,-0.2,0.0,0.4,1.0648148148148149,1.127659574468085,1.1933701657458564,1.1773049645390077,0.41935483870967744,0.2886751345948128,-0.6339745962155612,0.0,0.8214285714285714,0.8371257485029946
1.0,0.0,0.0,0.4,1.287037037037037,1.2340425531914894,1.1933701657458564,1.2978723404255337,0.4838709677419355,0.0,-0.7320508075688771,0.0,0.8571428571428571,0.9976047904191631
1.0,0.2,1.0,0.4,1.3981481481481481,1.4893617021276595,1.3038674033149171,1.4609929078014199,0.5161290322580645,-0.2886751345948128,-0.6339745962155612,0.0,0.8928571428571429,1.1676646706586835
1.0,0.4,1.0,0.4,1.3981481481481481,1.6170212765957446,1.569060773480663,1.588652482269505,0.5806451612903226,-0.5,-0.36602540378443876,0.0,0.9285714285714286,1.3353293413173668
1.0,0.6,1.0,0.4,1.4537037037037037,1.6170212765957446,1.701657458563536,1.6524822695035477,0.7096774193548387,-0.577350269189626,0.0,0.0,0.9642857142857143,1.5053892215568874
1.0,0.8,2.0,0.4,1.4166666666666667,1.6808510638297873,1.701657458563536,1.6595744680851083,0.7419354838709677,-0.5000000000000001,0.3660254037844388,0.0,1.0,1.6610778443113776
-1.0,-1.0,-1.0,0.6,-0.21296296296296297,-0.2127659574468085,-0.19889502762430938,-0.20567375886524786,-0.06451612903225806,0.2886751345948128,0.6339745962155615,0.0,-1.0357142857142858,-0.20479041916167678
-1.0,-0.8,-1.0,0.6,-0.21296296296296297,-0.23404255319148937,-0.19889502762430938,-0.21276595744680868,-0.06451612903225806,0.49999999999999994,0.3660254037844388,0.0,-1.0,-0.20239520958083881
-1.0,-0.6,-1.0,0.6,-0.10185185185185185,-0.23404255319148937,-0.22099447513812154,-0.17730496453900696,-0.0967741935483871,0.5773502691896257,1.793007356604921e-16,0.0,-0.9642857142857143,-0.18562874251496983
-1.0,-0.4,0.0,0.6,0.027777777777777776,-0.10638297872340426,-0.22099447513812154,-0.08510638297872347,-0.06451612903225806,0.5,-0.3660254037844383,0.0,-0.9285714285714286,-0.14970059880239497
-1.0,-0.2,0.0,0.6,0.7685185185185185,0.0425531914893617,-0.08839779005524862,0.2907801418439721,0.45161290322580644,0.2886751345948128,-0.6339745962155612,1.0,-0.8928571428571429,-0.020359281437125416
-1.0,0.0,0.0,0.6,0.5092592592592593,0.8936170212765957,0.06629834254143646,0.5248226950354616,0.12903225806451613,0.0,-0.7320508075688771,0.0,-0.8571428571428571,0.03712574850299439
-1.0,0.2,1.0,0.6,0.1388888888888889,0.5957446808510638,0.9502762430939227,0.5673758865248234,0.0967741935483871,-0.2886751345948128,-0.6339745962155612,0.0,-0.8214285714285714,0.07065868263473024
-1.0,0.4,1.0,0.6,0.6388888888888888,0.1702127659574468,0.6408839779005525,0.5177304964539009,0.0967741935483871,-0.5,-0.36602540378443876,0.0,-0.7857142857142857,0.1712574850299399
-1.0,0.6,1.0,0.6,0.39814814814814814,0.7446808510638298,0.19889502762430938,0.47517730496453914,0.03225806451612903,-0.577350269189626,0.0,0.0,-0.75,0.24071856287425167
-1.0,0.8,2.0,0.6,0.3055555555555556,0.46808510638297873,0.7955801104972375,0.5390070921985817,0.0,-0.5000000000000001,0.3660254037844388,0.0,-0.7142857142857143,0.30299401197604847
-1.0,1.0,2.0,0.6,0.21296296296296297,0.3617021276595745,0.5082872928176796,0.3758865248226956,0.0,-0.2886751345948132,0.6339745962155612,0.0,-0.6785714285714286,0.35568862275449126
-1.0,1.2,2.0,0.6,0.1574074074074074,0.2553191489361702,0.39779005524861877,0.2836879432624121,-0.03225806451612903,-2.1211504774498138e-16,0.7320508075688774,0.0,-0.6428571428571429,0.4011976047904191
-0.5,-1.0,-1.0,0.6,0.1574074074074074,0.19148936170212766,0.287292817679558,0.22695035460992952,-0.03225806451612903,0.2886751345948128,0.6339745962155615,0.0,-0.6071428571428571,0.44910179640718595
-0.5,-0.8,-1.0,0.6,0.1574074074074074,0.19148936170212766,0.22099447513812154,0.20567375886524863,0.16129032258064516,0.49999999999999994,0.3660254037844388,0.0,-0.5714285714285714,0.4970059880239528
-0.5,-0.6,-1.0,0.6,0.10185185185185185,0.19148936170212766,0.22099447513812154,0.18439716312056778,0.3870967741935484,0.5773502691896257,1.793007356604921e-16,0.0,-0.5357142857142857,0.5233532934131737
-0.5,-0.4,0.0,0.6,0.08333333333333333,0.1276595744680851,0.22099447513812154,0.15602836879432688,1.6774193548387097,0.5,-0.3660254037844383,0.0,-0.5,0.5305389221556887
-0.5,-0.2,0.0,0.6,0.08333333333333333,0.10638297872340426,0.15469613259668508,0.1276595744680852,1.2258064516129032,0.2886751345948128,-0.6339745962155612,1.0,-0.4642857142857143,0.44191616766467096
-0.5,0.0,0.0,0.6,0.046296296296296294,0.10638297872340426,0.13259668508287292,0.10638297872340434,0.5806451612903226,0.0,-0.7320508075688771,0.0,-0.42857142857142855,0.3820359281437132
-0.5,0.2,1.0,0.6,0.4537037037037037,0.06382978723404255,0.13259668508287292,0.24822695035461037,1.4516129032258065,-0.2886751345948128,-0.6339745962155612,0.0,-0.39285714285714285,0.42275449101796403
-0.5,0.4,1.0,0.6,0.027777777777777776,0.5319148936170213,0.08839779005524862,0.22695035460992952,1.032258064516129,-0.5,-0.36602540378443876,0.0,-0.35714285714285715,0.34371257485029927
-0.5,0.6,1.0,0.6,-0.009259259259259259,0.0425531914893617,0.574585635359116,0.20567375886524863,0.8709677419354839,-0.577350269189626,0.0,0.0,-0.32142857142857145,0.2910179640718565
-0.5,0.8,2.0,0.6,-0.027777777777777776,0.0,0.06629834254143646,0.021276595744680868,0.7096774193548387,-0.5000000000000001,0.3660254037844388,0.0,-0.2857142857142857,0.24790419161676663
-0.5,1.0,2.0,0.6,-0.046296296296296294,-0.02127659574468085,0.022099447513812154,-0.007092198581560031,0.6129032258064516,-0.2886751345948132,0.6339745962155612,0.0,-0.25,0.21437125748502975
-0.5,1.2,2.0,0.6,-0.027777777777777776,-0.0425531914893617,0.0,-0.014184397163120062,0.6129032258064516,-2.1211504774498138e-16,0.7320508075688774,0.0,-0.21428571428571427,0.19041916167664685
0.0,-1.0,-1.0,0.6,-0.046296296296296294,-0.02127659574468085,-0.022099447513812154,-0.021276595744680868,0.6129032258064516,0.2886751345948128,0.6339745962155615,0.0,-0.17857142857142858,0.1640718562874249
0.0,-0.8,-1.0,0.6,-0.046296296296296294,-0.0425531914893617,0.0,-0.021276595744680868,0.5161290322580645,0.49999999999999994,0.3660254037844388,0.0,-0.14285714285714285,0.13772455089820404
0.0,-0.6,-1.0,0.6,-0.5092592592592593,-0.0425531914893617,-0.022099447513812154,-0.20567375886524786,0.4838709677419355,0.5773502691896257,1.793007356604921e-16,0.0,-0.10714285714285714,0.058682634730539314
0.0,-0.4,0.0,0.6,0.027777777777777776,-0.574468085106383,-0.022099447513812154,-0.17730496453900696,0.4838709677419355,0.5,-0.3660254037844383,0.0,-0.07142857142857142,0.051497005988024334
0.0,-0.2,0.0,0.6,0.12037037037037036,0.0425531914893617,-0.574585635359116,-0.11347517730496437,0.41935483870967744,0.2886751345948128,-0.6339745962155612,1.0,-0.03571428571428571,0.05628742514970029
0.0,0.0,0.0,0.6,0.12037037037037036,0.14893617021276595,0.06629834254143646,0.1276595744680852,1.1290322580645162,0.0,-0.7320508075688771,0.0,0.0,0.06586826347305429
0.0,0.2,1.0,0.6,0.12037037037037036,0.14893617021276595,0.17679558011049723,0.1631205673758869,0.3870967741935484,-0.2886751345948128,-0.6339745962155612,0.0,0.03571428571428571,0.022754491017964437
0.0,0.4,1.0,0.6,0.23148148148148148,0.14893617021276595,0.17679558011049723,0.20567375886524863,0.3225806451612903,-0.5,-0.36602540378443876,0.0,0.07142857142857142,0.049101796407185316
0.0,0.6,1.0,0.6,0.21296296296296297,0.2765957446808511,0.17679558011049723,0.24113475177305035,0.2903225806451613,-0.577350269189626,0.0,0.0,0.10714285714285714,0.07784431137724522
0.0,0.8,2.0,0.6,0.17592592592592593,0.2553191489361702,0.30939226519337015,0.2624113475177312,0.25806451612903225,-0.5000000000000001,0.3660254037844388,0.0,0.14285714285714285,0.10419161676646714
0.0,1.0,2.0,0.6,0.17592592592592593,0.2127659574468085,0.287292817679558,0.24113475177305035,0.2903225806451613,-0.2886751345948132,0.6339745962155612,0.0,0.17857142857142858,0.13293413173652704
0.0,1.2,2.0,0.6,0.19444444444444445,0.2127659574468085,0.2430939226519337,0.23404255319148953,0.25806451612903225,-2.1211504774498138e-16,0.7320508075688774,0.0,0.21428571428571427,0.16167664670658694
0.5,-1.0,-1.0,0.6,0.17592592592592593,0.23404255319148937,0.2430939226519337,0.23404255319148953,0.25806451612903225,0.2886751345948128,0.6339745962155615,0.0,0.25,0.19041916167664685
0.5,-0.8,-1.0,0.6,0.19444444444444445,0.2127659574468085,0.26519337016574585,0.24113475177305035,-0.5483870967741935,0.49999999999999994,0.3660254037844388,0.0,0.2857142857142857,0.2215568862275447
0.5,-0.6,-1.0,0.6,0.17592592592592593,0.23404255319148937,0.2430939226519337,0.23404255319148953,0.3870967741935484,0.5773502691896257,1.793007356604921e-16,0.0,0.32142857142857145,0.31017964071856347
0.5,-0.4,0.0,0.6,0.17592592592592593,0.2127659574468085,0.26519337016574585,0.23404255319148953,0.5483870967741935,0.5,-0.3660254037844383,1.0,0.35714285714285715,0.32934131736526934
0.5,-0.2,0.0,0.6,0.19444444444444445,0.2127659574468085,0.2430939226519337,0.23404255319148953,0.5483870967741935,0.2886751345948128,-0.6339745962155612,0.0,0.39285714285714285,0.3389221556886233
0.5,0.0,0.0,0.6,0.23148148148148148,0.23404255319148937,0.2430939226519337,0.2553191489361704,0.5483870967741935,0.0,-0.7320508075688771,0.0,0.42857142857142855,0.3532934131736533
0.5,0.2,1.0,0.6,0.25,0.2765957446808511,0.26519337016574585,0.2836879432624121,0.7419354838709677,-0.2886751345948128,-0.6339745962155612,0.0,0.4642857142857143,0.3700598802395212
0.5,0.4,1.0,0.6,0.25,0.2978723404255319,0.30939226519337015,0.30496453900709297,0.7096774193548387,-0.5,-0.36602540378443876,0.0,0.5,0.3724550898203592
0.5,0.6,1.0,0.6,0.26851851851851855,0.2978723404255319,0.3314917127071823,0.319148936170213,0.6451612903225806,-0.577350269189626,0.0,0.0,0.5357142857142857,0.3796407185628742
0.5,0.8,2.0,0.6,0.28703703703703703,0.3191489361702128,0.3314917127071823,0.33333333333333387,0.6451612903225806,-0.5000000000000001,0.3660254037844388,0.0,0.5714285714285714,0.3940119760479041
0.5,1.0,2.0,0.6,0.39814814814814814,0.3404255319148936,0.35359116022099446,0.39007092198581644,0.6774193548387096,-0.2886751345948132,0.6339745962155612,0.0,0.6071428571428571,0.42275449101796403
0.5,1.2,2.0,0.6,0.5092592592592593,0.46808510638297873,0.3756906077348066,0.48226950354609993,0.6451612903225806,-2.1211504774498138e-16,0.7320508075688774,0.0,0.6428571428571429,0.4634730538922159
1.0,-1.0,-1.0,0.6,0.8425925925925926,0.5957446808510638,0.5082872928176796,0.6950354609929086,0.6774193548387096,0.2886751345948128,0.6339745962155615,0.0,0.6785714285714286,0.5497005988023956
1.0,-0.8,-1.0,0.6,0.9722222222222222,0.9787234042553191,0.6408839779005525,0.914893617021278,0.6451612903225806,0.49999999999999994,0.3660254037844388,0.0,0.7142857142857143,0.6502994011976052
1.0,-0.6,-1.0,0.6,1.0277777777777777,1.127659574468085,1.0386740331491713,1.1134751773049651,0.6451612903225806,0.5773502691896257,1.793007356604921e-16,0.0,0.75,0.7604790419161689
1.0,-0.4,0.0,0.6,1.1203703703703705,1.1914893617021276,1.1933701657458564,1.2198581560283694,0.6774193548387096,0.5,-0.3660254037844383,1.0,0.7857142857142857,0.8826347305389235
1.0,-0.2,0.0,0.6,1.2314814814814814,1.297872340425532,1.2596685082872927,1.3191489361702147,0.7419354838709677,0.2886751345948128,-0.6339745962155612,0.0,0.8214285714285714,1.016766467065869
1.0,0.0,0.0,0.6,1.3425925925925926,1.425531914893617,1.3701657458563536,1.439716312056739,0.7741935483870968,0.0,-0.7320508075688771,0.0,0.8571428571428571,1.1604790419161686
1.0,0.2,1.0,0.6,1.4351851851851851,1.553191489361702,1.5027624309392265,1.5602836879432633,0.7741935483870968,-0.2886751345948128,-0.6339745962155612,0.0,0.8928571428571429,1.313772455089822
1.0,0.4,1.0,0.6,1.3981481481481481,1.6595744680851063,1.6353591160220995,1.6241134751773059,0.8064516129032258,-0.5,-0.36602540378443876,0.0,0.9285714285714286,1.4622754491017975
1.0,0.6,1.0,0.6,1.4166666666666667,1.6170212765957446,1.7458563535911602,1.6524822695035477,0.8387096774193549,-0.577350269189626,0.0,0.0,0.9642857142857143,1.6107784431137728
1.0,0.8,2.0,0.6,1.4166666666666667,1.6382978723404256,1.701657458563536,1.6453900709219869,1.032258064516129,-0.5000000000000001,0.3660254037844388,0.0,1.0,1.7568862275449113
-1.0,-0.8,-1.0,0.8,-0.7870370370370371,-0.8936170212765957,-0.9060773480662984,-0.8794326241134756,-0.8709677419354839,0.49999999999999994,0.3660254037844388,0.0,-1.0,-1.0670658682634737
-1.0,-0.6,-1.0,0.8,-0.6944444444444444,-0.8936170212765957,-0.9060773480662984,-0.8439716312056739,-0.8709677419354839,0.5773502691896257,1.793007356604921e-16,0.0,-0.9642857142857143,-1.0670658682634737
-1.0,-0.4,0.0,0.8,-0.6944444444444444,-0.7872340425531915,-0.9060773480662984,-0.808510638297873,-0.8709677419354839,0.5,-0.3660254037844383,0.0,-0.9285714285714286,-1.0670658682634737
-1.0,-0.2,0.0,0.8,-0.6944444444444444,-0.7872340425531915,-0.7955801104972375,-0.7730496453900713,-0.8709677419354839,0.2886751345948128,-0.6339745962155612,1.0,-0.8928571428571429,-1.0670658682634737
-1.0,0.0,0.0,0.8,-0.6944444444444444,-0.7872340425531915,-0.7955801104972375,-0.7730496453900713,-0.8709677419354839,0.0,-0.7320508075688771,0.0,-0.8571428571428571,-1.0670658682634737
-1.0,0.2,1.0,0.8,-0.6944444444444444,-0.7872340425531915,-0.7955801104972375,-0.7730496453900713,-0.8709677419354839,-0.2886751345948128,-0.6339745962155612,0.0,-0.8214285714285714,-1.0670658682634737
-1.0,0.4,1.0,0.8,-0.5092592592592593,-0.7872340425531915,-0.7955801104972375,-0.7021276595744687,-0.9354838709677419,-0.5,-0.36602540378443876,0.0,-0.7857142857142857,-1.043113772455091
-1.0,0.6,1.0,0.8,-0.6018518518518519,-0.574468085106383,-0.7955801104972375,-0.666666666666667,-0.9354838709677419,-0.577350269189626,0.0,0.0,-0.75,-1.026347305389222
-1.0,0.8,2.0,0.8,-0.6018518518518519,-0.6808510638297872,-0.574585635359116,-0.6312056737588653,-0.9354838709677419,-0.5000000000000001,0.3660254037844388,0.0,-0.7142857142857143,-1.009580838323354
-1.0,1.0,2.0,0.8,-0.6018518518518519,-0.6808510638297872,-0.6850828729281768,-0.666666666666667,-1.032258064516129,-0.2886751345948132,0.6339745962155612,0.0,-0.6785714285714286,-0.9928143712574861
-1.0,1.2,2.0,0.8,-0.6018518518518519,-0.6808510638297872,-0.6850828729281768,-0.666666666666667,-1.032258064516129,-2.1211504774498138e-16,0.7320508075688774,0.0,-0.6428571428571429,-0.9688622754491021
-0.5,-1.0,-1.0,0.8,-0.6018518518518519,-0.6808510638297872,-0.6850828729281768,-0.666666666666667,-1.032258064516129,0.2886751345948128,0.6339745962155615,0.0,-0.6071428571428571,-0.9449101796407192
-0.5,-0.8,-1.0,0.8,-0.6018518518518519,-0.6808510638297872,-0.6850828729281768,-0.666666666666667,-0.8709677419354839,0.49999999999999994,0.3660254037844388,0.0,-0.5714285714285714,-0.9209580838323363
-0.5,-0.6,-1.0,0.8,-0.6018518518518519,-0.6808510638297872,-0.6850828729281768,-0.666666666666667,-0.8709677419354839,0.5773502691896257,1.793007356604921e-16,0.0,-0.5357142857142857,-0.9089820359281443
-0.5,-0.4,0.0,0.8,-0.6018518518518519,-0.6808510638297872,-0.6850828729281768,-0.666666666666667,-0.8709677419354839,0.5,-0.3660254037844383,0.0,-0.5,-0.8970059880239524
-0.5,-0.2,0.0,0.8,-0.6018518518518519,-0.6808510638297872,-0.6850828729281768,-0.666666666666667,-0.8709677419354839,0.2886751345948128,-0.6339745962155612,1.0,-0.4642857142857143,-0.8850299401197614
-0.5,0.0,0.0,0.8,-0.6018518518518519,-0.6808510638297872,-0.6850828729281768,-0.666666666666667,-0.8709677419354839,0.0,-0.7320508075688771,0.0,-0.42857142857142855,-0.8730538922155695
-0.5,0.2,1.0,0.8,-0.6018518518518519,-0.6808510638297872,-0.6850828729281768,-0.666666666666667,-0.5483870967741935,-0.2886751345948128,-0.6339745962155612,0.0,-0.39285714285714285,-0.8610778443113775
-0.5,0.4,1.0,0.8,-0.7314814814814815,-0.6808510638297872,-0.6850828729281768,-0.7163120567375887,-0.7096774193548387,-0.5,-0.36602540378443876,0.0,-0.35714285714285715,-0.8898203592814374
-0.5,0.6,1.0,0.8,-0.7314814814814815,-0.8297872340425532,-0.6850828729281768,-0.7659574468085112,-0.7096774193548387,-0.577350269189626,0.0,0.0,-0.32142857142857145,-0.9065868263473064
-0.5,0.8,2.0,0.8,-0.7314814814814815,-0.8297872340425532,-0.8397790055248618,-0.815602836879433,-0.7096774193548387,-0.5000000000000001,0.3660254037844388,0.0,-0.2857142857142857,-0.9233532934131743
-0.5,1.0,2.0,0.8,-0.7314814814814815,-0.8297872340425532,-0.8397790055248618,-0.815602836879433,-0.7096774193548387,-0.2886751345948132,0.6339745962155612,0.0,-0.25,-0.9401197604790422
-0.5,1.2,2.0,0.8,-0.7314814814814815,-0.8297872340425532,-0.8397790055248618,-0.815602836879433,-0.7096774193548387,-2.1211504774498138e-16,0.7320508075688774,0.0,-0.21428571428571427,-0.9568862275449111
0.0,-1.0,-1.0,0.8,-0.7314814814814815,-0.8297872340425532,-0.8397790055248618,-0.815602836879433,-0.7096774193548387,0.2886751345948128,0.6339745962155615,0.0,-0.17857142857142858,-0.9736526946107791
0.0,-0.8,-1.0,0.8,-0.6944444444444444,-0.8297872340425532,-0.8397790055248618,-0.8014184397163122,-0.7096774193548387,0.49999999999999994,0.3660254037844388,0.0,-0.14285714285714285,-0.9856287425149711
0.0,-0.6,-1.0,0.8,-0.6944444444444444,-0.7872340425531915,-0.8397790055248618,-0.7872340425531921,-0.7096774193548387,0.5773502691896257,1.793007356604921e-16,0.0,-0.10714285714285714,-0.9976047904191621
0.0,-0.4,0.0,0.8,-0.5462962962962963,-0.7872340425531915,-0.7955801104972375,-0.7163120567375887,-0.7096774193548387,0.5,-0.3660254037844383,0.0,-0.07142857142857142,-0.990419161676647
0.0,-0.2,0.0,0.8,-0.4537037037037037,-0.6170212765957447,-0.7955801104972375,-0.6241134751773052,-0.7096774193548387,0.2886751345948128,-0.6339745962155612,1.0,-0.03571428571428571,-0.9712574850299411
0.0,0.0,0.0,0.8,-0.4537037037037037,-0.5106382978723404,-0.6187845303867403,-0.5319148936170217,-0.7096774193548387,0.0,-0.7320508075688771,0.0,0.0,-0.9520958083832342
0.0,0.2,1.0,0.8,-0.4537037037037037,-0.5106382978723404,-0.5082872928176796,-0.49645390070921996,-0.9354838709677419,-0.2886751345948128,-0.6339745962155612,0.0,0.03571428571428571,-0.9329341317365273
0.0,0.4,1.0,0.8,0.046296296296296294,-0.5106382978723404,-0.5082872928176796,-0.3049645390070922,-0.9354838709677419,-0.5,-0.36602540378443876,0.0,0.07142857142857142,-0.8323353293413176
0.0,0.6,1.0,0.8,0.046296296296296294,0.06382978723404255,-0.5082872928176796,-0.11347517730496437,-0.9354838709677419,-0.577350269189626,0.0,0.0,0.10714285714285714,-0.7317365269461079
0.0,0.8,2.0,0.8,0.046296296296296294,0.06382978723404255,0.08839779005524862,0.07801418439716344,-0.9354838709677419,-0.5000000000000001,0.3660254037844388,0.0,0.14285714285714285,-0.6311377245508983
0.0,1.0,2.0,0.8,0.046296296296296294,0.06382978723404255,0.08839779005524862,0.07801418439716344,-0.9354838709677419,-0.2886751345948132,0.6339745962155612,0.0,0.17857142857142858,-0.5305389221556887
0.0,1.2,2.0,0.8,0.046296296296296294,0.06382978723404255,0.08839779005524862,0.07801418439716344,-0.9354838709677419,-2.1211504774498138e-16,0.7320508075688774,0.0,0.21428571428571427,-0.42994011976047897
0.5,-1.0,-1.0,0.8,0.046296296296296294,0.06382978723404255,0.08839779005524862,0.07801418439716344,-0.8709677419354839,0.2886751345948128,0.6339745962155615,0.0,0.25,-0.32934131736526934
0.5,-0.8,-1.0,0.8,0.046296296296296294,0.06382978723404255,0.08839779005524862,0.07801418439716344,-0.8709677419354839,0.49999999999999994,0.3660254037844388,0.0,0.2857142857142857,-0.2335329341317367
0.5,-0.6,-1.0,0.8,0.046296296296296294,0.06382978723404255,0.08839779005524862,0.07801418439716344,-0.6129032258064516,0.5773502691896257,1.793007356604921e-16,0.0,0.32142857142857145,-0.13772455089820404
0.5,-0.4,0.0,0.8,0.046296296296296294,0.06382978723404255,0.08839779005524862,0.07801418439716344,-0.45161290322580644,0.5,-0.3660254037844383,1.0,0.35714285714285715,-0.06107784431137729
0.5,-0.2,0.0,0.8,0.046296296296296294,0.06382978723404255,0.08839779005524862,0.07801418439716344,-0.45161290322580644,0.2886751345948128,-0.6339745962155612,0.0,0.39285714285714285,0.0035928143712574876
0.5,0.0,0.0,0.8,0.6018518518518519,0.06382978723404255,0.08839779005524862,0.2907801418439721,-0.45161290322580644,0.0,-0.7320508075688771,0.0,0.42857142857142855,0.140119760479042
0.5,0.2,1.0,0.8,-0.32407407407407407,0.7021276595744681,0.08839779005524862,0.14893617021276606,0.41935483870967744,-0.2886751345948128,-0.6339745962155612,0.0,0.4642857142857143,0.15688622754490994
0.5,0.4,1.0,0.8,-0.32407407407407407,-0.3617021276595745,0.7513812154696132,0.007092198581560805,0.41935483870967744,-0.5,-0.36602540378443876,0.0,0.5,0.10898203592814414
0.5,0.6,1.0,0.8,-0.1388888888888889,-0.3617021276595745,-0.35359116022099446,-0.2765957446808513,0.41935483870967744,-0.577350269189626,0.0,0.0,0.5357142857142857,0.08502994011976019
0.5,0.8,2.0,0.8,-0.1388888888888889,-0.14893617021276595,-0.35359116022099446,-0.20567375886524786,0.41935483870967744,-0.5000000000000001,0.3660254037844388,0.0,0.5714285714285714,0.06107784431137729
0.5,1.0,2.0,0.8,0.046296296296296294,-0.14893617021276595,-0.13259668508287292,-0.0638297872340426,0.41935483870967744,-0.2886751345948132,0.6339745962155612,0.0,0.6071428571428571,0.06107784431137729
0.5,1.2,2.0,0.8,0.046296296296296294,0.06382978723404255,-0.13259668508287292,0.007092198581560805,0.41935483870967744,-2.1211504774498138e-16,0.7320508075688774,0.0,0.6428571428571429,0.06107784431137729
1.0,-1.0,-1.0,0.8,0.6018518518518519,0.06382978723404255,0.08839779005524862,0.2907801418439721,0.41935483870967744,0.2886751345948128,0.6339745962155615,0.0,0.6785714285714286,0.13293413173652704
1.0,-0.8,-1.0,0.8,0.6018518518518519,0.7021276595744681,0.08839779005524862,0.5035460992907808,0.41935483870967744,0.49999999999999994,0.3660254037844388,0.0,0.7142857142857143,0.20479041916167678
1.0,-0.6,-1.0,0.8,0.6018518518518519,0.7021276595744681,0.7513812154696132,0.7163120567375895,0.41935483870967744,0.5773502691896257,1.793007356604921e-16,0.0,0.75,0.27664670658682655
1.0,-0.4,0.0,0.8,0.7870370370370371,0.7021276595744681,0.7513812154696132,0.7872340425531928,0.41935483870967744,0.5,-0.3660254037844383,1.0,0.7857142857142857,0.3724550898203592
1.0,-0.2,0.0,0.8,0.7870370370370371,0.9148936170212766,0.7513812154696132,0.8581560283687948,1.3870967741935485,0.2886751345948128,-0.6339745962155612,0.0,0.8214285714285714,0.4682634730538929
1.0,0.0,0.0,0.8,0.7870370370370371,0.9148936170212766,0.9723756906077348,0.9290780141843982,-0.22580645161290322,0.0,-0.7320508075688771,0.0,0.8571428571428571,0.4922155688622758
1.0,0.2,1.0,0.8,0.7870370370370371,0.9148936170212766,0.9723756906077348,0.9290780141843982,-0.22580645161290322,-0.2886751345948128,-0.6339745962155612,0.0,0.8928571428571429,0.6359281437125753
1.0,0.4,1.0,0.8,0.7870370370370371,0.9148936170212766,0.9723756906077348,0.9290780141843982,0.0967741935483871,-0.5,-0.36602540378443876,0.0,0.9285714285714286,0.7796407185628748
1.0,0.6,1.0,0.8,0.7870370370370371,0.9148936170212766,0.9723756906077348,0.9290780141843982,0.0967741935483871,-0.577350269189626,0.0,0.0,0.9642857142857143,0.8994011976047903
1.0,0.8,2.0,0.8,0.7870370370370371,0.9148936170212766,0.9723756906077348,0.9290780141843982,0.41935483870967744,-0.5000000000000001,0.3660254037844388,0.0,1.0,1.019161676646708
