tahun,bulan,kuartal,wilayah_enc,harga_lag1,harga_lag2,harga_lag3,harga_rolling3,harga_lag12,sin_bulan,cos_bulan,is_lebaran_month,tren_index,harga_rolling12
-1.0,-0.8,-1.0,-1.0,-1.5384615384615385,-1.5263157894736843,-0.8766404199475065,-1.5297619047619055,-1.5358024691358025,0.49999999999999994,0.3660254037844388,0.0,-1.0,-2.160047421458211
-1.0,-0.6,-1.0,-1.0,-1.5915119363395225,-1.5263157894736843,-1.5170603674540681,-1.7916666666666676,-1.5555555555555556,0.5773502691896257,1.793007356604921e-16,0.0,-0.9642857142857143,-2.1410788381742747
-1.0,-0.4,0.0,-1.0,-1.8779840848806366,-1.5789473684210527,-1.5170603674540681,-1.918650793650795,-1.8617283950617285,0.5,-0.3660254037844383,0.0,-0.9285714285714286,-2.1517486662714886
-1.0,-0.2,0.0,-1.0,-2.2811671087533156,-1.8631578947368421,-1.5695538057742782,-2.1964285714285725,-1.8617283950617285,0.2886751345948128,-0.6339745962155612,1.0,-0.8928571428571429,-2.170717249555425
-1.0,0.0,0.0,-1.0,-2.2811671087533156,-2.263157894736842,-1.853018372703412,-2.454365079365081,-0.7555555555555555,0.0,-0.7320508075688771,0.0,-0.8571428571428571,-2.18968583283936
-1.0,0.2,1.0,-1.0,-2.2811671087533156,-2.263157894736842,-2.251968503937008,-2.605158730158731,-1.1209876543209876,-0.2886751345948128,-0.6339745962155612,0.0,-0.8214285714285714,-2.3414344991108487
-1.0,0.4,1.0,-1.0,-0.8806366047745358,-2.263157894736842,-2.251968503937008,-2.0813492063492074,-1.180246913580247,-0.5,-0.36602540378443876,0.0,-0.7857142857142857,-2.292827504445762
-1.0,0.6,1.0,-1.0,-1.453580901856764,-0.8736842105263158,-2.251968503937008,-1.771825396825398,-1.8419753086419752,-0.577350269189626,0.0,0.0,-0.75,-2.3011262596324844
-1.0,0.8,2.0,-1.0,-2.323607427055703,-1.4421052631578948,-0.8661417322834646,-1.7876984126984141,-1.2691358024691357,-0.5000000000000001,0.3660254037844388,0.0,-0.7142857142857143,-2.3272080616478967
-1.0,1.0,2.0,-1.0,-2.143236074270557,-2.305263157894737,-1.4330708661417322,-2.259920634920636,-0.725925925925926,-0.2886751345948132,0.6339745962155612,0.0,-0.6785714285714286,-2.401896858328395
-1.0,1.2,2.0,-1.0,-0.9761273209549072,-2.126315789473684,-2.293963254593176,-2.0813492063492074,-1.328395061728395,-2.1211504774498138e-16,0.7320508075688774,0.0,-0.6428571428571429,-2.4113811499703623
-0.5,-1.0,-1.0,-1.0,-1.6551724137931034,-0.968421052631579,-2.115485564304462,-1.8313492063492076,-1.328395061728395,0.2886751345948128,0.6339745962155615,0.0,-0.6071428571428571,-2.4244220509780683
-0.5,-0.8,-1.0,-1.0,-1.6551724137931034,-1.6421052631578947,-0.9606299212598425,-1.6488095238095246,-1.3777777777777778,0.49999999999999994,0.3660254037844388,0.0,-0.5714285714285714,-2.4374629519857747
-0.5,-0.6,-1.0,-1.0,-1.209549071618037,-1.6421052631578947,-1.6325459317585302,-1.7361111111111123,-1.6444444444444444,0.5773502691896257,1.793007356604921e-16,0.0,-0.5357142857142857,-2.394783639596919
-0.5,-0.4,0.0,-1.0,-1.2838196286472148,-1.2,-1.6325459317585302,-1.5972222222222237,-2.0197530864197533,0.5,-0.3660254037844383,0.0,-0.5,-2.3283935981031423
-0.5,-0.2,0.0,-1.0,-1.8779840848806366,-1.2736842105263158,-1.1916010498687664,-1.680555555555557,-2.0197530864197533,0.2886751345948128,-0.6339745962155612,1.0,-0.4642857142857143,-2.2833432128037945
-0.5,0.0,0.0,-1.0,-1.570291777188329,-1.8631578947368421,-1.2650918635170603,-1.8154761904761914,-2.0197530864197533,0.0,-0.7320508075688771,0.0,-0.42857142857142855,-2.2039122703023124
-0.5,0.2,1.0,-1.0,-1.570291777188329,-1.5578947368421052,-1.853018372703412,-1.9226190476190486,-0.7160493827160493,-0.2886751345948128,-0.6339745962155612,0.0,-0.39285714285714285,-2.1244813278008308
-0.5,0.4,1.0,-1.0,-1.209549071618037,-1.5578947368421052,-1.5485564304461943,-1.6726190476190486,-1.2493827160493827,-0.5,-0.36602540378443876,0.0,-0.35714285714285715,-2.161232957913456
-0.5,0.6,1.0,-1.0,-1.909814323607427,-1.2,-1.5485564304461943,-1.799603174603176,-2.0592592592592593,-0.577350269189626,0.0,0.0,-0.32142857142857145,-2.2122110254890344
-0.5,0.8,2.0,-1.0,-1.687002652519894,-1.894736842105263,-1.1916010498687664,-1.8432539682539695,-1.891358024691358,-0.5000000000000001,0.3660254037844388,0.0,-0.2857142857142857,-2.1410788381742747
-0.5,1.0,2.0,-1.0,-1.6445623342175066,-1.6736842105263159,-1.8845144356955381,-2.005952380952382,-0.8049382716049382,-0.2886751345948132,0.6339745962155612,0.0,-0.25,-2.085358624777713
-0.5,1.2,2.0,-1.0,-0.9230769230769231,-1.631578947368421,-1.6640419947506562,-1.6369047619047628,-1.4370370370370371,-2.1211504774498138e-16,0.7320508075688774,0.0,-0.21428571428571427,-2.079430942501482
0.0,-1.0,-1.0,-1.0,-1.1777188328912467,-0.9157894736842105,-1.6220472440944882,-1.4464285714285723,-1.4370370370370371,0.2886751345948128,0.6339745962155615,0.0,-0.17857142857142858,-2.0260818020154123
0.0,-0.8,-1.0,-1.0,-0.519893899204244,-1.168421052631579,-0.9081364829396326,-1.0257936507936523,-1.0222222222222221,0.49999999999999994,0.3660254037844388,0.0,-0.14285714285714285,-1.8992294013040907
0.0,-0.6,-1.0,-1.0,-0.519893899204244,-0.5157894736842106,-1.1601049868766404,-0.8750000000000009,-1.0913580246913581,0.5773502691896257,1.793007356604921e-16,0.0,-0.10714285714285714,-1.8221695317131013
0.0,-0.4,0.0,-1.0,-1.8143236074270557,-0.5157894736842106,-0.5091863517060368,-1.113095238095239,-1.6444444444444444,0.5,-0.3660254037844383,0.0,-0.07142857142857142,-1.8814463544754008
0.0,-0.2,0.0,-1.0,-0.6259946949602122,-1.8,-0.5091863517060368,-1.152777777777779,-1.3580246913580247,0.2886751345948128,-0.6339745962155612,1.0,-0.03571428571428571,-1.7415530527563725
0.0,0.0,0.0,-1.0,-0.6259946949602122,-0.6210526315789474,-1.79002624671916,-1.192460317460319,-1.3580246913580247,0.0,-0.7320508075688771,0.0,0.0,-1.636040308239479
0.0,0.2,1.0,-1.0,-0.6259946949602122,-0.6210526315789474,-0.6141732283464567,-0.7480158730158741,-1.0222222222222221,-0.2886751345948128,-0.6339745962155612,0.0,0.03571428571428571,-1.5305275637225852
0.0,0.4,1.0,-1.0,-1.389920424403183,-0.6210526315789474,-0.6141732283464567,-1.03373015873016,-1.674074074074074,-0.5,-0.36602540378443876,0.0,0.07142857142857142,-1.550681683461767
0.0,0.6,1.0,-1.0,-1.8037135278514589,-1.3789473684210527,-0.6141732283464567,-1.4742063492063504,-1.4666666666666666,-0.577350269189626,0.0,0.0,0.10714285714285714,-1.5388263189093065
0.0,0.8,2.0,-1.0,-1.4748010610079576,-1.7894736842105263,-1.3700787401574803,-1.7916666666666676,-1.4271604938271605,-0.5000000000000001,0.3660254037844388,0.0,0.14285714285714285,-1.515115589804387
0.0,1.0,2.0,-1.0,-1.5915119363395225,-1.4631578947368422,-1.779527559055118,-1.8670634920634932,-0.7555555555555555,-0.2886751345948132,0.6339745962155612,0.0,0.17857142857142858,-1.5091879075281573
0.0,1.2,2.0,-1.0,-1.3793103448275863,-1.5789473684210527,-1.4540682414698163,-1.7083333333333341,-0.9925925925925926,-2.1211504774498138e-16,0.7320508075688774,0.0,0.21428571428571427,-1.5601659751037347
0.5,-1.0,-1.0,-1.0,-0.7639257294429708,-1.368421052631579,-1.5695538057742782,-1.442460317460319,-0.3802469135802469,0.2886751345948128,0.6339745962155615,0.0,0.25,-1.5139300533491407
0.5,-0.8,-1.0,-1.0,-0.4244031830238727,-0.7578947368421053,-1.3595800524934383,-1.0059523809523818,-0.3802469135802469,0.49999999999999994,0.3660254037844388,0.0,0.2857142857142857,-1.5032602252519267
0.5,-0.6,-1.0,-1.0,-1.336870026525199,-0.42105263157894735,-0.7506561679790026,-0.9900793650793666,-1.5851851851851853,0.5773502691896257,1.793007356604921e-16,0.0,0.32142857142857145,-1.5945465323058694
0.5,-0.4,0.0,-1.0,-1.4854111405835544,-1.3263157894736841,-0.4146981627296588,-1.259920634920636,-0.47901234567901235,0.5,-0.3660254037844383,1.0,0.35714285714285715,-1.557794902193243
0.5,-0.2,0.0,-1.0,-1.2519893899204244,-1.4736842105263157,-1.3175853018372703,-1.5694444444444455,-0.47901234567901235,0.2886751345948128,-0.6339745962155612,0.0,0.39285714285714285,-1.6277415530527566
0.5,0.0,0.0,-1.0,-1.2519893899204244,-1.2421052631578948,-1.4645669291338583,-1.5376984126984141,-0.47901234567901235,0.0,-0.7320508075688771,0.0,0.42857142857142855,-1.6976882039122712
0.5,0.2,1.0,-1.0,-0.36074270557029176,-1.2421052631578948,-1.2335958005249343,-1.1170634920634932,-1.1901234567901235,-0.2886751345948128,-0.6339745962155612,0.0,0.4642857142857143,-1.6680497925311208
0.5,0.4,1.0,-1.0,-0.021220159151193633,-0.35789473684210527,-1.2335958005249343,-0.6567460317460332,-1.5753086419753086,-0.5,-0.36602540378443876,0.0,0.5,-1.515115589804387
0.5,0.6,1.0,-1.0,-1.0822281167108754,-0.021052631578947368,-0.35170603674540685,-0.5932539682539694,-1.2691358024691357,-0.577350269189626,0.0,0.0,0.5357142857142857,-1.4344991108476595
0.5,0.8,2.0,-1.0,-1.273209549071618,-1.0736842105263158,-0.015748031496062992,-0.9345238095238104,-1.3777777777777778,-0.5000000000000001,0.3660254037844388,0.0,0.5714285714285714,-1.4119739181979851
0.5,1.0,2.0,-1.0,-1.039787798408488,-1.263157894736842,-1.0656167979002624,-1.3154761904761914,-1.180246913580247,-0.2886751345948132,0.6339745962155612,0.0,0.6071428571428571,-1.3503260225251927
0.5,1.2,2.0,-1.0,-1.3687002652519893,-1.0315789473684212,-1.2545931758530184,-1.4226190476190486,-0.6074074074074074,-2.1211504774498138e-16,0.7320508075688774,0.0,0.6428571428571429,-1.3491404860699474
1.0,-1.0,-1.0,-1.0,-1.4641909814323608,-1.3578947368421053,-1.0236220472440944,-1.49404761904762,-0.291358024691358,0.2886751345948128,0.6339745962155615,0.0,0.6785714285714286,-1.4273858921161835
1.0,-0.8,-1.0,-1.0,-1.0716180371352786,-1.4526315789473685,-1.3490813648293962,-1.5059523809523818,-1.1407407407407408,0.49999999999999994,0.3660254037844388,0.0,0.7142857142857143,-1.4997036158861887
1.0,-0.6,-1.0,-1.0,-0.8381962864721485,-1.063157894736842,-1.4435695538057742,-1.3075396825396837,-1.2790123456790123,0.5773502691896257,1.793007356604921e-16,0.0,0.75,-1.443983402489627
1.0,-0.4,0.0,-1.0,0.5411140583554377,-0.8315789473684211,-1.0551181102362204,-0.5575396825396837,-1.0617283950617284,0.5,-0.3660254037844383,1.0,0.7857142857142857,-1.2175459395376416
1.0,-0.2,0.0,-1.0,-0.35013262599469497,0.5368421052631579,-0.8241469816272966,-0.2876984126984133,-1.0617283950617284,0.2886751345948128,-0.6339745962155612,0.0,0.8214285714285714,-1.1167753408417314
1.0,0.0,0.0,-1.0,-0.21220159151193635,-0.3473684210526316,0.5406824146981627,-0.0535714285714303,-0.23209876543209876,0.0,-0.7320508075688771,0.0,0.8571428571428571,-1.0005927682276237
1.0,0.2,1.0,-1.0,0.4880636604774536,-0.21052631578947367,-0.34120734908136485,-0.07341269841269898,0.08395061728395062,-0.2886751345948128,-0.6339745962155612,0.0,0.8928571428571429,-0.9057498518079431
1.0,0.4,1.0,-1.0,-1.0291777188328912,0.4842105263157895,-0.2047244094488189,-0.3273809523809541,-0.9037037037037037,-0.5,-0.36602540378443876,0.0,0.9285714285714286,-1.0183758150563136
1.0,0.6,1.0,-1.0,-1.8037135278514589,-1.0210526315789474,0.4881889763779528,-0.9226190476190484,-1.0814814814814815,-0.577350269189626,0.0,0.0,0.9642857142857143,-1.0989922940130412
1.0,0.8,2.0,-1.0,-1.506631299734748,-1.7894736842105263,-1.0131233595800524,-1.668650793650795,-0.8641975308641975,-0.5000000000000001,0.3660254037844388,0.0,1.0,-1.1250740960284535
-1.0,-0.8,-1.0,-0.8,0.7002652519893899,0.6947368421052632,0.6141732283464567,0.7083333333333316,0.9728395061728395,0.49999999999999994,0.3660254037844388,0.0,-1.0,0.470657972732661
-1.0,-0.6,-1.0,-0.8,0.3819628647214854,0.6947368421052632,0.6981627296587927,0.6210317460317448,0.5580246913580247,0.5773502691896257,1.793007356604921e-16,0.0,-0.9642857142857143,0.40901007705986975
-1.0,-0.4,0.0,-0.8,0.3819628647214854,0.37894736842105264,0.6981627296587927,0.5019841269841259,0.18271604938271604,0.5,-0.3660254037844383,0.0,-0.9285714285714286,0.3971547125074104
-1.0,-0.2,0.0,-0.8,0.40318302387267907,0.37894736842105264,0.38320209973753283,0.3908730158730153,0.18271604938271604,0.2886751345948128,-0.6339745962155612,1.0,-0.8928571428571429,0.4327208061647904
-1.0,0.0,0.0,-0.8,0.40318302387267907,0.4,0.38320209973753283,0.39880952380952206,0.528395061728395,0.0,-0.7320508075688771,0.0,-0.8571428571428571,0.46828689982217037
-1.0,0.2,1.0,-0.8,0.40318302387267907,0.4,0.4041994750656168,0.4067460317460306,0.11358024691358025,-0.2886751345948128,-0.6339745962155612,0.0,-0.8214285714285714,0.46235921754593967
-1.0,0.4,1.0,-0.8,1.676392572944297,0.4,0.4041994750656168,0.8829365079365068,0.5777777777777777,-0.5,-0.36602540378443876,0.0,-0.7857142857142857,0.6484884410195609
-1.0,0.6,1.0,-0.8,-0.2864721485411141,1.6631578947368422,0.4041994750656168,0.6249999999999982,0.08395061728395062,-0.577350269189626,0.0,0.0,-0.75,0.5595732068761109
-1.0,0.8,2.0,-0.8,-1.2944297082228118,-0.28421052631578947,1.6640419947506562,-0.009920634920636075,0.16296296296296298,-0.5000000000000001,0.3660254037844388,0.0,-0.7142857142857143,0.41730883224659104
-1.0,1.0,2.0,-0.8,-0.6047745358090185,-1.2842105263157895,-0.2782152230971129,-0.8630952380952389,0.6765432098765433,-0.2886751345948132,0.6339745962155612,0.0,-0.6785714285714286,0.3426200355660931
-1.0,1.2,2.0,-0.8,-0.5517241379310345,-0.6,-1.2755905511811023,-0.9623015873015884,0.7555555555555555,-2.1211504774498138e-16,0.7320508075688774,0.0,-0.6428571428571429,0.21221102548903456
-0.5,-1.0,-1.0,-0.8,0.4562334217506631,-0.5473684210526316,-0.5931758530183727,-0.30753968253968367,0.7555555555555555,0.2886751345948128,0.6339745962155615,0.0,-0.6071428571428571,0.18494368701837588
-0.5,-0.8,-1.0,-0.8,0.4562334217506631,0.45263157894736844,-0.5406824146981627,0.08928571428571255,0.45925925925925926,0.49999999999999994,0.3660254037844388,0.0,-0.5714285714285714,0.1576763485477172
-0.5,-0.6,-1.0,-0.8,0.13793103448275862,0.45263157894736844,0.4566929133858268,0.34722222222222104,0.45925925925925926,0.5773502691896257,1.793007356604921e-16,0.0,-0.5357142857142857,0.1304090100770606
-0.5,-0.4,0.0,-0.8,-0.18037135278514588,0.1368421052631579,0.4566929133858268,0.10912698412698298,0.47901234567901235,0.5,-0.3660254037844383,0.0,-0.5,0.06757557794902196
-0.5,-0.2,0.0,-0.8,0.5092838196286472,-0.17894736842105263,0.14173228346456693,0.1289682539682534,0.47901234567901235,0.2886751345948128,-0.6339745962155612,1.0,-0.4642857142857143,0.07943094250148126
-0.5,0.0,0.0,-0.8,1.4111405835543767,0.5052631578947369,-0.1732283464566929,0.6051587301587296,0.47901234567901235,0.0,-0.7320508075688771,0.0,-0.42857142857142855,0.19205690574985188
-0.5,0.2,1.0,-0.8,1.4111405835543767,1.4,0.5091863517060368,1.200396825396825,1.6641975308641976,-0.2886751345948128,-0.6339745962155612,0.0,-0.39285714285714285,0.3046828689982225
-0.5,0.4,1.0,-0.8,0.0636604774535809,1.4,1.4015748031496063,1.0337301587301582,-0.16296296296296298,-0.5,-0.36602540378443876,0.0,-0.35714285714285715,0.12448132780082992
-0.5,0.6,1.0,-0.8,-1.0822281167108754,0.06315789473684211,1.4015748031496063,0.10119047619047446,-1.1012345679012345,-0.577350269189626,0.0,0.0,-0.32142857142857145,0.03556609365737998
-0.5,0.8,2.0,-0.8,0.1909814323607427,-1.0736842105263158,0.06824146981627296,-0.35515873015873134,-0.45925925925925926,-0.5000000000000001,0.3660254037844388,0.0,-0.2857142857142857,0.20154119739182055
-0.5,1.0,2.0,-0.8,0.6153846153846154,0.18947368421052632,-1.0656167979002624,-0.14880952380952553,-0.40987654320987654,-0.2886751345948132,0.6339745962155612,0.0,-0.25,0.3378778897451098
-0.5,1.2,2.0,-0.8,0.6153846153846154,0.6105263157894737,0.1942257217847769,0.48611111111111055,0.528395061728395,-2.1211504774498138e-16,0.7320508075688774,0.0,-0.21428571428571427,0.46828689982217037
0.0,-1.0,-1.0,-0.8,0.1909814323607427,0.6105263157894737,0.6141732283464567,0.48611111111111055,0.528395061728395,0.2886751345948128,0.6339745962155615,0.0,-0.17857142857142858,0.438648488441019
0.0,-0.8,-1.0,-0.8,0.8275862068965517,0.18947368421052632,0.6141732283464567,0.5654761904761887,0.23209876543209876,0.49999999999999994,0.3660254037844388,0.0,-0.14285714285714285,0.4801422643746297
0.0,-0.6,-1.0,-0.8,0.8275862068965517,0.8210526315789474,0.1942257217847769,0.6448412698412687,-0.06419753086419754,0.5773502691896257,1.793007356604921e-16,0.0,-0.10714285714285714,0.5572021339656203
0.0,-0.4,0.0,-0.8,-0.14854111405835543,0.8210526315789474,0.8241469816272966,0.5178571428571411,0.5777777777777777,0.5,-0.3660254037844383,0.0,-0.07142857142857142,0.5607587433313583
0.0,-0.2,0.0,-0.8,0.4350132625994695,-0.14736842105263157,0.8241469816272966,0.3710317460317449,1.4172839506172838,0.2886751345948128,-0.6339745962155612,1.0,-0.03571428571428571,0.5524599881446349
0.0,0.0,0.0,-0.8,0.4350132625994695,0.43157894736842106,-0.14173228346456693,0.22420634920634863,1.4172839506172838,0.0,-0.7320508075688771,0.0,0.0,0.4433906342620044
0.0,0.2,1.0,-0.8,0.4350132625994695,0.43157894736842106,0.4356955380577428,0.44246031746031633,0.16296296296296298,-0.2886751345948128,-0.6339745962155612,0.0,0.03571428571428571,0.33432128037937175
0.0,0.4,1.0,-0.8,0.8063660477453581,0.43157894736842106,0.4356955380577428,0.5813492063492057,-0.9037037037037037,-0.5,-0.36602540378443876,0.0,0.07142857142857142,0.41730883224659104
0.0,0.6,1.0,-0.8,1.2307692307692308,0.8,0.4356955380577428,0.8789682539682534,0.2814814814814815,-0.577350269189626,0.0,0.0,0.10714285714285714,0.6757557794902196
0.0,0.8,2.0,-0.8,0.5411140583554377,1.2210526315789474,0.8031496062992126,0.9186507936507925,0.6765432098765433,-0.5000000000000001,0.3660254037844388,0.0,0.14285714285714285,0.7148784825133375
0.0,1.0,2.0,-0.8,0.22281167108753316,0.5368421052631579,1.2230971128608923,0.7003968253968248,0.6765432098765433,-0.2886751345948132,0.6339745962155612,0.0,0.17857142857142858,0.6710136336692363
0.0,1.2,2.0,-0.8,-0.042440318302387266,0.22105263157894736,0.5406824146981627,0.22420634920634863,0.2814814814814815,-2.1211504774498138e-16,0.7320508075688774,0.0,0.21428571428571427,0.5975103734439836
0.5,-1.0,-1.0,-0.8,0.16976127320954906,-0.042105263157894736,0.22572178477690288,0.08531746031745917,0.8740740740740741,0.2886751345948128,0.6339745962155615,0.0,0.25,0.595139300533491
0.5,-0.8,-1.0,-0.8,0.1909814323607427,0.16842105263157894,-0.03674540682414698,0.07341269841269726,0.8740740740740741,0.49999999999999994,0.3660254037844388,0.0,0.2857142857142857,0.524007113218731
0.5,-0.6,-1.0,-0.8,-0.09549071618037135,0.18947368421052632,0.1732283464566929,0.05357142857142684,-0.0345679012345679,0.5773502691896257,1.793007356604921e-16,0.0,0.32142857142857145,0.420865441612329
0.5,-0.4,0.0,-0.8,0.03183023872679045,-0.09473684210526316,0.1942257217847769,0.001984126984125829,0.508641975308642,0.5,-0.3660254037844383,1.0,0.35714285714285715,0.4410195613515117
0.5,-0.2,0.0,-0.8,0.0636604774535809,0.031578947368421054,-0.08923884514435695,-0.04563492063492179,0.508641975308642,0.2886751345948128,-0.6339745962155612,0.0,0.39285714285714285,0.39952578541790107
0.5,0.0,0.0,-0.8,0.0636604774535809,0.06315789473684211,0.03674540682414698,0.013888888888887735,0.508641975308642,0.0,-0.7320508075688771,0.0,0.42857142857142855,0.3580320094842925
0.5,0.2,1.0,-0.8,1.8673740053050398,0.06315789473684211,0.06824146981627296,0.7003968253968248,0.854320987654321,-0.2886751345948128,-0.6339745962155612,0.0,0.4642857142857143,0.5180794309425023
0.5,0.4,1.0,-0.8,1.5172413793103448,1.8526315789473684,0.06824146981627296,1.2440476190476173,1.2493827160493827,-0.5,-0.36602540378443876,0.0,0.5,0.5975103734439836
0.5,0.6,1.0,-0.8,1.6021220159151193,1.5052631578947369,1.853018372703412,1.819444444444444,0.6074074074074074,-0.577350269189626,0.0,0.0,0.5357142857142857,0.6390041493775943
0.5,0.8,2.0,-0.8,1.0928381962864722,1.5894736842105264,1.5065616797900263,1.529761904761903,0.3111111111111111,-0.5000000000000001,0.3660254037844388,0.0,0.5714285714285714,0.7006520450503856
0.5,1.0,2.0,-0.8,0.8806366047745358,1.0842105263157895,1.5905511811023623,1.291666666666665,0.06419753086419754,-0.2886751345948132,0.6339745962155612,0.0,0.6071428571428571,0.7741553052756381
0.5,1.2,2.0,-0.8,0.5411140583554377,0.8736842105263158,1.0866141732283465,0.8948412698412687,0.2617283950617284,-2.1211504774498138e-16,0.7320508075688774,0.0,0.6428571428571429,0.8393598103141674
1.0,-1.0,-1.0,-0.8,0.3819628647214854,0.5368421052631579,0.8766404199475065,0.6289682539682534,0.2814814814814815,0.2886751345948128,0.6339745962155615,0.0,0.6785714285714286,0.8630705394190882
1.0,-0.8,-1.0,-0.8,-0.021220159151193633,0.37894736842105264,0.5406824146981627,0.2916666666666649,0.014814814814814815,0.49999999999999994,0.3660254037844388,0.0,0.7142857142857143,0.8393598103141674
1.0,-0.6,-1.0,-0.8,0.1909814323607427,-0.021052631578947368,0.38320209973753283,0.16071428571428398,0.13333333333333333,0.5773502691896257,1.793007356604921e-16,0.0,0.75,0.8713692946058095
1.0,-0.4,0.0,-0.8,0.7745358090185677,0.18947368421052632,-0.015748031496062992,0.30753968253968195,0.16296296296296298,0.5,-0.3660254037844383,1.0,0.7857142857142857,0.9543568464730287
1.0,-0.2,0.0,-0.8,1.1458885941644563,0.7684210526315789,0.1942257217847769,0.7440476190476173,0.16296296296296298,0.2886751345948128,-0.6339745962155612,0.0,0.8214285714285714,1.0752815649081207
1.0,0.0,0.0,-0.8,0.9124668435013262,1.1368421052631579,0.7716535433070866,1.0138888888888877,1.8419753086419752,0.0,-0.7320508075688771,0.0,0.8571428571428571,1.1701244813278013
1.0,0.2,1.0,-0.8,0.9336870026525199,0.9052631578947369,1.1391076115485563,1.0734126984126973,1.5160493827160493,-0.2886751345948128,-0.6339745962155612,0.0,0.8928571428571429,1.065797273266154
1.0,0.4,1.0,-0.8,1.0185676392572944,0.9263157894736842,0.9081364829396326,1.0257936507936496,1.5950617283950617,-0.5,-0.36602540378443876,0.0,0.9285714285714286,1.0100770598695914
1.0,0.6,1.0,-0.8,0.5411140583554377,1.0105263157894737,0.9291338582677166,0.8869047619047602,1.1209876543209876,-0.577350269189626,0.0,0.0,0.9642857142857143,0.8915234143449922
1.0,0.8,2.0,-0.8,0.5411140583554377,0.5368421052631579,1.0131233595800524,0.7400793650793639,0.9234567901234568,-0.5000000000000001,0.3660254037844388,0.0,1.0,0.8298755186721988
-1.0,-0.8,-1.0,-0.6,0.22281167108753316,0.22105263157894736,0.8031496062992126,0.4226190476190459,0.0345679012345679,0.49999999999999994,0.3660254037844388,0.0,-1.0,0.20035566093657317
-1.0,-0.6,-1.0,-0.6,-0.05305039787798409,0.22105263157894736,0.22572178477690288,0.10119047619047446,0.08395061728395062,0.5773502691896257,1.793007356604921e-16,0.0,-0.9642857142857143,0.20272673384706585
-1.0,-0.4,0.0,-0.6,0.40318302387267907,-0.05263157894736842,0.22572178477690288,0.1686507936507925,0.0049382716049382715,0.5,-0.3660254037844383,0.0,-0.9285714285714286,0.25014819205690514
-1.0,-0.2,0.0,-0.6,-0.07427055702917772,0.4,-0.047244094488188976,0.05753968253968196,0.0049382716049382715,0.2886751345948128,-0.6339745962155612,1.0,-0.8928571428571429,0.2537048014226431
-1.0,0.0,0.0,-0.6,-0.07427055702917772,-0.07368421052631578,0.4041994750656168,0.04960317460317345,1.2987654320987654,0.0,-0.7320508075688771,0.0,-0.8571428571428571,0.25726141078838116
-1.0,0.2,1.0,-0.6,-0.07427055702917772,-0.07368421052631578,-0.06824146981627296,-0.12896825396825512,-0.014814814814814815,-0.2886751345948128,-0.6339745962155612,0.0,-0.8214285714285714,0.10551274451689462
-1.0,0.4,1.0,-0.6,1.5915119363395225,-0.07368421052631578,-0.06824146981627296,0.4940476190476173,0.5975308641975309,-0.5,-0.36602540378443876,0.0,-0.7857142857142857,0.2975696502667465
-1.0,0.6,1.0,-0.6,0.10610079575596817,1.5789473684210527,-0.06824146981627296,0.5615079365079354,-0.43950617283950616,-0.577350269189626,0.0,0.0,-0.75,0.25014819205690514
-1.0,0.8,2.0,-0.6,-0.9761273209549072,0.10526315789473684,1.5800524934383202,0.22420634920634863,0.2518518518518518,-0.5000000000000001,0.3660254037844388,0.0,-0.7142857142857143,0.20628334321280387
-1.0,1.0,2.0,-0.6,-0.7320954907161804,-0.968421052631579,0.11023622047244094,-0.6448412698412713,0.854320987654321,-0.2886751345948132,0.6339745962155612,0.0,-0.6785714285714286,0.10669828097213993
-1.0,1.2,2.0,-0.6,-0.15915119363395225,-0.7263157894736842,-0.9606299212598425,-0.74404761904762,0.3111111111111111,-2.1211504774498138e-16,0.7320508075688774,0.0,-0.6428571428571429,-0.0011855364552453092
-0.5,-1.0,-1.0,-0.6,-0.09549071618037135,-0.15789473684210525,-0.7191601049868767,-0.4146825396825408,0.3111111111111111,0.2886751345948128,0.6339745962155615,0.0,-0.6071428571428571,-0.036751630112625285
-0.5,-0.8,-1.0,-0.6,-0.09549071618037135,-0.09473684210526316,-0.15223097112860892,-0.17658730158730274,0.05432098765432099,0.49999999999999994,0.3660254037844388,0.0,-0.5714285714285714,-0.07231772377000527
-0.5,-0.6,-1.0,-0.6,0.08488063660477453,-0.09473684210526316,-0.08923884514435695,-0.08531746031746089,0.47901234567901235,0.5773502691896257,1.793007356604921e-16,0.0,-0.5357142857142857,-0.05690574985180796
-0.5,-0.4,0.0,-0.6,0.3819628647214854,0.08421052631578947,-0.08923884514435695,0.09325396825396767,0.0345679012345679,0.5,-0.3660254037844383,0.0,-0.5,-0.05927682276230065
-0.5,-0.2,0.0,-0.6,0.8275862068965517,0.37894736842105264,0.08923884514435695,0.43849206349206293,0.0345679012345679,0.2886751345948128,-0.6339745962155612,1.0,-0.4642857142857143,0.041493775933610665
-0.5,0.0,0.0,-0.6,1.0716180371352786,0.8210526315789474,0.38320209973753283,0.807539682539682,0.0345679012345679,0.0,-0.7320508075688771,0.0,-0.42857142857142855,0.1695317131001786
-0.5,0.2,1.0,-0.6,1.0716180371352786,1.063157894736842,0.8241469816272966,1.0654761904761887,1.5851851851851853,-0.2886751345948128,-0.6339745962155612,0.0,-0.39285714285714285,0.2975696502667465
-0.5,0.4,1.0,-0.6,0.0636604774535809,1.063157894736842,1.0656167979002624,0.779761904761903,0.20246913580246914,-0.5,-0.36602540378443876,0.0,-0.35714285714285715,0.12685240071132262
-0.5,0.6,1.0,-0.6,-0.519893899204244,0.06315789473684211,1.0656167979002624,0.18452380952380779,-0.8049382716049382,-0.577350269189626,0.0,0.0,-0.32142857142857145,0.05690574985180796
-0.5,0.8,2.0,-0.6,0.22281167108753316,-0.5157894736842106,0.06824146981627296,-0.13293650793650852,-0.5777777777777777,-0.5000000000000001,0.3660254037844388,0.0,-0.2857142857142857,0.19087136929460657
-0.5,1.0,2.0,-0.6,0.03183023872679045,0.22105263157894736,-0.5091863517060368,-0.1448412698412704,-0.044444444444444446,-0.2886751345948132,0.6339745962155612,0.0,-0.25,0.2762299940723185
-0.5,1.2,2.0,-0.6,0.35013262599469497,0.031578947368421054,0.22572178477690288,0.18055555555555441,0.014814814814814815,-2.1211504774498138e-16,0.7320508075688774,0.0,-0.21428571428571427,0.3331357439241265
0.0,-1.0,-1.0,-0.6,0.583554376657825,0.3473684210526316,0.03674540682414698,0.31547619047618874,0.014814814814814815,0.2886751345948128,0.6339745962155615,0.0,-0.17857142857142858,0.40901007705986975
0.0,-0.8,-1.0,-0.6,1.273209549071618,0.5789473684210527,0.35170603674540685,0.779761904761903,0.18271604938271604,0.49999999999999994,0.3660254037844388,0.0,-0.14285714285714285,0.5619442797866037
0.0,-0.6,-1.0,-0.6,1.273209549071618,1.263157894736842,0.5826771653543307,1.1249999999999982,0.45925925925925926,0.5773502691896257,1.793007356604921e-16,0.0,-0.10714285714285714,0.6947243627741548
0.0,-0.4,0.0,-0.6,0.22281167108753316,1.263157894736842,1.2650918635170603,0.9900793650793639,0.8740740740740741,0.5,-0.3660254037844383,0.0,-0.07142857142857142,0.6769413159454649
0.0,-0.2,0.0,-0.6,1.1458885941644563,0.22105263157894736,1.2650918635170603,0.9424603174603163,1.1012345679012345,0.2886751345948128,-0.6339745962155612,1.0,-0.03571428571428571,0.7125074096028449
0.0,0.0,0.0,-0.6,1.1458885941644563,1.1368421052631579,0.22572178477690288,0.8948412698412687,1.1012345679012345,0.0,-0.7320508075688771,0.0,0.0,0.7208061647895683
0.0,0.2,1.0,-0.6,1.1458885941644563,1.1368421052631579,1.1391076115485563,1.240079365079364,0.16296296296296298,-0.2886751345948128,-0.6339745962155612,0.0,0.03571428571428571,0.7291049199762896
0.0,0.4,1.0,-0.6,0.9336870026525199,1.1368421052631579,1.1391076115485563,1.160714285714284,-0.3802469135802469,-0.5,-0.36602540378443876,0.0,0.07142857142857142,0.8263189093064608
0.0,0.6,1.0,-0.6,0.8806366047745358,0.9263157894736842,1.1391076115485563,1.0615079365079354,0.3111111111111111,-0.577350269189626,0.0,0.0,0.10714285714285714,0.9828097213989326
0.0,0.8,2.0,-0.6,-0.09549071618037135,0.8736842105263158,0.9291338582677166,0.5972222222222211,0.13333333333333333,-0.5000000000000001,0.3660254037844388,0.0,0.14285714285714285,0.9472436277415527
0.0,1.0,2.0,-0.6,-0.07427055702917772,-0.09473684210526316,0.8766404199475065,0.2202380952380935,0.42962962962962964,-0.2886751345948132,0.6339745962155612,0.0,0.17857142857142858,0.9353882631890934
0.0,1.2,2.0,-0.6,0.32891246684350134,-0.07368421052631578,-0.08923884514435695,0.013888888888887735,0.6469135802469136,-2.1211504774498138e-16,0.7320508075688774,0.0,0.21428571428571427,0.9330171902786007
0.5,-1.0,-1.0,-0.6,0.15915119363395225,0.3263157894736842,-0.06824146981627296,0.10912698412698298,1.288888888888889,0.2886751345948128,0.6339745962155615,0.0,0.25,0.8855957320687614
0.5,-0.8,-1.0,-0.6,0.6896551724137931,0.15789473684210525,0.33070866141732286,0.39484126984126866,1.288888888888889,0.49999999999999994,0.3660254037844388,0.0,0.2857142857142857,0.8203912270302322
0.5,-0.6,-1.0,-0.6,-0.15915119363395225,0.6842105263157895,0.16272965879265092,0.2123015873015867,0.3111111111111111,0.5773502691896257,1.793007356604921e-16,0.0,0.32142857142857145,0.6603438055720222
0.5,-0.4,0.0,-0.6,0.11671087533156499,-0.15789473684210525,0.6876640419947506,0.1964285714285697,1.1703703703703703,0.5,-0.3660254037844383,1.0,0.35714285714285715,0.6484884410195609
0.5,-0.2,0.0,-0.6,0.15915119363395225,0.11578947368421053,-0.15223097112860892,-0.0019841269841275617,1.1703703703703703,0.2886751345948128,-0.6339745962155612,0.0,0.39285714285714285,0.538233550681683
0.5,0.0,0.0,-0.6,0.15915119363395225,0.15789473684210525,0.12073490813648294,0.11706349206349148,1.1703703703703703,0.0,-0.7320508075688771,0.0,0.42857142857142855,0.42797866034380505
0.5,0.2,1.0,-0.6,0.9336870026525199,0.15789473684210525,0.16272965879265092,0.4226190476190459,0.9728395061728395,-0.2886751345948128,-0.6339745962155612,0.0,0.4642857142857143,0.40426793123888644
0.5,0.4,1.0,-0.6,1.676392572944297,0.9263157894736842,0.16272965879265092,0.9900793650793639,0.9234567901234568,-0.5,-0.36602540378443876,0.0,0.5,0.48725548310610567
0.5,0.6,1.0,-0.6,0.6896551724137931,1.6631578947368422,0.9291338582677166,1.1884920634920628,0.014814814814814815,-0.577350269189626,0.0,0.0,0.5357142857142857,0.4659158269116777
0.5,0.8,2.0,-0.6,0.8275862068965517,0.6842105263157895,1.6640419947506562,1.1488095238095222,0.0345679012345679,-0.5000000000000001,0.3660254037844388,0.0,0.5714285714285714,0.5690574985180796
0.5,1.0,2.0,-0.6,0.4350132625994695,0.8210526315789474,0.6876640419947506,0.6845238095238078,0.40987654320987654,-0.2886751345948132,0.6339745962155612,0.0,0.6071428571428571,0.6259632483698876
0.5,1.2,2.0,-0.6,0.21220159151193635,0.43157894736842106,0.8241469816272966,0.5059523809523793,0.2518518518518518,-2.1211504774498138e-16,0.7320508075688774,0.0,0.6428571428571429,0.6129223473621809
1.0,-1.0,-1.0,-0.6,-0.1273209549071618,0.21052631578947367,0.4356955380577428,0.1488095238095221,0.745679012345679,0.2886751345948128,0.6339745962155615,0.0,0.6785714285714286,0.5809128630705389
1.0,-0.8,-1.0,-0.6,-0.1273209549071618,-0.12631578947368421,0.2152230971128609,-0.06150793650793709,-0.044444444444444446,0.49999999999999994,0.3660254037844388,0.0,0.7142857142857143,0.4896265560165984
1.0,-0.6,-1.0,-0.6,-0.09549071618037135,-0.12631578947368421,-0.12073490813648294,-0.17658730158730274,0.2123456790123457,0.5773502691896257,1.793007356604921e-16,0.0,0.75,0.49673977474807435
1.0,-0.4,0.0,-0.6,0.3819628647214854,-0.09473684210526316,-0.12073490813648294,0.013888888888887735,0.2518518518518518,0.5,-0.3660254037844383,1.0,0.7857142857142857,0.5263781861292236
1.0,-0.2,0.0,-0.6,0.6153846153846154,0.37894736842105264,-0.08923884514435695,0.2916666666666649,0.2518518518518518,0.2886751345948128,-0.6339745962155612,0.0,0.8214285714285714,0.5773562537048009
1.0,0.0,0.0,-0.6,0.5411140583554377,0.6105263157894737,0.38320209973753283,0.529761904761903,0.9728395061728395,0.0,-0.7320508075688771,0.0,0.8571428571428571,0.620035566093657
1.0,0.2,1.0,-0.6,0.3713527851458886,0.5368421052631579,0.6141732283464567,0.5257936507936496,1.6641975308641976,-0.2886751345948128,-0.6339745962155612,0.0,0.8928571428571429,0.5572021339656203
1.0,0.4,1.0,-0.6,0.8594164456233422,0.3684210526315789,0.5406824146981627,0.6170634920634915,0.745679012345679,-0.5,-0.36602540378443876,0.0,0.9285714285714286,0.4659158269116777
1.0,0.6,1.0,-0.6,0.21220159151193635,0.8526315789473684,0.37270341207349084,0.4940476190476173,0.8740740740740741,-0.577350269189626,0.0,0.0,0.9642857142857143,0.41256668642560773
1.0,0.8,2.0,-0.6,0.010610079575596816,0.21052631578947367,0.8556430446194225,0.35912698412698296,0.508641975308642,-0.5000000000000001,0.3660254037844388,0.0,1.0,0.3212803793716651
-1.0,-0.8,-1.0,-0.4,-0.6578249336870027,-0.6526315789473685,-0.6981627296587927,-0.8035714285714295,-1.3975308641975308,0.49999999999999994,0.3660254037844388,0.0,-1.0,-1.1298162418494369
-1.0,-0.6,-1.0,-0.4,-1.7294429708222812,-0.6526315789473685,-0.6456692913385826,-1.1845238095238104,-0.8049382716049382,0.5773502691896257,1.793007356604921e-16,0.0,-0.9642857142857143,-1.1428571428571437
-1.0,-0.4,0.0,-0.4,-1.453580901856764,-1.7157894736842105,-0.6456692913385826,-1.482142857142858,-0.8049382716049382,0.5,-0.3660254037844383,0.0,-0.9285714285714286,-1.1962062833432137
-1.0,-0.2,0.0,-0.4,-1.453580901856764,-1.4421052631578948,-1.7060367454068242,-1.7797619047619055,0.5580246913580247,0.2886751345948128,-0.6339745962155612,1.0,-0.8928571428571429,-1.2495554238292834
-1.0,0.0,0.0,-0.4,-1.453580901856764,-1.4421052631578948,-1.4330708661417322,-1.6765873015873027,0.6567901234567901,0.0,-0.7320508075688771,0.0,-0.8571428571428571,-1.4665085951393013
-1.0,0.2,1.0,-0.4,-1.453580901856764,-1.4421052631578948,-1.4330708661417322,-1.6765873015873027,-1.0518518518518518,-0.2886751345948128,-0.6339745962155612,0.0,-0.8214285714285714,-1.6953171310017785
-1.0,0.4,1.0,-0.4,0.3395225464190981,-1.4421052631578948,-1.4330708661417322,-1.0059523809523818,-1.1209876543209876,-0.5,-0.36602540378443876,0.0,-0.7857142857142857,-1.518672199170125
-1.0,0.6,1.0,-0.4,-0.35013262599469497,0.3368421052631579,-1.4330708661417322,-0.5932539682539694,-1.614814814814815,-0.577350269189626,0.0,0.0,-0.75,-1.4107883817427387
-1.0,0.8,2.0,-0.4,-1.8037135278514589,-0.3473684210526316,0.34120734908136485,-0.7242063492063504,-0.6271604938271605,-0.5000000000000001,0.3660254037844388,0.0,-0.7142857142857143,-1.4060462359217554
-1.0,1.0,2.0,-0.4,-1.2944297082228118,-1.7894736842105263,-0.34120734908136485,-1.3353174603174618,-0.5580246913580247,-0.2886751345948132,0.6339745962155612,0.0,-0.6785714285714286,-1.4629519857735633
-1.0,1.2,2.0,-0.4,0.22281167108753316,-1.2842105263157895,-1.779527559055118,-1.1210317460317474,-0.508641975308642,-2.1211504774498138e-16,0.7320508075688774,0.0,-0.6428571428571429,-1.3586247777119151
-0.5,-1.0,-1.0,-0.4,-0.3925729442970822,0.22105263157894736,-1.2755905511811023,-0.5932539682539694,-0.508641975308642,0.2886751345948128,0.6339745962155615,0.0,-0.6071428571428571,-1.3289863663307648
-0.5,-0.8,-1.0,-0.4,-0.3925729442970822,-0.3894736842105263,0.22572178477690288,-0.2559523809523827,-1.5061728395061729,0.49999999999999994,0.3660254037844388,0.0,-0.5714285714285714,-1.2993479549496154
-0.5,-0.6,-1.0,-0.4,-0.7108753315649867,-0.3894736842105263,-0.38320209973753283,-0.6051587301587313,-1.2493827160493827,0.5773502691896257,1.793007356604921e-16,0.0,-0.5357142857142857,-1.1855364552459995
-0.5,-0.4,0.0,-0.4,-0.5092838196286472,-0.7052631578947368,-0.38320209973753283,-0.6488095238095247,-1.2493827160493827,0.5,-0.3660254037844383,0.0,-0.5,-1.0800237107291049
-0.5,-0.2,0.0,-0.4,-0.5305039787798409,-0.5052631578947369,-0.6981627296587927,-0.7003968253968266,-1.2493827160493827,0.2886751345948128,-0.6339745962155612,1.0,-0.4642857142857143,-0.976882039122703
-0.5,0.0,0.0,-0.4,-0.26525198938992045,-0.5263157894736842,-0.49868766404199477,-0.5337301587301598,-1.2493827160493827,0.0,-0.7320508075688771,0.0,-0.42857142857142855,-0.8441019561351518
-0.5,0.2,1.0,-0.4,-0.26525198938992045,-0.2631578947368421,-0.5196850393700787,-0.44246031746031805,0.41975308641975306,-0.2886751345948128,-0.6339745962155612,0.0,-0.39285714285714285,-0.7113218731475995
-0.5,0.4,1.0,-0.4,-0.5305039787798409,-0.2631578947368421,-0.2572178477690289,-0.44246031746031805,-0.2222222222222222,-0.5,-0.36602540378443876,0.0,-0.35714285714285715,-0.8085358624777718
-0.5,0.6,1.0,-0.4,-1.4641909814323608,-0.5263157894736842,-0.2572178477690289,-0.890873015873017,-1.5753086419753086,-0.577350269189626,0.0,0.0,-0.32142857142857145,-0.9330171902786017
-0.5,0.8,2.0,-0.4,-0.8169761273209549,-1.4526315789473685,-0.5196850393700787,-1.0972222222222237,-1.1012345679012345,-0.5000000000000001,0.3660254037844388,0.0,-0.2857142857142857,-0.8227622999407238
-0.5,1.0,2.0,-0.4,-0.5305039787798409,-0.8105263157894737,-1.4435695538057742,-1.0972222222222237,0.3111111111111111,-0.2886751345948132,0.6339745962155612,0.0,-0.25,-0.7374036751630119
-0.5,1.2,2.0,-0.4,-0.3183023872679045,-0.5263157894736842,-0.8031496062992126,-0.668650793650795,-0.2617283950617284,-2.1211504774498138e-16,0.7320508075688774,0.0,-0.21428571428571427,-0.7978660343805578
0.0,-1.0,-1.0,-0.4,-0.23342175066312998,-0.3157894736842105,-0.5196850393700787,-0.4503968253968266,-0.2617283950617284,0.2886751345948128,0.6339745962155615,0.0,-0.17857142857142858,-0.7800829875518678
0.0,-0.8,-1.0,-0.4,1.16710875331565,-0.23157894736842105,-0.30971128608923887,0.18452380952380779,-0.5580246913580247,0.49999999999999994,0.3660254037844388,0.0,-0.14285714285714285,-0.6058091286307059
0.0,-0.6,-1.0,-0.4,1.16710875331565,1.1578947368421053,-0.22572178477690288,0.7400793650793639,-0.37037037037037035,0.5773502691896257,1.793007356604921e-16,0.0,-0.10714285714285714,-0.39596917605216303
0.0,-0.4,0.0,-0.4,-0.3076923076923077,1.1578947368421053,1.1601049868766404,0.7123015873015868,-0.39012345679012345,0.5,-0.3660254037844383,0.0,-0.07142857142857142,-0.37344398340248974
0.0,-0.2,0.0,-0.4,0.08488063660477453,-0.30526315789473685,1.1601049868766404,0.30753968253968195,-0.14320987654320988,0.2886751345948128,-0.6339745962155612,1.0,-0.03571428571428571,-0.3046828689982225
0.0,0.0,0.0,-0.4,0.08488063660477453,0.08421052631578947,-0.2992125984251969,-0.09722222222222279,-0.14320987654320988,0.0,-0.7320508075688771,0.0,0.0,-0.2655601659751045
0.0,0.2,1.0,-0.4,0.08488063660477453,0.08421052631578947,0.08923884514435695,0.04960317460317345,-0.39012345679012345,-0.2886751345948128,-0.6339745962155612,0.0,0.03571428571428571,-0.22643746295198655
0.0,0.4,1.0,-0.4,-0.6896551724137931,0.08421052631578947,0.08923884514435695,-0.24007936507936567,-1.2592592592592593,-0.5,-0.36602540378443876,0.0,0.07142857142857142,-0.24422050978067653
0.0,0.6,1.0,-0.4,-1.3050397877984086,-0.6842105263157895,0.08923884514435695,-0.7599206349206361,-0.6567901234567901,-0.577350269189626,0.0,0.0,0.10714285714285714,-0.22643746295198655
0.0,0.8,2.0,-0.4,-1.1458885941644563,-1.2947368421052632,-0.6771653543307087,-1.220238095238096,-0.39012345679012345,-0.5000000000000001,0.3660254037844388,0.0,0.14285714285714285,-0.2631890930646118
0.0,1.0,2.0,-0.4,-1.3793103448275863,-1.1368421052631579,-1.2860892388451444,-1.4781746031746046,-0.1925925925925926,-0.2886751345948132,0.6339745962155612,0.0,0.17857142857142858,-0.3580320094842925
0.0,1.2,2.0,-0.4,-1.103448275862069,-1.368421052631579,-1.1286089238845145,-1.402777777777779,-0.11358024691358025,-2.1211504774498138e-16,0.7320508075688774,0.0,0.21428571428571427,-0.445761707172495
0.5,-1.0,-1.0,-0.4,-0.5305039787798409,-1.0947368421052632,-1.3595800524934383,-1.1726190476190486,1.1901234567901235,0.2886751345948128,0.6339745962155615,0.0,0.25,-0.4789567279193844
0.5,-0.8,-1.0,-0.4,0.2440318302387268,-0.5263157894736842,-1.0866141732283465,-0.5654761904761914,1.1901234567901235,0.49999999999999994,0.3660254037844388,0.0,0.2857142857142857,-0.5820983995257852
0.5,-0.6,-1.0,-0.4,-1.3262599469496021,0.24210526315789474,-0.5196850393700787,-0.6488095238095247,-0.18271604938271604,0.5773502691896257,1.793007356604921e-16,0.0,0.32142857142857145,-0.8606994665085954
0.5,-0.4,0.0,-0.4,-1.0822281167108754,-1.3157894736842106,0.24671916010498687,-0.8551587301587313,0.18271604938271604,0.5,-0.3660254037844383,1.0,0.35714285714285715,-0.9472436277415537
0.5,-0.2,0.0,-0.4,-1.740053050397878,-1.0736842105263158,-1.3070866141732282,-1.5972222222222237,0.18271604938271604,0.2886751345948128,-0.6339745962155612,0.0,0.39285714285714285,-1.151155898043865
0.5,0.0,0.0,-0.4,-1.740053050397878,-1.7263157894736842,-1.0656167979002624,-1.7519841269841285,0.18271604938271604,0.0,-0.7320508075688771,0.0,0.42857142857142855,-1.3550681683461772
0.5,0.2,1.0,-0.4,-1.740053050397878,-1.7263157894736842,-1.7165354330708662,-1.9980158730158741,-0.5382716049382716,-0.2886751345948128,-0.6339745962155612,0.0,0.4642857142857143,-1.5589804386484893
0.5,0.4,1.0,-0.4,1.3580901856763925,-1.7263157894736842,-1.7165354330708662,-0.8392857142857152,-1.1111111111111112,-0.5,-0.36602540378443876,0.0,0.5,-1.330171902786011
0.5,0.6,1.0,-0.4,-1.2944297082228118,1.3473684210526315,-1.7165354330708662,-0.6726190476190484,-0.9629629629629629,-0.577350269189626,0.0,0.0,0.5357142857142857,-1.3289863663307648
0.5,0.8,2.0,-0.4,-0.9018567639257294,-1.2842105263157895,1.3490813648293962,-0.3591269841269847,-1.180246913580247,-0.5000000000000001,0.3660254037844388,0.0,0.5714285714285714,-1.3017190278601072
0.5,1.0,2.0,-0.4,-0.7214854111405835,-0.8947368421052632,-1.2755905511811023,-1.1369047619047628,-0.9234567901234568,-0.2886751345948132,0.6339745962155612,0.0,0.6071428571428571,-1.2282157676348555
0.5,1.2,2.0,-0.4,-0.9336870026525199,-0.7157894736842105,-0.8871391076115486,-1.0019841269841285,-0.39012345679012345,-2.1211504774498138e-16,0.7320508075688774,0.0,0.6428571428571429,-1.2092471843509192
1.0,-1.0,-1.0,-0.4,-1.039787798408488,-0.9263157894736842,-0.7086614173228346,-1.0535714285714295,0.3308641975308642,0.2886751345948128,0.6339745962155615,0.0,0.6785714285714286,-1.2661529342027271
1.0,-0.8,-1.0,-0.4,-0.4244031830238727,-1.0315789473684212,-0.9186351706036745,-0.9424603174603189,-1.1308641975308642,0.49999999999999994,0.3660254037844388,0.0,0.7142857142857143,-1.3408417308832252
1.0,-0.6,-1.0,-0.4,-0.5729442970822282,-0.42105263157894735,-1.0236220472440944,-0.8075396825396837,-0.9037037037037037,0.5773502691896257,1.793007356604921e-16,0.0,0.75,-1.2566686425607596
1.0,-0.4,0.0,-0.4,0.7639257294429708,-0.5684210526315789,-0.4146981627296588,-0.13293650793650852,-1.5160493827160493,0.5,-0.3660254037844383,1.0,0.7857142857142857,-1.0503852993479557
1.0,-0.2,0.0,-0.4,-0.3076923076923077,0.7578947368421053,-0.5616797900262467,-0.08928571428571602,-1.5160493827160493,0.2886751345948128,-0.6339745962155612,0.0,0.8214285714285714,-0.8903378778897457
1.0,0.0,0.0,-0.4,0.07427055702917772,-0.30526315789473685,0.7611548556430446,0.1527777777777772,-1.5160493827160493,0.0,-0.7320508075688771,0.0,0.8571428571428571,-0.6876111440426799
1.0,0.2,1.0,-0.4,0.05305039787798409,0.07368421052631578,-0.2992125984251969,-0.11309523809523983,1.3679012345679011,-0.2886751345948128,-0.6339745962155612,0.0,0.8928571428571429,-0.48725548310610567
1.0,0.4,1.0,-0.4,-0.5092838196286472,0.05263157894736842,0.07874015748031496,-0.18849206349206465,-1.1012345679012345,-0.5,-0.36602540378443876,0.0,0.9285714285714286,-0.6959098992294012
1.0,0.6,1.0,-0.4,-1.6976127320954908,-0.5052631578947369,0.05774278215223097,-0.851190476190477,-0.7358024691358025,-0.577350269189626,0.0,0.0,0.9642857142857143,-0.7409602845287498
1.0,0.8,2.0,-0.4,-0.870026525198939,-1.6842105263157894,-0.49868766404199477,-1.1964285714285723,-0.5679012345679012,-0.5000000000000001,0.3660254037844388,0.0,1.0,-0.7374036751630119
-1.0,-0.8,-1.0,-0.2,-0.2546419098143236,-0.25263157894736843,0.026246719160104987,-0.22817460317460375,-0.12345679012345678,0.49999999999999994,0.3660254037844388,0.0,-1.0,-0.37344398340248974
-1.0,-0.6,-1.0,-0.2,-0.46684350132625996,-0.25263157894736843,-0.24671916010498687,-0.4107142857142874,-0.1925925925925926,0.5773502691896257,1.793007356604921e-16,0.0,-0.9642857142857143,-0.39834024896265574
-1.0,-0.4,0.0,-0.2,-0.18037135278514588,-0.4631578947368421,-0.24671916010498687,-0.3829365079365085,-0.3802469135802469,0.5,-0.3660254037844383,0.0,-0.9285714285714286,-0.3829282750444584
-1.0,-0.2,0.0,-0.2,-0.583554376657825,-0.17894736842105263,-0.4566929133858268,-0.5059523809523818,-0.3802469135802469,0.2886751345948128,-0.6339745962155612,1.0,-0.8928571428571429,-0.39004149377593444
-1.0,0.0,0.0,-0.2,-1.6127320954907163,-0.5789473684210527,-0.1732283464566929,-0.9345238095238104,0.9333333333333333,0.0,-0.7320508075688771,0.0,-0.8571428571428571,-0.5121517486662717
-1.0,0.2,1.0,-0.2,-1.6127320954907163,-1.6,-0.5721784776902887,-1.470238095238096,-0.5185185185185185,-0.2886751345948128,-0.6339745962155612,0.0,-0.8214285714285714,-0.7919383521043272
-1.0,0.4,1.0,-0.2,1.1883289124668435,-1.6,-1.5905511811023623,-0.8075396825396837,0.12345679012345678,-0.5,-0.36602540378443876,0.0,-0.7857142857142857,-0.584469472436278
-1.0,0.6,1.0,-0.2,0.0,1.1789473684210525,-1.5905511811023623,-0.20436507936507994,-0.5580246913580247,-0.577350269189626,0.0,0.0,-0.75,-0.5868405453467697
-1.0,0.8,2.0,-0.2,-0.8594164456233422,0.0,1.1811023622047243,0.07738095238095065,-0.2419753086419753,-0.5000000000000001,0.3660254037844388,0.0,-0.7142857142857143,-0.6034380557202133
-1.0,1.0,2.0,-0.2,-0.9655172413793104,-0.8526315789473684,0.005249343832020997,-0.7281746031746046,0.12345679012345678,-0.2886751345948132,0.6339745962155612,0.0,-0.6785714285714286,-0.66982809721399
-1.0,1.2,2.0,-0.2,-0.15915119363395225,-0.9578947368421052,-0.8451443569553806,-0.7876984126984141,-0.13333333333333333,-2.1211504774498138e-16,0.7320508075688774,0.0,-0.6428571428571429,-0.6899822169531715
-0.5,-1.0,-1.0,-0.2,-0.15915119363395225,-0.15789473684210525,-0.9501312335958005,-0.5257936507936523,-0.13333333333333333,0.2886751345948128,0.6339745962155615,0.0,-0.6071428571428571,-0.6793123888559576
-0.5,-0.8,-1.0,-0.2,-0.15915119363395225,-0.15789473684210525,-0.15223097112860892,-0.22420634920635035,-0.3308641975308642,0.49999999999999994,0.3660254037844388,0.0,-0.5714285714285714,-0.6686425607587435
-0.5,-0.6,-1.0,-0.2,-0.22281167108753316,-0.15789473684210525,-0.15223097112860892,-0.24801587301587416,-0.06419753086419754,0.5773502691896257,1.793007356604921e-16,0.0,-0.5357142857142857,-0.641375222288086
-0.5,-0.4,0.0,-0.2,-0.08488063660477453,-0.22105263157894736,-0.15223097112860892,-0.22023809523809698,-0.43950617283950616,0.5,-0.3660254037844383,0.0,-0.5,-0.6307053941908719
-0.5,-0.2,0.0,-0.2,0.2546419098143236,-0.08421052631578947,-0.2152230971128609,-0.06547619047619221,-1.3975308641975308,0.2886751345948128,-0.6339745962155612,1.0,-0.4642857142857143,-0.5370480142264377
-0.5,0.0,0.0,-0.2,0.6790450928381963,0.25263157894736843,-0.07874015748031496,0.27182539682539625,-1.3975308641975308,0.0,-0.7320508075688771,0.0,-0.42857142857142855,-0.28097213989330183
-0.5,0.2,1.0,-0.2,0.6790450928381963,0.6736842105263158,0.2572178477690289,0.557539682539682,1.2098765432098766,-0.2886751345948128,-0.6339745962155612,0.0,-0.39285714285714285,-0.024896265560165984
-0.5,0.4,1.0,-0.2,-0.40318302387267907,0.6736842105263158,0.6771653543307087,0.31150793650793535,0.1037037037037037,-0.5,-0.36602540378443876,0.0,-0.35714285714285715,-0.20272673384706585
-0.5,0.6,1.0,-0.2,-0.7214854111405835,-0.4,0.6771653543307087,-0.21230158730158846,-0.6962962962962963,-0.577350269189626,0.0,0.0,-0.32142857142857145,-0.2833432128037945
-0.5,0.8,2.0,-0.2,-0.22281167108753316,-0.7157894736842105,-0.3937007874015748,-0.5496031746031761,-0.7950617283950617,-0.5000000000000001,0.3660254037844388,0.0,-0.2857142857142857,-0.21221102548903456
-0.5,1.0,2.0,-0.2,-0.29708222811671087,-0.22105263157894736,-0.7086614173228346,-0.5099206349206361,-0.044444444444444446,-0.2886751345948132,0.6339745962155612,0.0,-0.25,-0.1375222288085366
-0.5,1.2,2.0,-0.2,-0.07427055702917772,-0.29473684210526313,-0.2152230971128609,-0.26785714285714457,-0.044444444444444446,-2.1211504774498138e-16,0.7320508075688774,0.0,-0.21428571428571427,-0.12803793716656792
0.0,-1.0,-1.0,-0.2,-0.021220159151193633,-0.07368421052631578,-0.2887139107611549,-0.19246031746031803,-0.044444444444444446,0.2886751345948128,0.6339745962155615,0.0,-0.17857142857142858,-0.11262596324837061
0.0,-0.8,-1.0,-0.2,0.6896551724137931,-0.021052631578947368,-0.06824146981627296,0.17658730158730102,-0.1037037037037037,0.49999999999999994,0.3660254037844388,0.0,-0.14285714285714285,-0.01778304682868999
0.0,-0.6,-1.0,-0.2,0.6896551724137931,0.6842105263157895,-0.015748031496062992,0.4623015873015867,0.024691358024691357,0.5773502691896257,1.793007356604921e-16,0.0,-0.10714285714285714,0.08417308832246663
0.0,-0.4,0.0,-0.2,-0.07427055702917772,0.6842105263157895,0.6876640419947506,0.44246031746031633,0.34074074074074073,0.5,-0.3660254037844383,0.0,-0.07142857142857142,0.08535862477771194
0.0,-0.2,0.0,-0.2,0.9761273209549072,-0.07368421052631578,0.6876640419947506,0.5496031746031734,0.7358024691358025,0.2886751345948128,-0.6339745962155612,1.0,-0.03571428571428571,0.16597510373444058
0.0,0.0,0.0,-0.2,0.9761273209549072,0.968421052631579,-0.06824146981627296,0.6567460317460306,0.7358024691358025,0.0,-0.7320508075688771,0.0,0.0,0.19917012448132787
0.0,0.2,1.0,-0.2,0.9761273209549072,0.968421052631579,0.9711286089238845,1.0496031746031735,-0.2716049382716049,-0.2886751345948128,-0.6339745962155612,0.0,0.03571428571428571,0.23236514522821516
0.0,0.4,1.0,-0.2,0.4986737400530504,0.968421052631579,0.9711286089238845,0.8710317460317448,-0.5679012345679012,-0.5,-0.36602540378443876,0.0,0.07142857142857142,0.3331357439241265
0.0,0.6,1.0,-0.2,0.44562334217506633,0.49473684210526314,0.9711286089238845,0.6726190476190459,-0.1037037037037037,-0.577350269189626,0.0,0.0,0.10714285714285714,0.463544754001185
0.0,0.8,2.0,-0.2,-0.03183023872679045,0.4421052631578947,0.49868766404199477,0.2956349206349201,-0.1728395061728395,-0.5000000000000001,0.3660254037844388,0.0,0.14285714285714285,0.484884410195613
0.0,1.0,2.0,-0.2,-0.2440318302387268,-0.031578947368421054,0.4461942257217848,0.017857142857141125,0.0345679012345679,-0.2886751345948132,0.6339745962155612,0.0,0.17857142857142858,0.49081209247184365
0.0,1.2,2.0,-0.2,-0.15915119363395225,-0.24210526315789474,-0.026246719160104987,-0.20833333333333506,0.08395061728395062,-2.1211504774498138e-16,0.7320508075688774,0.0,0.21428571428571427,0.481327800829875
0.5,-1.0,-1.0,-0.2,-0.22281167108753316,-0.15789473684210525,-0.23622047244094488,-0.2797619047619065,0.745679012345679,0.2886751345948128,0.6339745962155615,0.0,0.25,0.4588026081802017
0.5,-0.8,-1.0,-0.2,0.3183023872679045,-0.22105263157894736,-0.15223097112860892,-0.0694444444444456,0.745679012345679,0.49999999999999994,0.3660254037844388,0.0,0.2857142857142857,0.41730883224659104
0.5,-0.6,-1.0,-0.2,-0.27586206896551724,0.3157894736842105,-0.2152230971128609,-0.11309523809523983,0.0345679012345679,0.5773502691896257,1.793007356604921e-16,0.0,0.32142857142857145,0.3094250148192058
0.5,-0.4,0.0,-0.2,-0.13793103448275862,-0.2736842105263158,0.32020997375328086,-0.0813492063492075,1.0123456790123457,0.5,-0.3660254037844383,1.0,0.35714285714285715,0.3023117960877298
0.5,-0.2,0.0,-0.2,-0.10610079575596817,-0.1368421052631579,-0.2677165354330709,-0.24007936507936567,1.0123456790123457,0.2886751345948128,-0.6339745962155612,0.0,0.39285714285714285,0.18138707765263787
0.5,0.0,0.0,-0.2,1.1458885941644563,-0.10526315789473684,-0.13123359580052493,0.2916666666666649,1.0123456790123457,0.0,-0.7320508075688771,0.0,0.42857142857142855,0.20035566093657317
0.5,0.2,1.0,-0.2,0.5623342175066313,1.1368421052631579,-0.09973753280839895,0.5535714285714268,0.5679012345679012,-0.2886751345948128,-0.6339745962155612,0.0,0.4642857142857143,0.15411973918197922
0.5,0.4,1.0,-0.2,1.6339522546419099,0.5578947368421052,1.1391076115485563,1.2043650793650782,0.5185185185185185,-0.5,-0.36602540378443876,0.0,0.5,0.28097213989330183
0.5,0.6,1.0,-0.2,0.4986737400530504,1.6210526315789473,0.5616797900262467,0.9623015873015868,0.07407407407407407,-0.577350269189626,0.0,0.0,0.5357142857142857,0.2868998221695325
0.5,0.8,2.0,-0.2,0.6153846153846154,0.49473684210526314,1.6220472440944882,0.9821428571428554,-0.12345679012345678,-0.5000000000000001,0.3660254037844388,0.0,0.5714285714285714,0.35921754593953775
0.5,1.0,2.0,-0.2,0.3395225464190981,0.6105263157894737,0.49868766404199477,0.4980158730158724,-0.044444444444444446,-0.2886751345948132,0.6339745962155612,0.0,0.6071428571428571,0.424422050978067
0.5,1.2,2.0,-0.2,0.14854111405835543,0.3368421052631579,0.6141732283464567,0.3670634920634915,-0.1037037037037037,-2.1211504774498138e-16,0.7320508075688774,0.0,0.6428571428571429,0.4588026081802017
1.0,-1.0,-1.0,-0.2,-0.03183023872679045,0.14736842105263157,0.34120734908136485,0.12499999999999827,0.4,0.2886751345948128,0.6339745962155615,0.0,0.6785714285714286,0.4801422643746297
1.0,-0.8,-1.0,-0.2,0.1273209549071618,-0.031578947368421054,0.15223097112860892,0.045634920634920056,-0.15308641975308643,0.49999999999999994,0.3660254037844388,0.0,0.7142857142857143,0.4588026081802017
1.0,-0.6,-1.0,-0.2,0.10610079575596817,0.12631578947368421,-0.026246719160104987,0.02976190476190303,-0.024691358024691357,0.5773502691896257,1.793007356604921e-16,0.0,0.75,0.5014819205690577
1.0,-0.4,0.0,-0.2,0.8275862068965517,0.10526315789473684,0.13123359580052493,0.35119047619047444,0.0049382716049382715,0.5,-0.3660254037844383,1.0,0.7857142857142857,0.6093657379964429
1.0,-0.2,0.0,-0.2,0.9018567639257294,0.8210526315789474,0.11023622047244094,0.6408730158730153,1.1703703703703703,0.2886751345948128,-0.6339745962155612,0.0,0.8214285714285714,0.7219917012448135
1.0,0.0,0.0,-0.2,0.3395225464190981,0.8947368421052632,0.8241469816272966,0.728174603174602,0.6271604938271605,0.0,-0.7320508075688771,0.0,0.8571428571428571,0.6318909306461182
1.0,0.2,1.0,-0.2,0.23342175066312998,0.3368421052631579,0.8976377952755905,0.5059523809523793,1.6246913580246913,-0.2886751345948128,-0.6339745962155612,0.0,0.8928571428571429,0.595139300533491
1.0,0.4,1.0,-0.2,0.5729442970822282,0.23157894736842105,0.34120734908136485,0.3829365079365068,0.5679012345679012,-0.5,-0.36602540378443876,0.0,0.9285714285714286,0.47658565500889166
1.0,0.6,1.0,-0.2,-0.05305039787798409,0.5684210526315789,0.23622047244094488,0.23611111111111052,0.6765432098765433,-0.577350269189626,0.0,0.0,0.9642857142857143,0.41493775933610044
1.0,0.8,2.0,-0.2,-0.13793103448275862,-0.05263157894736842,0.5721784776902887,0.09722222222222107,0.41975308641975306,-0.5000000000000001,0.3660254037844388,0.0,1.0,0.33076467101363377
-1.0,-1.0,-1.0,0.0,-0.14854111405835543,0.25263157894736843,-0.22572178477690288,-0.09325396825396941,1.2691358024691357,0.2886751345948128,0.6339745962155615,0.0,-1.0357142857142858,-0.12211025489033724
-1.0,-0.8,-1.0,0.0,-0.14854111405835543,-0.14736842105263157,0.2572178477690289,-0.06150793650793709,-0.13333333333333333,0.49999999999999994,0.3660254037844388,0.0,-1.0,-0.2786010669828091
-1.0,-0.6,-1.0,0.0,-0.3819628647214854,-0.14736842105263157,-0.14173228346456693,-0.2996031746031752,-0.13333333333333333,0.5773502691896257,1.793007356604921e-16,0.0,-0.9642857142857143,-0.2928275044457611
-1.0,-0.4,0.0,0.0,-0.010610079575596816,-0.37894736842105264,-0.14173228346456693,-0.24801587301587416,-0.37037037037037035,0.5,-0.3660254037844383,0.0,-0.9285714285714286,-0.2655601659751045
-1.0,-0.2,0.0,0.0,-0.46684350132625996,-0.010526315789473684,-0.37270341207349084,-0.3670634920634932,-0.37037037037037035,0.2886751345948128,-0.6339745962155612,1.0,-0.8928571428571429,-0.26081802015411915
-1.0,0.0,0.0,0.0,-0.46684350132625996,-0.4631578947368421,-0.005249343832020997,-0.39880952380952556,0.9037037037037037,0.0,-0.7320508075688771,0.0,-0.8571428571428571,-0.25607587433313583
-1.0,0.2,1.0,0.0,-0.46684350132625996,-0.4631578947368421,-0.4566929133858268,-0.5694444444444456,-0.34074074074074073,-0.2886751345948128,-0.6339745962155612,0.0,-0.8214285714285714,-0.40426793123888644
-1.0,0.4,1.0,0.0,1.2944297082228118,-0.4631578947368421,-0.4566929133858268,0.08928571428571255,0.20246913580246914,-0.5,-0.36602540378443876,0.0,-0.7857142857142857,-0.20628334321280387
-1.0,0.6,1.0,0.0,-0.27586206896551724,1.2842105263157895,-0.4566929133858268,0.16071428571428398,-0.6074074074074074,-0.577350269189626,0.0,0.0,-0.75,-0.24896265560165984
-1.0,0.8,2.0,0.0,-1.0928381962864722,-0.2736842105263158,1.2860892388451444,-0.07341269841269898,-0.11358024691358025,-0.5000000000000001,0.3660254037844388,0.0,-0.7142857142857143,-0.28571428571428514
-1.0,1.0,2.0,0.0,-0.9018567639257294,-1.0842105263157895,-0.2677165354330709,-0.8948412698412713,0.34074074074074073,-0.2886751345948132,0.6339745962155612,0.0,-0.6785714285714286,-0.3604030823947831
-1.0,1.2,2.0,0.0,-0.40318302387267907,-0.8947368421052632,-1.0761154855643045,-0.9424603174603189,-0.0345679012345679,-2.1211504774498138e-16,0.7320508075688774,0.0,-0.6428571428571429,-0.4339063426200357
-0.5,-1.0,-1.0,0.0,-0.22281167108753316,-0.4,-0.8871391076115486,-0.6170634920634932,-0.0345679012345679,0.2886751345948128,0.6339745962155615,0.0,-0.6071428571428571,-0.44220509780675704
-0.5,-0.8,-1.0,0.0,-0.22281167108753316,-0.22105263157894736,-0.3937007874015748,-0.3630952380952398,-0.2518518518518518,0.49999999999999994,0.3660254037844388,0.0,-0.5714285714285714,-0.4505038529934804
-0.5,-0.6,-1.0,0.0,-0.18037135278514588,-0.22105263157894736,-0.2152230971128609,-0.2797619047619065,0.09382716049382717,0.5773502691896257,1.793007356604921e-16,0.0,-0.5357142857142857,-0.42797866034380505
-0.5,-0.4,0.0,0.0,-0.03183023872679045,-0.17894736842105263,-0.2152230971128609,-0.20833333333333506,-0.3308641975308642,0.5,-0.3660254037844383,0.0,-0.5,-0.4303497332542977
-0.5,-0.2,0.0,0.0,0.35013262599469497,-0.031578947368421054,-0.1732283464566929,0.00595238095237922,-0.3308641975308642,0.2886751345948128,-0.6339745962155612,1.0,-0.4642857142857143,-0.33906342620035507
-0.5,0.0,0.0,0.0,0.7957559681697612,0.3473684210526316,-0.026246719160104987,0.3710317460317449,-0.3308641975308642,0.0,-0.7320508075688771,0.0,-0.42857142857142855,-0.19798458802608257
-0.5,0.2,1.0,0.0,0.7957559681697612,0.7894736842105263,0.35170603674540685,0.6805555555555544,1.308641975308642,-0.2886751345948128,-0.6339745962155612,0.0,-0.39285714285714285,-0.05690574985180796
-0.5,0.4,1.0,0.0,-0.2864721485411141,0.7894736842105263,0.7926509186351706,0.44246031746031633,-0.15308641975308643,-0.5,-0.36602540378443876,0.0,-0.35714285714285715,-0.23355068168346255
-0.5,0.6,1.0,0.0,-0.6578249336870027,-0.28421052631578947,0.7926509186351706,-0.10119047619047793,-0.9135802469135802,-0.577350269189626,0.0,0.0,-0.32142857142857145,-0.2762299940723185
-0.5,0.8,2.0,0.0,-0.10610079575596817,-0.6526315789473685,-0.2782152230971129,-0.43849206349206465,-0.7358024691358025,-0.5000000000000001,0.3660254037844388,0.0,-0.2857142857142857,-0.16597510373444058
-0.5,1.0,2.0,0.0,-0.2546419098143236,-0.10526315789473684,-0.6456692913385826,-0.42658730158730274,-0.2716049382716049,-0.2886751345948132,0.6339745962155612,0.0,-0.25,-0.09365737996443325
-0.5,1.2,2.0,0.0,0.18037135278514588,-0.25263157894736843,-0.09973753280839895,-0.11309523809523983,-0.1037037037037037,-2.1211504774498138e-16,0.7320508075688774,0.0,-0.21428571428571427,-0.02845287492590398
0.0,-1.0,-1.0,0.0,0.10610079575596817,0.17894736842105263,-0.24671916010498687,-0.03373015873015989,-0.1037037037037037,0.2886751345948128,0.6339745962155615,0.0,-0.17857142857142858,0.008298755186721305
0.0,-0.8,-1.0,0.0,0.7214854111405835,0.10526315789473684,0.1837270341207349,0.3313492063492058,-0.06419753086419754,0.49999999999999994,0.3660254037844388,0.0,-0.14285714285714285,0.11381149970361593
0.0,-0.6,-1.0,0.0,0.7214854111405835,0.7157894736842105,0.11023622047244094,0.5337301587301582,0.07407407407407407,0.5773502691896257,1.793007356604921e-16,0.0,-0.10714285714285714,0.21458209839952516
0.0,-0.4,0.0,0.0,-0.08488063660477453,0.7157894736842105,0.7191601049868767,0.4623015873015867,0.42962962962962964,0.5,-0.3660254037844383,0.0,-0.07142857142857142,0.20865441612329655
0.0,-0.2,0.0,0.0,0.7639257294429708,-0.08421052631578947,0.7191601049868767,0.47817460317460203,0.8444444444444444,0.2886751345948128,-0.6339745962155612,1.0,-0.03571428571428571,0.2548903378778905
0.0,0.0,0.0,0.0,0.7639257294429708,0.7578947368421053,-0.07874015748031496,0.4940476190476173,0.8444444444444444,0.0,-0.7320508075688771,0.0,0.0,0.2513337285121525
0.0,0.2,1.0,0.0,0.7639257294429708,0.7578947368421053,0.7611548556430446,0.8115079365079354,-0.16296296296296298,-0.2886751345948128,-0.6339745962155612,0.0,0.03571428571428571,0.24777711914641454
0.0,0.4,1.0,0.0,0.6684350132625995,0.7578947368421053,0.7611548556430446,0.7757936507936496,-0.508641975308642,-0.5,-0.36602540378443876,0.0,0.07142857142857142,0.35447540011855444
0.0,0.6,1.0,0.0,0.5941644562334217,0.6631578947368421,0.7611548556430446,0.7123015873015868,0.0049382716049382715,-0.577350269189626,0.0,0.0,0.10714285714285714,0.4943687018375817
0.0,0.8,2.0,0.0,-0.1909814323607427,0.5894736842105263,0.6666666666666666,0.35515873015872956,-0.13333333333333333,-0.5000000000000001,0.3660254037844388,0.0,0.14285714285714285,0.484884410195613
0.0,1.0,2.0,0.0,-0.3183023872679045,-0.18947368421052632,0.5931758530183727,-0.013888888888889466,0.2716049382716049,-0.2886751345948132,0.6339745962155612,0.0,0.17857142857142858,0.477771191464137
0.0,1.2,2.0,0.0,-0.10610079575596817,-0.3157894736842105,-0.1837270341207349,-0.27579365079365137,0.20246913580246914,-2.1211504774498138e-16,0.7320508075688774,0.0,0.21428571428571427,0.445761707172495
0.5,-1.0,-1.0,0.0,-0.15915119363395225,-0.10526315789473684,-0.30971128608923887,-0.26388888888888945,0.7753086419753087,0.2886751345948128,0.6339745962155615,0.0,0.25,0.4161232957913457
0.5,-0.8,-1.0,0.0,0.2546419098143236,-0.15789473684210525,-0.09973753280839895,-0.04960317460317518,0.7753086419753087,0.49999999999999994,0.3660254037844388,0.0,0.2857142857142857,0.36395969176052106
0.5,-0.6,-1.0,0.0,-0.4562334217506631,0.25263157894736843,-0.15223097112860892,-0.18055555555555614,0.024691358024691357,0.5773502691896257,1.793007356604921e-16,0.0,0.32142857142857145,0.23236514522821516
0.5,-0.4,0.0,0.0,-0.21220159151193635,-0.45263157894736844,0.2572178477690289,-0.20039682539682654,0.8148148148148148,0.5,-0.3660254037844383,1.0,0.35714285714285715,0.21813870776526317
0.5,-0.2,0.0,0.0,-0.14854111405835543,-0.21052631578947367,-0.4461942257217848,-0.35119047619047794,0.8148148148148148,0.2886751345948128,-0.6339745962155612,0.0,0.39285714285714285,0.11618257261410861
0.5,0.0,0.0,0.0,0.7851458885941645,-0.14736842105263157,-0.2047244094488189,0.11309523809523636,0.8148148148148148,0.0,-0.7320508075688771,0.0,0.42857142857142855,0.11855364552459924
0.5,0.2,1.0,0.0,0.6790450928381963,0.7789473684210526,-0.14173228346456693,0.4464285714285697,0.725925925925926,-0.2886751345948128,-0.6339745962155612,0.0,0.4642857142857143,0.10906935388263261
0.5,0.4,1.0,0.0,1.3580901856763925,0.6736842105263158,0.7821522309711286,1.0099206349206344,0.6567901234567901,-0.5,-0.36602540378443876,0.0,0.5,0.18612922347362118
0.5,0.6,1.0,0.0,0.4880636604774536,1.3473684210526315,0.6771653543307087,0.8988095238095221,-0.07407407407407407,-0.577350269189626,0.0,0.0,0.5357142857142857,0.17427385892116187
0.5,0.8,2.0,0.0,0.636604774535809,0.4842105263157895,1.3490813648293962,0.8829365079365068,-0.1925925925925926,-0.5000000000000001,0.3660254037844388,0.0,0.5714285714285714,0.26674570243034984
0.5,1.0,2.0,0.0,0.3076923076923077,0.631578947368421,0.4881889763779528,0.49007936507936395,0.0049382716049382715,-0.2886751345948132,0.6339745962155612,0.0,0.6071428571428571,0.33669235328986447
0.5,1.2,2.0,0.0,0.08488063660477453,0.30526315789473685,0.6351706036745407,0.3392857142857126,-0.044444444444444446,-2.1211504774498138e-16,0.7320508075688774,0.0,0.6428571428571429,0.3580320094842925
1.0,-1.0,-1.0,0.0,-0.20159151193633953,0.08421052631578947,0.30971128608923887,0.02579365079364964,0.34074074074074073,0.2886751345948128,0.6339745962155615,0.0,0.6785714285714286,0.35328986366330706
1.0,-0.8,-1.0,0.0,-0.3076923076923077,-0.2,0.08923884514435695,-0.20436507936507994,-0.32098765432098764,0.49999999999999994,0.3660254037844388,0.0,0.7142857142857143,0.2904564315352705
1.0,-0.6,-1.0,0.0,-0.22281167108753316,-0.30526315789473685,-0.1942257217847769,-0.3194444444444456,-0.09382716049382717,0.5773502691896257,1.793007356604921e-16,0.0,0.75,0.3165382335506818
1.0,-0.4,0.0,0.0,0.3819628647214854,-0.22105263157894736,-0.2992125984251969,-0.10119047619047793,-0.0345679012345679,0.5,-0.3660254037844383,1.0,0.7857142857142857,0.3829282750444584
1.0,-0.2,0.0,0.0,0.7320954907161804,0.37894736842105264,-0.2152230971128609,0.28769841269841157,0.8345679012345679,0.2886751345948128,-0.6339745962155612,0.0,0.8214285714285714,0.481327800829875
1.0,0.0,0.0,0.0,0.3925729442970822,0.7263157894736842,0.38320209973753283,0.5178571428571411,0.7358024691358025,0.0,-0.7320508075688771,0.0,0.8571428571428571,0.43746295198577373
1.0,0.2,1.0,0.0,0.2864721485411141,0.3894736842105263,0.7296587926509186,0.48214285714285543,1.3679012345679011,-0.2886751345948128,-0.6339745962155612,0.0,0.8928571428571429,0.39359810314167243
1.0,0.4,1.0,0.0,0.5517241379310345,0.28421052631578947,0.3937007874015748,0.4146825396825391,0.5580246913580247,-0.5,-0.36602540378443876,0.0,0.9285714285714286,0.3034973325429751
1.0,0.6,1.0,0.0,0.0,0.5473684210526316,0.2887139107611549,0.26785714285714113,0.6962962962962963,-0.577350269189626,0.0,0.0,0.9642857142857143,0.24896265560165984
1.0,0.8,2.0,0.0,-0.11671087533156499,0.0,0.5511811023622047,0.11706349206349148,0.39012345679012345,-0.5000000000000001,0.3660254037844388,0.0,1.0,0.1647895672791932
-1.0,-0.8,-1.0,0.2,-0.5411140583554377,-0.5368421052631579,-0.2887139107611549,-0.561507936507938,-0.39012345679012345,0.49999999999999994,0.3660254037844388,0.0,-1.0,-1.0859513930053357
-1.0,-0.6,-1.0,0.2,-0.7745358090185677,-0.5368421052631579,-0.5301837270341208,-0.7400793650793666,-0.6765432098765433,0.5773502691896257,1.793007356604921e-16,0.0,-0.9642857142857143,-1.1132187314759934
-1.0,-0.4,0.0,0.2,-0.636604774535809,-0.7684210526315789,-0.5301837270341208,-0.7757936507936523,-1.3185185185185184,0.5,-0.3660254037844383,0.0,-0.9285714285714286,-1.090693538826319
-1.0,-0.2,0.0,0.2,-1.3262599469496021,-0.631578947368421,-0.7611548556430446,-1.0694444444444455,-0.2123456790123457,0.2886751345948128,-0.6339745962155612,1.0,-0.8928571428571429,-1.0681683461766456
-1.0,0.0,0.0,0.2,-1.3262599469496021,-1.3157894736842106,-0.6246719160104987,-1.2757936507936523,0.07407407407407407,0.0,-0.7320508075688771,0.0,-0.8571428571428571,-1.1784232365145235
-1.0,0.2,1.0,0.2,0.4562334217506631,-1.3157894736842106,-1.3070866141732282,-0.8670634920634932,-1.002469135802469,-0.2886751345948128,-0.6339745962155612,0.0,-0.8214285714285714,-1.1238885595732073
-1.0,0.4,1.0,0.2,0.8063660477453581,0.45263157894736844,-1.3070866141732282,-0.0694444444444456,-0.3802469135802469,-0.5,-0.36602540378443876,0.0,-0.7857142857142857,-0.9010077059869598
-1.0,0.6,1.0,0.2,-0.7427055702917772,0.8,0.4566929133858268,0.1488095238095221,-1.5753086419753086,-0.577350269189626,0.0,0.0,-0.75,-0.9259039715471258
-1.0,0.8,2.0,0.2,-1.5915119363395225,-0.7368421052631579,0.8031496062992126,-0.6170634920634932,-0.9629629629629629,-0.5000000000000001,0.3660254037844388,0.0,-0.7142857142857143,-0.9021932424422051
-1.0,1.0,2.0,0.2,-1.506631299734748,-1.5789473684210527,-0.7296587926509186,-1.482142857142858,-0.1728395061728395,-0.2886751345948132,0.6339745962155612,0.0,-0.6785714285714286,-0.9425014819205694
-1.0,1.2,2.0,0.2,-0.6259946949602122,-1.4947368421052631,-1.5695538057742782,-1.4384920634920646,-0.4,-2.1211504774498138e-16,0.7320508075688774,0.0,-0.6428571428571429,-0.9792531120331956
-0.5,-1.0,-1.0,0.2,-0.46684350132625996,-0.6210526315789474,-1.4855643044619422,-1.0178571428571437,-0.4,0.2886751345948128,0.6339745962155615,0.0,-0.6071428571428571,-0.9709543568464734
-0.5,-0.8,-1.0,0.2,-0.46684350132625996,-0.4631578947368421,-0.6141732283464567,-0.6289682539682552,-0.6172839506172839,0.49999999999999994,0.3660254037844388,0.0,-0.5714285714285714,-0.9626556016597511
-0.5,-0.6,-1.0,0.2,-0.7214854111405835,-0.4631578947368421,-0.4566929133858268,-0.6646825396825409,-0.4888888888888889,0.5773502691896257,1.793007356604921e-16,0.0,-0.5357142857142857,-0.9567279193835214
-0.5,-0.4,0.0,0.2,-0.8063660477453581,-0.7157894736842105,-0.4566929133858268,-0.7916666666666675,-1.1308641975308642,0.5,-0.3660254037844383,0.0,-0.5,-0.9756965026674577
-0.5,-0.2,0.0,0.2,-0.13793103448275862,-0.8,-0.7086614173228346,-0.668650793650795,-1.1308641975308642,0.2886751345948128,-0.6339745962155612,1.0,-0.4642857142857143,-0.8429164196799055
-0.5,0.0,0.0,0.2,0.2546419098143236,-0.1368421052631579,-0.7926509186351706,-0.3035714285714303,0.528395061728395,0.0,-0.7320508075688771,0.0,-0.42857142857142855,-0.6662714878482519
-0.5,0.2,1.0,0.2,0.2546419098143236,0.25263157894736843,-0.13123359580052493,0.09325396825396767,0.854320987654321,-0.2886751345948128,-0.6339745962155612,0.0,-0.39285714285714285,-0.6887966804979252
-0.5,0.4,1.0,0.2,-1.0503978779840848,0.25263157894736843,0.2572178477690289,-0.24801587301587416,-0.5876543209876544,-0.5,-0.36602540378443876,0.0,-0.35714285714285715,-0.8962655601659754
-0.5,0.6,1.0,0.2,-1.1140583554376657,-1.0421052631578946,0.2572178477690289,-0.7599206349206361,-1.3777777777777778,-0.577350269189626,0.0,0.0,-0.32142857142857145,-0.9377593360995851
-0.5,0.8,2.0,0.2,-0.6153846153846154,-1.105263157894737,-1.0341207349081365,-1.0853174603174618,-1.2987654320987654,-0.5000000000000001,0.3660254037844388,0.0,-0.2857142857142857,-0.8286899822169534
-0.5,1.0,2.0,0.2,-0.7108753315649867,-0.6105263157894737,-1.0971128608923884,-0.9583333333333341,-0.47901234567901235,-0.2886751345948132,0.6339745962155612,0.0,-0.25,-0.7397747480735035
-0.5,1.2,2.0,0.2,-0.3925729442970822,-0.7052631578947368,-0.6036745406824147,-0.6884920634920646,-0.3308641975308642,-2.1211504774498138e-16,0.7320508075688774,0.0,-0.21428571428571427,-0.7136929460580912
0.0,-1.0,-1.0,0.2,-0.41379310344827586,-0.3894736842105263,-0.6981627296587927,-0.6130952380952389,-0.3308641975308642,0.2886751345948128,0.6339745962155615,0.0,-0.17857142857142858,-0.7077652637818616
0.0,-0.8,-1.0,0.2,0.2864721485411141,-0.4105263157894737,-0.38320209973753283,-0.24007936507936567,-0.5679012345679012,0.49999999999999994,0.3660254037844388,0.0,-0.14285714285714285,-0.6235921754593959
0.0,-0.6,-1.0,0.2,-0.7639257294429708,0.28421052631578947,-0.4041994750656168,-0.3789682539682551,-0.6469135802469136,0.5773502691896257,1.793007356604921e-16,0.0,-0.10714285714285714,-0.6283343212803792
0.0,-0.4,0.0,0.2,-0.519893899204244,-0.7578947368421053,0.2887139107611549,-0.4186507936507942,-0.024691358024691357,0.5,-0.3660254037844383,0.0,-0.07142857142857142,-0.5963248369887373
0.0,-0.2,0.0,0.2,0.5305039787798409,-0.5157894736842106,-0.7506561679790026,-0.3273809523809541,0.34074074074074073,0.2886751345948128,-0.6339745962155612,1.0,-0.03571428571428571,-0.5216360403082404
0.0,0.0,0.0,0.2,0.5305039787798409,0.5263157894736842,-0.5091863517060368,0.15674603174603058,0.34074074074074073,0.0,-0.7320508075688771,0.0,0.0,-0.49081209247184365
0.0,0.2,1.0,0.2,0.5305039787798409,0.5263157894736842,0.5301837270341208,0.5496031746031734,-0.8740740740740741,-0.2886751345948128,-0.6339745962155612,0.0,0.03571428571428571,-0.459988144635447
0.0,0.4,1.0,0.2,0.3819628647214854,0.5263157894736842,0.5301837270341208,0.4940476190476173,-0.9333333333333333,-0.5,-0.36602540378443876,0.0,0.07142857142857142,-0.29994072317723713
0.0,0.6,1.0,0.2,0.5941644562334217,0.37894736842105264,0.5301837270341208,0.5178571428571411,-0.4691358024691358,-0.577350269189626,0.0,0.0,0.10714285714285714,-0.10906935388263261
0.0,0.8,2.0,0.2,-0.32891246684350134,0.5894736842105263,0.38320209973753283,0.1964285714285697,-0.5580246913580247,-0.5000000000000001,0.3660254037844388,0.0,0.14285714285714285,-0.07705986959099063
0.0,1.0,2.0,0.2,-0.9655172413793104,-0.3263157894736842,0.5931758530183727,-0.30753968253968367,-0.2617283950617284,-0.2886751345948132,0.6339745962155612,0.0,0.17857142857142858,-0.10551274451689462
0.0,1.2,2.0,0.2,-0.6896551724137931,-0.9578947368421052,-0.32020997375328086,-0.7876984126984141,-0.2814814814814815,-2.1211504774498138e-16,0.7320508075688774,0.0,0.21428571428571427,-0.1387077652637819
0.5,-1.0,-1.0,0.2,-0.7639257294429708,-0.6842105263157895,-0.9501312335958005,-0.9503968253968266,0.37037037037037035,0.2886751345948128,0.6339745962155615,0.0,0.25,-0.17783046828689988
0.5,-0.8,-1.0,0.2,-0.6047745358090185,-0.7578947368421053,-0.6771653543307087,-0.8154761904761914,-0.6074074074074074,0.49999999999999994,0.3660254037844388,0.0,0.2857142857142857,-0.2774155305275638
0.5,-0.6,-1.0,0.2,-1.1883289124668435,-0.6,-0.7506561679790026,-1.0019841269841285,-0.3802469135802469,0.5773502691896257,1.793007356604921e-16,0.0,0.32142857142857145,-0.3248369887374031
0.5,-0.4,0.0,0.2,-0.8275862068965517,-1.1789473684210525,-0.5931758530183727,-1.0257936507936523,0.5975308641975309,0.5,-0.3660254037844383,1.0,0.35714285714285715,-0.35921754593953775
0.5,-0.2,0.0,0.2,-0.8381962864721485,-0.8210526315789474,-1.1706036745406825,-1.113095238095239,0.5975308641975309,0.2886751345948128,-0.6339745962155612,0.0,0.39285714285714285,-0.5121517486662717
0.5,0.0,0.0,0.2,0.7108753315649867,-0.8315789473684211,-0.8136482939632546,-0.40277777777777896,0.5975308641975309,0.0,-0.7320508075688771,0.0,0.42857142857142855,-0.491997628927089
0.5,0.2,1.0,0.2,0.5411140583554377,0.7052631578947368,-0.8241469816272966,0.10912698412698298,0.45925925925925926,-0.2886751345948128,-0.6339745962155612,0.0,0.4642857142857143,-0.49081209247184365
0.5,0.4,1.0,0.2,1.0291777188328912,0.5368421052631579,0.7086614173228346,0.807539682539682,0.6567901234567901,-0.5,-0.36602540378443876,0.0,0.5,-0.4184943687018384
0.5,0.6,1.0,0.2,0.10610079575596817,1.0210526315789474,0.5406824146981627,0.5813492063492057,-0.20246913580246914,-0.577350269189626,0.0,0.0,0.5357142857142857,-0.4730290456431537
0.5,0.8,2.0,0.2,0.22281167108753316,0.10526315789473684,1.0236220472440944,0.4623015873015867,-0.7950617283950617,-0.5000000000000001,0.3660254037844388,0.0,0.5714285714285714,-0.4113811499703624
0.5,1.0,2.0,0.2,0.23342175066312998,0.22105263157894736,0.11023622047244094,0.1646825396825391,-0.5382716049382716,-0.2886751345948132,0.6339745962155612,0.0,0.6071428571428571,-0.2774155305275638
0.5,1.2,2.0,0.2,-0.15915119363395225,0.23157894736842105,0.22572178477690288,0.06547619047618874,-0.6074074074074074,-2.1211504774498138e-16,0.7320508075688774,0.0,0.6428571428571429,-0.21813870776526317
1.0,-1.0,-1.0,0.2,-0.6259946949602122,-0.15789473684210525,0.23622047244094488,-0.2519841269841276,-0.45925925925925926,0.2886751345948128,0.6339745962155615,0.0,0.6785714285714286,-0.20272673384706585
1.0,-0.8,-1.0,0.2,-0.5729442970822282,-0.6210526315789474,-0.15223097112860892,-0.5535714285714295,-1.002469135802469,0.49999999999999994,0.3660254037844388,0.0,0.7142857142857143,-0.19917012448132787
1.0,-0.6,-1.0,0.2,-0.6472148541114059,-0.5684210526315789,-0.6141732283464567,-0.7361111111111123,-0.6666666666666666,0.5773502691896257,1.793007356604921e-16,0.0,0.75,-0.1387077652637819
1.0,-0.4,0.0,0.2,0.2440318302387268,-0.6421052631578947,-0.5616797900262467,-0.4107142857142874,-0.6765432098765433,0.5,-0.3660254037844383,1.0,0.7857142857142857,-0.018968583283935296
1.0,-0.2,0.0,0.2,0.5517241379310345,0.24210526315789474,-0.6351706036745407,0.009920634920634342,0.7654320987654321,0.2886751345948128,-0.6339745962155612,0.0,0.8214285714285714,0.1363366923532892
1.0,0.0,0.0,0.2,0.13793103448275862,0.5473684210526316,0.24671916010498687,0.3035714285714268,0.6074074074074074,0.0,-0.7320508075688771,0.0,0.8571428571428571,0.07231772377000527
1.0,0.2,1.0,0.2,-0.09549071618037135,0.1368421052631579,0.5511811023622047,0.17658730158730102,1.0617283950617284,-0.2886751345948128,-0.6339745962155612,0.0,0.8928571428571429,0.0011855364552453092
1.0,0.4,1.0,0.2,-0.05305039787798409,-0.09473684210526316,0.14173228346456693,-0.04960317460317518,0.20246913580246914,-0.5,-0.36602540378443876,0.0,0.9285714285714286,-0.1197391819798466
1.0,0.6,1.0,0.2,-0.6259946949602122,-0.05263157894736842,-0.08923884514435695,-0.3353174603174609,0.3111111111111111,-0.577350269189626,0.0,0.0,0.9642857142857143,-0.20154119739182055
1.0,0.8,2.0,0.2,-0.41379310344827586,-0.6210526315789474,-0.047244094488188976,-0.4543650793650799,0.32098765432098764,-0.5000000000000001,0.3660254037844388,0.0,1.0,-0.27267338470658053
-1.0,-0.8,-1.0,0.4,-0.3819628647214854,-0.37894736842105264,-0.03674540682414698,-0.3472222222222228,-0.07407407407407407,0.49999999999999994,0.3660254037844388,0.0,-1.0,-0.6259632483698876
-1.0,-0.6,-1.0,0.4,-0.32891246684350134,-0.37894736842105264,-0.37270341207349084,-0.4543650793650799,-0.5382716049382716,0.5773502691896257,1.793007356604921e-16,0.0,-0.9642857142857143,-0.641375222288086
-1.0,-0.4,0.0,0.4,0.2864721485411141,-0.3263157894736842,-0.37270341207349084,-0.20436507936507994,-0.508641975308642,0.5,-0.3660254037844383,0.0,-0.9285714285714286,-0.5323058684054544
-1.0,-0.2,0.0,0.4,-0.8488063660477454,0.28421052631578947,-0.32020997375328086,-0.3789682539682551,-0.508641975308642,0.2886751345948128,-0.6339745962155612,1.0,-0.8928571428571429,-0.5536455245998824
-1.0,0.0,0.0,0.4,-0.8488063660477454,-0.8421052631578947,0.2887139107611549,-0.5734126984126998,0.5679012345679012,0.0,-0.7320508075688771,0.0,-0.8571428571428571,-0.5749851807943093
-1.0,0.2,1.0,0.4,-0.8488063660477454,-0.8421052631578947,-0.8346456692913385,-0.9980158730158741,-0.47901234567901235,-0.2886751345948128,-0.6339745962155612,0.0,-0.8214285714285714,-0.7255483106105515
-1.0,0.4,1.0,0.4,1.3474801061007957,-0.8421052631578947,-0.8346456692913385,-0.17658730158730274,-0.11358024691358025,-0.5,-0.36602540378443876,0.0,-0.7857142857142857,-0.5050385299347957
-1.0,0.6,1.0,0.4,-0.44562334217506633,1.3368421052631578,-0.8346456692913385,-0.02579365079365137,-1.0222222222222221,-0.577350269189626,0.0,0.0,-0.75,-0.5287492590397164
-1.0,0.8,2.0,0.4,-1.273209549071618,-0.4421052631578947,1.3385826771653544,-0.18452380952381126,-0.4691358024691358,-0.5000000000000001,0.3660254037844388,0.0,-0.7142857142857143,-0.5358624777711923
-1.0,1.0,2.0,0.4,-1.039787798408488,-1.263157894736842,-0.4356955380577428,-1.0773809523809532,0.06419753086419754,-0.2886751345948132,0.6339745962155612,0.0,-0.6785714285714286,-0.5832839359810316
-1.0,1.2,2.0,0.4,-0.1909814323607427,-1.0315789473684212,-1.2545931758530184,-0.982142857142858,-0.2518518518518518,-2.1211504774498138e-16,0.7320508075688774,0.0,-0.6428571428571429,-0.5998814463544753
-0.5,-1.0,-1.0,0.4,0.07427055702917772,-0.18947368421052632,-1.0236220472440944,-0.47817460317460375,-0.2518518518518518,0.2886751345948128,0.6339745962155615,0.0,-0.6071428571428571,-0.5489033787788969
-0.5,-0.8,-1.0,0.4,0.07427055702917772,0.07368421052631578,-0.1837270341207349,-0.06150793650793709,-0.20246913580246914,0.49999999999999994,0.3660254037844388,0.0,-0.5714285714285714,-0.4979253112033197
-0.5,-0.6,-1.0,0.4,0.03183023872679045,0.07368421052631578,0.07874015748031496,0.021825396825396248,0.37037037037037035,0.5773502691896257,1.793007356604921e-16,0.0,-0.5357142857142857,-0.4576170717249564
-0.5,-0.4,0.0,0.4,-0.03183023872679045,0.031578947368421054,0.07874015748031496,-0.01785714285714459,-0.6864197530864198,0.5,-0.3660254037844383,0.0,-0.5,-0.49318316538233636
-0.5,-0.2,0.0,0.4,0.2864721485411141,-0.031578947368421054,0.03674540682414698,0.06150793650793535,-0.6864197530864198,0.2886751345948128,-0.6339745962155612,1.0,-0.4642857142857143,-0.3663307646710138
-0.5,0.0,0.0,0.4,0.7108753315649867,0.28421052631578947,-0.026246719160104987,0.31547619047618874,-0.6864197530864198,0.0,-0.7320508075688771,0.0,-0.42857142857142855,-0.19205690574985188
-0.5,0.2,1.0,0.4,0.7108753315649867,0.7052631578947368,0.2887139107611549,0.5932539682539677,1.3580246913580247,-0.2886751345948128,-0.6339745962155612,0.0,-0.39285714285714285,-0.01778304682868999
-0.5,0.4,1.0,0.4,0.7002652519893899,0.7052631578947368,0.7086614173228346,0.7480158730158725,-0.3111111111111111,-0.5,-0.36602540378443876,0.0,-0.35714285714285715,-0.09010077059869526
-0.5,0.6,1.0,0.4,-0.3819628647214854,0.6947368421052632,0.7086614173228346,0.3392857142857126,-1.0814814814814815,-0.577350269189626,0.0,0.0,-0.32142857142857145,-0.08298755186721926
-0.5,0.8,2.0,0.4,0.11671087533156499,-0.37894736842105264,0.6981627296587927,0.11706349206349148,-0.8641975308641975,-0.5000000000000001,0.3660254037844388,0.0,-0.2857142857142857,0.07231772377000527
-0.5,1.0,2.0,0.4,0.6896551724137931,0.11578947368421053,-0.37270341207349084,0.11309523809523636,-0.07407407407407407,-0.2886751345948132,0.6339745962155612,0.0,-0.25,0.2655601659751045
-0.5,1.2,2.0,0.4,0.6896551724137931,0.6842105263157895,0.12073490813648294,0.5138888888888877,0.1728395061728395,-2.1211504774498138e-16,0.7320508075688774,0.0,-0.21428571428571427,0.36395969176052106
0.0,-1.0,-1.0,0.4,0.4350132625994695,0.6842105263157895,0.6876640419947506,0.6329365079365068,0.1728395061728395,0.2886751345948128,0.6339745962155615,0.0,-0.17857142857142858,0.40426793123888644
0.0,-0.8,-1.0,0.4,1.103448275862069,0.43157894736842106,0.6876640419947506,0.7876984126984116,0.13333333333333333,0.49999999999999994,0.3660254037844388,0.0,-0.14285714285714285,0.5192649673977476
0.0,-0.6,-1.0,0.4,1.103448275862069,1.0947368421052632,0.4356955380577428,0.9424603174603163,0.07407407407407407,0.5773502691896257,1.793007356604921e-16,0.0,-0.10714285714285714,0.6390041493775943
0.0,-0.4,0.0,0.4,0.519893899204244,1.0947368421052632,1.0971128608923884,0.9742063492063486,0.37037037037037035,0.5,-0.3660254037844383,0.0,-0.07142857142857142,0.7006520450503856
0.0,-0.2,0.0,0.4,1.2307692307692308,0.5157894736842106,1.0971128608923884,1.0218253968253963,0.7654320987654321,0.2886751345948128,-0.6339745962155612,1.0,-0.03571428571428571,0.8061647895672802
0.0,0.0,0.0,0.4,1.2307692307692308,1.2210526315789474,0.5196850393700787,1.069444444444444,0.7654320987654321,0.0,-0.7320508075688771,0.0,0.0,0.8642560758743334
0.0,0.2,1.0,0.4,1.2307692307692308,1.2210526315789474,1.2230971128608923,1.3353174603174591,0.7555555555555555,-0.2886751345948128,-0.6339745962155612,0.0,0.03571428571428571,0.9223473621813867
0.0,0.4,1.0,0.4,1.1140583554376657,1.2210526315789474,1.2230971128608923,1.291666666666665,-0.2518518518518518,-0.5,-0.36602540378443876,0.0,0.07142857142857142,0.9685832839359807
0.0,0.6,1.0,0.4,0.4986737400530504,1.105263157894737,1.2230971128608923,1.017857142857141,0.2123456790123457,-0.577350269189626,0.0,0.0,0.10714285714285714,1.0669828097213994
0.0,0.8,2.0,0.4,0.0,0.49473684210526314,1.1076115485564304,0.557539682539682,0.745679012345679,-0.5000000000000001,0.3660254037844388,0.0,0.14285714285714285,1.0539419087136925
0.0,1.0,2.0,0.4,0.5517241379310345,0.0,0.49868766404199477,0.34722222222222104,0.745679012345679,-0.2886751345948132,0.6339745962155612,0.0,0.17857142857142858,1.0385299347954953
0.0,1.2,2.0,0.4,0.3076923076923077,0.5473684210526316,0.005249343832020997,0.27579365079364965,0.508641975308642,-2.1211504774498138e-16,0.7320508075688774,0.0,0.21428571428571427,0.9958506224066394
0.5,-1.0,-1.0,0.4,0.07427055702917772,0.30526315789473685,0.5511811023622047,0.3035714285714268,1.1308641975308642,0.2886751345948128,0.6339745962155615,0.0,0.25,0.9555423829282761
0.5,-0.8,-1.0,0.4,0.9655172413793104,0.07368421052631578,0.30971128608923887,0.4583333333333316,1.1308641975308642,0.49999999999999994,0.3660254037844388,0.0,0.2857142857142857,0.9401304090100767
0.5,-0.6,-1.0,0.4,0.010610079575596816,0.9578947368421052,0.07874015748031496,0.34722222222222104,0.5876543209876544,0.5773502691896257,1.793007356604921e-16,0.0,0.32142857142857145,0.8180201541197395
0.5,-0.4,0.0,0.4,0.11671087533156499,0.010526315789473684,0.9606299212598425,0.36309523809523636,1.2493827160493827,0.5,-0.3660254037844383,1.0,0.35714285714285715,0.7729697688203908
0.5,-0.2,0.0,0.4,-0.18037135278514588,0.11578947368421053,0.015748031496062992,-0.06547619047619221,1.2493827160493827,0.2886751345948128,-0.6339745962155612,0.0,0.39285714285714285,0.6152934202726736
0.5,0.0,0.0,0.4,-0.18037135278514588,-0.17894736842105263,0.12073490813648294,-0.13690476190476364,1.2493827160493827,0.0,-0.7320508075688771,0.0,0.42857142857142855,0.4576170717249564
0.5,0.2,1.0,0.4,1.3580901856763925,-0.17894736842105263,-0.1732283464566929,0.32738095238095066,1.1407407407407408,-0.2886751345948128,-0.6339745962155612,0.0,0.4642857142857143,0.4718435091879084
0.5,0.4,1.0,0.4,2.143236074270557,1.3473684210526315,-0.1732283464566929,1.1964285714285696,0.5679012345679012,-0.5,-0.36602540378443876,0.0,0.5,0.5868405453467697
0.5,0.6,1.0,0.4,0.9442970822281167,2.126315789473684,1.3490813648293962,1.6170634920634914,0.1037037037037037,-0.577350269189626,0.0,0.0,0.5357142857142857,0.6366330764671015
0.5,0.8,2.0,0.4,0.44562334217506633,0.9368421052631579,2.125984251968504,1.2757936507936496,0.6172839506172839,-0.5000000000000001,0.3660254037844388,0.0,0.5714285714285714,0.6864256075874335
0.5,1.0,2.0,0.4,0.3076923076923077,0.4421052631578947,0.9396325459317585,0.5892857142857125,0.39012345679012345,-0.2886751345948132,0.6339745962155612,0.0,0.6071428571428571,0.6591582691167749
0.5,1.2,2.0,0.4,0.11671087533156499,0.30526315789473685,0.4461942257217848,0.27976190476190305,0.1728395061728395,-2.1211504774498138e-16,0.7320508075688774,0.0,0.6428571428571429,0.6378186129223469
1.0,-1.0,-1.0,0.4,0.15915119363395225,0.11578947368421053,0.30971128608923887,0.1726190476190459,1.002469135802469,0.2886751345948128,0.6339745962155615,0.0,0.6785714285714286,0.6473029045643156
1.0,-0.8,-1.0,0.4,0.15915119363395225,0.15789473684210525,0.12073490813648294,0.11706349206349148,0.11358024691358025,0.49999999999999994,0.3660254037844388,0.0,0.7142857142857143,0.5572021339656203
1.0,-0.6,-1.0,0.4,0.0636604774535809,0.15789473684210525,0.16272965879265092,0.09722222222222107,0.2123456790123457,0.5773502691896257,1.793007356604921e-16,0.0,0.75,0.563129816241849
1.0,-0.4,0.0,0.4,0.3076923076923077,0.06315789473684211,0.16272965879265092,0.1527777777777772,-0.06419753086419754,0.5,-0.3660254037844383,1.0,0.7857142857142857,0.5844694724362769
1.0,-0.2,0.0,0.4,0.7639257294429708,0.30526315789473685,0.06824146981627296,0.3789682539682534,-0.06419753086419754,0.2886751345948128,-0.6339745962155612,0.0,0.8214285714285714,0.6899822169531715
1.0,0.0,0.0,0.4,0.8169761273209549,0.7578947368421053,0.30971128608923887,0.660714285714284,1.3679012345679011,0.0,-0.7320508075688771,0.0,0.8571428571428571,0.8014226437462948
1.0,0.2,1.0,0.4,0.4880636604774536,0.8105263157894737,0.7611548556430446,0.728174603174602,2.0987654320987654,-0.2886751345948128,-0.6339745962155612,0.0,0.8928571428571429,0.7042086544161236
1.0,0.4,1.0,0.4,0.4986737400530504,0.4842105263157895,0.8136482939632546,0.6289682539682534,0.9827160493827161,-0.5,-0.36602540378443876,0.0,0.9285714285714286,0.520450503852993
1.0,0.6,1.0,0.4,-0.05305039787798409,0.49473684210526314,0.4881889763779528,0.3035714285714268,0.5185185185185185,-0.577350269189626,0.0,0.0,0.9642857142857143,0.40901007705986975
1.0,0.8,2.0,0.4,-0.09549071618037135,-0.05263157894736842,0.49868766404199477,0.08531746031745917,0.39012345679012345,-0.5000000000000001,0.3660254037844388,0.0,1.0,0.34854771784232375
-1.0,-1.0,-1.0,0.6,0.0,-0.14736842105263157,-0.5931758530183727,-0.3273809523809541,1.8123456790123458,0.2886751345948128,0.6339745962155615,0.0,-1.0357142857142858,-0.08298755186721926
-1.0,-0.8,-1.0,0.6,0.0,0.0,-0.14173228346456693,-0.10119047619047793,-0.13333333333333333,0.49999999999999994,0.3660254037844388,0.0,-1.0,-0.2880853586247778
-1.0,-0.6,-1.0,0.6,-0.46684350132625996,0.0,0.005249343832020997,-0.22023809523809698,-0.2716049382716049,0.5773502691896257,1.793007356604921e-16,0.0,-0.9642857142857143,-0.31179608772969847
-1.0,-0.4,0.0,0.6,-0.3183023872679045,-0.4631578947368421,0.005249343832020997,-0.339285714285716,-0.40987654320987654,0.5,-0.3660254037844383,0.0,-0.9285714285714286,-0.3023117960877298
-1.0,-0.2,0.0,0.6,-0.753315649867374,-0.3157894736842105,-0.4566929133858268,-0.6210317460317475,0.745679012345679,0.2886751345948128,-0.6339745962155612,1.0,-0.8928571428571429,-0.3248369887374031
-1.0,0.0,0.0,0.6,-0.35013262599469497,-0.7473684210526316,-0.30971128608923887,-0.5773809523809532,0.6469135802469136,0.0,-0.7320508075688771,0.0,-0.8571428571428571,-0.4410195613515117
-1.0,0.2,1.0,0.6,0.8169761273209549,-0.3473684210526316,-0.7401574803149606,-0.15277777777777893,-0.3012345679012346,-0.2886751345948128,-0.6339745962155612,0.0,-0.8214285714285714,-0.41493775933610044
-1.0,0.4,1.0,0.6,0.9230769230769231,0.8105263157894737,-0.34120734908136485,0.47420634920634863,-0.044444444444444446,-0.5,-0.36602540378443876,0.0,-0.7857142857142857,-0.2631890930646118
-1.0,0.6,1.0,0.6,-0.042440318302387266,0.9157894736842105,0.8136482939632546,0.5892857142857125,-0.7160493827160493,-0.577350269189626,0.0,0.0,-0.75,-0.25014819205690514
-1.0,0.8,2.0,0.6,-0.986737400530504,-0.042105263157894736,0.9186351706036745,-0.08531746031746089,-0.45925925925925926,-0.5000000000000001,0.3660254037844388,0.0,-0.7142857142857143,-0.26200355660936653
-1.0,1.0,2.0,0.6,-0.6684350132625995,-0.9789473684210527,-0.03674540682414698,-0.680555555555557,-0.0345679012345679,-0.2886751345948132,0.6339745962155612,0.0,-0.6785714285714286,-0.2691167753408425
-1.0,1.2,2.0,0.6,-0.11671087533156499,-0.6631578947368421,-0.9711286089238845,-0.7083333333333341,0.1037037037037037,-2.1211504774498138e-16,0.7320508075688774,0.0,-0.6428571428571429,-0.2655601659751045
-0.5,-1.0,-1.0,0.6,0.08488063660477453,-0.11578947368421053,-0.6561679790026247,-0.30753968253968367,0.1037037037037037,0.2886751345948128,0.6339745962155615,0.0,-0.6071428571428571,-0.25607587433313583
-0.5,-0.8,-1.0,0.6,0.08488063660477453,0.08421052631578947,-0.11023622047244094,-0.02579365079365137,-0.3308641975308642,0.49999999999999994,0.3660254037844388,0.0,-0.5714285714285714,-0.24659158269116715
-0.5,-0.6,-1.0,0.6,-0.22281167108753316,0.08421052631578947,0.08923884514435695,-0.06547619047619221,-0.1925925925925926,0.5773502691896257,1.793007356604921e-16,0.0,-0.5357142857142857,-0.21932424422051056
-0.5,-0.4,0.0,0.6,-0.0636604774535809,-0.22105263157894736,0.08923884514435695,-0.12103174603174661,-0.5975308641975309,0.5,-0.3660254037844383,0.0,-0.5,-0.19087136929460657
-0.5,-0.2,0.0,0.6,0.03183023872679045,-0.06315789473684211,-0.2152230971128609,-0.14087301587301704,-0.2222222222222222,0.2886751345948128,-0.6339745962155612,1.0,-0.4642857142857143,-0.10314167160640193
-0.5,0.0,0.0,0.6,0.29708222811671087,0.031578947368421054,-0.05774278215223097,0.05357142857142684,0.8641975308641975,0.0,-0.7320508075688771,0.0,-0.42857142857142855,-0.03082394783639667
-0.5,0.2,1.0,0.6,1.5278514588859415,0.29473684210526313,0.03674540682414698,0.6488095238095221,0.9629629629629629,-0.2886751345948128,-0.6339745962155612,0.0,-0.39285714285714285,0.04860699466508666
-0.5,0.4,1.0,0.6,0.2864721485411141,1.5157894736842106,0.2992125984251969,0.7440476190476173,0.06419753086419754,-0.5,-0.36602540378443876,0.0,-0.35714285714285715,-0.022525192649673294
-0.5,0.6,1.0,0.6,-0.5305039787798409,0.28421052631578947,1.5170603674540681,0.4345238095238078,-0.8148148148148148,-0.577350269189626,0.0,0.0,-0.32142857142857145,-0.07705986959099063
-0.5,0.8,2.0,0.6,-0.1909814323607427,-0.5263157894736842,0.2887139107611549,-0.20833333333333506,-0.5185185185185185,-0.5000000000000001,0.3660254037844388,0.0,-0.2857142857142857,0.011855364552459302
-0.5,1.0,2.0,0.6,0.1909814323607427,-0.18947368421052632,-0.5196850393700787,-0.2440476190476208,-0.0049382716049382715,-0.2886751345948132,0.6339745962155612,0.0,-0.25,0.10788381742738525
-0.5,1.2,2.0,0.6,0.2864721485411141,0.18947368421052632,-0.1837270341207349,0.06150793650793535,0.18271604938271604,-2.1211504774498138e-16,0.7320508075688774,0.0,-0.21428571428571427,0.1529342027267339
0.0,-1.0,-1.0,0.6,0.13793103448275862,0.28421052631578947,0.1942257217847769,0.18452380952380779,0.18271604938271604,0.2886751345948128,0.6339745962155615,0.0,-0.17857142857142858,0.15886188500296458
0.0,-0.8,-1.0,0.6,0.7427055702917772,0.1368421052631579,0.2887139107611549,0.3908730158730153,-0.1037037037037037,0.49999999999999994,0.3660254037844388,0.0,-0.14285714285714285,0.23236514522821516
0.0,-0.6,-1.0,0.6,-0.7639257294429708,0.7368421052631579,0.14173228346456693,-0.0019841269841275617,0.044444444444444446,0.5773502691896257,1.793007356604921e-16,0.0,-0.10714285714285714,0.1719027860106692
0.0,-0.4,0.0,0.6,0.22281167108753316,-0.7578947368421053,0.7401574803149606,0.02976190476190303,0.13333333333333333,0.5,-0.3660254037844383,0.0,-0.07142857142857142,0.20391227030231118
0.0,-0.2,0.0,0.6,0.636604774535809,0.22105263157894736,-0.7506561679790026,-0.009920634920636075,0.3802469135802469,0.2886751345948128,-0.6339745962155612,1.0,-0.03571428571428571,0.27148784825133315
0.0,0.0,0.0,0.6,0.636604774535809,0.631578947368421,0.22572178477690288,0.5138888888888877,1.525925925925926,0.0,-0.7320508075688771,0.0,0.0,0.3094250148192058
0.0,0.2,1.0,0.6,0.636604774535809,0.631578947368421,0.6351706036745407,0.6686507936507925,0.37037037037037035,-0.2886751345948128,-0.6339745962155612,0.0,0.03571428571428571,0.20983995257854185
0.0,0.4,1.0,0.6,0.4880636604774536,0.631578947368421,0.6351706036745407,0.6130952380952364,-0.39012345679012345,-0.5,-0.36602540378443876,0.0,0.07142857142857142,0.23236514522821516
0.0,0.6,1.0,0.6,0.2546419098143236,0.4842105263157895,0.6351706036745407,0.4702380952380935,-0.07407407407407407,-0.577350269189626,0.0,0.0,0.10714285714285714,0.32009484291641976
0.0,0.8,2.0,0.6,0.021220159151193633,0.25263157894736843,0.4881889763779528,0.24007936507936392,0.2814814814814815,-0.5000000000000001,0.3660254037844388,0.0,0.14285714285714285,0.3438055720213405
0.0,1.0,2.0,0.6,-0.09549071618037135,0.021052631578947368,0.2572178477690289,0.021825396825396248,0.37037037037037035,-0.2886751345948132,0.6339745962155612,0.0,0.17857142857142858,0.31179608772969847
0.0,1.2,2.0,0.6,-0.13793103448275862,-0.09473684210526316,0.026246719160104987,-0.12500000000000172,0.23209876543209876,-2.1211504774498138e-16,0.7320508075688774,0.0,0.21428571428571427,0.26437462951985713
0.5,-1.0,-1.0,0.6,0.13793103448275862,-0.1368421052631579,-0.08923884514435695,-0.0813492063492075,0.7950617283950617,0.2886751345948128,0.6339745962155615,0.0,0.25,0.26437462951985713
0.5,-0.8,-1.0,0.6,0.636604774535809,0.1368421052631579,-0.13123359580052493,0.1924603174603163,-0.6074074074074074,0.49999999999999994,0.3660254037844388,0.0,0.2857142857142857,0.25251926496739785
0.5,-0.6,-1.0,0.6,-0.11671087533156499,0.631578947368421,0.14173228346456693,0.20039682539682482,0.3111111111111111,0.5773502691896257,1.793007356604921e-16,0.0,0.32142857142857145,0.3248369887374031
0.5,-0.4,0.0,0.6,-0.18037135278514588,-0.11578947368421053,0.6351706036745407,0.08134920634920577,0.6962962962962963,0.5,-0.3660254037844383,1.0,0.35714285714285715,0.2797866034380565
0.5,-0.2,0.0,0.6,-0.18037135278514588,-0.17894736842105263,-0.11023622047244094,-0.22420634920635035,0.6962962962962963,0.2886751345948128,-0.6339745962155612,0.0,0.39285714285714285,0.18850029638411386
0.5,0.0,0.0,0.6,0.1909814323607427,-0.17894736842105263,-0.1732283464566929,-0.10912698412698471,0.6962962962962963,0.0,-0.7320508075688771,0.0,0.42857142857142855,0.1387077652637819
0.5,0.2,1.0,0.6,1.0291777188328912,0.18947368421052632,-0.1732283464566929,0.3432539682539677,0.5580246913580247,-0.2886751345948128,-0.6339745962155612,0.0,0.4642857142857143,0.1825726141078832
0.5,0.4,1.0,0.6,1.1989389920424403,1.0210526315789474,0.1942257217847769,0.859126984126983,0.34074074074074073,-0.5,-0.36602540378443876,0.0,0.5,0.26200355660936653
0.5,0.6,1.0,0.6,0.21220159151193635,1.1894736842105262,1.0236220472440944,0.8670634920634915,0.12345679012345678,-0.577350269189626,0.0,0.0,0.5357142857142857,0.25726141078838116
0.5,0.8,2.0,0.6,0.1909814323607427,0.21052631578947367,1.1916010498687664,0.5535714285714268,0.014814814814814815,-0.5000000000000001,0.3660254037844388,0.0,0.5714285714285714,0.2762299940723185
0.5,1.0,2.0,0.6,0.26525198938992045,0.18947368421052632,0.2152230971128609,0.20436507936507822,-0.024691358024691357,-0.2886751345948132,0.6339745962155612,0.0,0.6071428571428571,0.3165382335506818
0.5,1.2,2.0,0.6,0.20159151193633953,0.2631578947368421,0.1942257217847769,0.20039682539682482,0.23209876543209876,-2.1211504774498138e-16,0.7320508075688774,0.0,0.6428571428571429,0.35447540011855444
1.0,-1.0,-1.0,0.6,0.08488063660477453,0.2,0.2677165354330709,0.16071428571428398,0.6962962962962963,0.2886751345948128,0.6339745962155615,0.0,0.6785714285714286,0.34854771784232375
1.0,-0.8,-1.0,0.6,0.4986737400530504,0.08421052631578947,0.2047244094488189,0.24801587301587244,-0.0049382716049382715,0.49999999999999994,0.3660254037844388,0.0,0.7142857142857143,0.3331357439241265
1.0,-0.6,-1.0,0.6,0.3076923076923077,0.49473684210526314,0.08923884514435695,0.28769841269841157,-0.06419753086419754,0.5773502691896257,1.793007356604921e-16,0.0,0.75,0.38055720213396577
1.0,-0.4,0.0,0.6,0.8063660477453581,0.30526315789473685,0.49868766404199477,0.557539682539682,-0.06419753086419754,0.5,-0.3660254037844383,1.0,0.7857142857142857,0.49081209247184365
1.0,-0.2,0.0,0.6,0.7108753315649867,0.8,0.30971128608923887,0.6369047619047602,0.2814814814814815,0.2886751345948128,-0.6339745962155612,0.0,0.8214285714285714,0.5903971547125076
1.0,0.0,0.0,0.6,0.6896551724137931,0.7052631578947368,0.8031496062992126,0.779761904761903,1.0617283950617284,0.0,-0.7320508075688771,0.0,0.8571428571428571,0.6461173681090703
1.0,0.2,1.0,0.6,0.6790450928381963,0.6842105263157895,0.7086614173228346,0.7321428571428554,1.219753086419753,-0.2886751345948128,-0.6339745962155612,0.0,0.8928571428571429,0.6069946650859523
1.0,0.4,1.0,0.6,0.5305039787798409,0.6736842105263158,0.6876640419947506,0.6646825396825391,0.3012345679012346,-0.5,-0.36602540378443876,0.0,0.9285714285714286,0.5323058684054544
1.0,0.6,1.0,0.6,0.0636604774535809,0.5263157894736842,0.6771653543307087,0.4305555555555544,0.2814814814814815,-0.577350269189626,0.0,0.0,0.9642857142857143,0.5157083580320097
1.0,0.8,2.0,0.6,0.1273209549071618,0.06315789473684211,0.5301837270341208,0.22420634920634863,0.3506172839506173,-0.5000000000000001,0.3660254037844388,0.0,1.0,0.5085951393005337
-1.0,-0.8,-1.0,0.8,-0.1273209549071618,-0.12631578947368421,-0.06824146981627296,-0.16865079365079422,-0.16296296296296298,0.49999999999999994,0.3660254037844388,0.0,-1.0,-0.5251926496739784
-1.0,-0.6,-1.0,0.8,-0.4986737400530504,-0.12631578947368421,-0.12073490813648294,-0.3273809523809541,-0.3111111111111111,0.5773502691896257,1.793007356604921e-16,0.0,-0.9642857142857143,-0.5489033787788969
-1.0,-0.4,0.0,0.8,-0.23342175066312998,-0.49473684210526314,-0.12073490813648294,-0.3670634920634932,-0.6074074074074074,0.5,-0.3660254037844383,0.0,-0.9285714285714286,-0.5251926496739784
-1.0,-0.2,0.0,0.8,-0.4986737400530504,-0.23157894736842105,-0.4881889763779528,-0.5059523809523818,-0.6074074074074074,0.2886751345948128,-0.6339745962155612,1.0,-0.8928571428571429,-0.49555423829282697
-1.0,0.0,0.0,0.8,-0.4986737400530504,-0.49473684210526314,-0.22572178477690288,-0.5059523809523818,0.725925925925926,0.0,-0.7320508075688771,0.0,-0.8571428571428571,-0.4659158269116777
-1.0,0.2,1.0,0.8,-0.4986737400530504,-0.49473684210526314,-0.4881889763779528,-0.6051587301587313,-0.7555555555555555,-0.2886751345948128,-0.6339745962155612,0.0,-0.8214285714285714,-0.5963248369887373
-1.0,0.4,1.0,0.8,1.3580901856763925,-0.49473684210526314,-0.4881889763779528,0.08928571428571255,0.08395061728395062,-0.5,-0.36602540378443876,0.0,-0.7857142857142857,-0.3414344991108478
-1.0,0.6,1.0,0.8,-0.2864721485411141,1.3473684210526315,-0.4881889763779528,0.1686507936507925,-0.6074074074074074,-0.577350269189626,0.0,0.0,-0.75,-0.3710729104919971
-1.0,0.8,2.0,0.8,-0.9230769230769231,-0.28421052631578947,1.3490813648293962,0.009920634920634342,-0.508641975308642,-0.5000000000000001,0.3660254037844388,0.0,-0.7142857142857143,-0.38885595732068706
-1.0,1.0,2.0,0.8,-0.9230769230769231,-0.9157894736842105,-0.2782152230971129,-0.8432539682539694,0.0345679012345679,-0.2886751345948132,0.6339745962155612,0.0,-0.6785714285714286,-0.4184943687018384
-1.0,1.2,2.0,0.8,-0.44562334217506633,-0.9157894736842105,-0.9081364829396326,-0.9027777777777789,-0.014814814814814815,-2.1211504774498138e-16,0.7320508075688774,0.0,-0.6428571428571429,-0.459988144635447
-0.5,-1.0,-1.0,0.8,0.03183023872679045,-0.4421052631578947,-0.9081364829396326,-0.5456349206349218,-0.014814814814814815,0.2886751345948128,0.6339745962155615,0.0,-0.6071428571428571,-0.44220509780675704
-0.5,-0.8,-1.0,0.8,0.03183023872679045,0.031578947368421054,-0.4356955380577428,-0.18849206349206465,-0.36049382716049383,0.49999999999999994,0.3660254037844388,0.0,-0.5714285714285714,-0.424422050978067
-0.5,-0.6,-1.0,0.8,-0.18037135278514588,0.031578947368421054,0.03674540682414698,-0.08928571428571602,-0.11358024691358025,0.5773502691896257,1.793007356604921e-16,0.0,-0.5357142857142857,-0.38885595732068706
-0.5,-0.4,0.0,0.8,-0.3395225464190981,-0.17894736842105263,0.03674540682414698,-0.22817460317460375,-0.36049382716049383,0.5,-0.3660254037844383,0.0,-0.5,-0.40071132187314845
-0.5,-0.2,0.0,0.8,0.29708222811671087,-0.3368421052631579,-0.1732283464566929,-0.12896825396825512,-0.36049382716049383,0.2886751345948128,-0.6339745962155612,1.0,-0.4642857142857143,-0.31179608772969847
-0.5,0.0,0.0,0.8,0.5623342175066313,0.29473684210526313,-0.33070866141732286,0.1488095238095221,-0.36049382716049383,0.0,-0.7320508075688771,0.0,-0.42857142857142855,-0.19324244220509718
-0.5,0.2,1.0,0.8,0.5623342175066313,0.5578947368421052,0.2992125984251969,0.48611111111111055,1.3679012345679011,-0.2886751345948128,-0.6339745962155612,0.0,-0.39285714285714285,-0.07468879668049795
-0.5,0.4,1.0,0.8,-0.1273209549071618,0.5578947368421052,0.5616797900262467,0.32738095238095066,-0.16296296296296298,-0.5,-0.36602540378443876,0.0,-0.35714285714285715,-0.24066390041493854
-0.5,0.6,1.0,0.8,-0.870026525198939,-0.12631578947368421,0.5616797900262467,-0.20833333333333506,-0.7555555555555555,-0.577350269189626,0.0,0.0,-0.32142857142857145,-0.3058684054534678
-0.5,0.8,2.0,0.8,0.03183023872679045,-0.8631578947368421,-0.12073490813648294,-0.4067460317460323,-0.7555555555555555,-0.5000000000000001,0.3660254037844388,0.0,-0.2857142857142857,-0.19917012448132787
-0.5,1.0,2.0,0.8,-0.1273209549071618,0.031578947368421054,-0.8556430446194225,-0.4067460317460323,-0.3111111111111111,-0.2886751345948132,0.6339745962155612,0.0,-0.25,-0.11025489033787793
-0.5,1.2,2.0,0.8,-0.021220159151193633,-0.12631578947368421,0.03674540682414698,-0.08928571428571602,0.13333333333333333,-2.1211504774498138e-16,0.7320508075688774,0.0,-0.21428571428571427,-0.06283343212803864
0.0,-1.0,-1.0,0.8,-0.021220159151193633,-0.021052631578947368,-0.12073490813648294,-0.10912698412698471,0.13333333333333333,0.2886751345948128,0.6339745962155615,0.0,-0.17857142857142858,-0.06876111440426727
0.0,-0.8,-1.0,0.8,0.8275862068965517,-0.021052631578947368,-0.015748031496062992,0.24801587301587244,-0.06419753086419754,0.49999999999999994,0.3660254037844388,0.0,-0.14285714285714285,0.02015411973918268
0.0,-0.6,-1.0,0.8,0.8275862068965517,0.8210526315789474,-0.015748031496062992,0.5654761904761887,-0.2123456790123457,0.5773502691896257,1.793007356604921e-16,0.0,-0.10714285714285714,0.13278008298755123
0.0,-0.4,0.0,0.8,-0.18037135278514588,0.8210526315789474,0.8241469816272966,0.5059523809523793,0.3802469135802469,0.5,-0.3660254037844383,0.0,-0.07142857142857142,0.1505631298162412
0.0,-0.2,0.0,0.8,0.5623342175066313,-0.17894736842105263,0.8241469816272966,0.4067460317460306,0.6271604938271605,0.2886751345948128,-0.6339745962155612,1.0,-0.03571428571428571,0.18020154119739257
0.0,0.0,0.0,0.8,0.5623342175066313,0.5578947368421052,-0.1732283464566929,0.30753968253968195,0.6271604938271605,0.0,-0.7320508075688771,0.0,0.0,0.18020154119739257
0.0,0.2,1.0,0.8,0.5623342175066313,0.5578947368421052,0.5616797900262467,0.5853174603174591,-0.014814814814814815,-0.2886751345948128,-0.6339745962155612,0.0,0.03571428571428571,0.18020154119739257
0.0,0.4,1.0,0.8,0.7214854111405835,0.5578947368421052,0.5616797900262467,0.6448412698412687,-0.7061728395061728,-0.5,-0.36602540378443876,0.0,0.07142857142857142,0.27504445761707114
0.0,0.6,1.0,0.8,0.6684350132625995,0.7157894736842105,0.5616797900262467,0.6845238095238078,0.13333333333333333,-0.577350269189626,0.0,0.0,0.10714285714285714,0.4469472436277424
0.0,0.8,2.0,0.8,-0.021220159151193633,0.6631578947368421,0.7191601049868767,0.4662698412698401,-0.014814814814814815,-0.5000000000000001,0.3660254037844388,0.0,0.14285714285714285,0.4410195613515117
0.0,1.0,2.0,0.8,-0.18037135278514588,-0.021052631578947368,0.6666666666666666,0.1289682539682534,0.08395061728395062,-0.2886751345948132,0.6339745962155612,0.0,0.17857142857142858,0.435091879075281
0.0,1.2,2.0,0.8,-0.18037135278514588,-0.17894736842105263,-0.015748031496062992,-0.18849206349206465,0.08395061728395062,-2.1211504774498138e-16,0.7320508075688774,0.0,0.21428571428571427,0.41730883224659104
0.5,-1.0,-1.0,0.8,-0.07427055702917772,-0.17894736842105263,-0.1732283464566929,-0.20833333333333506,0.8740740740740741,0.2886751345948128,0.6339745962155615,0.0,0.25,0.4113811499703624
0.5,-0.8,-1.0,0.8,0.4562334217506631,-0.07368421052631578,-0.1732283464566929,0.02976190476190303,0.8740740740740741,0.49999999999999994,0.3660254037844388,0.0,0.2857142857142857,0.36988737403675176
0.5,-0.6,-1.0,0.8,-0.5517241379310345,0.45263157894736844,-0.06824146981627296,-0.10912698412698471,-0.06419753086419754,0.5773502691896257,1.793007356604921e-16,0.0,0.32142857142857145,0.21576763485477254
0.5,-0.4,0.0,0.8,-0.18037135278514588,-0.5473684210526316,0.4566929133858268,-0.14880952380952553,0.6271604938271605,0.5,-0.3660254037844383,1.0,0.35714285714285715,0.21576763485477254
0.5,-0.2,0.0,0.8,0.03183023872679045,-0.17894736842105263,-0.5406824146981627,-0.30753968253968367,0.6271604938271605,0.2886751345948128,-0.6339745962155612,0.0,0.39285714285714285,0.1564908120924719
0.5,0.0,0.0,0.8,0.8275862068965517,0.031578947368421054,-0.1732283464566929,0.2083333333333316,0.6271604938271605,0.0,-0.7320508075688771,0.0,0.42857142857142855,0.18612922347362118
0.5,0.2,1.0,0.8,1.0928381962864722,0.8210526315789474,0.03674540682414698,0.6845238095238078,0.7753086419753087,-0.2886751345948128,-0.6339745962155612,0.0,0.4642857142857143,0.24540604623592183
0.5,0.4,1.0,0.8,1.1989389920424403,1.0842105263157895,0.8241469816272966,1.121031746031745,0.725925925925926,-0.5,-0.36602540378443876,0.0,0.5,0.2987551867219918
0.5,0.6,1.0,0.8,0.35013262599469497,1.1894736842105262,1.0866141732283465,0.9424603174603163,0.08395061728395062,-0.577350269189626,0.0,0.0,0.5357142857142857,0.2631890930646118
0.5,0.8,2.0,0.8,0.6153846153846154,0.3473684210526316,1.1916010498687664,0.7638888888888877,-0.06419753086419754,-0.5000000000000001,0.3660254037844388,0.0,0.5714285714285714,0.33432128037937175
0.5,1.0,2.0,0.8,0.5623342175066313,0.6105263157894737,0.35170603674540685,0.5257936507936496,-0.06419753086419754,-0.2886751345948132,0.6339745962155612,0.0,0.6071428571428571,0.41730883224659104
0.5,1.2,2.0,0.8,0.35013262599469497,0.5578947368421052,0.6141732283464567,0.5257936507936496,0.0345679012345679,-2.1211504774498138e-16,0.7320508075688774,0.0,0.6428571428571429,0.47658565500889166
1.0,-1.0,-1.0,0.8,0.03183023872679045,0.3473684210526316,0.5616797900262467,0.30753968253968195,0.528395061728395,0.2886751345948128,0.6339745962155615,0.0,0.6785714285714286,0.488441019561351
1.0,-0.8,-1.0,0.8,0.03183023872679045,0.031578947368421054,0.35170603674540685,0.10912698412698298,-0.40987654320987654,0.49999999999999994,0.3660254037844388,0.0,0.7142857142857143,0.4410195613515117
1.0,-0.6,-1.0,0.8,-0.07427055702917772,0.031578947368421054,0.03674540682414698,-0.04960317460317518,-0.06419753086419754,0.5773502691896257,1.793007356604921e-16,0.0,0.75,0.4943687018375817
1.0,-0.4,0.0,0.8,0.6684350132625995,-0.07368421052631578,0.03674540682414698,0.1884920634920629,0.13333333333333333,0.5,-0.3660254037844383,1.0,0.7857142857142857,0.5892116182572623
1.0,-0.2,0.0,0.8,0.7745358090185677,0.6631578947368421,-0.06824146981627296,0.4662698412698401,0.8740740740740741,0.2886751345948128,-0.6339745962155612,0.0,0.8214285714285714,0.6721991701244816
1.0,0.0,0.0,0.8,0.4562334217506631,0.7684210526315789,0.6666666666666666,0.6646825396825391,1.1209876543209876,0.0,-0.7320508075688771,0.0,0.8571428571428571,0.6307053941908709
1.0,0.2,1.0,0.8,0.35013262599469497,0.45263157894736844,0.7716535433070866,0.54563492063492,1.219753086419753,-0.2886751345948128,-0.6339745962155612,0.0,0.8928571428571429,0.5477178423236516
1.0,0.4,1.0,0.8,0.35013262599469497,0.3473684210526316,0.4566929133858268,0.3869047619047602,0.42962962962962964,-0.5,-0.36602540378443876,0.0,0.9285714285714286,0.452874925903971
1.0,0.6,1.0,0.8,-0.3395225464190981,0.3473684210526316,0.35170603674540685,0.08928571428571255,0.6765432098765433,-0.577350269189626,0.0,0.0,0.9642857142857143,0.37581505631298245
1.0,0.8,2.0,0.8,-0.18037135278514588,-0.3368421052631579,0.35170603674540685,-0.10912698412698471,0.6271604938271605,-0.5000000000000001,0.3660254037844388,0.0,1.0,0.2868998221695325
