tahun,bulan,kuartal,wilayah_enc,harga_lag1,harga_lag2,harga_lag3,harga_rolling3,harga_lag12,sin_bulan,cos_bulan,is_lebaran_month,tren_index,harga_rolling12
-1.0,-0.8,-1.0,-1.0,-1.5,-1.4385964912280702,-1.7719298245614035,-1.571847507331378,-0.9276315789473685,0.49999999999999994,0.3660254037844388,0.0,-1.0,-1.3685162846803376
-1.0,-0.6,-1.0,-1.0,-0.9642857142857143,-1.4385964912280702,-1.4210526315789473,-1.2785923753665687,-0.8881578947368421,0.5773502691896257,1.793007356604921e-16,0.0,-0.9642857142857143,-1.3202653799758746
-1.0,-0.4,0.0,-1.0,-1.2142857142857142,-0.9122807017543859,-1.4210526315789473,-1.1847507331378297,-0.9539473684210527,0.5,-0.3660254037844383,0.0,-0.9285714285714286,-1.292521109770808
-1.0,-0.2,0.0,-1.0,-1.3214285714285714,-1.1578947368421053,-0.8947368421052632,-1.1260997067448675,-0.9539473684210527,0.2886751345948128,-0.6339745962155612,1.0,-0.8928571428571429,-1.2659831121833536
-1.0,0.0,0.0,-1.0,-1.3214285714285714,-1.263157894736842,-1.1403508771929824,-1.2434017595307916,-0.9802631578947368,0.0,-0.7320508075688771,0.0,-0.8571428571428571,-1.2394451145958985
-1.0,0.2,1.0,-1.0,-1.3214285714285714,-1.263157894736842,-1.2456140350877194,-1.2785923753665687,-0.9802631578947368,-0.2886751345948128,-0.6339745962155612,0.0,-0.8214285714285714,-1.2104945717732205
-1.0,0.4,1.0,-1.0,-1.6607142857142858,-1.263157894736842,-1.2456140350877194,-1.390029325513196,-0.9802631578947368,-0.5,-0.36602540378443876,0.0,-0.7857142857142857,-1.204463208685163
-1.0,0.6,1.0,-1.0,-1.3928571428571428,-1.5964912280701755,-1.2456140350877194,-1.413489736070381,-1.019736842105263,-0.577350269189626,0.0,0.0,-0.75,-1.1803377563329311
-1.0,0.8,2.0,-1.0,-1.3214285714285714,-1.3333333333333333,-1.5789473684210527,-1.413489736070381,-0.993421052631579,-0.5000000000000001,0.3660254037844388,0.0,-0.7142857142857143,-1.1477683956574185
-1.0,1.0,2.0,-1.0,-1.0892857142857142,-1.263157894736842,-1.3157894736842106,-1.225806451612903,-1.0592105263157894,-0.2886751345948132,0.6339745962155612,0.0,-0.6785714285714286,-1.101930036188178
-1.0,1.2,2.0,-1.0,-1.0,-1.0350877192982457,-1.2456140350877194,-1.096774193548387,-0.7960526315789473,-2.1211504774498138e-16,0.7320508075688774,0.0,-0.6428571428571429,-1.0440289505428224
-0.5,-1.0,-1.0,-1.0,-0.9464285714285714,-0.9473684210526315,-1.0175438596491229,-0.9736070381231672,-0.7960526315789473,0.2886751345948128,0.6339745962155615,0.0,-0.6071428571428571,-1.0066344993968634
-0.5,-0.8,-1.0,-1.0,-0.9464285714285714,-0.8947368421052632,-0.9298245614035088,-0.9266862170087975,-0.40131578947368424,0.49999999999999994,0.3660254037844388,0.0,-0.5714285714285714,-0.9692400482509047
-0.5,-0.6,-1.0,-1.0,-0.8035714285714286,-0.8947368421052632,-0.8771929824561403,-0.8621700879765393,-0.5855263157894737,0.5773502691896257,1.793007356604921e-16,0.0,-0.5357142857142857,-0.9583835946924004
-0.5,-0.4,0.0,-1.0,-0.7857142857142857,-0.7543859649122807,-0.8771929824561403,-0.8093841642228735,-0.6644736842105263,0.5,-0.3660254037844383,0.0,-0.5,-0.9294330518697226
-0.5,-0.2,0.0,-1.0,-0.75,-0.7368421052631579,-0.7368421052631579,-0.744868035190616,-0.6644736842105263,0.2886751345948128,-0.6339745962155612,1.0,-0.4642857142857143,-0.8908323281061518
-0.5,0.0,0.0,-1.0,-0.5892857142857143,-0.7017543859649122,-0.7192982456140351,-0.6744868035190618,-0.6644736842105263,0.0,-0.7320508075688771,0.0,-0.42857142857142855,-0.8413751507840769
-0.5,0.2,1.0,-1.0,-0.5892857142857143,-0.543859649122807,-0.6842105263157895,-0.6099706744868034,-0.9144736842105263,-0.2886751345948128,-0.6339745962155612,0.0,-0.39285714285714285,-0.7919179734620023
-0.5,0.4,1.0,-1.0,-0.42857142857142855,-0.543859649122807,-0.5263157894736842,-0.5043988269794721,-0.7171052631578947,-0.5,-0.36602540378443876,0.0,-0.35714285714285715,-0.7086851628468033
-0.5,0.6,1.0,-1.0,-0.19642857142857142,-0.38596491228070173,-0.5263157894736842,-0.3753665689149563,-0.6644736842105263,-0.577350269189626,0.0,0.0,-0.32142857142857145,-0.627864897466827
-0.5,0.8,2.0,-1.0,0.19642857142857142,-0.15789473684210525,-0.3684210526315789,-0.11730205278592391,-0.4934210526315789,-0.5000000000000001,0.3660254037844388,0.0,-0.2857142857142857,-0.5253317249698429
-0.5,1.0,2.0,-1.0,0.125,0.22807017543859648,-0.14035087719298245,0.0645161290322576,-0.4276315789473684,-0.2886751345948132,0.6339745962155612,0.0,-0.25,-0.4433051869722553
-0.5,1.2,2.0,-1.0,0.5714285714285714,0.15789473684210525,0.24561403508771928,0.316715542521994,-0.3881578947368421,-2.1211504774498138e-16,0.7320508075688774,0.0,-0.21428571428571427,-0.33715319662243637
0.0,-1.0,-1.0,-1.0,1.125,0.5964912280701754,0.17543859649122806,0.6217008797653955,-0.3881578947368421,0.2886751345948128,0.6339745962155615,0.0,-0.17857142857142858,-0.19722557297949286
0.0,-0.8,-1.0,-1.0,1.2857142857142858,1.1403508771929824,0.6140350877192983,1.002932551319647,-0.28289473684210525,0.49999999999999994,0.3660254037844388,0.0,-0.14285714285714285,-0.04644149577804567
0.0,-0.6,-1.0,-1.0,1.2857142857142858,1.2982456140350878,1.1578947368421053,1.237536656891495,-0.26973684210526316,0.5773502691896257,1.793007356604921e-16,0.0,-0.10714285714285714,0.09469240048250924
0.0,-0.4,0.0,-1.0,-0.017857142857142856,1.2982456140350878,1.3157894736842106,0.8621700879765386,-0.24342105263157895,0.5,-0.3660254037844383,0.0,-0.07142857142857142,0.14656212303980756
0.0,-0.2,0.0,-1.0,0.39285714285714285,0.017543859649122806,1.3157894736842106,0.5689149560117297,-0.125,0.2886751345948128,-0.6339745962155612,1.0,-0.03571428571428571,0.2237635705669485
0.0,0.0,0.0,-1.0,0.39285714285714285,0.42105263157894735,0.03508771929824561,0.2756598240469203,-0.125,0.0,-0.7320508075688771,0.0,0.0,0.29010856453558526
0.0,0.2,1.0,-1.0,0.39285714285714285,0.42105263157894735,0.43859649122807015,0.4105571847507328,-0.006578947368421052,-0.2886751345948128,-0.6339745962155612,0.0,0.03571428571428571,0.356453558504222
0.0,0.4,1.0,-1.0,0.03571428571428571,0.42105263157894735,0.43859649122807015,0.29325513196480885,0.16447368421052633,-0.5,-0.36602540378443876,0.0,0.07142857142857142,0.38781664656212383
0.0,0.6,1.0,-1.0,-0.7678571428571429,0.07017543859649122,0.43859649122807015,-0.08797653958944278,0.45394736842105265,-0.577350269189626,0.0,0.0,0.10714285714285714,0.3492159227985525
0.0,0.8,2.0,-1.0,-0.625,-0.7192982456140351,0.08771929824561403,-0.42228739002932536,0.40131578947368424,-0.5000000000000001,0.3660254037844388,0.0,0.14285714285714285,0.29372738238842
0.0,1.0,2.0,-1.0,-0.8571428571428571,-0.5789473684210527,-0.7017543859649122,-0.7155425219941348,0.7302631578947368,-0.2886751345948132,0.6339745962155612,0.0,0.17857142857142858,0.22738238841978325
0.0,1.2,2.0,-1.0,-0.6428571428571429,-0.8070175438596491,-0.5614035087719298,-0.6744868035190618,1.138157894736842,-2.1211504774498138e-16,0.7320508075688774,0.0,0.21428571428571427,0.14535585042219562
0.5,-1.0,-1.0,-1.0,-0.5178571428571429,-0.5964912280701754,-0.7894736842105263,-0.6392961876832847,1.256578947368421,0.2886751345948128,0.6339745962155615,0.0,0.25,0.03437876960193057
0.5,-0.8,-1.0,-1.0,-0.03571428571428571,-0.47368421052631576,-0.5789473684210527,-0.36950146627565966,1.256578947368421,0.49999999999999994,0.3660254037844388,0.0,0.2857142857142857,-0.05488540410132656
0.5,-0.6,-1.0,-1.0,0.0,0.0,-0.45614035087719296,-0.158357771260997,0.29605263157894735,0.5773502691896257,1.793007356604921e-16,0.0,0.32142857142857145,-0.14173703256936035
0.5,-0.4,0.0,-1.0,-0.23214285714285715,0.03508771929824561,0.017543859649122806,-0.06451612903225826,0.5986842105263158,0.5,-0.3660254037844383,1.0,0.35714285714285715,-0.15621230398069932
0.5,-0.2,0.0,-1.0,-0.23214285714285715,-0.19298245614035087,0.05263157894736842,-0.12903225806451651,0.5986842105263158,0.2886751345948128,-0.6339745962155612,0.0,0.39285714285714285,-0.1984318455971048
0.5,0.0,0.0,-1.0,-0.23214285714285715,-0.19298245614035087,-0.17543859649122806,-0.2052785923753667,0.5986842105263158,0.0,-0.7320508075688771,0.0,0.42857142857142855,-0.24065138721350976
0.5,0.2,1.0,-1.0,-0.2857142857142857,-0.19298245614035087,-0.17543859649122806,-0.22287390029325524,0.3355263157894737,-0.2886751345948128,-0.6339745962155612,0.0,0.4642857142857143,-0.28648974668275
0.5,0.4,1.0,-1.0,-0.3392857142857143,-0.24561403508771928,-0.17543859649122806,-0.25806451612903236,-0.2565789473684211,-0.5,-0.36602540378443876,0.0,0.5,-0.31182147165259316
0.5,0.6,1.0,-1.0,-0.32142857142857145,-0.2982456140350877,-0.22807017543859648,-0.2873900293255135,-0.1513157894736842,-0.577350269189626,0.0,0.0,0.5357142857142857,-0.28166465621230385
0.5,0.8,2.0,-1.0,-0.3392857142857143,-0.2807017543859649,-0.2807017543859649,-0.30498533724340204,-0.3223684210526316,-0.5000000000000001,0.3660254037844388,0.0,0.5714285714285714,-0.2623642943305182
0.5,1.0,2.0,-1.0,-0.2857142857142857,-0.2982456140350877,-0.2631578947368421,-0.2873900293255135,-0.16447368421052633,-0.2886751345948132,0.6339745962155612,0.0,0.6071428571428571,-0.22376357056694798
0.5,1.2,2.0,-1.0,-0.3392857142857143,-0.24561403508771928,-0.2807017543859649,-0.29325513196480946,-0.07236842105263158,-2.1211504774498138e-16,0.7320508075688774,0.0,0.6428571428571429,-0.20325693606755096
1.0,-1.0,-1.0,-1.0,-0.3392857142857143,-0.2982456140350877,-0.22807017543859648,-0.29325513196480946,0.28289473684210525,0.2886751345948128,0.6339745962155615,0.0,0.6785714285714286,-0.19119420989143532
1.0,-0.8,-1.0,-1.0,-0.3392857142857143,-0.2982456140350877,-0.2807017543859649,-0.310850439882698,0.3092105263157895,0.49999999999999994,0.3660254037844388,0.0,0.7142857142857143,-0.21170084439083184
1.0,-0.6,-1.0,-1.0,0.21428571428571427,-0.2982456140350877,-0.2807017543859649,-0.12903225806451651,0.13815789473684212,0.5773502691896257,1.793007356604921e-16,0.0,0.75,-0.19722557297949286
1.0,-0.4,0.0,-1.0,0.3392857142857143,0.24561403508771928,-0.2807017543859649,0.09384164222873875,0.13815789473684212,0.5,-0.3660254037844383,1.0,0.7857142857142857,-0.15862484921592265
1.0,-0.2,0.0,-1.0,0.42857142857142855,0.3684210526315789,0.2631578947368421,0.3460410557184745,0.13815789473684212,0.2886751345948128,-0.6339745962155612,0.0,0.8214285714285714,-0.11399276236429383
1.0,0.0,0.0,-1.0,0.39285714285714285,0.45614035087719296,0.38596491228070173,0.40469208211143676,0.09868421052631579,0.0,-0.7320508075688771,0.0,0.8571428571428571,-0.07177322074788886
1.0,0.2,1.0,-1.0,0.3392857142857143,0.42105263157894735,0.47368421052631576,0.40469208211143676,0.05921052631578947,-0.2886751345948128,-0.6339745962155612,0.0,0.8928571428571429,-0.02955367913148337
1.0,0.4,1.0,-1.0,0.39285714285714285,0.3684210526315789,0.43859649122807015,0.39296187683284417,0.07236842105263158,-0.5,-0.36602540378443876,0.0,0.9285714285714286,0.019903498190591604
1.0,0.6,1.0,-1.0,0.4642857142857143,0.42105263157894735,0.38596491228070173,0.41642228739002934,0.05921052631578947,-0.577350269189626,0.0,0.0,0.9642857142857143,0.07297949336550079
1.0,0.8,2.0,-1.0,0.5714285714285714,0.49122807017543857,0.43859649122807015,0.49266862170087894,0.09868421052631579,-0.5000000000000001,0.3660254037844388,0.0,1.0,0.1344993968636914
-1.0,-0.8,-1.0,-0.8,-1.0892857142857142,-1.0350877192982457,-1.280701754385965,-1.13782991202346,-0.756578947368421,0.49999999999999994,0.3660254037844388,0.0,-1.0,-1.130880579010856
-1.0,-0.6,-1.0,-0.8,-0.9464285714285714,-1.0350877192982457,-1.0175438596491229,-1.0029325513196476,-0.6907894736842105,0.5773502691896257,1.793007356604921e-16,0.0,-0.9642857142857143,-1.097104945717732
-1.0,-0.4,0.0,-0.8,-1.0,-0.8947368421052632,-1.0175438596491229,-0.9736070381231672,-0.8223684210526315,0.5,-0.3660254037844383,0.0,-0.9285714285714286,-1.0729794933655004
-1.0,-0.2,0.0,-0.8,-1.0892857142857142,-0.9473684210526315,-0.8771929824561403,-0.9736070381231672,-0.8223684210526315,0.2886751345948128,-0.6339745962155612,1.0,-0.8928571428571429,-1.042822677925211
-1.0,0.0,0.0,-0.8,-1.0892857142857142,-1.0350877192982457,-0.9298245614035088,-1.0205278592375362,-0.8223684210526315,0.0,-0.7320508075688771,0.0,-0.8571428571428571,-1.0126658624849216
-1.0,0.2,1.0,-0.8,-1.0892857142857142,-1.0350877192982457,-1.0175438596491229,-1.0498533724340173,-0.8223684210526315,-0.2886751345948128,-0.6339745962155612,0.0,-0.8214285714285714,-0.9825090470446317
-1.0,0.4,1.0,-0.8,-1.3571428571428572,-1.0350877192982457,-1.0175438596491229,-1.13782991202346,-0.8223684210526315,-0.5,-0.36602540378443876,0.0,-0.7857142857142857,-0.9704463208685161
-1.0,0.6,1.0,-0.8,-1.0,-1.2982456140350878,-1.0175438596491229,-1.108504398826979,-0.7171052631578947,-0.577350269189626,0.0,0.0,-0.75,-0.9342581423401687
-1.0,0.8,2.0,-0.8,-1.1785714285714286,-0.9473684210526315,-1.280701754385965,-1.13782991202346,-0.7828947368421053,-0.5000000000000001,0.3660254037844388,0.0,-0.7142857142857143,-0.9197828709288297
-1.0,1.0,2.0,-0.8,-1.0892857142857142,-1.1228070175438596,-0.9298245614035088,-1.0498533724340173,-0.6907894736842105,-0.2886751345948132,0.6339745962155612,0.0,-0.6785714285714286,-0.8932448733413751
-1.0,1.2,2.0,-0.8,-1.0892857142857142,-1.0350877192982457,-1.105263157894737,-1.0791788856304985,-0.4934210526315789,-2.1211504774498138e-16,0.7320508075688774,0.0,-0.6428571428571429,-0.8751507840772014
-0.5,-1.0,-1.0,-0.8,-0.8214285714285714,-1.0350877192982457,-1.0175438596491229,-0.9618768328445746,-0.4934210526315789,0.2886751345948128,0.6339745962155615,0.0,-0.6071428571428571,-0.8570566948130277
-0.5,-0.8,-1.0,-0.8,-0.8214285714285714,-0.7719298245614035,-1.0175438596491229,-0.8739002932551319,-0.3881578947368421,0.49999999999999994,0.3660254037844388,0.0,-0.5714285714285714,-0.838962605548854
-0.5,-0.6,-1.0,-0.8,-0.8571428571428571,-0.7719298245614035,-0.7543859649122807,-0.7976539589442816,-0.4276315789473684,0.5773502691896257,1.793007356604921e-16,0.0,-0.5357142857142857,-0.832931242460796
-0.5,-0.4,0.0,-0.8,-0.7321428571428571,-0.8070175438596491,-0.7543859649122807,-0.7683284457478005,-0.4934210526315789,0.5,-0.3660254037844383,0.0,-0.5,-0.8148371531966222
-0.5,-0.2,0.0,-0.8,-0.5892857142857143,-0.6842105263157895,-0.7894736842105263,-0.6920821114369503,-0.4934210526315789,0.2886751345948128,-0.6339745962155612,1.0,-0.4642857142857143,-0.7810615199034981
-0.5,0.0,0.0,-0.8,-0.4642857142857143,-0.543859649122807,-0.6666666666666666,-0.5630498533724337,-0.4934210526315789,0.0,-0.7320508075688771,0.0,-0.42857142857142855,-0.7388419782870926
-0.5,0.2,1.0,-0.8,-0.4642857142857143,-0.42105263157894735,-0.5263157894736842,-0.475073313782991,-0.6907894736842105,-0.2886751345948128,-0.6339745962155612,0.0,-0.39285714285714285,-0.6966224366706871
-0.5,0.4,1.0,-0.8,-0.375,-0.42105263157894735,-0.40350877192982454,-0.40469208211143676,-0.4276315789473684,-0.5,-0.36602540378443876,0.0,-0.35714285714285715,-0.6302774427020504
-0.5,0.6,1.0,-0.8,-0.2857142857142857,-0.3333333333333333,-0.40350877192982454,-0.34604105571847515,-0.5592105263157895,-0.577350269189626,0.0,0.0,-0.32142857142857145,-0.5820265379975874
-0.5,0.8,2.0,-0.8,-0.23214285714285715,-0.24561403508771928,-0.3157894736842105,-0.26979472140762495,-0.4934210526315789,-0.5000000000000001,0.3660254037844388,0.0,-0.2857142857142857,-0.5180940892641734
-0.5,1.0,2.0,-0.8,-0.32142857142857145,-0.19298245614035087,-0.22807017543859648,-0.2521994134897364,-0.4934210526315789,-0.2886751345948132,0.6339745962155612,0.0,-0.25,-0.46622436670687567
-0.5,1.2,2.0,-0.8,0.25,-0.2807017543859649,-0.17543859649122806,-0.07624633431085083,-0.29605263157894735,-2.1211504774498138e-16,0.7320508075688774,0.0,-0.21428571428571427,-0.37575392038600713
0.0,-1.0,-1.0,-0.8,0.75,0.2807017543859649,-0.2631578947368421,0.24633431085043977,-0.29605263157894735,0.2886751345948128,0.6339745962155615,0.0,-0.17857142857142858,-0.2696019300361877
0.0,-0.8,-1.0,-0.8,0.8392857142857143,0.7719298245614035,0.2982456140350877,0.6275659824046921,-0.3223684210526316,0.49999999999999994,0.3660254037844388,0.0,-0.14285714285714285,-0.1574185765983107
0.0,-0.6,-1.0,-0.8,0.8392857142857143,0.8596491228070176,0.7894736842105263,0.8211143695014661,-0.23026315789473684,0.5773502691896257,1.793007356604921e-16,0.0,-0.10714285714285714,-0.04282267792521093
0.0,-0.4,0.0,-0.8,0.6607142857142857,0.8596491228070176,0.8771929824561403,0.7917888563049844,-0.125,0.5,-0.3660254037844383,0.0,-0.07142857142857142,0.05126658624849234
0.0,-0.2,0.0,-0.8,0.3392857142857143,0.6842105263157895,0.8771929824561403,0.6275659824046921,-0.03289473684210526,0.2886751345948128,-0.6339745962155612,1.0,-0.03571428571428571,0.11399276236429488
0.0,0.0,0.0,-0.8,0.3392857142857143,0.3684210526315789,0.7017543859649122,0.4633431085043984,-0.03289473684210526,0.0,-0.7320508075688771,0.0,0.0,0.168275030156816
0.0,0.2,1.0,-0.8,0.3392857142857143,0.3684210526315789,0.38596491228070173,0.3577712609970671,0.03289473684210526,-0.2886751345948128,-0.6339745962155612,0.0,0.03571428571428571,0.22255729794933712
0.0,0.4,1.0,-0.8,0.39285714285714285,0.3684210526315789,0.38596491228070173,0.3753665689149556,0.09868421052631579,-0.5,-0.36602540378443876,0.0,0.07142857142857142,0.2744270205066349
0.0,0.6,1.0,-0.8,-0.375,0.42105263157894735,0.38596491228070173,0.14076246334310843,0.13815789473684212,-0.577350269189626,0.0,0.0,0.10714285714285714,0.2683956574185768
0.0,0.8,2.0,-0.8,-0.30357142857142855,-0.3333333333333333,0.43859649122807015,-0.07038123167155422,0.07236842105263158,-0.5000000000000001,0.3660254037844388,0.0,0.14285714285714285,0.2635705669481307
0.0,1.0,2.0,-0.8,-0.4107142857142857,-0.2631578947368421,-0.3157894736842105,-0.33431085043988257,0.4934210526315789,-0.2886751345948132,0.6339745962155612,0.0,0.17857142857142858,0.2575392038600726
0.0,1.2,2.0,-0.8,-0.4107142857142857,-0.3684210526315789,-0.24561403508771928,-0.34604105571847515,0.8618421052631579,-2.1211504774498138e-16,0.7320508075688774,0.0,0.21428571428571427,0.2129071170084443
0.5,-1.0,-1.0,-0.8,-0.10714285714285714,-0.3684210526315789,-0.3508771929824561,-0.28152492668621687,0.9276315789473685,0.2886751345948128,0.6339745962155615,0.0,0.25,0.15500603136308844
0.5,-0.8,-1.0,-0.8,0.07142857142857142,-0.07017543859649122,-0.3508771929824561,-0.12316715542521989,0.9276315789473685,0.49999999999999994,0.3660254037844388,0.0,0.2857142857142857,0.10313630880579065
0.5,-0.6,-1.0,-0.8,0.25,0.10526315789473684,-0.05263157894736842,0.09384164222873875,0.7960526315789473,0.5773502691896257,1.793007356604921e-16,0.0,0.32142857142857145,0.0633293124246085
0.5,-0.4,0.0,-0.8,0.3392857142857143,0.2807017543859649,0.12280701754385964,0.24046920821114318,0.5592105263157895,0.5,-0.3660254037844383,1.0,0.35714285714285715,0.04161640530760005
0.5,-0.2,0.0,-0.8,0.48214285714285715,0.3684210526315789,0.2982456140350877,0.3753665689149556,0.5592105263157895,0.2886751345948128,-0.6339745962155612,0.0,0.39285714285714285,0.05126658624849234
0.5,0.0,0.0,-0.8,0.48214285714285715,0.5087719298245614,0.38596491228070173,0.4516129032258065,0.5592105263157895,0.0,-0.7320508075688771,0.0,0.42857142857142855,0.060916767189385164
0.5,0.2,1.0,-0.8,0.16071428571428573,0.5087719298245614,0.5263157894736842,0.39296187683284417,0.5986842105263158,-0.2886751345948128,-0.6339745962155612,0.0,0.4642857142857143,0.04885404101326953
0.5,0.4,1.0,-0.8,0.16071428571428573,0.19298245614035087,0.5263157894736842,0.2873900293255129,0.03289473684210526,-0.5,-0.36602540378443876,0.0,0.5,0.033172496984318636
0.5,0.6,1.0,-0.8,0.07142857142857142,0.19298245614035087,0.21052631578947367,0.15249266862170038,0.08552631578947369,-0.577350269189626,0.0,0.0,0.5357142857142857,0.0633293124246085
0.5,0.8,2.0,-0.8,0.07142857142857142,0.10526315789473684,0.21052631578947367,0.12316715542521989,0.006578947368421052,-0.5000000000000001,0.3660254037844388,0.0,0.5714285714285714,0.08866103739445169
0.5,1.0,2.0,-0.8,0.07142857142857142,0.10526315789473684,0.12280701754385964,0.09384164222873875,0.006578947368421052,-0.2886751345948132,0.6339745962155612,0.0,0.6071428571428571,0.12123039806996436
0.5,1.2,2.0,-0.8,0.07142857142857142,0.10526315789473684,0.12280701754385964,0.09384164222873875,0.23026315789473684,-2.1211504774498138e-16,0.7320508075688774,0.0,0.6428571428571429,0.15379975874547702
1.0,-1.0,-1.0,-0.8,0.07142857142857142,0.10526315789473684,0.12280701754385964,0.09384164222873875,0.3618421052631579,0.2886751345948128,0.6339745962155615,0.0,0.6785714285714286,0.16586248492159267
1.0,-0.8,-1.0,-0.8,0.25,0.10526315789473684,0.12280701754385964,0.15249266862170038,0.4934210526315789,0.49999999999999994,0.3660254037844388,0.0,0.7142857142857143,0.17792521109770829
1.0,-0.6,-1.0,-0.8,0.14285714285714285,0.2807017543859649,0.12280701754385964,0.17595307917888556,0.5592105263157895,0.5773502691896257,1.793007356604921e-16,0.0,0.75,0.1706875753920388
1.0,-0.4,0.0,-0.8,0.14285714285714285,0.17543859649122806,0.2982456140350877,0.1994134897360701,0.6644736842105263,0.5,-0.3660254037844383,1.0,0.7857142857142857,0.15741857659831177
1.0,-0.2,0.0,-0.8,0.32142857142857145,0.17543859649122806,0.19298245614035087,0.2228739002932546,0.6644736842105263,0.2886751345948128,-0.6339745962155612,0.0,0.8214285714285714,0.14656212303980756
1.0,0.0,0.0,-0.8,0.35714285714285715,0.3508771929824561,0.19298245614035087,0.29325513196480885,0.4276315789473684,0.0,-0.7320508075688771,0.0,0.8571428571428571,0.13811821471652613
1.0,0.2,1.0,-0.8,0.375,0.38596491228070173,0.3684210526315789,0.36950146627565966,0.4276315789473684,-0.2886751345948128,-0.6339745962155612,0.0,0.8928571428571429,0.1525934861278651
1.0,0.4,1.0,-0.8,0.375,0.40350877192982454,0.40350877192982454,0.3870967741935482,0.3618421052631579,-0.5,-0.36602540378443876,0.0,0.9285714285714286,0.16706875753920405
1.0,0.6,1.0,-0.8,0.4107142857142857,0.40350877192982454,0.42105263157894735,0.40469208211143676,0.3618421052631579,-0.577350269189626,0.0,0.0,0.9642857142857143,0.18998793727382443
1.0,0.8,2.0,-0.8,0.8035714285714286,0.43859649122807015,0.42105263157894735,0.5454545454545446,0.3618421052631579,-0.5000000000000001,0.3660254037844388,0.0,1.0,0.2394451145958989
-1.0,-0.8,-1.0,-0.6,-1.1428571428571428,-1.087719298245614,-1.2280701754385965,-1.1554252199413486,-0.5592105263157895,0.49999999999999994,0.3660254037844388,0.0,-1.0,-0.9475271411338962
-1.0,-0.6,-1.0,-0.6,-0.5,-1.087719298245614,-1.0701754385964912,-0.8914956011730204,-0.5328947368421053,0.5773502691896257,1.793007356604921e-16,0.0,-0.9642857142857143,-0.901688781664656
-1.0,-0.4,0.0,-0.6,-0.7678571428571429,-0.45614035087719296,-1.0701754385964912,-0.7683284457478005,-0.5328947368421053,0.5,-0.3660254037844383,0.0,-0.9285714285714286,-0.8763570566948128
-1.0,-0.2,0.0,-0.6,-0.9107142857142857,-0.7192982456140351,-0.43859649122807015,-0.6920821114369503,-0.5328947368421053,0.2886751345948128,-0.6339745962155612,1.0,-0.8928571428571429,-0.8606755126658625
-1.0,0.0,0.0,-0.6,-0.9107142857142857,-0.8596491228070176,-0.7017543859649122,-0.8269794721407621,-0.5328947368421053,0.0,-0.7320508075688771,0.0,-0.8571428571428571,-0.8449939686369116
-1.0,0.2,1.0,-0.6,-0.9107142857142857,-0.8596491228070176,-0.8421052631578947,-0.8739002932551319,-0.5328947368421053,-0.2886751345948128,-0.6339745962155612,0.0,-0.8214285714285714,-0.8293124246079612
-1.0,0.4,1.0,-0.6,-0.9107142857142857,-0.8596491228070176,-0.8421052631578947,-0.8739002932551319,-0.625,-0.5,-0.36602540378443876,0.0,-0.7857142857142857,-0.8136308805790108
-1.0,0.6,1.0,-0.6,-0.8214285714285714,-0.8596491228070176,-0.8421052631578947,-0.8445747800586507,-0.5855263157894737,-0.577350269189626,0.0,0.0,-0.75,-0.783474065138721
-1.0,0.8,2.0,-0.6,-0.6428571428571429,-0.7719298245614035,-0.8421052631578947,-0.7565982404692079,-0.5855263157894737,-0.5000000000000001,0.3660254037844388,0.0,-0.7142857142857143,-0.7448733413751507
-1.0,1.0,2.0,-0.6,-0.16071428571428573,-0.5964912280701754,-0.7543859649122807,-0.5102639296187681,-0.6513157894736842,-0.2886751345948132,0.6339745962155612,0.0,-0.6785714285714286,-0.6737032569360674
-1.0,1.2,2.0,-0.6,-0.2857142857142857,-0.12280701754385964,-0.5789473684210527,-0.33431085043988257,-0.5328947368421053,-2.1211504774498138e-16,0.7320508075688774,0.0,-0.6428571428571429,-0.6049457177322073
-0.5,-1.0,-1.0,-0.6,-0.16071428571428573,-0.24561403508771928,-0.10526315789473684,-0.17595307917888556,-0.5328947368421053,0.2886751345948128,0.6339745962155615,0.0,-0.6071428571428571,-0.5386007237635705
-0.5,-0.8,-1.0,-0.6,-0.16071428571428573,-0.12280701754385964,-0.22807017543859648,-0.17595307917888556,-0.05921052631578947,0.49999999999999994,0.3660254037844388,0.0,-0.5714285714285714,-0.4722557297949332
-0.5,-0.6,-1.0,-0.6,-0.16071428571428573,-0.12280701754385964,-0.10526315789473684,-0.13489736070381247,-0.2565789473684211,0.5773502691896257,1.793007356604921e-16,0.0,-0.5357142857142857,-0.44933655006031337
-0.5,-0.4,0.0,-0.6,-0.16071428571428573,-0.12280701754385964,-0.10526315789473684,-0.13489736070381247,-0.3618421052631579,0.5,-0.3660254037844383,0.0,-0.5,-0.4083232810615198
-0.5,-0.2,0.0,-0.6,0.017857142857142856,-0.12280701754385964,-0.10526315789473684,-0.07624633431085083,-0.3618421052631579,0.2886751345948128,-0.6339745962155612,1.0,-0.4642857142857143,-0.34559710494571727
-0.5,0.0,0.0,-0.6,-0.05357142857142857,0.05263157894736842,-0.10526315789473684,-0.04105571847507372,-0.3618421052631579,0.0,-0.7320508075688771,0.0,-0.42857142857142855,-0.2876960193003614
-0.5,0.2,1.0,-0.6,-0.05357142857142857,-0.017543859649122806,0.07017543859649122,-0.005865102639296612,-0.3618421052631579,-0.2886751345948128,-0.6339745962155612,0.0,-0.39285714285714285,-0.22979493365500556
-0.5,0.4,1.0,-0.6,0.07142857142857142,-0.017543859649122806,0.0,0.011730205278591943,-0.29605263157894735,-0.5,-0.36602540378443876,0.0,-0.35714285714285715,-0.16344993968636878
-0.5,0.6,1.0,-0.6,0.48214285714285715,0.10526315789473684,0.0,0.1876832844574775,-0.16447368421052633,-0.577350269189626,0.0,0.0,-0.32142857142857145,-0.0753920386007236
-0.5,0.8,2.0,-0.6,0.6964285714285714,0.5087719298245614,0.12280701754385964,0.4340175953079179,0.19078947368421054,-0.5000000000000001,0.3660254037844388,0.0,-0.2857142857142857,0.01507840772014493
-0.5,1.0,2.0,-0.6,0.875,0.7192982456140351,0.5263157894736842,0.6979472140762463,0.09868421052631579,-0.2886751345948132,0.6339745962155612,0.0,-0.25,0.08504221954161695
-0.5,1.2,2.0,-0.6,1.4464285714285714,0.8947368421052632,0.7368421052631579,1.0146627565982402,0.19078947368421054,-2.1211504774498138e-16,0.7320508075688774,0.0,-0.21428571428571427,0.20205066344994008
0.0,-1.0,-1.0,-0.6,1.7321428571428572,1.456140350877193,0.9122807017543859,1.3548387096774182,0.19078947368421054,0.2886751345948128,0.6339745962155615,0.0,-0.17857142857142858,0.32991556091676794
0.0,-0.8,-1.0,-0.6,1.9107142857142858,1.736842105263158,1.4736842105263157,1.6950146627565974,0.19078947368421054,0.49999999999999994,0.3660254037844388,0.0,-0.14285714285714285,0.4698431845597109
0.0,-0.6,-1.0,-0.6,1.9107142857142858,1.912280701754386,1.7543859649122806,1.8475073313782977,0.19078947368421054,0.5773502691896257,1.793007356604921e-16,0.0,-0.10714285714285714,0.609770808202654
0.0,-0.4,0.0,-0.6,1.5,1.912280701754386,1.9298245614035088,1.7712609970674482,0.3223684210526316,0.5,-0.3660254037844383,0.0,-0.07142857142857142,0.7219541616405308
0.0,-0.2,0.0,-0.6,2.5714285714285716,1.5087719298245614,1.9298245614035088,1.988269794721406,0.26973684210526316,0.2886751345948128,-0.6339745962155612,1.0,-0.03571428571428571,0.8944511459589876
0.0,0.0,0.0,-0.6,2.5714285714285716,2.56140350877193,1.5263157894736843,2.2052785923753655,0.26973684210526316,0.0,-0.7320508075688771,0.0,0.0,1.0717732207478898
0.0,0.2,1.0,-0.6,2.5714285714285716,2.56140350877193,2.5789473684210527,2.5571847507331364,0.3618421052631579,-0.2886751345948128,-0.6339745962155612,0.0,0.03571428571428571,1.2490952955367922
0.0,0.4,1.0,-0.6,0.5892857142857143,2.56140350877193,2.5789473684210527,1.90615835777126,0.6644736842105263,-0.5,-0.36602540378443876,0.0,0.07142857142857142,1.2840772014475277
0.0,0.6,1.0,-0.6,0.03571428571428571,0.6140350877192983,2.5789473684210527,1.0733137829912012,0.8223684210526315,-0.577350269189626,0.0,0.0,0.10714285714285714,1.2539203860072379
0.0,0.8,2.0,-0.6,-0.017857142857142856,0.07017543859649122,0.631578947368421,0.2228739002932546,0.9539473684210527,-0.5000000000000001,0.3660254037844388,0.0,0.14285714285714285,1.2056694813027753
0.0,1.0,2.0,-0.6,-0.19642857142857142,0.017543859649122806,0.08771929824561403,-0.03519061583577711,1.375,-0.2886751345948132,0.6339745962155612,0.0,0.17857142857142858,1.1332931242460804
0.0,1.2,2.0,-0.6,0.10714285714285714,-0.15789473684210525,0.03508771929824561,-0.011730205278592584,1.5855263157894737,-2.1211504774498138e-16,0.7320508075688774,0.0,0.21428571428571427,1.0428226779252119
0.5,-1.0,-1.0,-0.6,0.6428571428571429,0.14035087719298245,-0.14035087719298245,0.20527859237536605,1.7171052631578947,0.2886751345948128,0.6339745962155615,0.0,0.25,0.9692400482509053
0.5,-0.8,-1.0,-0.6,0.6428571428571429,0.6666666666666666,0.15789473684210525,0.48093841642228696,1.7171052631578947,0.49999999999999994,0.3660254037844388,0.0,0.2857142857142857,0.8835946924004834
0.5,-0.6,-1.0,-0.6,0.5714285714285714,0.6666666666666666,0.6842105263157895,0.6334310850439874,1.4144736842105263,0.5773502691896257,1.793007356604921e-16,0.0,0.32142857142857145,0.7931242460796148
0.5,-0.4,0.0,-0.6,0.48214285714285715,0.5964912280701754,0.6842105263157895,0.5806451612903217,2.2039473684210527,0.5,-0.3660254037844383,1.0,0.35714285714285715,0.7243667068757548
0.5,-0.2,0.0,-0.6,0.39285714285714285,0.5087719298245614,0.6140350877192983,0.4985337243401755,2.2039473684210527,0.2886751345948128,-0.6339745962155612,0.0,0.39285714285714285,0.5772014475271412
0.5,0.0,0.0,-0.6,0.39285714285714285,0.42105263157894735,0.5263157894736842,0.43988269794721324,2.2039473684210527,0.0,-0.7320508075688771,0.0,0.42857142857142855,0.4300361881785288
0.5,0.2,1.0,-0.6,0.44642857142857145,0.42105263157894735,0.43859649122807015,0.4281524926686213,0.743421052631579,-0.2886751345948128,-0.6339745962155612,0.0,0.4642857142857143,0.2864897466827505
0.5,0.4,1.0,-0.6,0.44642857142857145,0.47368421052631576,0.43859649122807015,0.44574780058650987,0.3355263157894737,-0.5,-0.36602540378443876,0.0,0.5,0.27683956574185825
0.5,0.6,1.0,-0.6,0.44642857142857145,0.47368421052631576,0.49122807017543857,0.4633431085043984,0.29605263157894735,-0.577350269189626,0.0,0.0,0.5357142857142857,0.30458383594692423
0.5,0.8,2.0,-0.6,0.39285714285714285,0.47368421052631576,0.49122807017543857,0.44574780058650987,0.16447368421052633,-0.5000000000000001,0.3660254037844388,0.0,0.5714285714285714,0.33232810615199077
0.5,1.0,2.0,-0.6,0.2857142857142857,0.42105263157894735,0.49122807017543857,0.39296187683284417,0.3881578947368421,-0.2886751345948132,0.6339745962155612,0.0,0.6071428571428571,0.36489746682750346
0.5,1.2,2.0,-0.6,0.2857142857142857,0.3157894736842105,0.43859649122807015,0.34017595307917853,0.7828947368421053,-2.1211504774498138e-16,0.7320508075688774,0.0,0.6428571428571429,0.3769601930036196
1.0,-1.0,-1.0,-0.6,0.2857142857142857,0.3157894736842105,0.3333333333333333,0.30498533724340143,0.7828947368421053,0.2886751345948128,0.6339745962155615,0.0,0.6785714285714286,0.35283474065138726
1.0,-0.8,-1.0,-0.6,0.2857142857142857,0.3157894736842105,0.3333333333333333,0.30498533724340143,0.7302631578947368,0.49999999999999994,0.3660254037844388,0.0,0.7142857142857143,0.328709288299156
1.0,-0.6,-1.0,-0.6,0.375,0.3157894736842105,0.3333333333333333,0.33431085043988257,0.6644736842105263,0.5773502691896257,1.793007356604921e-16,0.0,0.75,0.31544028950542846
1.0,-0.4,0.0,-0.6,0.6071428571428571,0.40350877192982454,0.3333333333333333,0.43988269794721324,0.5986842105263158,0.5,-0.3660254037844383,1.0,0.7857142857142857,0.32388419782870986
1.0,-0.2,0.0,-0.6,0.8571428571428571,0.631578947368421,0.42105263157894735,0.6275659824046921,0.5986842105263158,0.2886751345948128,-0.6339745962155612,0.0,0.8214285714285714,0.35524728588661114
1.0,0.0,0.0,-0.6,0.9464285714285714,0.8771929824561403,0.6491228070175439,0.8152492668621695,0.6381578947368421,0.0,-0.7320508075688771,0.0,0.8571428571428571,0.39264173703256944
1.0,0.2,1.0,-0.6,0.9285714285714286,0.9649122807017544,0.8947368421052632,0.9208211143695009,0.6381578947368421,-0.2886751345948128,-0.6339745962155612,0.0,0.8928571428571429,0.4252110977080821
1.0,0.4,1.0,-0.6,0.9821428571428571,0.9473684210526315,0.9824561403508771,0.9618768328445746,0.6381578947368421,-0.5,-0.36602540378443876,0.0,0.9285714285714286,0.4613992762364295
1.0,0.6,1.0,-0.6,1.0714285714285714,1.0,0.9649122807017544,1.002932551319647,0.5986842105263158,-0.577350269189626,0.0,0.0,0.9642857142857143,0.5036188178528356
1.0,0.8,2.0,-0.6,1.0357142857142858,1.087719298245614,1.0175438596491229,1.038123167155424,0.5197368421052632,-0.5000000000000001,0.3660254037844388,0.0,1.0,0.5470446320868524
-1.0,-0.8,-1.0,-0.4,-1.5714285714285714,-1.5087719298245614,-1.8245614035087718,-1.6363636363636356,-1.0855263157894737,0.49999999999999994,0.3660254037844388,0.0,-1.0,-1.4758745476477684
-1.0,-0.6,-1.0,-0.4,-1.0178571428571428,-1.5087719298245614,-1.4912280701754386,-1.343108504398827,-1.0460526315789473,0.5773502691896257,1.793007356604921e-16,0.0,-0.9642857142857143,-1.4167671893848006
-1.0,-0.4,0.0,-0.4,-1.1428571428571428,-0.9649122807017544,-1.4912280701754386,-1.2023460410557183,-1.0592105263157894,0.5,-0.3660254037844383,0.0,-0.9285714285714286,-1.369722557297949
-1.0,-0.2,0.0,-0.4,-1.375,-1.087719298245614,-0.9473684210526315,-1.13782991202346,-1.0592105263157894,0.2886751345948128,-0.6339745962155612,1.0,-0.8928571428571429,-1.3371531966224364
-1.0,0.0,0.0,-0.4,-1.375,-1.3157894736842106,-1.0701754385964912,-1.2551319648093842,-1.0592105263157894,0.0,-0.7320508075688771,0.0,-0.8571428571428571,-1.3045838359469237
-1.0,0.2,1.0,-0.4,-1.375,-1.3157894736842106,-1.2982456140350878,-1.3313782991202343,-1.0592105263157894,-0.2886751345948128,-0.6339745962155612,0.0,-0.8214285714285714,-1.272014475271411
-1.0,0.4,1.0,-0.4,-1.75,-1.3157894736842106,-1.2982456140350878,-1.4545454545454541,-1.125,-0.5,-0.36602540378443876,0.0,-0.7857142857142857,-1.2647768395657415
-1.0,0.6,1.0,-0.4,-1.3928571428571428,-1.6842105263157894,-1.2982456140350878,-1.46041055718475,-1.111842105263158,-0.577350269189626,0.0,0.0,-0.75,-1.2273823884197828
-1.0,0.8,2.0,-0.4,-1.125,-1.3333333333333333,-1.6666666666666667,-1.378299120234604,-1.0986842105263157,-0.5000000000000001,0.3660254037844388,0.0,-0.7142857142857143,-1.1731001206272615
-1.0,1.0,2.0,-0.4,-0.8392857142857143,-1.0701754385964912,-1.3157894736842106,-1.0791788856304985,-1.0986842105263157,-0.2886751345948132,0.6339745962155612,0.0,-0.6785714285714286,-1.100723763570567
-1.0,1.2,2.0,-0.4,-0.8571428571428571,-0.7894736842105263,-1.0526315789473684,-0.903225806451613,-0.8486842105263158,-2.1211504774498138e-16,0.7320508075688774,0.0,-0.6428571428571429,-1.0295536791314834
-0.5,-1.0,-1.0,-0.4,-0.75,-0.8070175438596491,-0.7719298245614035,-0.780058651026393,-0.8486842105263158,0.2886751345948128,0.6339745962155615,0.0,-0.6071428571428571,-0.9740651387213508
-0.5,-0.8,-1.0,-0.4,-0.75,-0.7017543859649122,-0.7894736842105263,-0.7507331378299119,-0.4407894736842105,0.49999999999999994,0.3660254037844388,0.0,-0.5714285714285714,-0.9185765983112183
-0.5,-0.6,-1.0,-0.4,-0.625,-0.7017543859649122,-0.6842105263157895,-0.6744868035190618,-0.5328947368421053,0.5773502691896257,1.793007356604921e-16,0.0,-0.5357142857142857,-0.8920386007237632
-0.5,-0.4,0.0,-0.4,-0.6607142857142857,-0.5789473684210527,-0.6842105263157895,-0.6451612903225806,-0.7039473684210527,0.5,-0.3660254037844383,0.0,-0.5,-0.8594692400482505
-0.5,-0.2,0.0,-0.4,-0.6071428571428571,-0.6140350877192983,-0.5614035087719298,-0.5982404692082108,-0.7039473684210527,0.2886751345948128,-0.6339745962155612,1.0,-0.4642857142857143,-0.8075995174909527
-0.5,0.0,0.0,-0.4,-0.5892857142857143,-0.5614035087719298,-0.5964912280701754,-0.5865102639296189,-0.7039473684210527,0.0,-0.7320508075688771,0.0,-0.42857142857142855,-0.754523522316043
-0.5,0.2,1.0,-0.4,-0.5892857142857143,-0.543859649122807,-0.543859649122807,-0.5630498533724337,-0.9802631578947368,-0.2886751345948128,-0.6339745962155612,0.0,-0.39285714285714285,-0.7014475271411339
-0.5,0.4,1.0,-0.4,-0.44642857142857145,-0.543859649122807,-0.5263157894736842,-0.5102639296187681,-0.7171052631578947,-0.5,-0.36602540378443876,0.0,-0.35714285714285715,-0.6133896260554881
-0.5,0.6,1.0,-0.4,-0.14285714285714285,-0.40350877192982454,-0.5263157894736842,-0.3636363636363637,-0.5197368421052632,-0.577350269189626,0.0,0.0,-0.32142857142857145,-0.5289505428226776
-0.5,0.8,2.0,-0.4,0.30357142857142855,-0.10526315789473684,-0.38596491228070173,-0.07038123167155422,-0.3092105263157895,-0.5000000000000001,0.3660254037844388,0.0,-0.2857142857142857,-0.43244873341375106
-0.5,1.0,2.0,-0.4,0.30357142857142855,0.3333333333333333,-0.08771929824561403,0.17595307917888556,-0.3223684210526316,-0.2886751345948132,0.6339745962155612,0.0,-0.25,-0.3552472858866101
-0.5,1.2,2.0,-0.4,0.8571428571428571,0.3333333333333333,0.3508771929824561,0.5043988269794721,-0.24342105263157895,-2.1211504774498138e-16,0.7320508075688774,0.0,-0.21428571428571427,-0.23944511459589837
0.0,-1.0,-1.0,-0.4,1.1964285714285714,0.8771929824561403,0.3508771929824561,0.7976539589442809,-0.24342105263157895,0.2886751345948128,0.6339745962155615,0.0,-0.17857142857142858,-0.10796139927623627
0.0,-0.8,-1.0,-0.4,1.2321428571428572,1.2105263157894737,0.8947368421052632,1.102639296187683,-0.1513157894736842,0.49999999999999994,0.3660254037844388,0.0,-0.14285714285714285,0.025934861278649156
0.0,-0.6,-1.0,-0.4,1.2321428571428572,1.2456140350877194,1.2280701754385965,1.225806451612903,-0.17763157894736842,0.5773502691896257,1.793007356604921e-16,0.0,-0.10714285714285714,0.1513872135102537
0.0,-0.4,0.0,-0.4,1.3214285714285714,1.2456140350877194,1.263157894736842,1.2668621700879754,-0.13815789473684212,0.5,-0.3660254037844383,0.0,-0.07142857142857142,0.2852834740651391
0.0,-0.2,0.0,-0.4,1.125,1.3333333333333333,1.263157894736842,1.2316715542521983,-0.125,0.2886751345948128,-0.6339745962155612,1.0,-0.03571428571428571,0.40229191797346275
0.0,0.0,0.0,-0.4,1.125,1.1403508771929824,1.3508771929824561,1.1964809384164212,-0.125,0.0,-0.7320508075688771,0.0,0.0,0.5180940892641746
0.0,0.2,1.0,-0.4,1.125,1.1403508771929824,1.1578947368421053,1.1319648093841634,-0.019736842105263157,-0.2886751345948128,-0.6339745962155612,0.0,0.03571428571428571,0.6338962605548862
0.0,0.4,1.0,-0.4,0.42857142857142855,1.1403508771929824,1.1578947368421053,0.9032258064516123,0.20394736842105263,-0.5,-0.36602540378443876,0.0,0.07142857142857142,0.693003618817853
0.0,0.6,1.0,-0.4,-0.4107142857142857,0.45614035087719296,1.1578947368421053,0.3988269794721402,0.5328947368421053,-0.577350269189626,0.0,0.0,0.10714285714285714,0.6749095295536792
0.0,0.8,2.0,-0.4,-0.3392857142857143,-0.3684210526315789,0.47368421052631576,-0.0821114369501468,0.5328947368421053,-0.5000000000000001,0.3660254037844388,0.0,0.14285714285714285,0.6314837153196624
0.0,1.0,2.0,-0.4,-0.3392857142857143,-0.2982456140350877,-0.3508771929824561,-0.33431085043988257,0.9407894736842105,-0.2886751345948132,0.6339745962155612,0.0,0.17857142857142858,0.5880579010856455
0.0,1.2,2.0,-0.4,-0.21428571428571427,-0.2982456140350877,-0.2807017543859649,-0.26979472140762495,1.1907894736842106,-2.1211504774498138e-16,0.7320508075688774,0.0,0.21428571428571427,0.5156815440289506
0.5,-1.0,-1.0,-0.4,-0.07142857142857142,-0.17543859649122806,-0.2807017543859649,-0.18181818181818216,1.2171052631578947,0.2886751345948128,0.6339745962155615,0.0,0.25,0.4300361881785288
0.5,-0.8,-1.0,-0.4,-0.017857142857142856,-0.03508771929824561,-0.15789473684210525,-0.07624633431085083,1.2171052631578947,0.49999999999999994,0.3660254037844388,0.0,0.2857142857142857,0.34559710494571777
0.5,-0.6,-1.0,-0.4,0.125,0.017543859649122806,-0.017543859649122806,0.03519061583577711,1.2828947368421053,0.5773502691896257,1.793007356604921e-16,0.0,0.32142857142857145,0.2708082026538002
0.5,-0.4,0.0,-0.4,0.03571428571428571,0.15789473684210525,0.03508771929824561,0.07038123167155422,1.138157894736842,0.5,-0.3660254037844383,1.0,0.35714285714285715,0.18395657418576636
0.5,-0.2,0.0,-0.4,0.05357142857142857,0.07017543859649122,0.17543859649122806,0.09384164222873875,1.138157894736842,0.2886751345948128,-0.6339745962155612,0.0,0.39285714285714285,0.11158021712907154
0.5,0.0,0.0,-0.4,0.05357142857142857,0.08771929824561403,0.08771929824561403,0.07038123167155422,1.138157894736842,0.0,-0.7320508075688771,0.0,0.42857142857142855,0.039203860072376716
0.5,0.2,1.0,-0.4,0.05357142857142857,0.08771929824561403,0.10526315789473684,0.07624633431085019,0.625,-0.2886751345948128,-0.6339745962155612,0.0,0.4642857142857143,-0.03317249698431811
0.5,0.4,1.0,-0.4,0.05357142857142857,0.08771929824561403,0.10526315789473684,0.07624633431085019,0.006578947368421052,-0.5,-0.36602540378443876,0.0,0.5,-0.0585042219541613
0.5,0.6,1.0,-0.4,-0.10714285714285714,0.08771929824561403,0.10526315789473684,0.02346041055718453,0.05921052631578947,-0.577350269189626,0.0,0.0,0.5357142857142857,-0.03799758745476426
0.5,0.8,2.0,-0.4,-0.05357142857142857,-0.07017543859649122,0.10526315789473684,-0.011730205278592584,0.05921052631578947,-0.5000000000000001,0.3660254037844388,0.0,0.5714285714285714,-0.018697225572979145
0.5,1.0,2.0,-0.4,-0.05357142857142857,-0.017543859649122806,-0.05263157894736842,-0.046920821114369696,0.1513157894736842,-0.2886751345948132,0.6339745962155612,0.0,0.6071428571428571,0.0006031363088059657
0.5,1.2,2.0,-0.4,-0.05357142857142857,-0.017543859649122806,0.0,-0.029325513196481138,0.2565789473684211,-2.1211504774498138e-16,0.7320508075688774,0.0,0.6428571428571429,0.01145958986731019
1.0,-1.0,-1.0,-0.4,-0.05357142857142857,-0.017543859649122806,0.0,-0.029325513196481138,0.29605263157894735,0.2886751345948128,0.6339745962155615,0.0,0.6785714285714286,0.012665862484922122
1.0,-0.8,-1.0,-0.4,-0.05357142857142857,-0.017543859649122806,0.0,-0.029325513196481138,0.40131578947368424,0.49999999999999994,0.3660254037844388,0.0,0.7142857142857143,0.010253317249698784
1.0,-0.6,-1.0,-0.4,0.16071428571428573,-0.017543859649122806,0.0,0.04105571847507308,0.3355263157894737,0.5773502691896257,1.793007356604921e-16,0.0,0.75,0.012665862484922122
1.0,-0.4,0.0,-0.4,0.125,0.19298245614035087,0.0,0.09970674486803473,0.34868421052631576,0.5,-0.3660254037844383,1.0,0.7857142857142857,0.018697225572979672
1.0,-0.2,0.0,-0.4,0.5178571428571429,0.15789473684210525,0.21052631578947367,0.2873900293255129,0.34868421052631576,0.2886751345948128,-0.6339745962155612,0.0,0.8214285714285714,0.05006031363088094
1.0,0.0,0.0,-0.4,0.7321428571428571,0.543859649122807,0.17543859649122806,0.47507331378299034,0.34868421052631576,0.0,-0.7320508075688771,0.0,0.8571428571428571,0.09589867310012117
1.0,0.2,1.0,-0.4,0.6607142857142857,0.7543859649122807,0.5614035087719298,0.6510263929618759,0.34868421052631576,-0.2886751345948128,-0.6339745962155612,0.0,0.8928571428571429,0.13691194209891472
1.0,0.4,1.0,-0.4,0.6607142857142857,0.6842105263157895,0.7719298245614035,0.6979472140762463,0.23026315789473684,-0.5,-0.36602540378443876,0.0,0.9285714285714286,0.17792521109770829
1.0,0.6,1.0,-0.4,0.6428571428571429,0.6842105263157895,0.7017543859649122,0.6686217008797645,0.26973684210526316,-0.577350269189626,0.0,0.0,0.9642857142857143,0.22858866103739467
1.0,0.8,2.0,-0.4,0.6071428571428571,0.6666666666666666,0.7017543859649122,0.6510263929618759,0.26973684210526316,-0.5000000000000001,0.3660254037844388,0.0,1.0,0.2732207478890235
-1.0,-0.8,-1.0,-0.2,-1.2678571428571428,-1.2105263157894737,-1.6140350877192982,-1.3665689149560114,-0.993421052631579,0.49999999999999994,0.3660254037844388,0.0,-1.0,-1.340772014475271
-1.0,-0.6,-1.0,-0.2,-0.8035714285714286,-1.2105263157894737,-1.1929824561403508,-1.0733137829912018,-0.9671052631578947,0.5773502691896257,1.793007356604921e-16,0.0,-0.9642857142857143,-1.2756332931242458
-1.0,-0.4,0.0,-0.2,-1.125,-0.7543859649122807,-1.1929824561403508,-1.0263929618768328,-0.9802631578947368,0.5,-0.3660254037844383,0.0,-0.9285714285714286,-1.2346200241254521
-1.0,-0.2,0.0,-0.2,-1.1607142857142858,-1.0701754385964912,-0.7368421052631579,-0.9912023460410557,-0.9802631578947368,0.2886751345948128,-0.6339745962155612,1.0,-0.8928571428571429,-1.1948130277442701
-1.0,0.0,0.0,-0.2,-1.1607142857142858,-1.105263157894737,-1.0526315789473684,-1.108504398826979,-0.9539473684210527,0.0,-0.7320508075688771,0.0,-0.8571428571428571,-1.1550060313630879
-1.0,0.2,1.0,-0.2,-1.1607142857142858,-1.105263157894737,-1.087719298245614,-1.1202346041055715,-0.993421052631579,-0.2886751345948128,-0.6339745962155612,0.0,-0.8214285714285714,-1.1176115802171291
-1.0,0.4,1.0,-0.2,-1.4464285714285714,-1.105263157894737,-1.087719298245614,-1.2140762463343104,-1.0460526315789473,-0.5,-0.36602540378443876,0.0,-0.7857142857142857,-1.0958986731001206
-1.0,0.6,1.0,-0.2,-1.0535714285714286,-1.3859649122807018,-1.087719298245614,-1.1788856304985331,-0.9539473684210527,-0.577350269189626,0.0,0.0,-0.75,-1.042822677925211
-1.0,0.8,2.0,-0.2,-0.9464285714285714,-1.0,-1.368421052631579,-1.108504398826979,-0.9671052631578947,-0.5000000000000001,0.3660254037844388,0.0,-0.7142857142857143,-0.9909529553679132
-1.0,1.0,2.0,-0.2,-0.5714285714285714,-0.8947368421052632,-0.9824561403508771,-0.8211143695014661,-0.9407894736842105,-0.2886751345948132,0.6339745962155612,0.0,-0.6785714285714286,-0.9125452352231602
-1.0,1.2,2.0,-0.2,-0.5178571428571429,-0.5263157894736842,-0.8771929824561403,-0.6451612903225806,-0.625,-2.1211504774498138e-16,0.7320508075688774,0.0,-0.6428571428571429,-0.832931242460796
-0.5,-1.0,-1.0,-0.2,-0.4642857142857143,-0.47368421052631576,-0.5087719298245614,-0.4868035190615836,-0.625,0.2886751345948128,0.6339745962155615,0.0,-0.6071428571428571,-0.7786489746682748
-0.5,-0.8,-1.0,-0.2,-0.4642857142857143,-0.42105263157894735,-0.45614035087719296,-0.4516129032258065,-0.28289473684210525,0.49999999999999994,0.3660254037844388,0.0,-0.5714285714285714,-0.7243667068757537
-0.5,-0.6,-1.0,-0.2,-0.44642857142857145,-0.42105263157894735,-0.40350877192982454,-0.42815249266862193,-0.5197368421052632,0.5773502691896257,1.793007356604921e-16,0.0,-0.5357142857142857,-0.7002412545235219
-0.5,-0.4,0.0,-0.2,-0.4642857142857143,-0.40350877192982454,-0.40350877192982454,-0.42815249266862193,-0.5460526315789473,0.5,-0.3660254037844383,0.0,-0.5,-0.6556091676718936
-0.5,-0.2,0.0,-0.2,-0.32142857142857145,-0.42105263157894735,-0.38596491228070173,-0.38123167155425225,-0.5460526315789473,0.2886751345948128,-0.6339745962155612,1.0,-0.4642857142857143,-0.5989143546441491
-0.5,0.0,0.0,-0.2,-0.16071428571428573,-0.2807017543859649,-0.40350877192982454,-0.2873900293255135,-0.5460526315789473,0.0,-0.7320508075688771,0.0,-0.42857142857142855,-0.531363088057901
-0.5,0.2,1.0,-0.2,-0.16071428571428573,-0.12280701754385964,-0.2631578947368421,-0.18768328445747814,-0.756578947368421,-0.2886751345948128,-0.6339745962155612,0.0,-0.39285714285714285,-0.46381182147165234
-0.5,0.4,1.0,-0.2,-0.25,-0.12280701754385964,-0.10526315789473684,-0.1642228739002936,-0.46710526315789475,-0.5,-0.36602540378443876,0.0,-0.35714285714285715,-0.3829915560916766
-0.5,0.6,1.0,-0.2,0.23214285714285715,-0.21052631578947367,-0.10526315789473684,-0.03519061583577711,-0.3881578947368421,-0.577350269189626,0.0,0.0,-0.32142857142857145,-0.29613992762364283
-0.5,0.8,2.0,-0.2,0.5178571428571429,0.2631578947368421,-0.19298245614035087,0.1876832844574775,-0.1118421052631579,-0.5000000000000001,0.3660254037844388,0.0,-0.2857142857142857,-0.19722557297949286
-0.5,1.0,2.0,-0.2,0.5535714285714286,0.543859649122807,0.2807017543859649,0.4516129032258065,-0.07236842105263158,-0.2886751345948132,0.6339745962155612,0.0,-0.25,-0.1212303980699633
-0.5,1.2,2.0,-0.2,1.2678571428571428,0.5789473684210527,0.5614035087719298,0.7917888563049844,-0.03289473684210526,-2.1211504774498138e-16,0.7320508075688774,0.0,-0.21428571428571427,-0.0006031363088054391
0.0,-1.0,-1.0,-0.2,1.4464285714285714,1.280701754385965,0.5964912280701754,1.0967741935483863,-0.03289473684210526,0.2886751345948128,0.6339745962155615,0.0,-0.17857142857142858,0.12846803377563384
0.0,-0.8,-1.0,-0.2,1.5892857142857142,1.456140350877193,1.2982456140350878,1.4369501466275656,-0.019736842105263157,0.49999999999999994,0.3660254037844388,0.0,-0.14285714285714285,0.26718938480096543
0.0,-0.6,-1.0,-0.2,1.5892857142857142,1.5964912280701755,1.4736842105263157,1.5425219941348969,-0.03289473684210526,0.5773502691896257,1.793007356604921e-16,0.0,-0.10714285714285714,0.4047044632086856
0.0,-0.4,0.0,-0.2,0.875,1.5964912280701755,1.6140350877192982,1.3548387096774182,0.07236842105263158,0.5,-0.3660254037844383,0.0,-0.07142857142857142,0.4951749095295541
0.0,-0.2,0.0,-0.2,2.75,0.8947368421052632,1.6140350877192982,1.7360703812316711,0.19078947368421054,0.2886751345948128,-0.6339745962155612,1.0,-0.03571428571428571,0.7026537997587463
0.0,0.0,0.0,-0.2,2.75,2.736842105263158,0.9122807017543859,2.1173020527859228,0.19078947368421054,0.0,-0.7320508075688771,0.0,0.0,0.8992762364294332
0.0,0.2,1.0,-0.2,2.75,2.736842105263158,2.754385964912281,2.733137829912022,0.125,-0.2886751345948128,-0.6339745962155612,0.0,0.03571428571428571,1.0958986731001212
0.0,0.4,1.0,-0.2,0.08928571428571429,2.736842105263158,2.754385964912281,1.859237536656891,0.48026315789473684,-0.5,-0.36602540378443876,0.0,0.07142857142857142,1.1188178528347414
0.0,0.6,1.0,-0.2,-0.3392857142857143,0.12280701754385964,2.754385964912281,0.84457478005865,0.6907894736842105,-0.577350269189626,0.0,0.0,0.10714285714285714,1.0802171290711702
0.0,0.8,2.0,-0.2,-0.5535714285714286,-0.2982456140350877,0.14035087719298245,-0.24046920821114381,0.7171052631578947,-0.5000000000000001,0.3660254037844388,0.0,0.14285714285714285,1.0078407720144755
0.0,1.0,2.0,-0.2,-0.6428571428571429,-0.5087719298245614,-0.2807017543859649,-0.48093841642228763,1.243421052631579,-0.2886751345948132,0.6339745962155612,0.0,0.17857142857142858,0.9270205066345003
0.0,1.2,2.0,-0.2,-0.10714285714285714,-0.5964912280701754,-0.49122807017543857,-0.40469208211143676,1.375,-2.1211504774498138e-16,0.7320508075688774,0.0,0.21428571428571427,0.8341375150784078
0.5,-1.0,-1.0,-0.2,0.19642857142857142,-0.07017543859649122,-0.5789473684210527,-0.158357771260997,1.480263157894737,0.2886751345948128,0.6339745962155615,0.0,0.25,0.7496984318455979
0.5,-0.8,-1.0,-0.2,0.23214285714285715,0.22807017543859648,-0.05263157894736842,0.12903225806451585,1.480263157894737,0.49999999999999994,0.3660254037844388,0.0,0.2857142857142857,0.6580217129071175
0.5,-0.6,-1.0,-0.2,0.25,0.2631578947368421,0.24561403508771928,0.24633431085043977,0.9539473684210527,0.5773502691896257,1.793007356604921e-16,0.0,0.32142857142857145,0.567551266586249
0.5,-0.4,0.0,-0.2,0.17857142857142858,0.2807017543859649,0.2807017543859649,0.24046920821114318,2.335526315789474,0.5,-0.3660254037844383,1.0,0.35714285714285715,0.5205066344993973
0.5,-0.2,0.0,-0.2,0.125,0.21052631578947367,0.2982456140350877,0.20527859237536605,2.335526315789474,0.2886751345948128,-0.6339745962155612,0.0,0.39285714285714285,0.343184559710495
0.5,0.0,0.0,-0.2,0.25,0.15789473684210525,0.22807017543859648,0.20527859237536605,2.335526315789474,0.0,-0.7320508075688771,0.0,0.42857142857142855,0.17430639324487354
0.5,0.2,1.0,-0.2,0.16071428571428573,0.2807017543859649,0.17543859649122806,0.1994134897360701,0.375,-0.2886751345948128,-0.6339745962155612,0.0,0.4642857142857143,-0.0006031363088054391
0.5,0.4,1.0,-0.2,0.125,0.19298245614035087,0.2982456140350877,0.1994134897360701,0.05921052631578947,-0.5,-0.36602540378443876,0.0,0.5,0.0018094089264178972
0.5,0.6,1.0,-0.2,0.10714285714285714,0.15789473684210525,0.21052631578947367,0.15249266862170038,-0.09868421052631579,-0.577350269189626,0.0,0.0,0.5357142857142857,0.031966224366707235
0.5,0.8,2.0,-0.2,0.07142857142857142,0.14035087719298245,0.17543859649122806,0.12316715542521989,-0.16447368421052633,-0.5000000000000001,0.3660254037844388,0.0,0.5714285714285714,0.07418576598311272
0.5,1.0,2.0,-0.2,0.05357142857142857,0.10526315789473684,0.15789473684210525,0.09970674486803473,0.23026315789473684,-0.2886751345948132,0.6339745962155612,0.0,0.6071428571428571,0.12123039806996436
0.5,1.2,2.0,-0.2,0.05357142857142857,0.08771929824561403,0.12280701754385964,0.08211143695014617,0.45394736842105265,-2.1211504774498138e-16,0.7320508075688774,0.0,0.6428571428571429,0.1320868516284686
1.0,-1.0,-1.0,-0.2,0.10714285714285714,0.08771929824561403,0.10526315789473684,0.09384164222873875,0.48026315789473684,0.2886751345948128,0.6339745962155615,0.0,0.6785714285714286,0.12605548854041052
1.0,-0.8,-1.0,-0.2,0.125,0.14035087719298245,0.10526315789473684,0.11730205278592327,0.4934210526315789,0.49999999999999994,0.3660254037844388,0.0,0.7142857142857143,0.11881785283474103
1.0,-0.6,-1.0,-0.2,0.4107142857142857,0.15789473684210525,0.15789473684210525,0.2346041055718472,0.4407894736842105,0.5773502691896257,1.793007356604921e-16,0.0,0.75,0.12967430639324526
1.0,-0.4,0.0,-0.2,0.5,0.43859649122807015,0.17543859649122806,0.36363636363636304,0.40131578947368424,0.5,-0.3660254037844383,1.0,0.7857142857142857,0.1513872135102537
1.0,-0.2,0.0,-0.2,0.75,0.5263157894736842,0.45614035087719296,0.5689149560117297,0.4934210526315789,0.2886751345948128,-0.6339745962155612,0.0,0.8214285714285714,0.19360675512665917
1.0,0.0,0.0,-0.2,0.7321428571428571,0.7719298245614035,0.543859649122807,0.6744868035190611,0.4276315789473684,0.0,-0.7320508075688771,0.0,0.8571428571428571,0.22617611580217187
1.0,0.2,1.0,-0.2,0.6607142857142857,0.7543859649122807,0.7894736842105263,0.7272727272727267,0.40131578947368424,-0.2886751345948128,-0.6339745962155612,0.0,0.8928571428571429,0.25995174909529595
1.0,0.4,1.0,-0.2,0.6964285714285714,0.6842105263157895,0.7719298245614035,0.7096774193548382,0.3881578947368421,-0.5,-0.36602540378443876,0.0,0.9285714285714286,0.29855247285886666
1.0,0.6,1.0,-0.2,0.7857142857142857,0.7192982456140351,0.7017543859649122,0.7272727272727267,0.3618421052631579,-0.577350269189626,0.0,0.0,0.9642857142857143,0.3443908323281069
1.0,0.8,2.0,-0.2,0.8928571428571429,0.8070175438596491,0.7368421052631579,0.8035190615835776,0.34868421052631576,-0.5000000000000001,0.3660254037844388,0.0,1.0,0.3998793727382389
-1.0,-1.0,-1.0,0.0,-1.3571428571428572,-1.5087719298245614,-1.456140350877193,-1.4428152492668616,-1.111842105263158,0.2886751345948128,0.6339745962155615,0.0,-1.0357142857142858,-1.2346200241254521
-1.0,-0.8,-1.0,0.0,-1.3571428571428572,-1.2982456140350878,-1.4912280701754386,-1.3841642228739,-0.8092105263157895,0.49999999999999994,0.3660254037844388,0.0,-1.0,-1.1960193003618815
-1.0,-0.6,-1.0,0.0,-0.7321428571428571,-1.2982456140350878,-1.280701754385965,-1.108504398826979,-0.7828947368421053,0.5773502691896257,1.793007356604921e-16,0.0,-0.9642857142857143,-1.1429433051869722
-1.0,-0.4,0.0,0.0,-0.9642857142857143,-0.6842105263157895,-1.280701754385965,-0.9794721407624631,-0.7828947368421053,0.5,-0.3660254037844383,0.0,-0.9285714285714286,-1.1079613992762363
-1.0,-0.2,0.0,0.0,-1.1071428571428572,-0.9122807017543859,-0.6666666666666666,-0.8973607038123164,-0.7828947368421053,0.2886751345948128,-0.6339745962155612,1.0,-0.8928571428571429,-1.082629674306393
-1.0,0.0,0.0,0.0,-1.1071428571428572,-1.0526315789473684,-0.8947368421052632,-1.0205278592375362,-0.7828947368421053,0.0,-0.7320508075688771,0.0,-0.8571428571428571,-1.05729794933655
-1.0,0.2,1.0,0.0,-1.1071428571428572,-1.0526315789473684,-1.0350877192982457,-1.0674486803519059,-0.7960526315789473,-0.2886751345948128,-0.6339745962155612,0.0,-0.8214285714285714,-1.0319662243667067
-1.0,0.4,1.0,0.0,-1.2142857142857142,-1.0526315789473684,-1.0350877192982457,-1.102639296187683,-0.8486842105263158,-0.5,-0.36602540378443876,0.0,-0.7857142857142857,-1.0126658624849216
-1.0,0.6,1.0,0.0,-1.0178571428571428,-1.1578947368421053,-1.0350877192982457,-1.0733137829912018,-0.8092105263157895,-0.577350269189626,0.0,0.0,-0.75,-0.9752714113389622
-1.0,0.8,2.0,0.0,-0.875,-0.9649122807017544,-1.1403508771929824,-0.9970674486803517,-0.8223684210526315,-0.5000000000000001,0.3660254037844388,0.0,-0.7142857142857143,-0.9318455971049453
-1.0,1.0,2.0,0.0,-0.48214285714285715,-0.8245614035087719,-0.9473684210526315,-0.7565982404692079,-0.8486842105263158,-0.2886751345948132,0.6339745962155612,0.0,-0.6785714285714286,-0.8606755126658625
-1.0,1.2,2.0,0.0,-0.5178571428571429,-0.43859649122807015,-0.8070175438596491,-0.5923753665689149,-0.6907894736842105,-2.1211504774498138e-16,0.7320508075688774,0.0,-0.6428571428571429,-0.789505428226779
-0.5,-1.0,-1.0,0.0,-0.4107142857142857,-0.47368421052631576,-0.42105263157894735,-0.4398826979472139,-0.6907894736842105,0.2886751345948128,0.6339745962155615,0.0,-0.6071428571428571,-0.7255729794933651
-0.5,-0.8,-1.0,0.0,-0.4107142857142857,-0.3684210526315789,-0.45614035087719296,-0.41642228739002934,-0.23026315789473684,0.49999999999999994,0.3660254037844388,0.0,-0.5714285714285714,-0.6616405307599517
-0.5,-0.6,-1.0,0.0,-0.4107142857142857,-0.3684210526315789,-0.3508771929824561,-0.38123167155425225,-0.40131578947368424,0.5773502691896257,1.793007356604921e-16,0.0,-0.5357142857142857,-0.6399276236429432
-0.5,-0.4,0.0,0.0,-0.42857142857142855,-0.3684210526315789,-0.3508771929824561,-0.3870967741935482,-0.506578947368421,0.5,-0.3660254037844383,0.0,-0.5,-0.6037394451145959
-0.5,-0.2,0.0,0.0,-0.26785714285714285,-0.38596491228070173,-0.3508771929824561,-0.3401759530791792,-0.506578947368421,0.2886751345948128,-0.6339745962155612,1.0,-0.4642857142857143,-0.5470446320868514
-0.5,0.0,0.0,0.0,-0.23214285714285715,-0.22807017543859648,-0.3684210526315789,-0.28152492668621687,-0.506578947368421,0.0,-0.7320508075688771,0.0,-0.42857142857142855,-0.48793727382388413
-0.5,0.2,1.0,0.0,-0.23214285714285715,-0.19298245614035087,-0.21052631578947367,-0.21700879765395928,-0.5855263157894737,-0.2886751345948128,-0.6339745962155612,0.0,-0.39285714285714285,-0.4288299155609163
-0.5,0.4,1.0,0.0,-0.17857142857142858,-0.19298245614035087,-0.17543859649122806,-0.18768328445747814,-0.4407894736842105,-0.5,-0.36602540378443876,0.0,-0.35714285714285715,-0.35886610373944483
-0.5,0.6,1.0,0.0,0.23214285714285715,-0.14035087719298245,-0.17543859649122806,-0.03519061583577711,-0.3355263157894737,-0.577350269189626,0.0,0.0,-0.32142857142857145,-0.27442702050663437
-0.5,0.8,2.0,0.0,0.42857142857142855,0.2631578947368421,-0.12280701754385964,0.18181818181818152,-0.046052631578947366,-0.5000000000000001,0.3660254037844388,0.0,-0.2857142857142857,-0.18636911942098866
-0.5,1.0,2.0,0.0,0.5714285714285714,0.45614035087719296,0.2807017543859649,0.4281524926686213,-0.07236842105263158,-0.2886751345948132,0.6339745962155612,0.0,-0.25,-0.11519903498190576
-0.5,1.2,2.0,0.0,1.1428571428571428,0.5964912280701754,0.47368421052631576,0.7272727272727267,0.006578947368421052,-2.1211504774498138e-16,0.7320508075688774,0.0,-0.21428571428571427,-0.0030156815440287757
0.0,-1.0,-1.0,0.0,1.4642857142857142,1.1578947368421053,0.6140350877192983,1.0674486803519059,0.006578947368421052,0.2886751345948128,0.6339745962155615,0.0,-0.17857142857142858,0.12364294330518717
0.0,-0.8,-1.0,0.0,1.6428571428571428,1.4736842105263157,1.1754385964912282,1.419354838709677,0.006578947368421052,0.49999999999999994,0.3660254037844388,0.0,-0.14285714285714285,0.2623642943305193
0.0,-0.6,-1.0,0.0,1.6428571428571428,1.6491228070175439,1.4912280701754386,1.5835777126099693,-0.006578947368421052,0.5773502691896257,1.793007356604921e-16,0.0,-0.10714285714285714,0.40108564535585084
0.0,-0.4,0.0,0.0,1.2142857142857142,1.6491228070175439,1.6666666666666667,1.5014662756598232,0.1118421052631579,0.5,-0.3660254037844383,0.0,-0.07142857142857142,0.5120627261761159
0.0,-0.2,0.0,0.0,2.2142857142857144,1.2280701754385965,1.6666666666666667,1.6891495601173008,0.13815789473684212,0.2886751345948128,-0.6339745962155612,1.0,-0.03571428571428571,0.6797346200241259
0.0,0.0,0.0,0.0,2.2142857142857144,2.210526315789474,1.2456140350877194,1.8768328445747795,0.13815789473684212,0.0,-0.7320508075688771,0.0,0.0,0.8449939686369121
0.0,0.2,1.0,0.0,2.2142857142857144,2.210526315789474,2.2280701754385963,2.2052785923753655,0.17763157894736842,-0.2886751345948128,-0.6339745962155612,0.0,0.03571428571428571,1.0102533172496992
0.0,0.4,1.0,0.0,0.2857142857142857,2.210526315789474,2.2280701754385963,1.5718475073313773,0.48026315789473684,-0.5,-0.36602540378443876,0.0,0.07142857142857142,1.0416164053076
0.0,0.6,1.0,0.0,-0.16071428571428573,0.3157894736842105,2.2280701754385963,0.7917888563049844,0.625,-0.577350269189626,0.0,0.0,0.10714285714285714,1.015078407720145
0.0,0.8,2.0,0.0,-0.2857142857142857,-0.12280701754385964,0.3333333333333333,-0.029325513196481138,0.7302631578947368,-0.5000000000000001,0.3660254037844388,0.0,0.14285714285714285,0.9668275030156824
0.0,1.0,2.0,0.0,-0.44642857142857145,-0.24561403508771928,-0.10526315789473684,-0.26979472140762495,1.1513157894736843,-0.2886751345948132,0.6339745962155612,0.0,0.17857142857142858,0.8980699638118224
0.0,1.2,2.0,0.0,-0.05357142857142857,-0.40350877192982454,-0.22807017543859648,-0.23460410557184783,1.388157894736842,-2.1211504774498138e-16,0.7320508075688774,0.0,0.21428571428571427,0.8172496984318461
0.5,-1.0,-1.0,0.0,0.30357142857142855,-0.017543859649122806,-0.38596491228070173,-0.04105571847507372,1.519736842105263,0.2886751345948128,0.6339745962155615,0.0,0.25,0.7388419782870937
0.5,-0.8,-1.0,0.0,0.42857142857142855,0.3333333333333333,0.0,0.24633431085043977,1.519736842105263,0.49999999999999994,0.3660254037844388,0.0,0.2857142857142857,0.6568154402895056
0.5,-0.6,-1.0,0.0,0.4107142857142857,0.45614035087719296,0.3508771929824561,0.3988269794721402,1.2039473684210527,0.5773502691896257,1.793007356604921e-16,0.0,0.32142857142857145,0.5735826296743065
0.5,-0.4,0.0,0.0,0.2857142857142857,0.43859649122807015,0.47368421052631576,0.39296187683284417,1.9407894736842106,0.5,-0.3660254037844383,1.0,0.35714285714285715,0.5108564535585051
0.5,-0.2,0.0,0.0,0.16071428571428573,0.3157894736842105,0.45614035087719296,0.30498533724340143,1.9407894736842106,0.2886751345948128,-0.6339745962155612,0.0,0.39285714285714285,0.3721351025331729
0.5,0.0,0.0,0.0,-0.07142857142857142,0.19298245614035087,0.3333333333333333,0.14662756598240442,1.9407894736842106,0.0,-0.7320508075688771,0.0,0.42857142857142855,0.21773220747889044
0.5,0.2,1.0,0.0,0.25,-0.03508771929824561,0.21052631578947367,0.13489736070381184,0.5197368421052632,-0.2886751345948128,-0.6339745962155612,0.0,0.4642857142857143,0.08504221954161695
0.5,0.4,1.0,0.0,0.19642857142857142,0.2807017543859649,-0.017543859649122806,0.14662756598240442,0.19078947368421054,-0.5,-0.36602540378443876,0.0,0.5,0.07901085645355888
0.5,0.6,1.0,0.0,0.16071428571428573,0.22807017543859648,0.2982456140350877,0.2228739002932546,0.09868421052631579,-0.577350269189626,0.0,0.0,0.5357142857142857,0.10072376357056732
0.5,0.8,2.0,0.0,0.125,0.19298245614035087,0.24561403508771928,0.18181818181818152,-0.019736842105263157,-0.5000000000000001,0.3660254037844388,0.0,0.5714285714285714,0.12846803377563384
0.5,1.0,2.0,0.0,0.05357142857142857,0.15789473684210525,0.21052631578947367,0.13489736070381184,0.26973684210526316,-0.2886751345948132,0.6339745962155612,0.0,0.6071428571428571,0.16224366706875792
0.5,1.2,2.0,0.0,0.03571428571428571,0.08771929824561403,0.17543859649122806,0.09384164222873875,0.5328947368421053,-2.1211504774498138e-16,0.7320508075688774,0.0,0.6428571428571429,0.168275030156816
1.0,-1.0,-1.0,0.0,0.10714285714285714,0.07017543859649122,0.10526315789473684,0.08797653958944278,0.625,0.2886751345948128,0.6339745962155615,0.0,0.6785714285714286,0.15500603136308844
1.0,-0.8,-1.0,0.0,0.017857142857142856,0.14035087719298245,0.08771929824561403,0.07624633431085019,0.6118421052631579,0.49999999999999994,0.3660254037844388,0.0,0.7142857142857143,0.1272617611580219
1.0,-0.6,-1.0,0.0,0.30357142857142855,0.05263157894736842,0.15789473684210525,0.16422287390029297,0.5197368421052632,0.5773502691896257,1.793007356604921e-16,0.0,0.75,0.12002412545235243
1.0,-0.4,0.0,0.0,0.5,0.3333333333333333,0.07017543859649122,0.29325513196480885,0.4276315789473684,0.5,-0.3660254037844383,1.0,0.7857142857142857,0.1344993968636914
1.0,-0.2,0.0,0.0,0.7678571428571429,0.5263157894736842,0.3508771929824561,0.5395894428152492,0.2565789473684211,0.2886751345948128,-0.6339745962155612,0.0,0.8214285714285714,0.17551266586248548
1.0,0.0,0.0,0.0,0.7857142857142857,0.7894736842105263,0.543859649122807,0.6979472140762463,0.4934210526315789,0.0,-0.7320508075688771,0.0,0.8571428571428571,0.23341375150784133
1.0,0.2,1.0,0.0,0.7142857142857143,0.8070175438596491,0.8070175438596491,0.7683284457478005,0.45394736842105265,-0.2886751345948128,-0.6339745962155612,0.0,0.8928571428571429,0.2647768395657421
1.0,0.4,1.0,0.0,0.75,0.7368421052631579,0.8245614035087719,0.7624633431085038,0.4276315789473684,-0.5,-0.36602540378443876,0.0,0.9285714285714286,0.3021712907117014
1.0,0.6,1.0,0.0,0.8571428571428571,0.7719298245614035,0.7543859649122807,0.785923753665689,0.40131578947368424,-0.577350269189626,0.0,0.0,0.9642857142857143,0.3492159227985525
1.0,0.8,2.0,0.0,0.8928571428571429,0.8771929824561403,0.7894736842105263,0.84457478005865,0.34868421052631576,-0.5000000000000001,0.3660254037844388,0.0,1.0,0.40108564535585084
-1.0,-0.8,-1.0,0.2,-1.5357142857142858,-1.4736842105263157,-1.7017543859649122,-1.571847507331378,-1.0855263157894737,0.49999999999999994,0.3660254037844388,0.0,-1.0,-1.4517490952955368
-1.0,-0.6,-1.0,0.2,-1.0714285714285714,-1.4736842105263157,-1.456140350877193,-1.3372434017595303,-1.0855263157894737,0.5773502691896257,1.793007356604921e-16,0.0,-0.9642857142857143,-1.3962605548854041
-1.0,-0.4,0.0,0.2,-1.3035714285714286,-1.0175438596491229,-1.456140350877193,-1.2609970674486801,-1.0723684210526316,0.5,-0.3660254037844383,0.0,-0.9285714285714286,-1.3564535585042221
-1.0,-0.2,0.0,0.2,-1.3214285714285714,-1.2456140350877194,-1.0,-1.1906158357771257,-1.125,0.2886751345948128,-0.6339745962155612,1.0,-0.8928571428571429,-1.3190591073582627
-1.0,0.0,0.0,0.2,-1.3214285714285714,-1.263157894736842,-1.2280701754385965,-1.2727272727272727,-1.0328947368421053,0.0,-0.7320508075688771,0.0,-0.8571428571428571,-1.2768395657418576
-1.0,0.2,1.0,0.2,-1.2678571428571428,-1.263157894736842,-1.2456140350877194,-1.2609970674486801,-1.0592105263157894,-0.2886751345948128,-0.6339745962155612,0.0,-0.8214285714285714,-1.2394451145958985
-1.0,0.4,1.0,0.2,-1.5357142857142858,-1.2105263157894737,-1.2456140350877194,-1.3313782991202343,-1.0986842105263157,-0.5,-0.36602540378443876,0.0,-0.7857142857142857,-1.2177322074788899
-1.0,0.6,1.0,0.2,-1.1428571428571428,-1.4736842105263157,-1.1929824561403508,-1.2727272727272727,-0.993421052631579,-0.577350269189626,0.0,0.0,-0.75,-1.1658624849215922
-1.0,0.8,2.0,0.2,-1.0,-1.087719298245614,-1.456140350877193,-1.1847507331378297,-1.0328947368421053,-0.5000000000000001,0.3660254037844388,0.0,-0.7142857142857143,-1.1139927623642945
-1.0,1.0,2.0,0.2,-0.8035714285714286,-0.9473684210526315,-1.0701754385964912,-0.944281524926686,-1.006578947368421,-0.2886751345948132,0.6339745962155612,0.0,-0.6785714285714286,-1.0452352231604343
-1.0,1.2,2.0,0.2,-0.7321428571428571,-0.7543859649122807,-0.9298245614035088,-0.8093841642228735,-0.8223684210526315,-2.1211504774498138e-16,0.7320508075688774,0.0,-0.6428571428571429,-0.9740651387213508
-0.5,-1.0,-1.0,0.2,-0.6785714285714286,-0.6842105263157895,-0.7368421052631579,-0.7038123167155422,-0.8223684210526315,0.2886751345948128,0.6339745962155615,0.0,-0.6071428571428571,-0.916164053075995
-0.5,-0.8,-1.0,0.2,-0.6785714285714286,-0.631578947368421,-0.6666666666666666,-0.6627565982404692,-0.48026315789473684,0.49999999999999994,0.3660254037844388,0.0,-0.5714285714285714,-0.8582629674306391
-0.5,-0.6,-1.0,0.2,-0.8928571428571429,-0.631578947368421,-0.6140350877192983,-0.7155425219941348,-0.6513157894736842,0.5773502691896257,1.793007356604921e-16,0.0,-0.5357142857142857,-0.8462002412545235
-0.5,-0.4,0.0,0.2,-0.8035714285714286,-0.8421052631578947,-0.6140350877192983,-0.7565982404692079,-0.6644736842105263,0.5,-0.3660254037844383,0.0,-0.5,-0.8124246079613989
-0.5,-0.2,0.0,0.2,-0.5892857142857143,-0.7543859649122807,-0.8245614035087719,-0.7272727272727274,-0.6644736842105263,0.2886751345948128,-0.6339745962155612,1.0,-0.4642857142857143,-0.7629674306393245
-0.5,0.0,0.0,0.2,-0.375,-0.543859649122807,-0.7368421052631579,-0.5571847507331378,-0.625,0.0,-0.7320508075688771,0.0,-0.42857142857142855,-0.6990349819059105
-0.5,0.2,1.0,0.2,-0.375,-0.3333333333333333,-0.5263157894736842,-0.41642228739002934,-0.8223684210526315,-0.2886751345948128,-0.6339745962155612,0.0,-0.39285714285714285,-0.6387213510253313
-0.5,0.4,1.0,0.2,-0.5892857142857143,-0.3333333333333333,-0.3157894736842105,-0.41642228739002934,-0.5328947368421053,-0.5,-0.36602540378443876,0.0,-0.35714285714285715,-0.5747889022919179
-0.5,0.6,1.0,0.2,-0.10714285714285714,-0.543859649122807,-0.3157894736842105,-0.3284457478005866,-0.4276315789473684,-0.577350269189626,0.0,0.0,-0.32142857142857145,-0.5048250904704459
-0.5,0.8,2.0,0.2,0.03571428571428571,-0.07017543859649122,-0.5263157894736842,-0.1935483870967741,-0.28289473684210525,-0.5000000000000001,0.3660254037844388,0.0,-0.2857142857142857,-0.4348612786489744
-0.5,1.0,2.0,0.2,0.07142857142857142,0.07017543859649122,-0.05263157894736842,0.02346041055718453,-0.23026315789473684,-0.2886751345948132,0.6339745962155612,0.0,-0.25,-0.37575392038600713
-0.5,1.2,2.0,0.2,1.0357142857142858,0.10526315789473684,0.08771929824561403,0.3988269794721402,-0.19078947368421054,-2.1211504774498138e-16,0.7320508075688774,0.0,-0.21428571428571427,-0.25633293124246065
0.0,-1.0,-1.0,0.2,1.2678571428571428,1.0526315789473684,0.12280701754385964,0.8035190615835776,-0.19078947368421054,0.2886751345948128,0.6339745962155615,0.0,-0.17857142857142858,-0.12484921592279805
0.0,-0.8,-1.0,0.2,1.4821428571428572,1.280701754385965,1.0701754385964912,1.2668621700879754,-0.34868421052631576,0.49999999999999994,0.3660254037844388,0.0,-0.14285714285714285,0.021109770808203008
0.0,-0.6,-1.0,0.2,1.6785714285714286,1.4912280701754386,1.2982456140350878,1.478005865102638,-0.28289473684210525,0.5773502691896257,1.793007356604921e-16,0.0,-0.10714285714285714,0.1948130277442706
0.0,-0.4,0.0,0.2,0.375,1.6842105263157894,1.5087719298245614,1.1847507331378293,-0.125,0.5,-0.3660254037844383,0.0,-0.07142857142857142,0.2744270205066349
0.0,-0.2,0.0,0.2,1.9642857142857142,0.40350877192982454,1.7017543859649122,1.3431085043988262,0.03289473684210526,0.2886751345948128,-0.6339745962155612,1.0,-0.03571428571428571,0.44692400482509054
0.0,0.0,0.0,0.2,1.9642857142857142,1.9649122807017543,0.42105263157894735,1.4369501466275656,0.03289473684210526,0.0,-0.7320508075688771,0.0,0.0,0.6049457177322083
0.0,0.2,1.0,0.2,1.9642857142857142,1.9649122807017543,1.9824561403508771,1.9589442815249256,-0.125,-0.2886751345948128,-0.6339745962155612,0.0,0.03571428571428571,0.7629674306393249
0.0,0.4,1.0,0.2,0.0,1.9649122807017543,1.9824561403508771,1.3137829912023458,0.23026315789473684,-0.5,-0.36602540378443876,0.0,0.07142857142857142,0.8027744270205072
0.0,0.6,1.0,0.2,-0.48214285714285715,0.03508771929824561,1.9824561403508771,0.5102639296187674,0.3355263157894737,-0.577350269189626,0.0,0.0,0.10714285714285714,0.7774427020506639
0.0,0.8,2.0,0.2,-0.5714285714285714,-0.43859649122807015,0.05263157894736842,-0.3225806451612906,0.3618421052631579,-0.5000000000000001,0.3660254037844388,0.0,0.14285714285714285,0.7364294330518698
0.0,1.0,2.0,0.2,-0.625,-0.5263157894736842,-0.42105263157894735,-0.5278592375366566,1.0723684210526316,-0.2886751345948132,0.6339745962155612,0.0,0.17857142857142858,0.6893848009650182
0.0,1.2,2.0,0.2,-0.07142857142857142,-0.5789473684210527,-0.5087719298245614,-0.39296187683284484,1.243421052631579,-2.1211504774498138e-16,0.7320508075688774,0.0,0.21428571428571427,0.6145958986731006
0.5,-1.0,-1.0,0.2,0.14285714285714285,-0.03508771929824561,-0.5614035087719298,-0.158357771260997,1.4013157894736843,0.2886751345948128,0.6339745962155615,0.0,0.25,0.538600723763571
0.5,-0.8,-1.0,0.2,0.39285714285714285,0.17543859649122806,-0.017543859649122806,0.17595307917888556,1.5460526315789473,0.49999999999999994,0.3660254037844388,0.0,0.2857142857142857,0.46501809408926426
0.5,-0.6,-1.0,0.2,0.30357142857142855,0.42105263157894735,0.19298245614035087,0.2991202346041054,0.5855263157894737,0.5773502691896257,1.793007356604921e-16,0.0,0.32142857142857145,0.3721351025331729
0.5,-0.4,0.0,0.2,0.17857142857142858,0.3333333333333333,0.43859649122807015,0.3108504398826974,1.756578947368421,0.5,-0.3660254037844383,1.0,0.35714285714285715,0.3588661037394459
0.5,-0.2,0.0,0.2,0.08928571428571429,0.21052631578947367,0.3508771929824561,0.21114369501466268,1.756578947368421,0.2886751345948128,-0.6339745962155612,0.0,0.39285714285714285,0.2322074788902294
0.5,0.0,0.0,0.2,0.10714285714285714,0.12280701754385964,0.22807017543859648,0.14662756598240442,1.756578947368421,0.0,-0.7320508075688771,0.0,0.42857142857142855,0.1067551266586254
0.5,0.2,1.0,0.2,0.16071428571428573,0.14035087719298245,0.14035087719298245,0.14076246334310843,0.3092105263157895,-0.2886751345948128,-0.6339745962155612,0.0,0.4642857142857143,-0.015078407720144404
0.5,0.4,1.0,0.2,0.08928571428571429,0.19298245614035087,0.15789473684210525,0.14076246334310843,-0.046052631578947366,-0.5,-0.36602540378443876,0.0,0.5,-0.009047044632086327
0.5,0.6,1.0,0.2,0.08928571428571429,0.12280701754385964,0.21052631578947367,0.13489736070381184,-0.1118421052631579,-0.577350269189626,0.0,0.0,0.5357142857142857,0.029553679131483896
0.5,0.8,2.0,0.2,0.05357142857142857,0.12280701754385964,0.14035087719298245,0.09970674486803473,-0.1513157894736842,-0.5000000000000001,0.3660254037844388,0.0,0.5714285714285714,0.07177322074788939
0.5,1.0,2.0,0.2,0.017857142857142856,0.08771929824561403,0.14035087719298245,0.07624633431085019,0.2565789473684211,-0.2886751345948132,0.6339745962155612,0.0,0.6071428571428571,0.11519903498190628
0.5,1.2,2.0,0.2,0.0,0.05263157894736842,0.10526315789473684,0.04692082111436906,0.4144736842105263,-2.1211504774498138e-16,0.7320508075688774,0.0,0.6428571428571429,0.12002412545235243
1.0,-1.0,-1.0,0.2,-0.017857142857142856,0.03508771929824561,0.07017543859649122,0.02346041055718453,0.5986842105263158,0.2886751345948128,0.6339745962155615,0.0,0.6785714285714286,0.1091676718938482
1.0,-0.8,-1.0,0.2,-0.03571428571428571,0.017543859649122806,0.05263157894736842,0.005865102639295972,0.5328947368421053,0.49999999999999994,0.3660254037844388,0.0,0.7142857142857143,0.08021712907117028
1.0,-0.6,-1.0,0.2,0.125,0.0,0.03508771929824561,0.04692082111436906,0.4407894736842105,0.5773502691896257,1.793007356604921e-16,0.0,0.75,0.06815440289505464
1.0,-0.4,0.0,0.2,0.23214285714285715,0.15789473684210525,0.017543859649122806,0.12903225806451585,0.375,0.5,-0.3660254037844383,1.0,0.7857142857142857,0.07177322074788939
1.0,-0.2,0.0,0.2,0.5,0.2631578947368421,0.17543859649122806,0.30498533724340143,0.3881578947368421,0.2886751345948128,-0.6339745962155612,0.0,0.8214285714285714,0.09951749095295591
1.0,0.0,0.0,0.2,0.5535714285714286,0.5263157894736842,0.2807017543859649,0.44574780058650987,0.4276315789473684,0.0,-0.7320508075688771,0.0,0.8571428571428571,0.12967430639324526
1.0,0.2,1.0,0.2,0.42857142857142855,0.5789473684210527,0.543859649122807,0.5102639296187674,0.375,-0.2886751345948128,-0.6339745962155612,0.0,0.8928571428571429,0.14776839565741895
1.0,0.4,1.0,0.2,0.4642857142857143,0.45614035087719296,0.5964912280701754,0.4985337243401755,0.375,-0.5,-0.36602540378443876,0.0,0.9285714285714286,0.17310012062726216
1.0,0.6,1.0,0.2,0.5535714285714286,0.49122807017543857,0.47368421052631576,0.4985337243401755,0.34868421052631576,-0.577350269189626,0.0,0.0,0.9642857142857143,0.2044632086851634
1.0,0.8,2.0,0.2,0.6785714285714286,0.5789473684210527,0.5087719298245614,0.5806451612903217,0.3223684210526316,-0.5000000000000001,0.3660254037844388,0.0,1.0,0.24668275030156836
-1.0,-0.8,-1.0,0.4,-1.4642857142857142,-1.4035087719298245,-1.5614035087719298,-1.4780058651026386,-0.8881578947368421,0.49999999999999994,0.3660254037844388,0.0,-1.0,-1.287696019300362
-1.0,-0.6,-1.0,0.4,-0.875,-1.4035087719298245,-1.3859649122807018,-1.225806451612903,-0.8618421052631579,0.5773502691896257,1.793007356604921e-16,0.0,-0.9642857142857143,-1.2370325693606756
-1.0,-0.4,0.0,0.4,-1.1428571428571428,-0.8245614035087719,-1.3859649122807018,-1.1202346041055715,-0.8881578947368421,0.5,-0.3660254037844383,0.0,-0.9285714285714286,-1.2068757539203856
-1.0,-0.2,0.0,0.4,-1.2142857142857142,-1.087719298245614,-0.8070175438596491,-1.0381231671554247,-0.8881578947368421,0.2886751345948128,-0.6339745962155612,1.0,-0.8928571428571429,-1.1791314837153197
-1.0,0.0,0.0,0.4,-1.2142857142857142,-1.1578947368421053,-1.0701754385964912,-1.1495601173020527,-0.875,0.0,-0.7320508075688771,0.0,-0.8571428571428571,-1.1513872135102532
-1.0,0.2,1.0,0.4,-1.2142857142857142,-1.1578947368421053,-1.1403508771929824,-1.1730205278592372,-0.8881578947368421,-0.2886751345948128,-0.6339745962155612,0.0,-0.8214285714285714,-1.1248492159227985
-1.0,0.4,1.0,0.4,-1.3928571428571428,-1.1578947368421053,-1.1403508771929824,-1.231671554252199,-0.9407894736842105,-0.5,-0.36602540378443876,0.0,-0.7857142857142857,-1.1091676718938477
-1.0,0.6,1.0,0.4,-1.1964285714285714,-1.3333333333333333,-1.1403508771929824,-1.225806451612903,-0.8881578947368421,-0.577350269189626,0.0,0.0,-0.75,-1.0753920386007236
-1.0,0.8,2.0,0.4,-1.0178571428571428,-1.1403508771929824,-1.3157894736842106,-1.1612903225806446,-0.8881578947368421,-0.5000000000000001,0.3660254037844388,0.0,-0.7142857142857143,-1.03437876960193
-1.0,1.0,2.0,0.4,-0.625,-0.9649122807017544,-1.1228070175438596,-0.909090909090909,-0.9013157894736842,-0.2886751345948132,0.6339745962155612,0.0,-0.6785714285714286,-0.9668275030156813
-1.0,1.2,2.0,0.4,-0.6785714285714286,-0.5789473684210527,-0.9473684210526315,-0.7390029325513193,-0.7697368421052632,-2.1211504774498138e-16,0.7320508075688774,0.0,-0.6428571428571429,-0.901688781664656
-0.5,-1.0,-1.0,0.4,-0.5714285714285714,-0.631578947368421,-0.5614035087719298,-0.5923753665689149,-0.7697368421052632,0.2886751345948128,0.6339745962155615,0.0,-0.6071428571428571,-0.8413751507840769
-0.5,-0.8,-1.0,0.4,-0.5714285714285714,-0.5263157894736842,-0.6140350877192983,-0.5747800586510263,-0.3355263157894737,0.49999999999999994,0.3660254037844388,0.0,-0.5714285714285714,-0.7810615199034981
-0.5,-0.6,-1.0,0.4,-0.4642857142857143,-0.5263157894736842,-0.5087719298245614,-0.5043988269794721,-0.5328947368421053,0.5773502691896257,1.793007356604921e-16,0.0,-0.5357142857142857,-0.7533172496984316
-0.5,-0.4,0.0,0.4,-0.5,-0.42105263157894735,-0.5087719298245614,-0.48093841642228763,-0.5855263157894737,0.5,-0.3660254037844383,0.0,-0.5,-0.7098914354644147
-0.5,-0.2,0.0,0.4,-0.35714285714285715,-0.45614035087719296,-0.40350877192982454,-0.4105571847507334,-0.5855263157894737,0.2886751345948128,-0.6339745962155612,1.0,-0.4642857142857143,-0.6519903498190589
-0.5,0.0,0.0,0.4,-0.35714285714285715,-0.3157894736842105,-0.43859649122807015,-0.3753665689149563,-0.5855263157894737,0.0,-0.7320508075688771,0.0,-0.42857142857142855,-0.594089264173703
-0.5,0.2,1.0,0.4,-0.35714285714285715,-0.3157894736842105,-0.2982456140350877,-0.3284457478005866,-0.7171052631578947,-0.2886751345948128,-0.6339745962155612,0.0,-0.39285714285714285,-0.5361881785283471
-0.5,0.4,1.0,0.4,-0.26785714285714285,-0.3157894736842105,-0.2982456140350877,-0.2991202346041054,-0.5723684210526315,-0.5,-0.36602540378443876,0.0,-0.35714285714285715,-0.4601930036188176
-0.5,0.6,1.0,0.4,0.07142857142857142,-0.22807017543859648,-0.2982456140350877,-0.158357771260997,-0.4407894736842105,-0.577350269189626,0.0,0.0,-0.32142857142857145,-0.3745476477683952
-0.5,0.8,2.0,0.4,0.25,0.10526315789473684,-0.21052631578947367,0.04105571847507308,-0.1513157894736842,-0.5000000000000001,0.3660254037844388,0.0,-0.2857142857142857,-0.28890229191797334
-0.5,1.0,2.0,0.4,0.3392857142857143,0.2807017543859649,0.12280701754385964,0.24046920821114318,-0.19078947368421054,-0.2886751345948132,0.6339745962155612,0.0,-0.25,-0.22376357056694798
-0.5,1.2,2.0,0.4,0.875,0.3684210526315789,0.2982456140350877,0.5043988269794721,-0.1118421052631579,-2.1211504774498138e-16,0.7320508075688774,0.0,-0.21428571428571427,-0.1188178528347405
0.0,-1.0,-1.0,0.4,1.1785714285714286,0.8947368421052632,0.38596491228070173,0.809384164222873,-0.1118421052631579,0.2886751345948128,0.6339745962155615,0.0,-0.17857142857142858,-0.0006031363088054391
0.0,-0.8,-1.0,0.4,1.625,1.1929824561403508,0.9122807017543859,1.2316715542521983,-0.03289473684210526,0.49999999999999994,0.3660254037844388,0.0,-0.14285714285714285,0.14776839565741895
0.0,-0.6,-1.0,0.4,1.625,1.631578947368421,1.2105263157894737,1.478005865102638,-0.05921052631578947,0.5773502691896257,1.793007356604921e-16,0.0,-0.10714285714285714,0.28890229191797384
0.0,-0.4,0.0,0.4,0.8392857142857143,1.631578947368421,1.6491228070175439,1.3665689149560114,0.046052631578947366,0.5,-0.3660254037844383,0.0,-0.07142857142857142,0.3793727382388424
0.0,-0.2,0.0,0.4,2.5535714285714284,0.8596491228070176,1.6491228070175439,1.6715542521994122,0.046052631578947366,0.2886751345948128,-0.6339745962155612,1.0,-0.03571428571428571,0.5759951749095303
0.0,0.0,0.0,0.4,2.5535714285714284,2.543859649122807,0.8771929824561403,1.9765395894428142,0.046052631578947366,0.0,-0.7320508075688771,0.0,0.0,0.7726176115802172
0.0,0.2,1.0,0.4,2.5535714285714284,2.543859649122807,2.56140350877193,2.539589442815248,0.1118421052631579,-0.2886751345948128,-0.6339745962155612,0.0,0.03571428571428571,0.9692400482509053
0.0,0.4,1.0,0.4,0.125,2.543859649122807,2.56140350877193,1.7419354838709664,0.3618421052631579,-0.5,-0.36602540378443876,0.0,0.07142857142857142,0.9957780458383604
0.0,0.6,1.0,0.4,-0.30357142857142855,0.15789473684210525,2.56140350877193,0.8035190615835776,0.4934210526315789,-0.577350269189626,0.0,0.0,0.10714285714285714,0.9704463208685171
0.0,0.8,2.0,0.4,-0.375,-0.2631578947368421,0.17543859649122806,-0.158357771260997,0.5592105263157895,-0.5000000000000001,0.3660254037844388,0.0,0.14285714285714285,0.9282267792521112
0.0,1.0,2.0,0.4,-0.4642857142857143,-0.3333333333333333,-0.24561403508771928,-0.3519061583577711,0.9539473684210527,-0.2886751345948132,0.6339745962155612,0.0,0.17857142857142858,0.8739445114595901
0.0,1.2,2.0,0.4,-0.32142857142857145,-0.42105263157894735,-0.3157894736842105,-0.35777126099706774,1.1776315789473684,-2.1211504774498138e-16,0.7320508075688774,0.0,0.21428571428571427,0.7931242460796148
0.5,-1.0,-1.0,0.4,-0.03571428571428571,-0.2807017543859649,-0.40350877192982454,-0.24633431085043977,1.506578947368421,0.2886751345948128,0.6339745962155615,0.0,0.25,0.7110977080820267
0.5,-0.8,-1.0,0.4,-0.03571428571428571,0.0,-0.2631578947368421,-0.10557184750733134,1.506578947368421,0.49999999999999994,0.3660254037844388,0.0,0.2857142857142857,0.5989143546441497
0.5,-0.6,-1.0,0.4,-0.05357142857142857,0.0,0.017543859649122806,-0.017595307917888554,0.9276315789473685,0.5773502691896257,1.793007356604921e-16,0.0,0.32142857142857145,0.4855247285886618
0.5,-0.4,0.0,0.4,-0.10714285714285714,-0.017543859649122806,0.017543859649122806,-0.04105571847507372,2.1907894736842106,0.5,-0.3660254037844383,1.0,0.35714285714285715,0.4215922798552474
0.5,-0.2,0.0,0.4,0.017857142857142856,-0.07017543859649122,0.0,-0.023460410557185167,2.1907894736842106,0.2886751345948128,-0.6339745962155612,0.0,0.39285714285714285,0.25030156815440313
0.5,0.0,0.0,0.4,0.017857142857142856,0.05263157894736842,-0.05263157894736842,0.0,2.1907894736842106,0.0,-0.7320508075688771,0.0,0.42857142857142855,0.07901085645355888
0.5,0.2,1.0,0.4,0.21428571428571427,0.05263157894736842,0.07017543859649122,0.10557184750733134,0.40131578947368424,-0.2886751345948128,-0.6339745962155612,0.0,0.4642857142857143,-0.07901085645355835
0.5,0.4,1.0,0.4,0.07142857142857142,0.24561403508771928,0.07017543859649122,0.12316715542521989,0.08552631578947369,-0.5,-0.36602540378443876,0.0,0.5,-0.08262967430639308
0.5,0.6,1.0,0.4,0.05357142857142857,0.10526315789473684,0.2631578947368421,0.13489736070381184,0.03289473684210526,-0.577350269189626,0.0,0.0,0.5357142857142857,-0.0585042219541613
0.5,0.8,2.0,0.4,-0.017857142857142856,0.08771929824561403,0.12280701754385964,0.05865102639296164,-0.03289473684210526,-0.5000000000000001,0.3660254037844388,0.0,0.5714285714285714,-0.03437876960192952
0.5,1.0,2.0,0.4,-0.125,0.017543859649122806,0.10526315789473684,-0.005865102639296612,0.07236842105263158,-0.2886751345948132,0.6339745962155612,0.0,0.6071428571428571,-0.011459589867309663
0.5,1.2,2.0,0.4,-0.125,-0.08771929824561403,0.03508771929824561,-0.06451612903225826,0.28289473684210525,-2.1211504774498138e-16,0.7320508075688774,0.0,0.6428571428571429,0.0018094089264178972
1.0,-1.0,-1.0,0.4,-0.08928571428571429,-0.08771929824561403,-0.07017543859649122,-0.08797653958944278,0.28289473684210525,0.2886751345948128,0.6339745962155615,0.0,0.6785714285714286,-0.001809408926416844
1.0,-0.8,-1.0,0.4,-0.08928571428571429,-0.05263157894736842,-0.07017543859649122,-0.07624633431085083,0.26973684210526316,0.49999999999999994,0.3660254037844388,0.0,0.7142857142857143,-0.0054282267792515855
1.0,-0.6,-1.0,0.4,0.25,-0.05263157894736842,-0.03508771929824561,0.04692082111436906,0.23026315789473684,0.5773502691896257,1.793007356604921e-16,0.0,0.75,0.01507840772014493
1.0,-0.4,0.0,0.4,0.4642857142857143,0.2807017543859649,-0.03508771929824561,0.22873900293255123,0.3223684210526316,0.5,-0.3660254037844383,1.0,0.7857142857142857,0.053679131483715684
1.0,-0.2,0.0,0.4,0.6607142857142857,0.49122807017543857,0.2982456140350877,0.47507331378299034,0.3223684210526316,0.2886751345948128,-0.6339745962155612,0.0,0.8214285714285714,0.09710494571773258
1.0,0.0,0.0,0.4,0.8035714285714286,0.6842105263157895,0.5087719298245614,0.6568914956011725,0.46710526315789475,0.0,-0.7320508075688771,0.0,0.8571428571428571,0.15018094089264228
1.0,0.2,1.0,0.4,0.7142857142857143,0.8245614035087719,0.7017543859649122,0.7390029325513187,0.3618421052631579,-0.2886751345948128,-0.6339745962155612,0.0,0.8928571428571429,0.18395657418576636
1.0,0.4,1.0,0.4,0.75,0.7368421052631579,0.8421052631578947,0.7683284457478005,0.34868421052631576,-0.5,-0.36602540378443876,0.0,0.9285714285714286,0.2297949336550066
1.0,0.6,1.0,0.4,0.7678571428571429,0.7719298245614035,0.7543859649122807,0.7565982404692072,0.29605263157894735,-0.577350269189626,0.0,0.0,0.9642857142857143,0.27804583835946967
1.0,0.8,2.0,0.4,0.7678571428571429,0.7894736842105263,0.7894736842105263,0.7741935483870958,0.21710526315789475,-0.5000000000000001,0.3660254037844388,0.0,1.0,0.33112183353437885
-1.0,-1.0,-1.0,0.6,-1.2857142857142858,-1.4035087719298245,-1.3859649122807018,-1.3607038123167154,-1.125,0.2886751345948128,0.6339745962155615,0.0,-1.0357142857142858,-1.1911942098914354
-1.0,-0.8,-1.0,0.6,-1.2857142857142858,-1.2280701754385965,-1.3859649122807018,-1.3020527859237532,-0.7697368421052632,0.49999999999999994,0.3660254037844388,0.0,-1.0,-1.146562123039807
-1.0,-0.6,-1.0,0.6,-0.9285714285714286,-1.2280701754385965,-1.2105263157894737,-1.1260997067448675,-0.756578947368421,0.5773502691896257,1.793007356604921e-16,0.0,-0.9642857142857143,-1.1103739445114595
-1.0,-0.4,0.0,0.6,-0.39285714285714285,-0.8771929824561403,-1.2105263157894737,-0.8328445747800587,-0.743421052631579,0.5,-0.3660254037844383,0.0,-0.9285714285714286,-1.039203860072376
-1.0,-0.2,0.0,0.6,-1.0535714285714286,-0.3508771929824561,-0.8596491228070176,-0.7565982404692079,-0.756578947368421,0.2886751345948128,-0.6339745962155612,1.0,-0.8928571428571429,-1.013872135102533
-1.0,0.0,0.0,0.6,-1.1071428571428572,-1.0,-0.3333333333333333,-0.8152492668621701,-0.756578947368421,0.0,-0.7320508075688771,0.0,-0.8571428571428571,-0.9909529553679132
-1.0,0.2,1.0,0.6,-0.9464285714285714,-1.0526315789473684,-0.9824561403508771,-0.9970674486803517,-0.7697368421052632,-0.2886751345948128,-0.6339745962155612,0.0,-0.8214285714285714,-0.9571773220747886
-1.0,0.4,1.0,0.6,-1.25,-0.8947368421052632,-1.0350877192982457,-1.06158357771261,-0.7960526315789473,-0.5,-0.36602540378443876,0.0,-0.7857142857142857,-0.9427020506634496
-1.0,0.6,1.0,0.6,-1.0892857142857142,-1.1929824561403508,-0.8771929824561403,-1.0557184750733133,-0.743421052631579,-0.577350269189626,0.0,0.0,-0.75,-0.9149577804583836
-1.0,0.8,2.0,0.6,-0.9821428571428571,-1.0350877192982457,-1.1754385964912282,-1.0674486803519059,-0.7697368421052632,-0.5000000000000001,0.3660254037844388,0.0,-0.7142857142857143,-0.8848009650180937
-1.0,1.0,2.0,0.6,-0.7678571428571429,-0.9298245614035088,-1.0175438596491229,-0.909090909090909,-0.7697368421052632,-0.2886751345948132,0.6339745962155612,0.0,-0.6785714285714286,-0.8377563329312421
-1.0,1.2,2.0,0.6,-0.7321428571428571,-0.7192982456140351,-0.9122807017543859,-0.791788856304985,-0.6381578947368421,-2.1211504774498138e-16,0.7320508075688774,0.0,-0.6428571428571429,-0.7882991556091676
-0.5,-1.0,-1.0,0.6,-0.6607142857142857,-0.6842105263157895,-0.7017543859649122,-0.6862170087976537,-0.6381578947368421,0.2886751345948128,0.6339745962155615,0.0,-0.6071428571428571,-0.7460796139927621
-0.5,-0.8,-1.0,0.6,-0.6607142857142857,-0.6140350877192983,-0.6666666666666666,-0.6510263929618766,-0.375,0.49999999999999994,0.3660254037844388,0.0,-0.5714285714285714,-0.7038600723763566
-0.5,-0.6,-1.0,0.6,-0.6071428571428571,-0.6140350877192983,-0.5964912280701754,-0.6099706744868034,0.019736842105263157,0.5773502691896257,1.793007356604921e-16,0.0,-0.5357142857142857,-0.6821471652593482
-0.5,-0.4,0.0,0.6,-0.5892857142857143,-0.5614035087719298,-0.5964912280701754,-0.5865102639296189,-0.46710526315789475,0.5,-0.3660254037844383,0.0,-0.5,-0.6954161640530757
-0.5,-0.2,0.0,0.6,-0.5178571428571429,-0.543859649122807,-0.543859649122807,-0.5395894428152492,-0.506578947368421,0.2886751345948128,-0.6339745962155612,1.0,-0.4642857142857143,-0.6592279855247284
-0.5,0.0,0.0,0.6,-0.42857142857142855,-0.47368421052631576,-0.5263157894736842,-0.48093841642228763,-0.3881578947368421,0.0,-0.7320508075688771,0.0,-0.42857142857142855,-0.6133896260554881
-0.5,0.2,1.0,0.6,-0.8214285714285714,-0.38596491228070173,-0.45614035087719296,-0.5571847507331378,-0.6118421052631579,-0.2886751345948128,-0.6339745962155612,0.0,-0.39285714285714285,-0.6049457177322073
-0.5,0.4,1.0,0.6,-0.39285714285714285,-0.7719298245614035,-0.3684210526315789,-0.5161290322580647,-0.4934210526315789,-0.5,-0.36602540378443876,0.0,-0.35714285714285715,-0.5470446320868514
-0.5,0.6,1.0,0.6,-0.17857142857142858,-0.3508771929824561,-0.7543859649122807,-0.4340175953079179,-0.4144736842105263,-0.577350269189626,0.0,0.0,-0.32142857142857145,-0.48552472858866075
-0.5,0.8,2.0,0.6,0.017857142857142856,-0.14035087719298245,-0.3333333333333333,-0.158357771260997,-0.2565789473684211,-0.5000000000000001,0.3660254037844388,0.0,-0.2857142857142857,-0.4179734620024121
-0.5,1.0,2.0,0.6,0.07142857142857142,0.05263157894736842,-0.12280701754385964,-0.005865102639296612,-0.23026315789473684,-0.2886751345948132,0.6339745962155612,0.0,-0.25,-0.36127864897466816
-0.5,1.2,2.0,0.6,0.5178571428571429,0.10526315789473684,0.07017543859649122,0.2228739002932546,-0.17763157894736842,-2.1211504774498138e-16,0.7320508075688774,0.0,-0.21428571428571427,-0.2768395657418572
0.0,-1.0,-1.0,0.6,0.875,0.543859649122807,0.12280701754385964,0.5043988269794721,-0.17763157894736842,0.2886751345948128,0.6339745962155615,0.0,-0.17857142857142858,-0.17310012062726163
0.0,-0.8,-1.0,0.6,1.1607142857142858,0.8947368421052632,0.5614035087719298,0.8621700879765386,-0.13815789473684212,0.49999999999999994,0.3660254037844388,0.0,-0.14285714285714285,-0.05006031363088041
0.0,-0.6,-1.0,0.6,1.6785714285714286,1.1754385964912282,0.9122807017543859,1.2434017595307916,-0.125,0.5773502691896257,1.793007356604921e-16,0.0,-0.10714285714285714,0.10434258142340205
0.0,-0.4,0.0,0.6,0.6071428571428571,1.6842105263157894,1.1929824561403508,1.1554252199413486,-0.07236842105263158,0.5,-0.3660254037844383,0.0,-0.07142857142857142,0.18516284680337777
0.0,-0.2,0.0,0.6,1.6785714285714286,0.631578947368421,1.7017543859649122,1.3255131964809377,-0.006578947368421052,0.2886751345948128,-0.6339745962155612,1.0,-0.03571428571428571,0.3335343787696027
0.0,0.0,0.0,0.6,1.6785714285714286,1.6842105263157894,0.6491228070175439,1.3255131964809377,-0.29605263157894735,0.0,-0.7320508075688771,0.0,0.0,0.4758745476477685
0.0,0.2,1.0,0.6,1.6785714285714286,1.6842105263157894,1.7017543859649122,1.6774193548387089,0.019736842105263157,-0.2886751345948128,-0.6339745962155612,0.0,0.03571428571428571,0.6447527141133904
0.0,0.4,1.0,0.6,0.7321428571428571,1.6842105263157894,1.7017543859649122,1.3665689149560114,0.17763157894736842,-0.5,-0.36602540378443876,0.0,0.07142857142857142,0.72074788902292
0.0,0.6,1.0,0.6,0.017857142857142856,0.7543859649122807,1.7017543859649122,0.8211143695014661,0.3223684210526316,-0.577350269189626,0.0,0.0,0.10714285714285714,0.7340168878166471
0.0,0.8,2.0,0.6,-0.17857142857142858,0.05263157894736842,0.7719298245614035,0.21114369501466268,0.3618421052631579,-0.5000000000000001,0.3660254037844388,0.0,0.14285714285714285,0.72074788902292
0.0,1.0,2.0,0.6,-0.3392857142857143,-0.14035087719298245,0.07017543859649122,-0.14076246334310843,0.6907894736842105,-0.2886751345948132,0.6339745962155612,0.0,0.17857142857142858,0.693003618817853
0.0,1.2,2.0,0.6,-0.26785714285714285,-0.2982456140350877,-0.12280701754385964,-0.23460410557184783,0.9539473684210527,-2.1211504774498138e-16,0.7320508075688774,0.0,0.21428571428571427,0.6399276236429438
0.5,-1.0,-1.0,0.6,-0.14285714285714285,-0.22807017543859648,-0.2807017543859649,-0.22287390029325524,1.1644736842105263,0.2886751345948128,0.6339745962155615,0.0,0.25,0.5711700844390837
0.5,-0.8,-1.0,0.6,-0.03571428571428571,-0.10526315789473684,-0.21052631578947367,-0.12316715542521989,1.5460526315789473,0.49999999999999994,0.3660254037844388,0.0,0.2857142857142857,0.49034981905910746
0.5,-0.6,-1.0,0.6,0.14285714285714285,0.0,-0.08771929824561403,0.011730205278591943,0.756578947368421,0.5773502691896257,1.793007356604921e-16,0.0,0.32142857142857145,0.38661037394451186
0.5,-0.4,0.0,0.6,0.08928571428571429,0.17543859649122806,0.017543859649122806,0.08797653958944278,1.5460526315789473,0.5,-0.3660254037844383,1.0,0.35714285714285715,0.3516284680337764
0.5,-0.2,0.0,0.6,0.125,0.12280701754385964,0.19298245614035087,0.14076246334310843,1.5460526315789473,0.2886751345948128,-0.6339745962155612,0.0,0.39285714285714285,0.24668275030156836
0.5,0.0,0.0,0.6,0.30357142857142855,0.15789473684210525,0.14035087719298245,0.1935483870967741,1.5460526315789473,0.0,-0.7320508075688771,0.0,0.42857142857142855,0.15379975874547702
0.5,0.2,1.0,0.6,0.17857142857142858,0.3333333333333333,0.17543859649122806,0.2228739002932546,0.8486842105263158,-0.2886751345948128,-0.6339745962155612,0.0,0.4642857142857143,0.052472858866104276
0.5,0.4,1.0,0.6,0.08928571428571429,0.21052631578947367,0.3508771929824561,0.21114369501466268,0.3223684210526316,-0.5,-0.36602540378443876,0.0,0.5,0.00904704463208738
0.5,0.6,1.0,0.6,0.05357142857142857,0.12280701754385964,0.22807017543859648,0.12903225806451585,0.17763157894736842,-0.577350269189626,0.0,0.0,0.5357142857142857,0.01145958986731019
0.5,0.8,2.0,0.6,0.017857142857142856,0.08771929824561403,0.14035087719298245,0.07624633431085019,0.05921052631578947,-0.5000000000000001,0.3660254037844388,0.0,0.5714285714285714,0.02472858866103775
0.5,1.0,2.0,0.6,0.0,0.05263157894736842,0.10526315789473684,0.04692082111436906,0.1118421052631579,-0.2886751345948132,0.6339745962155612,0.0,0.6071428571428571,0.047647768395657604
0.5,1.2,2.0,0.6,-0.017857142857142856,0.03508771929824561,0.07017543859649122,0.02346041055718453,0.20394736842105263,-2.1211504774498138e-16,0.7320508075688774,0.0,0.6428571428571429,0.0645355850422199
1.0,-1.0,-1.0,0.6,0.03571428571428571,0.017543859649122806,0.05263157894736842,0.0293255131964805,0.28289473684210525,0.2886751345948128,0.6339745962155615,0.0,0.6785714285714286,0.07659831121833553
1.0,-0.8,-1.0,0.6,-0.10714285714285714,0.07017543859649122,0.03508771929824561,-0.005865102639296612,0.4144736842105263,0.49999999999999994,0.3660254037844388,0.0,0.7142857142857143,0.07177322074788939
1.0,-0.6,-1.0,0.6,0.14285714285714285,-0.07017543859649122,0.08771929824561403,0.04692082111436906,0.375,0.5773502691896257,1.793007356604921e-16,0.0,0.75,0.07177322074788939
1.0,-0.4,0.0,0.6,0.3392857142857143,0.17543859649122806,-0.05263157894736842,0.14662756598240442,0.40131578947368424,0.5,-0.3660254037844383,1.0,0.7857142857142857,0.08866103739445169
1.0,-0.2,0.0,0.6,0.4107142857142857,0.3684210526315789,0.19298245614035087,0.316715542521994,0.5328947368421053,0.2886751345948128,-0.6339745962155612,0.0,0.8214285714285714,0.1079613992762368
1.0,0.0,0.0,0.6,0.4642857142857143,0.43859649122807015,0.38596491228070173,0.4222873900293247,0.4407894736842105,0.0,-0.7320508075688771,0.0,0.8571428571428571,0.11881785283474103
1.0,0.2,1.0,0.6,0.44642857142857145,0.49122807017543857,0.45614035087719296,0.4574780058651018,0.375,-0.2886751345948128,-0.6339745962155612,0.0,0.8928571428571429,0.13691194209891472
1.0,0.4,1.0,0.6,0.48214285714285715,0.47368421052631576,0.5087719298245614,0.48093841642228696,0.34868421052631576,-0.5,-0.36602540378443876,0.0,0.9285714285714286,0.1634499396863693
1.0,0.6,1.0,0.6,0.5178571428571429,0.5087719298245614,0.49122807017543857,0.4985337243401755,0.3223684210526316,-0.577350269189626,0.0,0.0,0.9642857142857143,0.1948130277442706
1.0,0.8,2.0,0.6,0.6071428571428571,0.543859649122807,0.5263157894736842,0.5513196480938412,0.3092105263157895,-0.5000000000000001,0.3660254037844388,0.0,1.0,0.23462002412545274
-1.0,-0.8,-1.0,0.8,-1.4464285714285714,-1.3859649122807018,-1.8070175438596492,-1.5483870967741928,-1.0855263157894737,0.49999999999999994,0.3660254037844388,0.0,-1.0,-1.4927623642943302
-1.0,-0.6,-1.0,0.8,-1.2142857142857142,-1.3859649122807018,-1.368421052631579,-1.3255131964809383,-1.0855263157894737,0.5773502691896257,1.793007356604921e-16,0.0,-0.9642857142857143,-1.4469240048250906
-1.0,-0.4,0.0,0.8,-1.2678571428571428,-1.1578947368421053,-1.368421052631579,-1.266862170087976,-1.0855263157894737,0.5,-0.3660254037844383,0.0,-0.9285714285714286,-1.4047044632086851
-1.0,-0.2,0.0,0.8,-1.3035714285714286,-1.2105263157894737,-1.1403508771929824,-1.2199413489736068,-1.0855263157894737,0.2886751345948128,-0.6339745962155612,1.0,-0.8928571428571429,-1.364897466827503
-1.0,0.0,0.0,0.8,-1.3035714285714286,-1.2456140350877194,-1.1929824561403508,-1.2492668621700875,-1.0855263157894737,0.0,-0.7320508075688771,0.0,-0.8571428571428571,-1.3250904704463207
-1.0,0.2,1.0,0.8,-1.3035714285714286,-1.2456140350877194,-1.2280701754385965,-1.2609970674486801,-1.1776315789473684,-0.2886751345948128,-0.6339745962155612,0.0,-0.8214285714285714,-1.2852834740651387
-1.0,0.4,1.0,0.8,-1.4821428571428572,-1.2456140350877194,-1.2280701754385965,-1.3196480938416417,-1.1776315789473684,-0.5,-0.36602540378443876,0.0,-0.7857142857142857,-1.249095295536791
-1.0,0.6,1.0,0.8,-1.2142857142857142,-1.4210526315789473,-1.2280701754385965,-1.2903225806451613,-1.1513157894736843,-0.577350269189626,0.0,0.0,-0.75,-1.1948130277442701
-1.0,0.8,2.0,0.8,-1.125,-1.1578947368421053,-1.4035087719298245,-1.231671554252199,-1.1513157894736843,-0.5000000000000001,0.3660254037844388,0.0,-0.7142857142857143,-1.1369119420989142
-1.0,1.0,2.0,0.8,-0.8214285714285714,-1.0701754385964912,-1.1403508771929824,-1.0146627565982402,-1.0855263157894737,-0.2886751345948132,0.6339745962155612,0.0,-0.6785714285714286,-1.0585042219541614
-1.0,1.2,2.0,0.8,-0.7321428571428571,-0.7719298245614035,-1.0526315789473684,-0.8563049853372432,-0.756578947368421,-2.1211504774498138e-16,0.7320508075688774,0.0,-0.6428571428571429,-0.9800965018094089
-0.5,-1.0,-1.0,0.8,-0.7321428571428571,-0.6842105263157895,-0.7543859649122807,-0.7272727272727274,-0.756578947368421,0.2886751345948128,0.6339745962155615,0.0,-0.6071428571428571,-0.9318455971049453
-0.5,-0.8,-1.0,0.8,-0.7321428571428571,-0.6842105263157895,-0.6666666666666666,-0.6979472140762463,-0.5855263157894737,0.49999999999999994,0.3660254037844388,0.0,-0.5714285714285714,-0.8835946924004823
-0.5,-0.6,-1.0,0.8,-0.5,-0.6842105263157895,-0.6666666666666666,-0.621700879765396,-0.625,0.5773502691896257,1.793007356604921e-16,0.0,-0.5357142857142857,-0.8353437876960192
-0.5,-0.4,0.0,0.8,-0.5892857142857143,-0.45614035087719296,-0.6666666666666666,-0.5747800586510263,-0.6513157894736842,0.5,-0.3660254037844383,0.0,-0.5,-0.789505428226779
-0.5,-0.2,0.0,0.8,-0.5,-0.543859649122807,-0.43859649122807015,-0.4985337243401762,-0.6513157894736842,0.2886751345948128,-0.6339745962155612,1.0,-0.4642857142857143,-0.735223160434258
-0.5,0.0,0.0,0.8,-0.5,-0.45614035087719296,-0.5263157894736842,-0.4985337243401762,-0.6513157894736842,0.0,-0.7320508075688771,0.0,-0.42857142857142855,-0.6809408926417369
-0.5,0.2,1.0,0.8,-0.5,-0.45614035087719296,-0.43859649122807015,-0.46920821114369504,-0.7828947368421053,-0.2886751345948128,-0.6339745962155612,0.0,-0.39285714285714285,-0.6266586248492156
-0.5,0.4,1.0,0.8,-0.14285714285714285,-0.45614035087719296,-0.43859649122807015,-0.3519061583577711,-0.5855263157894737,-0.5,-0.36602540378443876,0.0,-0.35714285714285715,-0.5361881785283471
-0.5,0.6,1.0,0.8,0.07142857142857142,-0.10526315789473684,-0.43859649122807015,-0.1642228739002936,-0.5197368421052632,-0.577350269189626,0.0,0.0,-0.32142857142857145,-0.44933655006031337
-0.5,0.8,2.0,0.8,0.3392857142857143,0.10526315789473684,-0.08771929824561403,0.1114369501466273,-0.29605263157894735,-0.5000000000000001,0.3660254037844388,0.0,-0.2857142857142857,-0.35042219541616393
-0.5,1.0,2.0,0.8,0.3392857142857143,0.3684210526315789,0.12280701754385964,0.2697947214076243,-0.23026315789473684,-0.2886751345948132,0.6339745962155612,0.0,-0.25,-0.27201447527141104
-0.5,1.2,2.0,0.8,0.9642857142857143,0.3684210526315789,0.38596491228070173,0.5630498533724332,-0.23026315789473684,-2.1211504774498138e-16,0.7320508075688774,0.0,-0.21428571428571427,-0.1574185765983107
0.0,-1.0,-1.0,0.8,1.1964285714285714,0.9824561403508771,0.38596491228070173,0.84457478005865,-0.23026315789473684,0.2886751345948128,0.6339745962155615,0.0,-0.17857142857142858,-0.027141133896260033
0.0,-0.8,-1.0,0.8,1.2321428571428572,1.2105263157894737,1.0,1.13782991202346,-0.05921052631578947,0.49999999999999994,0.3660254037844388,0.0,-0.14285714285714285,0.10554885404101347
0.0,-0.6,-1.0,0.8,1.2321428571428572,1.2456140350877194,1.2280701754385965,1.225806451612903,-0.125,0.5773502691896257,1.793007356604921e-16,0.0,-0.10714285714285714,0.22255729794933712
0.0,-0.4,0.0,0.8,0.6071428571428571,1.2456140350877194,1.263157894736842,1.0322580645161288,-0.05921052631578947,0.5,-0.3660254037844383,0.0,-0.07142857142857142,0.3033775633293128
0.0,-0.2,0.0,0.8,1.2321428571428572,0.631578947368421,1.263157894736842,1.0322580645161288,-0.05921052631578947,0.2886751345948128,-0.6339745962155612,1.0,-0.03571428571428571,0.42038600723763647
0.0,0.0,0.0,0.8,1.2321428571428572,1.2456140350877194,0.6491228070175439,1.0322580645161288,-0.05921052631578947,0.0,-0.7320508075688771,0.0,0.0,0.5373944511459591
0.0,0.2,1.0,0.8,1.2321428571428572,1.2456140350877194,1.263157894736842,1.237536656891495,0.20394736842105263,-0.2886751345948128,-0.6339745962155612,0.0,0.03571428571428571,0.6544028950542827
0.0,0.4,1.0,0.8,0.25,1.2456140350877194,1.263157894736842,0.9149560117302042,0.3618421052631579,-0.5,-0.36602540378443876,0.0,0.07142857142857142,0.6809408926417378
0.0,0.6,1.0,0.8,-0.5535714285714286,0.2807017543859649,1.263157894736842,0.32844574780058594,0.5592105263157895,-0.577350269189626,0.0,0.0,0.10714285714285714,0.6387213510253318
0.0,0.8,2.0,0.8,-0.8214285714285714,-0.5087719298245614,0.2982456140350877,-0.34604105571847515,0.5592105263157895,-0.5000000000000001,0.3660254037844388,0.0,0.14285714285714285,0.5603136308805795
0.0,1.0,2.0,0.8,-0.7321428571428571,-0.7719298245614035,-0.49122807017543857,-0.6686217008797651,1.019736842105263,-0.2886751345948132,0.6339745962155612,0.0,0.17857142857142858,0.48793727382388463
0.0,1.2,2.0,0.8,-0.23214285714285715,-0.6842105263157895,-0.7543859649122807,-0.5630498533724337,1.1907894736842106,-2.1211504774498138e-16,0.7320508075688774,0.0,0.21428571428571427,0.4071170084439084
0.5,-1.0,-1.0,0.8,-0.05357142857142857,-0.19298245614035087,-0.6666666666666666,-0.310850439882698,1.2171052631578947,0.2886751345948128,0.6339745962155615,0.0,0.25,0.32267792521109795
0.5,-0.8,-1.0,0.8,0.21428571428571427,-0.017543859649122806,-0.17543859649122806,0.0,1.2171052631578947,0.49999999999999994,0.3660254037844388,0.0,0.2857142857142857,0.2539203860072379
0.5,-0.6,-1.0,0.8,0.21428571428571427,0.24561403508771928,0.0,0.14662756598240442,0.756578947368421,0.5773502691896257,1.793007356604921e-16,0.0,0.32142857142857145,0.18516284680337777
0.5,-0.4,0.0,0.8,0.03571428571428571,0.24561403508771928,0.2631578947368421,0.17595307917888556,1.2171052631578947,0.5,-0.3660254037844383,1.0,0.35714285714285715,0.14656212303980756
0.5,-0.2,0.0,0.8,-0.23214285714285715,0.07017543859649122,0.2631578947368421,0.0293255131964805,1.2171052631578947,0.2886751345948128,-0.6339745962155612,0.0,0.39285714285714285,0.047647768395657604
0.5,0.0,0.0,0.8,0.3392857142857143,-0.19298245614035087,0.08771929824561403,0.07038123167155422,1.2171052631578947,0.0,-0.7320508075688771,0.0,0.42857142857142855,-0.012665862484921069
0.5,0.2,1.0,0.8,-0.23214285714285715,0.3684210526315789,-0.17543859649122806,-0.017595307917888554,0.4934210526315789,-0.2886751345948128,-0.6339745962155612,0.0,0.4642857142857143,-0.11158021712907101
0.5,0.4,1.0,0.8,-0.14285714285714285,-0.19298245614035087,0.38596491228070173,0.011730205278591943,-0.09868421052631579,-0.5,-0.36602540378443876,0.0,0.5,-0.1381182147165256
0.5,0.6,1.0,0.8,-0.19642857142857142,-0.10526315789473684,-0.17543859649122806,-0.1642228739002936,-0.29605263157894735,-0.577350269189626,0.0,0.0,0.5357142857142857,-0.11399276236429383
0.5,0.8,2.0,0.8,-0.32142857142857145,-0.15789473684210525,-0.08771929824561403,-0.1935483870967741,-0.23026315789473684,-0.5000000000000001,0.3660254037844388,0.0,0.5714285714285714,-0.08021712907116975
0.5,1.0,2.0,0.8,-0.23214285714285715,-0.2807017543859649,-0.14035087719298245,-0.22287390029325524,0.13815789473684212,-0.2886751345948132,0.6339745962155612,0.0,0.6071428571428571,-0.04644149577804567
0.5,1.2,2.0,0.8,-0.32142857142857145,-0.19298245614035087,-0.2631578947368421,-0.2639296187683283,0.26973684210526316,-2.1211504774498138e-16,0.7320508075688774,0.0,0.6428571428571429,-0.05247285886610322
1.0,-1.0,-1.0,0.8,-0.23214285714285715,-0.2807017543859649,-0.17543859649122806,-0.23460410557184783,0.46710526315789475,0.2886751345948128,0.6339745962155615,0.0,0.6785714285714286,-0.06453558504221937
1.0,-0.8,-1.0,0.8,-0.14285714285714285,-0.19298245614035087,-0.2631578947368421,-0.2052785923753667,0.46710526315789475,0.49999999999999994,0.3660254037844388,0.0,0.7142857142857143,-0.08866103739445064
1.0,-0.6,-1.0,0.8,-0.10714285714285714,-0.10526315789473684,-0.17543859649122806,-0.13489736070381247,0.3355263157894737,0.5773502691896257,1.793007356604921e-16,0.0,0.75,-0.11037394451145909
1.0,-0.4,0.0,0.8,0.25,-0.07017543859649122,-0.08771929824561403,0.02346041055718453,0.13815789473684212,0.5,-0.3660254037844383,1.0,0.7857142857142857,-0.09589867310012012
1.0,-0.2,0.0,0.8,0.3392857142857143,0.2807017543859649,-0.05263157894736842,0.18181818181818152,0.5592105263157895,0.2886751345948128,-0.6339745962155612,0.0,0.8214285714285714,-0.05729794933654989
1.0,0.0,0.0,0.8,0.42857142857142855,0.3684210526315789,0.2982456140350877,0.3577712609970671,0.13815789473684212,0.0,-0.7320508075688771,0.0,0.8571428571428571,-0.05126658624849182
1.0,0.2,1.0,0.8,0.3392857142857143,0.45614035087719296,0.38596491228070173,0.3870967741935482,0.20394736842105263,-0.2886751345948128,-0.6339745962155612,0.0,0.8928571428571429,-0.012665862484921069
1.0,0.4,1.0,0.8,0.3392857142857143,0.3684210526315789,0.47368421052631576,0.3870967741935482,0.16447368421052633,-0.5,-0.36602540378443876,0.0,0.9285714285714286,0.019903498190591604
1.0,0.6,1.0,0.8,0.3392857142857143,0.3684210526315789,0.38596491228070173,0.3577712609970671,0.07236842105263158,-0.577350269189626,0.0,0.0,0.9642857142857143,0.05609167671893902
1.0,0.8,2.0,0.8,0.3392857142857143,0.3684210526315789,0.38596491228070173,0.3577712609970671,0.13815789473684212,-0.5000000000000001,0.3660254037844388,0.0,1.0,0.10072376357056732
