tahun,bulan,kuartal,wilayah_enc,harga_lag1,harga_lag2,harga_lag3,harga_rolling3,harga_lag12,sin_bulan,cos_bulan,is_lebaran_month,tren_index,harga_rolling12
-1.0,-0.8,-1.0,-1.0,-0.18478260869565216,-0.16129032258064516,-0.6526315789473685,-0.37707948243992667,-0.0547112462006079,0.49999999999999994,0.3660254037844388,0.0,-1.0,-0.4465020576131693
-1.0,-0.6,-1.0,-1.0,-0.31521739130434784,-0.16129032258064516,-0.1368421052631579,-0.24029574861367878,-0.7598784194528876,0.5773502691896257,1.793007356604921e-16,0.0,-0.9642857142857143,-0.44753086419753085
-1.0,-0.4,0.0,-1.0,-0.2391304347826087,-0.2903225806451613,-0.1368421052631579,-0.2587800369685768,-0.78419452887538,0.5,-0.3660254037844383,0.0,-0.9285714285714286,-0.38168724279835453
-1.0,-0.2,0.0,-1.0,-0.1956521739130435,-0.21505376344086022,-0.2631578947368421,-0.26247689463955676,-0.78419452887538,0.2886751345948128,-0.6339745962155612,1.0,-0.8928571428571429,-0.3096707818930044
-1.0,0.0,0.0,-1.0,-0.1956521739130435,-0.17204301075268819,-0.18947368421052632,-0.22181146025878073,-0.4194528875379939,0.0,-0.7320508075688771,0.0,-0.8571428571428571,-0.23765432098765432
-1.0,0.2,1.0,-1.0,-0.1956521739130435,-0.17204301075268819,-0.14736842105263157,-0.2070240295748618,-0.1519756838905775,-0.2886751345948128,-0.6339745962155612,0.0,-0.8214285714285714,-0.19650205761316933
-1.0,0.4,1.0,-1.0,-0.21739130434782608,-0.17204301075268819,-0.14736842105263157,-0.21441774491682086,0.0668693009118541,-0.5,-0.36602540378443876,0.0,-0.7857142857142857,-0.18004115226337478
-1.0,0.6,1.0,-1.0,0.17391304347826086,-0.1935483870967742,-0.14736842105263157,-0.08872458410351278,-0.1884498480243161,-0.577350269189626,0.0,0.0,-0.75,-0.14506172839506173
-1.0,0.8,2.0,-1.0,-0.21739130434782608,0.1935483870967742,-0.16842105263157894,-0.09611829944547183,-0.48024316109422494,-0.5000000000000001,0.3660254037844388,0.0,-0.7142857142857143,-0.12551440329218166
-1.0,1.0,2.0,-1.0,-0.532608695652174,-0.1935483870967742,0.21052631578947367,-0.20332717190388186,-0.5167173252279635,-0.2886751345948132,0.6339745962155612,0.0,-0.6785714285714286,-0.1111111111111111
-1.0,1.2,2.0,-1.0,-0.358695652173913,-0.5053763440860215,-0.16842105263157894,-0.3844731977818857,0.0790273556231003,-2.1211504774498138e-16,0.7320508075688774,0.0,-0.6428571428571429,-0.07716049382716049
-0.5,-1.0,-1.0,-1.0,-0.16304347826086957,-0.3333333333333333,-0.47368421052631576,-0.3659889094269877,0.0790273556231003,0.2886751345948128,0.6339745962155615,0.0,-0.6071428571428571,-0.07510288065843651
-0.5,-0.8,-1.0,-1.0,-0.16304347826086957,-0.13978494623655913,-0.30526315789473685,-0.24029574861367878,-0.0668693009118541,0.49999999999999994,0.3660254037844388,0.0,-0.5714285714285714,-0.07304526748971253
-0.5,-0.6,-1.0,-1.0,0.08695652173913043,-0.13978494623655913,-0.11578947368421053,-0.08872458410351278,0.0182370820668693,0.5773502691896257,1.793007356604921e-16,0.0,-0.5357142857142857,-0.034979423868313056
-0.5,-0.4,0.0,-1.0,-0.358695652173913,0.10752688172043011,-0.11578947368421053,-0.15526802218114674,0.0668693009118541,0.5,-0.3660254037844383,0.0,-0.5,-0.046296296296296294
-0.5,-0.2,0.0,-1.0,-0.6847826086956522,-0.3333333333333333,0.12631578947368421,-0.33271719038817066,0.0668693009118541,0.2886751345948128,-0.6339745962155612,1.0,-0.4642857142857143,-0.09259259259259259
-0.5,0.0,0.0,-1.0,-0.4782608695652174,-0.6559139784946236,-0.30526315789473685,-0.5249537892791127,0.0668693009118541,0.0,-0.7320508075688771,0.0,-0.42857142857142855,-0.11934156378600883
-0.5,0.2,1.0,-1.0,-0.4782608695652174,-0.45161290322580644,-0.6210526315789474,-0.5656192236598896,0.0425531914893617,-0.2886751345948128,-0.6339745962155612,0.0,-0.39285714285714285,-0.14609053497942417
-0.5,0.4,1.0,-1.0,-0.2608695652173913,-0.45161290322580644,-0.42105263157894735,-0.42144177449168263,0.48024316109422494,-0.5,-0.36602540378443876,0.0,-0.35714285714285715,-0.15020576131687302
-0.5,0.6,1.0,-1.0,-0.15217391304347827,-0.23655913978494625,-0.42105263157894735,-0.3105360443622927,0.0425531914893617,-0.577350269189626,0.0,0.0,-0.32142857142857145,-0.18106995884773722
-0.5,0.8,2.0,-1.0,-0.3695652173913043,-0.12903225806451613,-0.21052631578947367,-0.2735674676524958,-0.3100303951367781,-0.5000000000000001,0.3660254037844388,0.0,-0.2857142857142857,-0.1954732510288069
-0.5,1.0,2.0,-1.0,-0.6956521739130435,-0.34408602150537637,-0.10526315789473684,-0.42144177449168263,-0.11550151975683891,-0.2886751345948132,0.6339745962155612,0.0,-0.25,-0.21090534979423897
-0.5,1.2,2.0,-1.0,-0.6739130434782609,-0.6666666666666666,-0.3157894736842105,-0.5988909426987066,0.1033434650455927,-2.1211504774498138e-16,0.7320508075688774,0.0,-0.21428571428571427,-0.24074074074074073
0.0,-1.0,-1.0,-1.0,-0.16304347826086957,-0.6451612903225806,-0.631578947368421,-0.5286506469500927,0.1033434650455927,0.2886751345948128,0.6339745962155615,0.0,-0.17857142857142858,-0.24074074074074073
0.0,-0.8,-1.0,-1.0,0.967391304347826,-0.13978494623655913,-0.6105263157894737,0.036968576709796114,0.3829787234042553,0.49999999999999994,0.3660254037844388,0.0,-0.14285714285714285,-0.1337448559670785
0.0,-0.6,-1.0,-1.0,0.967391304347826,0.978494623655914,-0.11578947368421053,0.5951940850277259,-0.11550151975683891,0.5773502691896257,1.793007356604921e-16,0.0,-0.10714285714285714,-0.050411522633745154
0.0,-0.4,0.0,-1.0,-0.9456521739130435,0.978494623655914,0.9789473684210527,0.32902033271718995,-0.48024316109422494,0.5,-0.3660254037844383,0.0,-0.07142857142857142,-0.1059670781893007
0.0,-0.2,0.0,-1.0,-0.3695652173913043,-0.9139784946236559,0.9789473684210527,-0.1256931608133089,-0.24924012158054712,0.2886751345948128,-0.6339745962155612,1.0,-0.03571428571428571,-0.07613168724279895
0.0,0.0,0.0,-1.0,-0.3695652173913043,-0.34408602150537637,-0.8736842105263158,-0.5804066543438077,-0.24924012158054712,0.0,-0.7320508075688771,0.0,0.0,-0.06584362139917725
0.0,0.2,1.0,-1.0,-0.3695652173913043,-0.34408602150537637,-0.3157894736842105,-0.3844731977818857,-0.0060790273556231,-0.2886751345948128,-0.6339745962155612,0.0,0.03571428571428571,-0.05555555555555555
0.0,0.4,1.0,-1.0,0.5978260869565217,-0.34408602150537637,-0.3157894736842105,-0.05545286506469579,0.11550151975683891,-0.5,-0.36602540378443876,0.0,0.07142857142857142,0.0257201646090529
0.0,0.6,1.0,-1.0,0.75,0.6129032258064516,-0.3157894736842105,0.32532347504621,-0.1276595744680851,-0.577350269189626,0.0,0.0,0.10714285714285714,0.1111111111111111
0.0,0.8,2.0,-1.0,1.0543478260869565,0.7634408602150538,0.6210526315789474,0.809611829944546,-0.49240121580547114,-0.5000000000000001,0.3660254037844388,0.0,0.14285714285714285,0.24588477366255115
0.0,1.0,2.0,-1.0,0.5,1.064516129032258,0.7684210526315789,0.7763401109057289,-0.46808510638297873,-0.2886751345948132,0.6339745962155612,0.0,0.17857142857142858,0.3590534979423862
0.0,1.2,2.0,-1.0,0.03260869565217391,0.5161290322580645,1.063157894736842,0.5323475046210709,0.1033434650455927,-2.1211504774498138e-16,0.7320508075688774,0.0,0.21428571428571427,0.42592592592592593
0.5,-1.0,-1.0,-1.0,1.3043478260869565,0.053763440860215055,0.5263157894736842,0.6173752310536038,1.3677811550151975,0.2886751345948128,0.6339745962155615,0.0,0.25,0.5648148148148148
0.5,-0.8,-1.0,-1.0,1.3369565217391304,1.3118279569892473,0.07368421052631578,0.9020332717190378,1.3677811550151975,0.49999999999999994,0.3660254037844388,0.0,0.2857142857142857,0.599794238683127
0.5,-0.6,-1.0,-1.0,0.9565217391304348,1.3440860215053763,1.305263157894737,1.2162661737523097,-0.7720364741641338,0.5773502691896257,1.793007356604921e-16,0.0,0.32142857142857145,0.5987654320987654
0.5,-0.4,0.0,-1.0,0.5,0.967741935483871,1.3368421052631578,0.9426987060998139,-0.1276595744680851,0.5,-0.3660254037844383,1.0,0.35714285714285715,0.7355967078189295
0.5,-0.2,0.0,-1.0,0.8152173913043478,0.5161290322580645,0.968421052631579,0.7652495378927899,-0.1276595744680851,0.2886751345948128,-0.6339745962155612,0.0,0.39285714285714285,0.847736625514403
0.5,0.0,0.0,-1.0,0.8152173913043478,0.8279569892473119,0.5263157894736842,0.7171903881700548,-0.1276595744680851,0.0,-0.7320508075688771,0.0,0.42857142857142855,0.9598765432098766
0.5,0.2,1.0,-1.0,1.184782608695652,0.8279569892473119,0.8315789473684211,0.9500924214417737,0.9544072948328267,-0.2886751345948128,-0.6339745962155612,0.0,0.4642857142857143,1.1069958847736623
0.5,0.4,1.0,-1.0,1.2173913043478262,1.1935483870967742,0.8315789473684211,1.0868761552680208,1.1246200607902737,-0.5,-0.36602540378443876,0.0,0.5,1.1656378600823043
0.5,0.6,1.0,-1.0,1.2391304347826086,1.2258064516129032,1.1894736842105262,1.2310536044362277,1.465045592705167,-0.577350269189626,0.0,0.0,0.5357142857142857,1.2119341563786006
0.5,0.8,2.0,-1.0,1.076086956521739,1.2473118279569892,1.2210526315789474,1.1940850277264317,0.8449848024316109,-0.5000000000000001,0.3660254037844388,0.0,0.5714285714285714,1.2139917695473246
0.5,1.0,2.0,-1.0,0.6956521739130435,1.086021505376344,1.2421052631578948,1.0166358595194076,0.3221884498480243,-0.2886751345948132,0.6339745962155612,0.0,0.6071428571428571,1.232510288065843
0.5,1.2,2.0,-1.0,0.16304347826086957,0.7096774193548387,1.0842105263157895,0.6506469500924208,1.7446808510638299,-2.1211504774498138e-16,0.7320508075688774,0.0,0.6428571428571429,1.2448559670781887
1.0,-1.0,-1.0,-1.0,0.33695652173913043,0.1827956989247312,0.7157894736842105,0.39926062846580307,1.7811550151975684,0.2886751345948128,0.6339745962155615,0.0,0.6785714285714286,1.1532921810699586
1.0,-0.8,-1.0,-1.0,0.5543478260869565,0.3548387096774194,0.2,0.35120147874306795,1.3556231003039514,0.49999999999999994,0.3660254037844388,0.0,0.7142857142857143,1.0792181069958844
1.0,-0.6,-1.0,-1.0,0.40217391304347827,0.5698924731182796,0.3684210526315789,0.43253234750462005,0.8449848024316109,0.5773502691896257,1.793007356604921e-16,0.0,0.75,1.0267489711934152
1.0,-0.4,0.0,-1.0,1.184782608695652,0.41935483870967744,0.5789473684210527,0.7208872458410339,1.1975683890577509,0.5,-0.3660254037844383,1.0,0.7857142857142857,1.0915637860082301
1.0,-0.2,0.0,-1.0,0.8043478260869565,1.1935483870967742,0.43157894736842106,0.8059149722735668,1.1975683890577509,0.2886751345948128,-0.6339745962155612,0.0,0.8214285714285714,1.0905349794238677
1.0,0.0,0.0,-1.0,0.7934782608695652,0.8172043010752689,1.1894736842105262,0.9390018484288347,1.6109422492401215,0.0,-0.7320508075688771,0.0,0.8571428571428571,1.0884773662551437
1.0,0.2,1.0,-1.0,0.9239130434782609,0.8064516129032258,0.8210526315789474,0.8502772643253228,1.6474164133738602,-0.2886751345948128,-0.6339745962155612,0.0,0.8928571428571429,1.0637860082304524
1.0,0.4,1.0,-1.0,0.9456521739130435,0.9354838709677419,0.8105263157894737,0.8983364140480579,1.6717325227963526,-0.5,-0.36602540378443876,0.0,0.9285714285714286,1.0380658436213985
1.0,0.6,1.0,-1.0,0.6847826086956522,0.956989247311828,0.9368421052631579,0.8613678373382617,1.4893617021276595,-0.577350269189626,0.0,0.0,0.9642857142857143,0.9855967078189295
1.0,0.8,2.0,-1.0,0.782608695652174,0.6989247311827957,0.9578947368421052,0.8133086876155258,1.0638297872340425,-0.5000000000000001,0.3660254037844388,0.0,1.0,0.9578189300411517
-1.0,-0.8,-1.0,-0.8,-0.7391304347826086,-0.7096774193548387,-0.968421052631579,-0.8650646950092424,-0.7598784194528876,0.49999999999999994,0.3660254037844388,0.0,-1.0,-0.8816872427983545
-1.0,-0.6,-1.0,-0.8,-0.6086956521739131,-0.7096774193548387,-0.6736842105263158,-0.7171903881700556,-0.7598784194528876,0.5773502691896257,1.793007356604921e-16,0.0,-0.9642857142857143,-0.8508230452674903
-1.0,-0.4,0.0,-0.8,-0.5217391304347826,-0.5806451612903226,-0.6736842105263158,-0.6432532347504626,-0.9908814589665653,0.5,-0.3660254037844383,0.0,-0.9285714285714286,-0.8117283950617284
-1.0,-0.2,0.0,-0.8,-0.4673913043478261,-0.4946236559139785,-0.5473684210526316,-0.5508317929759706,-0.9908814589665653,0.2886751345948128,-0.6339745962155612,1.0,-0.8928571428571429,-0.747942386831276
-1.0,0.0,0.0,-0.8,-0.4673913043478261,-0.44086021505376344,-0.4631578947368421,-0.5027726432532348,-0.7598784194528876,0.0,-0.7320508075688771,0.0,-0.8571428571428571,-0.6841563786008237
-1.0,0.2,1.0,-0.8,-0.4673913043478261,-0.44086021505376344,-0.4105263157894737,-0.4842883548983367,-0.7477203647416414,-0.2886751345948128,-0.6339745962155612,0.0,-0.8214285714285714,-0.6399176954732513
-1.0,0.4,1.0,-0.8,-0.6739130434782609,-0.44086021505376344,-0.4105263157894737,-0.5545286506469506,-0.6382978723404256,-0.5,-0.36602540378443876,0.0,-0.7857142857142857,-0.6162551440329224
-1.0,0.6,1.0,-0.8,-0.532608695652174,-0.6451612903225806,-0.4105263157894737,-0.5767097966728286,-0.6382978723404256,-0.577350269189626,0.0,0.0,-0.75,-0.5884773662551447
-1.0,0.8,2.0,-0.8,-0.6195652173913043,-0.5053763440860215,-0.6105263157894737,-0.6284658040665436,-0.8085106382978723,-0.5000000000000001,0.3660254037844388,0.0,-0.7142857142857143,-0.5689300411522636
-1.0,1.0,2.0,-0.8,-1.0434782608695652,-0.5913978494623656,-0.47368421052631576,-0.7541589648798526,-0.8814589665653495,-0.2886751345948132,0.6339745962155612,0.0,-0.6785714285714286,-0.5751028806584365
-1.0,1.2,2.0,-0.8,-0.9565217391304348,-1.010752688172043,-0.5578947368421052,-0.8983364140480595,-0.541033434650456,-2.1211504774498138e-16,0.7320508075688774,0.0,-0.6428571428571429,-0.5668724279835397
-0.5,-1.0,-1.0,-0.8,-0.532608695652174,-0.9247311827956989,-0.968421052631579,-0.8687615526802216,-0.541033434650456,0.2886751345948128,0.6339745962155615,0.0,-0.6071428571428571,-0.5473251028806587
-0.5,-0.8,-1.0,-0.8,-0.532608695652174,-0.5053763440860215,-0.8842105263157894,-0.6950092421441776,-0.3951367781155015,0.49999999999999994,0.3660254037844388,0.0,-0.5714285714285714,-0.5277777777777778
-0.5,-0.6,-1.0,-0.8,-0.5652173913043478,-0.5053763440860215,-0.47368421052631576,-0.5619223659889097,-0.2978723404255319,0.5773502691896257,1.793007356604921e-16,0.0,-0.5357142857142857,-0.5236625514403298
-0.5,-0.4,0.0,-0.8,-0.6195652173913043,-0.5376344086021505,-0.47368421052631576,-0.5914972273567467,-0.23708206686930092,0.5,-0.3660254037844383,0.0,-0.5,-0.5329218106995891
-0.5,-0.2,0.0,-0.8,-0.6195652173913043,-0.5913978494623656,-0.5052631578947369,-0.6210720887245845,-0.23708206686930092,0.2886751345948128,-0.6339745962155612,1.0,-0.4642857142857143,-0.5473251028806587
-0.5,0.0,0.0,-0.8,-0.532608695652174,-0.5913978494623656,-0.5578947368421052,-0.6099815157116456,-0.23708206686930092,0.0,-0.7320508075688771,0.0,-0.42857142857142855,-0.5534979423868316
-0.5,0.2,1.0,-0.8,-0.532608695652174,-0.5053763440860215,-0.5578947368421052,-0.5804066543438077,-0.46808510638297873,-0.2886751345948128,-0.6339745962155612,0.0,-0.39285714285714285,-0.5596707818930045
-0.5,0.4,1.0,-0.8,-0.6413043478260869,-0.5053763440860215,-0.47368421052631576,-0.5878003696857675,-0.3100303951367781,-0.5,-0.36602540378443876,0.0,-0.35714285714285715,-0.556584362139918
-0.5,0.6,1.0,-0.8,-0.5543478260869565,-0.6129032258064516,-0.47368421052631576,-0.5951940850277266,-0.4072948328267477,-0.577350269189626,0.0,0.0,-0.32142857142857145,-0.558641975308642
-0.5,0.8,2.0,-0.8,-0.5543478260869565,-0.5268817204301075,-0.5789473684210527,-0.6025878003696857,-0.8814589665653495,-0.5000000000000001,0.3660254037844388,0.0,-0.2857142857142857,-0.5524691358024691
-0.5,1.0,2.0,-0.8,-0.9021739130434783,-0.5268817204301075,-0.49473684210526314,-0.6913123844731976,-0.78419452887538,-0.2886751345948132,0.6339745962155612,0.0,-0.25,-0.5390946502057619
-0.5,1.2,2.0,-0.8,-1.1304347826086956,-0.8709677419354839,-0.49473684210526314,-0.8872458410351205,-0.3100303951367781,-2.1211504774498138e-16,0.7320508075688774,0.0,-0.21428571428571427,-0.5555555555555556
0.0,-1.0,-1.0,-0.8,-0.5652173913043478,-1.096774193548387,-0.8315789473684211,-0.8909426987060997,-0.3100303951367781,0.2886751345948128,0.6339745962155615,0.0,-0.17857142857142858,-0.558641975308642
0.0,-0.8,-1.0,-0.8,0.05434782608695652,-0.5376344086021505,-1.0526315789473684,-0.5656192236598896,-0.3465045592705167,0.49999999999999994,0.3660254037844388,0.0,-0.14285714285714285,-0.5030864197530864
0.0,-0.6,-1.0,-0.8,0.05434782608695652,0.07526881720430108,-0.5052631578947369,-0.1626617375231058,-0.4072948328267477,0.5773502691896257,1.793007356604921e-16,0.0,-0.10714285714285714,-0.4444444444444444
0.0,-0.4,0.0,-0.8,-0.7065217391304348,0.07526881720430108,0.09473684210526316,-0.21072088724584173,-0.4072948328267477,0.5,-0.3660254037844383,0.0,-0.07142857142857142,-0.45267489711934217
0.0,-0.2,0.0,-0.8,-0.043478260869565216,-0.6774193548387096,0.09473684210526316,-0.24399260628465871,-0.3100303951367781,0.2886751345948128,-0.6339745962155612,1.0,-0.03571428571428571,-0.39814814814814814
0.0,0.0,0.0,-0.8,-0.043478260869565216,-0.021505376344086023,-0.6421052631578947,-0.2772643253234757,-0.3100303951367781,0.0,-0.7320508075688771,0.0,0.0,-0.35185185185185186
0.0,0.2,1.0,-0.8,-0.043478260869565216,-0.021505376344086023,0.0,-0.05175600739371585,-0.4316109422492401,-0.2886751345948128,-0.6339745962155612,0.0,0.03571428571428571,-0.3055555555555556
0.0,0.4,1.0,-0.8,-0.14130434782608695,-0.021505376344086023,0.0,-0.08502772643253284,-0.3343465045592705,-0.5,-0.36602540378443876,0.0,0.07142857142857142,-0.2582304526748977
0.0,0.6,1.0,-0.8,-0.14130434782608695,-0.11827956989247312,0.0,-0.11829944547134982,-0.3343465045592705,-0.577350269189626,0.0,0.0,0.10714285714285714,-0.2191358024691358
0.0,0.8,2.0,-0.8,0.532608695652174,-0.11827956989247312,-0.09473684210526316,0.07763401109057216,-0.723404255319149,-0.5000000000000001,0.3660254037844388,0.0,0.14285714285714285,-0.1162551440329224
0.0,1.0,2.0,-0.8,-0.391304347826087,0.5483870967741935,-0.09473684210526316,-0.007393715341959869,-0.9787234042553191,-0.2886751345948132,0.6339745962155612,0.0,0.17857142857142858,-0.06790123456790123
0.0,1.2,2.0,-0.8,-0.31521739130434784,-0.3655913978494624,0.5578947368421052,-0.06654343807763478,-0.3465045592705167,-2.1211504774498138e-16,0.7320508075688774,0.0,0.21428571428571427,0.009259259259259259
0.5,-1.0,-1.0,-0.8,-0.09782608695652174,-0.2903225806451613,-0.3368421052631579,-0.28096118299445483,0.3465045592705167,0.2886751345948128,0.6339745962155615,0.0,0.25,0.05349794238683068
0.5,-0.8,-1.0,-0.8,-0.09782608695652174,-0.07526881720430108,-0.2631578947368421,-0.18114602587800388,0.3465045592705167,0.49999999999999994,0.3660254037844388,0.0,0.2857142857142857,0.039094650205761014
0.5,-0.6,-1.0,-0.8,0.13043478260869565,-0.07526881720430108,-0.05263157894736842,-0.029574861367837862,-0.5045592705167173,0.5773502691896257,1.793007356604921e-16,0.0,0.32142857142857145,0.046296296296296294
0.5,-0.4,0.0,-0.8,-0.043478260869565216,0.15053763440860216,-0.05263157894736842,-0.011090573012939803,0.23708206686930092,0.5,-0.3660254037844383,1.0,0.35714285714285715,0.10905349794238624
0.5,-0.2,0.0,-0.8,0.42391304347826086,-0.021505376344086023,0.16842105263157894,0.16635859519408414,0.23708206686930092,0.2886751345948128,-0.6339745962155612,0.0,0.39285714285714285,0.15329218106995854
0.5,0.0,0.0,-0.8,0.42391304347826086,0.44086021505376344,0.0,0.2661737523105351,0.23708206686930092,0.0,-0.7320508075688771,0.0,0.42857142857142855,0.19753086419753085
0.5,0.2,1.0,-0.8,0.7391304347826086,0.44086021505376344,0.45263157894736844,0.5323475046210709,0.1276595744680851,-0.2886751345948128,-0.6339745962155612,0.0,0.4642857142857143,0.2716049382716049
0.5,0.4,1.0,-0.8,0.8695652173913043,0.7526881720430108,0.45263157894736844,0.6839186691312378,0.1276595744680851,-0.5,-0.36602540378443876,0.0,0.5,0.36728395061728397
0.5,0.6,1.0,-0.8,1.2934782608695652,0.8817204301075269,0.7578947368421053,0.9796672828096108,0.8814589665653495,-0.577350269189626,0.0,0.0,0.5357142857142857,0.5030864197530864
0.5,0.8,2.0,-0.8,0.8260869565217391,1.3010752688172043,0.8842105263157894,1.0092421441774477,-0.1519756838905775,-0.5000000000000001,0.3660254037844388,0.0,0.5714285714285714,0.5308641975308642
0.5,1.0,2.0,-0.8,0.391304347826087,0.8387096774193549,1.2947368421052632,0.8465804066543429,-0.0668693009118541,-0.2886751345948132,0.6339745962155612,0.0,0.6071428571428571,0.6049382716049383
0.5,1.2,2.0,-0.8,0.21739130434782608,0.40860215053763443,0.8421052631578947,0.48059149722735595,0.1762917933130699,-2.1211504774498138e-16,0.7320508075688774,0.0,0.6428571428571429,0.6553497942386826
1.0,-1.0,-1.0,-0.8,0.16304347826086957,0.23655913978494625,0.42105263157894735,0.2550831792975961,0.1762917933130699,0.2886751345948128,0.6339745962155615,0.0,0.6785714285714286,0.6800411522633739
1.0,-0.8,-1.0,-0.8,0.06521739130434782,0.1827956989247312,0.25263157894736843,0.14417744916820613,0.4316109422492401,0.49999999999999994,0.3660254037844388,0.0,0.7142857142857143,0.695473251028806
1.0,-0.6,-1.0,-0.8,0.14130434782608695,0.08602150537634409,0.2,0.11829944547134902,0.23708206686930092,0.5773502691896257,1.793007356604921e-16,0.0,0.75,0.6965020576131684
1.0,-0.4,0.0,-0.8,0.75,0.16129032258064516,0.10526315789473684,0.31792975970425097,0.7598784194528876,0.5,-0.3660254037844383,1.0,0.7857142857142857,0.7716049382716049
1.0,-0.2,0.0,-0.8,0.9347826086956522,0.7634408602150538,0.17894736842105263,0.6136783733826239,0.7598784194528876,0.2886751345948128,-0.6339745962155612,0.0,0.8214285714285714,0.8199588477366252
1.0,0.0,0.0,-0.8,0.6195652173913043,0.946236559139785,0.7684210526315789,0.7763401109057289,1.1124620060790273,0.0,-0.7320508075688771,0.0,0.8571428571428571,0.8384773662551437
1.0,0.2,1.0,-0.8,0.7065217391304348,0.6344086021505376,0.9473684210526315,0.7615526802218108,1.2583586626139818,-0.2886751345948128,-0.6339745962155612,0.0,0.8928571428571429,0.8353909465020574
1.0,0.4,1.0,-0.8,0.6521739130434783,0.7204301075268817,0.6421052631578947,0.665434380776339,1.7325227963525835,-0.5,-0.36602540378443876,0.0,0.9285714285714286,0.8148148148148148
1.0,0.6,1.0,-0.8,0.6304347826086957,0.6666666666666666,0.7263157894736842,0.6691312384473189,1.209726443768997,-0.577350269189626,0.0,0.0,0.9642857142857143,0.752057613168724
1.0,0.8,2.0,-0.8,0.4891304347826087,0.6451612903225806,0.6736842105263158,0.5951940850277259,0.723404255319149,-0.5000000000000001,0.3660254037844388,0.0,1.0,0.7201646090534973
-1.0,-0.8,-1.0,-0.6,-0.06521739130434782,-0.043010752688172046,-0.9157894736842105,-0.38817005545286565,-0.2735562310030395,0.49999999999999994,0.3660254037844388,0.0,-1.0,-0.3611111111111111
-1.0,-0.6,-1.0,-0.6,-0.6086956521739131,-0.043010752688172046,-0.021052631578947368,-0.2587800369685768,-0.4316109422492401,0.5773502691896257,1.793007356604921e-16,0.0,-0.9642857142857143,-0.3713991769547328
-1.0,-0.4,0.0,-0.6,0.2608695652173913,-0.5806451612903226,-0.021052631578947368,-0.14787430683918687,-0.1884498480243161,0.5,-0.3660254037844383,0.0,-0.9285714285714286,-0.2860082304526755
-1.0,-0.2,0.0,-0.6,0.043478260869565216,0.27956989247311825,-0.5473684210526316,-0.11090573012939077,-0.1884498480243161,0.2886751345948128,-0.6339745962155612,1.0,-0.8928571428571429,-0.24176954732510317
-1.0,0.0,0.0,-0.6,0.043478260869565216,0.06451612903225806,0.29473684210526313,0.11090573012938915,-0.11550151975683891,0.0,-0.7320508075688771,0.0,-0.8571428571428571,-0.19753086419753085
-1.0,0.2,1.0,-0.6,0.043478260869565216,0.06451612903225806,0.08421052631578947,0.036968576709796114,-0.1276595744680851,-0.2886751345948128,-0.6339745962155612,0.0,-0.8214285714285714,-0.1594650205761323
-1.0,0.4,1.0,-0.6,0.15217391304347827,0.06451612903225806,0.08421052631578947,0.07393715341959303,-0.0911854103343465,-0.5,-0.36602540378443876,0.0,-0.7857142857142857,-0.11008230452674957
-1.0,0.6,1.0,-0.6,-0.06521739130434782,0.17204301075268819,0.08421052631578947,0.036968576709796114,-0.2735562310030395,-0.577350269189626,0.0,0.0,-0.75,-0.08436213991769577
-1.0,0.8,2.0,-0.6,-0.2826086956521739,-0.043010752688172046,0.18947368421052632,-0.07393715341959384,-0.8206686930091185,-0.5000000000000001,0.3660254037844388,0.0,-0.7142857142857143,-0.06378600823045327
-1.0,1.0,2.0,-0.6,-0.9347826086956522,-0.25806451612903225,-0.021052631578947368,-0.44362292051756064,-0.8206686930091185,-0.2886751345948132,0.6339745962155612,0.0,-0.6785714285714286,-0.05864197530864197
-1.0,1.2,2.0,-0.6,-0.5760869565217391,-0.9032258064516129,-0.23157894736842105,-0.6173752310536046,0.2127659574468085,-2.1211504774498138e-16,0.7320508075688774,0.0,-0.6428571428571429,-0.019547325102880958
-0.5,-1.0,-1.0,-0.6,0.010869565217391304,-0.5483870967741935,-0.8631578947368421,-0.5175600739371536,0.2127659574468085,0.2886751345948128,0.6339745962155615,0.0,-0.6071428571428571,-0.012345679012345678
-0.5,-0.8,-1.0,-0.6,0.010869565217391304,0.03225806451612903,-0.5157894736842106,-0.1959334565619228,-0.3951367781155015,0.49999999999999994,0.3660254037844388,0.0,-0.5714285714285714,-0.005144032921811298
-0.5,-0.6,-1.0,-0.6,-0.7934782608695652,0.03225806451612903,0.05263157894736842,-0.26987060998151585,0.5775075987841946,0.5773502691896257,1.793007356604921e-16,0.0,-0.5357142857142857,-0.022633744855967378
-0.5,-0.4,0.0,-0.6,-0.31521739130434784,-0.7634408602150538,0.05263157894736842,-0.3807763401109058,0.3343465045592705,0.5,-0.3660254037844383,0.0,-0.5,-0.07716049382716049
-0.5,-0.2,0.0,-0.6,-0.9021739130434783,-0.2903225806451613,-0.7263157894736842,-0.6913123844731976,0.3343465045592705,0.2886751345948128,-0.6339745962155612,1.0,-0.4642857142857143,-0.16666666666666666
-0.5,0.0,0.0,-0.6,-0.42391304347826086,-0.8709677419354839,-0.2631578947368421,-0.5656192236598896,0.3343465045592705,0.0,-0.7320508075688771,0.0,-0.42857142857142855,-0.21090534979423897
-0.5,0.2,1.0,-0.6,-0.42391304347826086,-0.3978494623655914,-0.8315789473684211,-0.6025878003696857,0.45592705167173253,-0.2886751345948128,-0.6339745962155612,0.0,-0.39285714285714285,-0.2551440329218113
-0.5,0.4,1.0,-0.6,-0.358695652173913,-0.3978494623655914,-0.3684210526315789,-0.4177449168207027,0.2127659574468085,-0.5,-0.36602540378443876,0.0,-0.35714285714285715,-0.3034979423868316
-0.5,0.6,1.0,-0.6,-0.14130434782608695,-0.3333333333333333,-0.3684210526315789,-0.3216266173752317,-0.030395136778115502,-0.577350269189626,0.0,0.0,-0.32142857142857145,-0.31069958847736684
-0.5,0.8,2.0,-0.6,-0.8586956521739131,-0.11827956989247312,-0.30526315789473685,-0.46950092421441775,-0.7598784194528876,-0.5000000000000001,0.3660254037844388,0.0,-0.2857142857142857,-0.36522633744856
-0.5,1.0,2.0,-0.6,-1.4021739130434783,-0.8279569892473119,-0.09473684210526316,-0.8243992606284656,-0.3586626139817629,-0.2886751345948132,0.6339745962155612,0.0,-0.25,-0.40946502057613227
-0.5,1.2,2.0,-0.6,-1.391304347826087,-1.3655913978494623,-0.7894736842105263,-1.2495378927911274,0.2978723404255319,-2.1211504774498138e-16,0.7320508075688774,0.0,-0.21428571428571427,-0.48662551440329277
0.0,-1.0,-1.0,-0.6,-0.6847826086956522,-1.3548387096774193,-1.3157894736842106,-1.1903881700554524,0.2978723404255319,0.2886751345948128,0.6339745962155615,0.0,-0.17857142857142858,-0.5524691358024691
0.0,-0.8,-1.0,-0.6,0.9130434782608695,-0.6559139784946236,-1.305263157894737,-0.4029574861367838,-0.601823708206687,0.49999999999999994,0.3660254037844388,0.0,-0.14285714285714285,-0.46707818930041184
0.0,-0.6,-1.0,-0.6,0.9130434782608695,0.9247311827956989,-0.6210526315789474,0.380776340110905,-0.0668693009118541,0.5773502691896257,1.793007356604921e-16,0.0,-0.10714285714285714,-0.3055555555555556
0.0,-0.4,0.0,-0.6,-0.8260869565217391,0.9247311827956989,0.9263157894736842,0.33271719038816905,-0.723404255319149,0.5,-0.3660254037844383,0.0,-0.07142857142857142,-0.35390946502057674
0.0,-0.2,0.0,-0.6,-0.09782608695652174,-0.7956989247311828,0.9263157894736842,-0.011090573012939803,-0.1884498480243161,0.2886751345948128,-0.6339745962155612,1.0,-0.03571428571428571,-0.2777777777777778
0.0,0.0,0.0,-0.6,-0.09782608695652174,-0.07526881720430108,-0.7578947368421053,-0.35489833641404867,-0.1884498480243161,0.0,-0.7320508075688771,0.0,0.0,-0.24691358024691357
0.0,0.2,1.0,-0.6,-0.09782608695652174,-0.07526881720430108,-0.05263157894736842,-0.10720887245841083,-0.11550151975683891,-0.2886751345948128,-0.6339745962155612,0.0,0.03571428571428571,-0.21604938271604937
0.0,0.4,1.0,-0.6,0.42391304347826086,-0.07526881720430108,-0.05263157894736842,0.0702402957486131,0.1276595744680851,-0.5,-0.36602540378443876,0.0,0.07142857142857142,-0.1419753086419753
0.0,0.6,1.0,-0.6,0.4782608695652174,0.44086021505376344,-0.05263157894736842,0.2661737523105351,-0.6747720364741642,-0.577350269189626,0.0,0.0,0.10714285714285714,-0.08333333333333333
0.0,0.8,2.0,-0.6,1.0217391304347827,0.4946236559139785,0.45263157894736844,0.6469500924214409,-1.2826747720364742,-0.5000000000000001,0.3660254037844388,0.0,0.14285714285714285,0.09465020576131657
0.0,1.0,2.0,-0.6,-0.2826086956521739,1.032258064516129,0.5052631578947369,0.4066543438077629,-1.2705167173252279,-0.2886751345948132,0.6339745962155612,0.0,0.17857142857142858,0.2006172839506173
0.0,1.2,2.0,-0.6,0.2391304347826087,-0.25806451612903225,1.0315789473684212,0.32532347504621,-0.48024316109422494,-2.1211504774498138e-16,0.7320508075688774,0.0,0.21428571428571427,0.3549382716049383
0.5,-1.0,-1.0,-0.6,0.9891304347826086,0.25806451612903225,-0.23157894736842105,0.31423290203327103,1.3069908814589666,0.2886751345948128,0.6339745962155615,0.0,0.25,0.5133744855967072
0.5,-0.8,-1.0,-0.6,0.6956521739130435,1.0,0.2736842105263158,0.6469500924214409,1.3069908814589666,0.49999999999999994,0.3660254037844388,0.0,0.2857142857142857,0.49279835390946475
0.5,-0.6,-1.0,-0.6,0.40217391304347827,0.7096774193548387,1.0,0.7024029574861359,-0.6382978723404256,0.5773502691896257,1.793007356604921e-16,0.0,0.32142857142857145,0.4444444444444444
0.5,-0.4,0.0,-0.6,0.22826086956521738,0.41935483870967744,0.7157894736842105,0.443622920517559,0.1762917933130699,0.5,-0.3660254037844383,1.0,0.35714285714285715,0.5442386831275714
0.5,-0.2,0.0,-0.6,0.9130434782608695,0.24731182795698925,0.43157894736842106,0.5175600739371529,0.1762917933130699,0.2886751345948128,-0.6339745962155612,0.0,0.39285714285714285,0.6399176954732504
0.5,0.0,0.0,-0.6,0.9130434782608695,0.9247311827956989,0.2631578947368421,0.6913123844731969,0.1762917933130699,0.0,-0.7320508075688771,0.0,0.42857142857142855,0.7355967078189295
0.5,0.2,1.0,-0.6,1.3478260869565217,0.9247311827956989,0.9263157894736842,1.0720887245841026,0.7598784194528876,-0.2886751345948128,-0.6339745962155612,0.0,0.4642857142857143,0.8724279835390943
0.5,0.4,1.0,-0.6,1.1521739130434783,1.3548387096774193,0.9263157894736842,1.1534195933456548,0.8206686930091185,-0.5,-0.36602540378443876,0.0,0.5,0.941358024691358
0.5,0.6,1.0,-0.6,1.3478260869565217,1.1612903225806452,1.3473684210526315,1.3012939001848416,1.4285714285714286,-0.577350269189626,0.0,0.0,0.5357142857142857,1.023662551440329
0.5,0.8,2.0,-0.6,0.2608695652173913,1.3548387096774193,1.1578947368421053,0.9316081330868748,-0.030395136778115502,-0.5000000000000001,0.3660254037844388,0.0,0.5714285714285714,0.9516460905349788
0.5,1.0,2.0,-0.6,0.08695652173913043,0.27956989247311825,1.3473684210526315,0.5693160813308679,0.5531914893617021,-0.2886751345948132,0.6339745962155612,0.0,0.6071428571428571,0.9866255144032919
0.5,1.2,2.0,-0.6,-0.09782608695652174,0.10752688172043011,0.29473684210526313,0.07763401109057216,1.3920972644376899,-2.1211504774498138e-16,0.7320508075688774,0.0,0.6428571428571429,0.9547325102880653
1.0,-1.0,-1.0,-0.6,0.30434782608695654,-0.07526881720430108,0.12631578947368421,0.09242144177449109,1.0638297872340425,0.2886751345948128,0.6339745962155615,0.0,0.6785714285714286,0.8899176954732504
1.0,-0.8,-1.0,-0.6,0.30434782608695654,0.3225806451612903,-0.05263157894736842,0.16635859519408414,0.7355623100303952,0.49999999999999994,0.3660254037844388,0.0,0.7142857142857143,0.8528806584362134
1.0,-0.6,-1.0,-0.6,0.30434782608695654,0.3225806451612903,0.3368421052631579,0.303142329020332,0.541033434650456,0.5773502691896257,1.793007356604921e-16,0.0,0.75,0.8436213991769541
1.0,-0.4,0.0,-0.6,1.0217391304347827,0.3225806451612903,0.3368421052631579,0.5471349353049899,1.3069908814589666,0.5,-0.3660254037844383,1.0,0.7857142857142857,0.9187242798353906
1.0,-0.2,0.0,-0.6,0.8369565217391305,1.032258064516129,0.3368421052631579,0.7282809611829938,1.3069908814589666,0.2886751345948128,-0.6339745962155612,0.0,0.8214285714285714,0.9115226337448553
1.0,0.0,0.0,-0.6,0.6413043478260869,0.8494623655913979,1.0315789473684212,0.8428835489833629,1.7933130699088147,0.0,-0.7320508075688771,0.0,0.8571428571428571,0.8858024691358025
1.0,0.2,1.0,-0.6,0.6304347826086957,0.6559139784946236,0.8526315789473684,0.7097966728280949,1.574468085106383,-0.2886751345948128,-0.6339745962155612,0.0,0.8928571428571429,0.8179012345679012
1.0,0.4,1.0,-0.6,0.4782608695652174,0.6451612903225806,0.6631578947368421,0.587800369685766,1.7933130699088147,-0.5,-0.36602540378443876,0.0,0.9285714285714286,0.754115226337448
1.0,0.6,1.0,-0.6,0.44565217391304346,0.4946236559139785,0.6526315789473685,0.521256931608132,0.5775075987841946,-0.577350269189626,0.0,0.0,0.9642857142857143,0.6687242798353906
1.0,0.8,2.0,-0.6,-0.043478260869565216,0.46236559139784944,0.5052631578947369,0.292051756007393,0.3829787234042553,-0.5000000000000001,0.3660254037844388,0.0,1.0,0.6399176954732504
-1.0,-0.8,-1.0,-0.4,-0.8695652173913043,-0.8387096774193549,-1.2,-1.0351201478743066,-0.9544072948328267,0.49999999999999994,0.3660254037844388,0.0,-1.0,-1.0720164609053502
-1.0,-0.6,-1.0,-0.4,-1.108695652173913,-0.8387096774193549,-0.8,-0.9759704251386324,-1.1003039513677813,0.5773502691896257,1.793007356604921e-16,0.0,-0.9642857142857143,-1.0720164609053502
-1.0,-0.4,0.0,-0.4,-0.9456521739130435,-1.075268817204301,-0.8,-1.0018484288354896,-1.148936170212766,0.5,-0.3660254037844383,0.0,-0.9285714285714286,-1.0442386831275723
-1.0,-0.2,0.0,-0.4,-1.0108695652173914,-0.9139784946236559,-1.0315789473684212,-1.0499075785582255,-1.0638297872340425,0.2886751345948128,-0.6339745962155612,1.0,-0.8928571428571429,-1.0185185185185186
-1.0,0.0,0.0,-0.4,-1.0108695652173914,-0.978494623655914,-0.8736842105263158,-1.0166358595194085,-0.7963525835866262,0.0,-0.7320508075688771,0.0,-0.8571428571428571,-1.0
-1.0,0.2,1.0,-0.4,-1.0108695652173914,-0.978494623655914,-0.9368421052631579,-1.0388170055452866,-0.9179331306990881,-0.2886751345948128,-0.6339745962155612,0.0,-0.8214285714285714,-1.0041152263374489
-1.0,0.4,1.0,-0.4,-0.6304347826086957,-0.978494623655914,-0.9368421052631579,-0.9094269870609984,-0.7355623100303952,-0.5,-0.36602540378443876,0.0,-0.7857142857142857,-0.9619341563786015
-1.0,0.6,1.0,-0.4,-0.5652173913043478,-0.6021505376344086,-0.9368421052631579,-0.7578558225508316,-0.9057750759878419,-0.577350269189626,0.0,0.0,-0.75,-0.9290123456790124
-1.0,0.8,2.0,-0.4,-0.7717391304347826,-0.5376344086021505,-0.5684210526315789,-0.6765249537892796,-1.1610942249240122,-0.5000000000000001,0.3660254037844388,0.0,-0.7142857142857143,-0.9012345679012346
-1.0,1.0,2.0,-0.4,-1.1521739130434783,-0.7419354838709677,-0.5052631578947369,-0.8539741219963035,-1.148936170212766,-0.2886751345948132,0.6339745962155612,0.0,-0.6785714285714286,-0.8878600823045274
-1.0,1.2,2.0,-0.4,-1.1195652173913044,-1.118279569892473,-0.7052631578947368,-1.0425138632162665,-0.6869300911854104,-2.1211504774498138e-16,0.7320508075688774,0.0,-0.6428571428571429,-0.8724279835390952
-0.5,-1.0,-1.0,-0.4,-0.5652173913043478,-1.086021505376344,-1.0736842105263158,-0.9722735674676525,-0.6869300911854104,0.2886751345948128,0.6339745962155615,0.0,-0.6071428571428571,-0.843621399176955
-0.5,-0.8,-1.0,-0.4,-0.5652173913043478,-0.5376344086021505,-1.0421052631578946,-0.7726432532347506,-0.9544072948328267,0.49999999999999994,0.3660254037844388,0.0,-0.5714285714285714,-0.8148148148148148
-0.5,-0.6,-1.0,-0.4,-0.6630434782608695,-0.5376344086021505,-0.5052631578947369,-0.6173752310536046,-0.7720364741641338,0.5773502691896257,1.793007356604921e-16,0.0,-0.5357142857142857,-0.7726337448559674
-0.5,-0.4,0.0,-0.4,-0.967391304347826,-0.6344086021505376,-0.5052631578947369,-0.7541589648798526,-0.8449848024316109,0.5,-0.3660254037844383,0.0,-0.5,-0.7746913580246914
-0.5,-0.2,0.0,-0.4,-1.0543478260869565,-0.9354838709677419,-0.6,-0.9205175600739375,-0.8449848024316109,0.2886751345948128,-0.6339745962155612,1.0,-0.4642857142857143,-0.7788065843621402
-0.5,0.0,0.0,-0.4,-0.7391304347826086,-1.021505376344086,-0.8947368421052632,-0.9463955637707946,-0.8449848024316109,0.0,-0.7320508075688771,0.0,-0.42857142857142855,-0.7530864197530864
-0.5,0.2,1.0,-0.4,-0.7391304347826086,-0.7096774193548387,-0.9789473684210527,-0.8687615526802216,-0.4194528875379939,-0.2886751345948128,-0.6339745962155612,0.0,-0.39285714285714285,-0.7273662551440335
-0.5,0.4,1.0,-0.4,-0.7065217391304348,-0.7096774193548387,-0.6736842105263158,-0.7504621072088726,-0.3465045592705167,-0.5,-0.36602540378443876,0.0,-0.35714285714285715,-0.7345679012345679
-0.5,0.6,1.0,-0.4,-0.6739130434782609,-0.6774193548387096,-0.6736842105263158,-0.7282809611829946,-0.5775075987841946,-0.577350269189626,0.0,0.0,-0.32142857142857145,-0.7448559670781896
-0.5,0.8,2.0,-0.4,-1.0,-0.6451612903225806,-0.6421052631578947,-0.8170055452865066,-1.0030395136778116,-0.5000000000000001,0.3660254037844388,0.0,-0.2857142857142857,-0.7664609053497945
-0.5,1.0,2.0,-0.4,-1.2173913043478262,-0.967741935483871,-0.6105263157894737,-0.9907578558225506,-0.9665653495440729,-0.2886751345948132,0.6339745962155612,0.0,-0.25,-0.7726337448559674
-0.5,1.2,2.0,-0.4,-1.2608695652173914,-1.1827956989247312,-0.9263157894736842,-1.1903881700554524,-0.3465045592705167,-2.1211504774498138e-16,0.7320508075688774,0.0,-0.21428571428571427,-0.7860082304526755
0.0,-1.0,-1.0,-0.4,-1.0217391304347827,-1.2258064516129032,-1.1368421052631579,-1.1977818853974123,-0.3465045592705167,0.2886751345948128,0.6339745962155615,0.0,-0.17857142857142858,-0.8292181069958854
0.0,-0.8,-1.0,-0.4,0.4782608695652174,-0.989247311827957,-1.1789473684210525,-0.6210720887245845,-0.45592705167173253,0.49999999999999994,0.3660254037844388,0.0,-0.14285714285714285,-0.73045267489712
0.0,-0.6,-1.0,-0.4,0.4782608695652174,0.4946236559139785,-0.9473684210526315,-0.029574861367837862,-0.7963525835866262,0.5773502691896257,1.793007356604921e-16,0.0,-0.10714285714285714,-0.6224279835390952
0.0,-0.4,0.0,-0.4,-0.9456521739130435,0.4946236559139785,0.5052631578947369,-0.0036968576709799344,-0.8936170212765957,0.5,-0.3660254037844383,0.0,-0.07142857142857142,-0.6203703703703703
0.0,-0.2,0.0,-0.4,-0.7065217391304348,-0.9139784946236559,0.5052631578947369,-0.4066543438077637,-0.541033434650456,0.2886751345948128,-0.6339745962155612,1.0,-0.03571428571428571,-0.5874485596707822
0.0,0.0,0.0,-0.4,-0.7065217391304348,-0.6774193548387096,-0.8736842105263158,-0.8096118299445475,-0.541033434650456,0.0,-0.7320508075688771,0.0,0.0,-0.5843621399176958
0.0,0.2,1.0,-0.4,-0.7065217391304348,-0.6774193548387096,-0.6421052631578947,-0.7282809611829946,-0.5045592705167173,-0.2886751345948128,-0.6339745962155612,0.0,0.03571428571428571,-0.5812757201646094
0.0,0.4,1.0,-0.4,0.11956521739130435,-0.6774193548387096,-0.6421052631578947,-0.4473197781885398,-0.46808510638297873,-0.5,-0.36602540378443876,0.0,0.07142857142857142,-0.5030864197530864
0.0,0.6,1.0,-0.4,-0.14130434782608695,0.13978494623655913,-0.6421052631578947,-0.2550831792975977,-0.8328267477203647,-0.577350269189626,0.0,0.0,0.10714285714285714,-0.45267489711934217
0.0,0.8,2.0,-0.4,0.16304347826086957,-0.11827956989247312,0.15789473684210525,0.04066543438077605,-1.0759878419452888,-0.5000000000000001,0.3660254037844388,0.0,0.14285714285714285,-0.3425925925925926
0.0,1.0,2.0,-0.4,0.08695652173913043,0.1827956989247312,-0.09473684210526316,0.029574861367837053,-1.1246200607902737,-0.2886751345948132,0.6339745962155612,0.0,0.17857142857142858,-0.2191358024691358
0.0,1.2,2.0,-0.4,-0.1956521739130435,0.10752688172043011,0.2,0.011090573012938188,-0.8571428571428571,-2.1211504774498138e-16,0.7320508075688774,0.0,0.21428571428571427,-0.11831275720164638
0.5,-1.0,-1.0,-0.4,0.2826086956521739,-0.17204301075268819,0.12631578947368421,0.051756007393715046,0.8206686930091185,0.2886751345948128,0.6339745962155615,0.0,0.25,0.0051440329218104
0.5,-0.8,-1.0,-0.4,0.2826086956521739,0.3010752688172043,-0.14736842105263157,0.11829944547134902,0.8206686930091185,0.49999999999999994,0.3660254037844388,0.0,0.2857142857142857,-0.013374485596708119
0.5,-0.6,-1.0,-0.4,0.2826086956521739,0.3010752688172043,0.3157894736842105,0.28096118299445405,-0.7720364741641338,0.5773502691896257,1.793007356604921e-16,0.0,0.32142857142857145,-0.031893004115226636
0.5,-0.4,0.0,-0.4,0.021739130434782608,0.3010752688172043,0.3157894736842105,0.19223659889094205,-0.5045592705167173,0.5,-0.3660254037844383,1.0,0.35714285714285715,0.05967078189300352
0.5,-0.2,0.0,-0.4,0.3695652173913043,0.043010752688172046,0.3157894736842105,0.2218114602587791,-0.5045592705167173,0.2886751345948128,-0.6339745962155612,0.0,0.39285714285714285,0.16152263374485537
0.5,0.0,0.0,-0.4,0.3695652173913043,0.3870967741935484,0.06315789473684211,0.25138632162661695,-0.5045592705167173,0.0,-0.7320508075688771,0.0,0.42857142857142855,0.26337448559670723
0.5,0.2,1.0,-0.4,0.3695652173913043,0.3870967741935484,0.4,0.36968576709796597,0.4194528875379939,-0.2886751345948128,-0.6339745962155612,0.0,0.4642857142857143,0.3652263374485591
0.5,0.4,1.0,-0.4,0.5869565217391305,0.3870967741935484,0.4,0.443622920517559,0.1276595744680851,-0.5,-0.36602540378443876,0.0,0.5,0.4094650205761314
0.5,0.6,1.0,-0.4,0.6956521739130435,0.6021505376344086,0.4,0.554528650646949,0.46808510638297873,-0.577350269189626,0.0,0.0,0.5357142857142857,0.4886831275720159
0.5,0.8,2.0,-0.4,0.30434782608695654,0.7096774193548387,0.6105263157894737,0.5323475046210709,0.3829787234042553,-0.5000000000000001,0.3660254037844388,0.0,0.5714285714285714,0.502057613168724
0.5,1.0,2.0,-0.4,0.2391304347826087,0.3225806451612903,0.7157894736842105,0.414048059149722,0.0668693009118541,-0.2886751345948132,0.6339745962155612,0.0,0.6071428571428571,0.5164609053497936
0.5,1.2,2.0,-0.4,-0.06521739130434782,0.25806451612903225,0.3368421052631579,0.15526802218114513,0.601823708206687,-2.1211504774498138e-16,0.7320508075688774,0.0,0.6428571428571429,0.5288065843621393
1.0,-1.0,-1.0,-0.4,0.021739130434782608,-0.043010752688172046,0.2736842105263158,0.05914972273567411,0.601823708206687,0.2886751345948128,0.6339745962155615,0.0,0.6785714285714286,0.504115226337448
1.0,-0.8,-1.0,-0.4,-0.021739130434782608,0.043010752688172046,-0.021052631578947368,-0.029574861367837862,0.601823708206687,0.49999999999999994,0.3660254037844388,0.0,0.7142857142857143,0.47530864197530864
1.0,-0.6,-1.0,-0.4,0.06521739130434782,0.0,0.06315789473684211,0.014787430683918123,0.3100303951367781,0.5773502691896257,1.793007356604921e-16,0.0,0.75,0.4547325102880653
1.0,-0.4,0.0,-0.4,0.22826086956521738,0.08602150537634409,0.021052631578947368,0.08502772643253204,0.6990881458966566,0.5,-0.3660254037844383,1.0,0.7857142857142857,0.4742798353909462
1.0,-0.2,0.0,-0.4,0.31521739130434784,0.24731182795698925,0.10526315789473684,0.19963031423290112,0.6990881458966566,0.2886751345948128,-0.6339745962155612,0.0,0.8214285714285714,0.4691358024691358
1.0,0.0,0.0,-0.4,0.2826086956521739,0.3333333333333333,0.2631578947368421,0.27356746765249496,0.6990881458966566,0.0,-0.7320508075688771,0.0,0.8571428571428571,0.4609053497942381
1.0,0.2,1.0,-0.4,0.25,0.3010752688172043,0.3473684210526316,0.28096118299445405,0.9422492401215805,-0.2886751345948128,-0.6339745962155612,0.0,0.8928571428571429,0.44958847736625485
1.0,0.4,1.0,-0.4,0.22826086956521738,0.26881720430107525,0.3157894736842105,0.25138632162661695,1.0638297872340425,-0.5,-0.36602540378443876,0.0,0.9285714285714286,0.41563786008230424
1.0,0.6,1.0,-0.4,0.10869565217391304,0.24731182795698925,0.28421052631578947,0.19223659889094205,0.6261398176291794,-0.577350269189626,0.0,0.0,0.9642857142857143,0.36008230452674866
1.0,0.8,2.0,-0.4,0.043478260869565216,0.12903225806451613,0.2631578947368421,0.12199630314232815,0.5531914893617021,-0.5000000000000001,0.3660254037844388,0.0,1.0,0.3353909465020573
-1.0,-0.8,-1.0,-0.2,-0.09782608695652174,-0.07526881720430108,-1.0105263157894737,-0.44362292051756064,-0.3465045592705167,0.49999999999999994,0.3660254037844388,0.0,-1.0,-0.4722222222222222
-1.0,-0.6,-1.0,-0.2,-0.7065217391304348,-0.07526881720430108,-0.05263157894736842,-0.3142329020332718,-0.5531914893617021,0.5773502691896257,1.793007356604921e-16,0.0,-0.9642857142857143,-0.48559670781893033
-1.0,-0.4,0.0,-0.2,0.0,-0.6774193548387096,-0.05263157894736842,-0.28096118299445483,-0.3586626139817629,0.5,-0.3660254037844383,0.0,-0.9285714285714286,-0.4146090534979427
-1.0,-0.2,0.0,-0.2,-0.14130434782608695,0.021505376344086023,-0.6421052631578947,-0.29574861367837374,-0.3586626139817629,0.2886751345948128,-0.6339745962155612,1.0,-0.8928571428571429,-0.3734567901234568
-1.0,0.0,0.0,-0.2,-0.14130434782608695,-0.11827956989247312,0.042105263157894736,-0.1035120147874309,-0.3465045592705167,0.0,-0.7320508075688771,0.0,-0.8571428571428571,-0.3323045267489718
-1.0,0.2,1.0,-0.2,-0.14130434782608695,-0.11827956989247312,-0.09473684210526316,-0.1515711645101668,-0.23708206686930092,-0.2886751345948128,-0.6339745962155612,0.0,-0.8214285714285714,-0.29218106995884835
-1.0,0.4,1.0,-0.2,0.010869565217391304,-0.11827956989247312,-0.09473684210526316,-0.09981515711645177,-0.22492401215805471,-0.5,-0.36602540378443876,0.0,-0.7857142857142857,-0.24691358024691357
-1.0,0.6,1.0,-0.2,-0.2391304347826087,0.03225806451612903,-0.09473684210526316,-0.13308687615526876,-0.3343465045592705,-0.577350269189626,0.0,0.0,-0.75,-0.22633744855967108
-1.0,0.8,2.0,-0.2,-0.43478260869565216,-0.21505376344086022,0.05263157894736842,-0.2329020332717197,-0.8814589665653495,-0.5000000000000001,0.3660254037844388,0.0,-0.7142857142857143,-0.21502057613168785
-1.0,1.0,2.0,-0.2,-1.0326086956521738,-0.40860215053763443,-0.18947368421052632,-0.5878003696857675,-0.9300911854103343,-0.2886751345948132,0.6339745962155612,0.0,-0.6785714285714286,-0.2139917695473254
-1.0,1.2,2.0,-0.2,-0.6086956521739131,-1.0,-0.37894736842105264,-0.7134935304990757,0.1762917933130699,-2.1211504774498138e-16,0.7320508075688774,0.0,-0.6428571428571429,-0.16872427983539154
-0.5,-1.0,-1.0,-0.2,-0.043478260869565216,-0.5806451612903226,-0.9578947368421052,-0.5804066543438077,0.1762917933130699,0.2886751345948128,0.6339745962155615,0.0,-0.6071428571428571,-0.16358024691358025
-0.5,-0.8,-1.0,-0.2,-0.043478260869565216,-0.021505376344086023,-0.5473684210526316,-0.24399260628465871,-0.5045592705167173,0.49999999999999994,0.3660254037844388,0.0,-0.5714285714285714,-0.15843621399176985
-0.5,-0.6,-1.0,-0.2,-0.8913043478260869,-0.021505376344086023,0.0,-0.34011090573012975,0.2857142857142857,0.5773502691896257,1.793007356604921e-16,0.0,-0.5357142857142857,-0.17592592592592593
-0.5,-0.4,0.0,-0.2,-0.42391304347826086,-0.8602150537634409,0.0,-0.46950092421441775,0.1276595744680851,0.5,-0.3660254037844383,0.0,-0.5,-0.21604938271604937
-0.5,-0.2,0.0,-0.2,-0.7934782608695652,-0.3978494623655914,-0.8210526315789474,-0.7245841035120146,0.1276595744680851,0.2886751345948128,-0.6339745962155612,1.0,-0.4642857142857143,-0.2777777777777778
-0.5,0.0,0.0,-0.2,-0.5652173913043478,-0.7634408602150538,-0.3684210526315789,-0.6136783733826247,0.1276595744680851,0.0,-0.7320508075688771,0.0,-0.42857142857142855,-0.31790123456790126
-0.5,0.2,1.0,-0.2,-0.5652173913043478,-0.5376344086021505,-0.7263157894736842,-0.6617375231053606,0.2978723404255319,-0.2886751345948128,-0.6339745962155612,0.0,-0.39285714285714285,-0.35802469135802467
-0.5,0.4,1.0,-0.2,-0.5652173913043478,-0.5376344086021505,-0.5052631578947369,-0.5841035120147876,0.0182370820668693,-0.5,-0.36602540378443876,0.0,-0.35714285714285715,-0.4125514403292187
-0.5,0.6,1.0,-0.2,-0.25,-0.5376344086021505,-0.5052631578947369,-0.4768946395563776,-0.2006079027355623,-0.577350269189626,0.0,0.0,-0.32142857142857145,-0.41358024691358025
-0.5,0.8,2.0,-0.2,-0.967391304347826,-0.22580645161290322,-0.5052631578947369,-0.6136783733826247,-0.8693009118541033,-0.5000000000000001,0.3660254037844388,0.0,-0.2857142857142857,-0.4639917695473254
-0.5,1.0,2.0,-0.2,-1.315217391304348,-0.9354838709677419,-0.2,-0.8687615526802216,-0.3951367781155015,-0.2886751345948132,0.6339745962155612,0.0,-0.25,-0.49074074074074076
-0.5,1.2,2.0,-0.2,-1.2391304347826086,-1.2795698924731183,-0.8947368421052632,-1.2051756007393715,0.23708206686930092,-2.1211504774498138e-16,0.7320508075688774,0.0,-0.21428571428571427,-0.5504115226337452
0.0,-1.0,-1.0,-0.2,-0.7282608695652174,-1.2043010752688172,-1.231578947368421,-1.1238447319778184,0.23708206686930092,0.2886751345948128,0.6339745962155615,0.0,-0.17857142857142858,-0.6152263374485599
0.0,-0.8,-1.0,-0.2,0.6630434782608695,-0.6989247311827957,-1.1578947368421053,-0.4510166358595197,-0.7112462006079028,0.49999999999999994,0.3660254037844388,0.0,-0.14285714285714285,-0.5483539094650212
0.0,-0.6,-1.0,-0.2,0.6630434782608695,0.6774193548387096,-0.6631578947368421,0.195933456561922,-0.1884498480243161,0.5773502691896257,1.793007356604921e-16,0.0,-0.10714285714285714,-0.4012345679012346
0.0,-0.4,0.0,-0.2,-0.7717391304347826,0.6774193548387096,0.6842105263157895,0.18114602587800308,-0.601823708206687,0.5,-0.3660254037844383,0.0,-0.07142857142857142,-0.4341563786008236
0.0,-0.2,0.0,-0.2,-0.14130434782608695,-0.7419354838709677,0.6842105263157895,-0.09242144177449191,-0.3465045592705167,0.2886751345948128,-0.6339745962155612,1.0,-0.03571428571428571,-0.37242798353909523
0.0,0.0,0.0,-0.2,-0.14130434782608695,-0.11827956989247312,-0.7052631578947368,-0.3659889094269877,-0.3465045592705167,0.0,-0.7320508075688771,0.0,0.0,-0.3323045267489718
0.0,0.2,1.0,-0.2,-0.14130434782608695,-0.11827956989247312,-0.09473684210526316,-0.1515711645101668,-0.3465045592705167,-0.2886751345948128,-0.6339745962155612,0.0,0.03571428571428571,-0.29218106995884835
0.0,0.4,1.0,-0.2,0.34782608695652173,-0.11827956989247312,-0.09473684210526316,0.014787430683918123,0.0060790273556231,-0.5,-0.36602540378443876,0.0,0.07142857142857142,-0.20576131687242857
0.0,0.6,1.0,-0.2,0.43478260869565216,0.3655913978494624,-0.09473684210526316,0.21072088724584012,-0.7963525835866262,-0.577350269189626,0.0,0.0,0.10714285714285714,-0.14094650205761378
0.0,0.8,2.0,-0.2,0.9130434782608695,0.45161290322580644,0.37894736842105264,0.5693160813308679,-1.1854103343465046,-0.5000000000000001,0.3660254037844388,0.0,0.14285714285714285,0.037037037037037035
0.0,1.0,2.0,-0.2,-0.3695652173913043,0.9247311827956989,0.4631578947368421,0.32532347504621,-1.1003039513677813,-0.2886751345948132,0.6339745962155612,0.0,0.17857142857142858,0.12654320987654322
0.0,1.2,2.0,-0.2,0.22826086956521738,-0.34408602150537637,0.9263157894736842,0.2550831792975961,-0.5288753799392097,-2.1211504774498138e-16,0.7320508075688774,0.0,0.21428571428571427,0.2654320987654321
0.5,-1.0,-1.0,-0.2,1.0869565217391304,0.24731182795698925,-0.3157894736842105,0.31423290203327103,1.027355623100304,0.2886751345948128,0.6339745962155615,0.0,0.25,0.43724279835390917
0.5,-0.8,-1.0,-0.2,0.5869565217391305,1.096774193548387,0.2631578947368421,0.6395563770794819,1.027355623100304,0.49999999999999994,0.3660254037844388,0.0,0.2857142857142857,0.43004115226337386
0.5,-0.6,-1.0,-0.2,0.41304347826086957,0.6021505376344086,1.0947368421052632,0.7024029574861359,-0.5775075987841946,0.5773502691896257,1.793007356604921e-16,0.0,0.32142857142857145,0.40637860082304494
0.5,-0.4,0.0,-0.2,0.22826086956521738,0.43010752688172044,0.6105263157894737,0.41035120147874204,0.1276595744680851,0.5,-0.3660254037844383,1.0,0.35714285714285715,0.5010288065843616
0.5,-0.2,0.0,-0.2,0.7282608695652174,0.24731182795698925,0.4421052631578947,0.45841035120147794,0.1276595744680851,0.2886751345948128,-0.6339745962155612,0.0,0.39285714285714285,0.5833333333333334
0.5,0.0,0.0,-0.2,0.5217391304347826,0.7419354838709677,0.2631578947368421,0.49537892791127486,0.1276595744680851,0.0,-0.7320508075688771,0.0,0.42857142857142855,0.6460905349794233
0.5,0.2,1.0,-0.2,1.2826086956521738,0.5376344086021505,0.7473684210526316,0.8539741219963018,0.6747720364741642,-0.2886751345948128,-0.6339745962155612,0.0,0.4642857142857143,0.7808641975308642
0.5,0.4,1.0,-0.2,1.1521739130434783,1.2903225806451613,0.5473684210526316,0.9981515711645088,0.7720364741641338,-0.5,-0.36602540378443876,0.0,0.5,0.8569958847736623
0.5,0.6,1.0,-0.2,1.25,1.1612903225806452,1.2842105263157895,1.2458410351201468,1.3069908814589666,-0.577350269189626,0.0,0.0,0.5357142857142857,0.9341563786008228
0.5,0.8,2.0,-0.2,0.34782608695652173,1.2580645161290323,1.1578947368421053,0.9279112754158957,-0.1276595744680851,-0.5000000000000001,0.3660254037844388,0.0,0.5714285714285714,0.8806584362139912
0.5,1.0,2.0,-0.2,0.0,0.3655913978494624,1.2526315789473683,0.5360443622920509,0.541033434650456,-0.2886751345948132,0.6339745962155612,0.0,0.6071428571428571,0.9156378600823042
0.5,1.2,2.0,-0.2,0.010869565217391304,0.021505376344086023,0.37894736842105264,0.11460258780036908,1.5015197568389058,-2.1211504774498138e-16,0.7320508075688774,0.0,0.6428571428571429,0.8950617283950617
1.0,-1.0,-1.0,-0.2,0.42391304347826086,0.03225806451612903,0.042105263157894736,0.14048059149722703,0.9422492401215805,0.2886751345948128,0.6339745962155615,0.0,0.6785714285714286,0.8323045267489709
1.0,-0.8,-1.0,-0.2,0.2717391304347826,0.44086021505376344,0.05263157894736842,0.2329020332717181,0.7477203647416414,0.49999999999999994,0.3660254037844388,0.0,0.7142857142857143,0.8024691358024691
1.0,-0.6,-1.0,-0.2,0.2608695652173913,0.2903225806451613,0.45263157894736844,0.31792975970425097,0.541033434650456,0.5773502691896257,1.793007356604921e-16,0.0,0.75,0.7880658436213985
1.0,-0.4,0.0,-0.2,1.173913043478261,0.27956989247311825,0.30526315789473685,0.5730129390018478,1.1003039513677813,0.5,-0.3660254037844383,1.0,0.7857142857142857,0.8775720164609048
1.0,-0.2,0.0,-0.2,0.8260869565217391,1.1827956989247312,0.29473684210526313,0.7615526802218108,0.8693009118541033,0.2886751345948128,-0.6339745962155612,0.0,0.8214285714285714,0.886831275720164
1.0,0.0,0.0,-0.2,0.6304347826086957,0.8387096774193549,1.1789473684210525,0.8872458410351188,1.7203647416413375,0.0,-0.7320508075688771,0.0,0.8571428571428571,0.8971193415637857
1.0,0.2,1.0,-0.2,0.6956521739130435,0.6451612903225806,0.8421052631578947,0.7245841035120139,1.574468085106383,-0.2886751345948128,-0.6339745962155612,0.0,0.8928571428571429,0.8415637860082301
1.0,0.4,1.0,-0.2,0.5,0.7096774193548387,0.6526315789473685,0.6136783733826239,1.6838905775075987,-0.5,-0.36602540378443876,0.0,0.9285714285714286,0.7798353909465018
1.0,0.6,1.0,-0.2,0.42391304347826086,0.5161290322580645,0.7157894736842105,0.54343807763401,0.6747720364741642,-0.577350269189626,0.0,0.0,0.9642857142857143,0.7016460905349788
1.0,0.8,2.0,-0.2,0.043478260869565216,0.44086021505376344,0.5263157894736842,0.3216266173752301,0.2857142857142857,-0.5000000000000001,0.3660254037844388,0.0,1.0,0.6728395061728395
-1.0,-1.0,-1.0,0.0,-0.2717391304347826,-1.043010752688172,-1.0421052631578946,-0.8465804066543436,0.3951367781155015,0.2886751345948128,0.6339745962155615,0.0,-1.0357142857142858,-0.4876543209876543
-1.0,-0.8,-1.0,0.0,-0.2717391304347826,-0.24731182795698925,-1.0,-0.5582255083179297,-0.4194528875379939,0.49999999999999994,0.3660254037844388,0.0,-1.0,-0.5226337448559674
-1.0,-0.6,-1.0,0.0,-0.7391304347826086,-0.24731182795698925,-0.22105263157894736,-0.44362292051756064,-0.541033434650456,0.5773502691896257,1.793007356604921e-16,0.0,-0.9642857142857143,-0.5329218106995891
-1.0,-0.4,0.0,0.0,0.05434782608695652,-0.7096774193548387,-0.22105263157894736,-0.33271719038817066,-0.3829787234042553,0.5,-0.3660254037844383,0.0,-0.9285714285714286,-0.45781893004115254
-1.0,-0.2,0.0,0.0,-0.1956521739130435,0.07526881720430108,-0.6736842105263158,-0.30683918669131277,-0.3829787234042553,0.2886751345948128,-0.6339745962155612,1.0,-0.8928571428571429,-0.41975308641975306
-1.0,0.0,0.0,0.0,-0.1956521739130435,-0.17204301075268819,0.09473684210526316,-0.12199630314232976,-0.2613981762917933,0.0,-0.7320508075688771,0.0,-0.8571428571428571,-0.38168724279835453
-1.0,0.2,1.0,0.0,-0.1956521739130435,-0.17204301075268819,-0.14736842105263157,-0.2070240295748618,-0.22492401215805471,-0.2886751345948128,-0.6339745962155612,0.0,-0.8214285714285714,-0.35390946502057674
-1.0,0.4,1.0,0.0,-0.09782608695652174,-0.17204301075268819,-0.14736842105263157,-0.1737523105360448,-0.2857142857142857,-0.5,-0.36602540378443876,0.0,-0.7857142857142857,-0.31995884773662614
-1.0,0.6,1.0,0.0,-0.29347826086956524,-0.07526881720430108,-0.14736842105263157,-0.2070240295748618,-0.3951367781155015,-0.577350269189626,0.0,0.0,-0.75,-0.2993827160493827
-1.0,0.8,2.0,0.0,-0.5217391304347826,-0.26881720430107525,-0.05263157894736842,-0.31792975970425175,-0.9665653495440729,-0.5000000000000001,0.3660254037844388,0.0,-0.7142857142857143,-0.2911522633744859
-1.0,1.0,2.0,0.0,-1.0869565217391304,-0.4946236559139785,-0.24210526315789474,-0.6543438077634016,-0.9179331306990881,-0.2886751345948132,0.6339745962155612,0.0,-0.6785714285714286,-0.2880658436213995
-1.0,1.2,2.0,0.0,-0.7065217391304348,-1.053763440860215,-0.4631578947368421,-0.7948243992606285,-0.0182370820668693,-2.1211504774498138e-16,0.7320508075688774,0.0,-0.6428571428571429,-0.25308641975308643
-0.5,-1.0,-1.0,0.0,-0.07608695652173914,-0.6774193548387096,-1.0105263157894737,-0.6432532347504626,-0.0182370820668693,0.2886751345948128,0.6339745962155615,0.0,-0.6071428571428571,-0.2345679012345679
-0.5,-0.8,-1.0,0.0,-0.07608695652173914,-0.053763440860215055,-0.6421052631578947,-0.2994454713493537,-0.541033434650456,0.49999999999999994,0.3660254037844388,0.0,-0.5714285714285714,-0.21604938271604937
-0.5,-0.6,-1.0,0.0,-0.9891304347826086,-0.053763440860215055,-0.031578947368421054,-0.39556377079482474,0.3465045592705167,0.5773502691896257,1.793007356604921e-16,0.0,-0.5357142857142857,-0.2397119341563792
-0.5,-0.4,0.0,0.0,-0.4891304347826087,-0.956989247311828,-0.031578947368421054,-0.5360443622920518,0.0668693009118541,0.5,-0.3660254037844383,0.0,-0.5,-0.2911522633744859
-0.5,-0.2,0.0,0.0,-0.9239130434782609,-0.46236559139784944,-0.9157894736842105,-0.8243992606284656,0.0668693009118541,0.2886751345948128,-0.6339745962155612,1.0,-0.4642857142857143,-0.36008230452674955
-0.5,0.0,0.0,0.0,-0.6086956521739131,-0.8924731182795699,-0.43157894736842106,-0.6950092421441776,0.0668693009118541,0.0,-0.7320508075688771,0.0,-0.42857142857142855,-0.3991769547325106
-0.5,0.2,1.0,0.0,-0.6086956521739131,-0.5806451612903226,-0.8526315789473684,-0.7356746765249537,0.1762917933130699,-0.2886751345948128,-0.6339745962155612,0.0,-0.39285714285714285,-0.4382716049382716
-0.5,0.4,1.0,0.0,-0.5869565217391305,-0.5806451612903226,-0.5473684210526316,-0.6210720887245845,-0.0425531914893617,-0.5,-0.36602540378443876,0.0,-0.35714285714285715,-0.4845679012345679
-0.5,0.6,1.0,0.0,-0.32608695652173914,-0.5591397849462365,-0.5473684210526316,-0.5249537892791127,-0.2978723404255319,-0.577350269189626,0.0,0.0,-0.32142857142857145,-0.4876543209876543
-0.5,0.8,2.0,0.0,-1.108695652173913,-0.3010752688172043,-0.5263157894736842,-0.6950092421441776,-0.9300911854103343,-0.5000000000000001,0.3660254037844388,0.0,-0.2857142857142857,-0.5432098765432098
-0.5,1.0,2.0,0.0,-1.4021739130434783,-1.075268817204301,-0.2736842105263158,-0.9722735674676525,-0.5045592705167173,-0.2886751345948132,0.6339745962155612,0.0,-0.25,-0.5730452674897125
-0.5,1.2,2.0,0.0,-1.434782608695652,-1.3655913978494623,-1.0315789473684212,-1.3493530499075783,0.2006079027355623,-2.1211504774498138e-16,0.7320508075688774,0.0,-0.21428571428571427,-0.6419753086419753
0.0,-1.0,-1.0,0.0,-0.7934782608695652,-1.3978494623655915,-1.3157894736842106,-1.2421441774491684,0.2006079027355623,0.2886751345948128,0.6339745962155615,0.0,-0.17857142857142858,-0.7098765432098766
0.0,-0.8,-1.0,0.0,0.5434782608695652,-0.7634408602150538,-1.3473684210526315,-0.5804066543438077,-0.8206686930091185,0.49999999999999994,0.3660254037844388,0.0,-0.14285714285714285,-0.6512345679012346
0.0,-0.6,-1.0,0.0,0.5434782608695652,0.5591397849462365,-0.7263157894736842,0.09242144177449109,-0.2613981762917933,0.5773502691896257,1.793007356604921e-16,0.0,-0.10714285714285714,-0.5061728395061729
0.0,-0.4,0.0,0.0,-0.8586956521739131,0.5591397849462365,0.5684210526315789,0.0702402957486131,-0.7477203647416414,0.5,-0.3660254037844383,0.0,-0.07142857142857142,-0.5411522633744859
0.0,-0.2,0.0,0.0,-0.17391304347826086,-0.8279569892473119,0.5684210526315789,-0.1737523105360448,-0.3951367781155015,0.2886751345948128,-0.6339745962155612,1.0,-0.03571428571428571,-0.4701646090534982
0.0,0.0,0.0,0.0,-0.17391304347826086,-0.15053763440860216,-0.7894736842105263,-0.4177449168207027,-0.3951367781155015,0.0,-0.7320508075688771,0.0,0.0,-0.42901234567901236
0.0,0.2,1.0,0.0,-0.17391304347826086,-0.15053763440860216,-0.12631578947368421,-0.18484288354898382,-0.3708206686930091,-0.2886751345948128,-0.6339745962155612,0.0,0.03571428571428571,-0.38786008230452734
0.0,0.4,1.0,0.0,0.31521739130434784,-0.15053763440860216,-0.12631578947368421,-0.018484288354898865,-0.0790273556231003,-0.5,-0.36602540378443876,0.0,0.07142857142857142,-0.30246913580246915
0.0,0.6,1.0,0.0,0.33695652173913043,0.3333333333333333,-0.12631578947368421,0.15526802218114513,-0.9544072948328267,-0.577350269189626,0.0,0.0,0.10714285714285714,-0.2397119341563792
0.0,0.8,2.0,0.0,0.9021739130434783,0.3548387096774194,0.3473684210526316,0.521256931608132,-1.2826747720364742,-0.5000000000000001,0.3660254037844388,0.0,0.14285714285714285,-0.04938271604938271
0.0,1.0,2.0,0.0,-0.45652173913043476,0.9139784946236559,0.3684210526315789,0.25878003696857604,-1.3191489361702127,-0.2886751345948132,0.6339745962155612,0.0,0.17857142857142858,0.040123456790123455
0.0,1.2,2.0,0.0,0.09782608695652174,-0.43010752688172044,0.9157894736842105,0.17744916820702314,-0.601823708206687,-2.1211504774498138e-16,0.7320508075688774,0.0,0.21428571428571427,0.18518518518518517
0.5,-1.0,-1.0,0.0,0.967391304347826,0.11827956989247312,-0.4,0.19963031423290112,0.8936170212765957,0.2886751345948128,0.6339745962155615,0.0,0.25,0.35185185185185186
0.5,-0.8,-1.0,0.0,0.5434782608695652,0.978494623655914,0.1368421052631579,0.5397412199630308,0.8936170212765957,0.49999999999999994,0.3660254037844388,0.0,0.2857142857142857,0.35185185185185186
0.5,-0.6,-1.0,0.0,0.2608695652173913,0.5591397849462365,0.9789473684210527,0.5951940850277259,-0.6747720364741642,0.5773502691896257,1.793007356604921e-16,0.0,0.32142857142857145,0.3251028806584356
0.5,-0.4,0.0,0.0,0.11956521739130435,0.27956989247311825,0.5684210526315789,0.30683918669131194,0.0911854103343465,0.5,-0.3660254037844383,1.0,0.35714285714285715,0.4176954732510282
0.5,-0.2,0.0,0.0,0.6195652173913043,0.13978494623655913,0.29473684210526313,0.33271719038816905,0.0911854103343465,0.2886751345948128,-0.6339745962155612,0.0,0.39285714285714285,0.49279835390946475
0.5,0.0,0.0,0.0,0.5108695652173914,0.6344086021505376,0.15789473684210525,0.4177449168207019,0.0911854103343465,0.0,-0.7320508075688771,0.0,0.42857142857142855,0.5576131687242796
0.5,0.2,1.0,0.0,1.1195652173913044,0.5268817204301075,0.6421052631578947,0.7578558225508308,0.6382978723404256,-0.2886751345948128,-0.6339745962155612,0.0,0.4642857142857143,0.6800411522633739
0.5,0.4,1.0,0.0,1.065217391304348,1.1290322580645162,0.5368421052631579,0.9094269870609969,0.662613981762918,-0.5,-0.36602540378443876,0.0,0.5,0.7510288065843616
0.5,0.6,1.0,0.0,1.0978260869565217,1.075268817204301,1.1263157894736842,1.1090573012938987,1.2948328267477203,-0.577350269189626,0.0,0.0,0.5357142857142857,0.8230452674897116
0.5,0.8,2.0,0.0,0.08695652173913043,1.10752688172043,1.0736842105263158,0.7578558225508308,-0.22492401215805471,-0.5000000000000001,0.3660254037844388,0.0,0.5714285714285714,0.7458847736625511
0.5,1.0,2.0,0.0,-0.11956521739130435,0.10752688172043011,1.105263157894737,0.35489833641404706,0.3951367781155015,-0.2886751345948132,0.6339745962155612,0.0,0.6071428571428571,0.7777777777777778
0.5,1.2,2.0,0.0,-0.20652173913043478,-0.0967741935483871,0.12631578947368421,-0.08872458410351278,1.3677811550151975,-2.1211504774498138e-16,0.7320508075688774,0.0,0.6428571428571429,0.7489711934156376
1.0,-1.0,-1.0,0.0,0.2717391304347826,-0.1827956989247312,-0.07368421052631578,-0.025878003696857926,0.8936170212765957,0.2886751345948128,0.6339745962155615,0.0,0.6785714285714286,0.6831275720164603
1.0,-0.8,-1.0,0.0,0.11956521739130435,0.2903225806451613,-0.15789473684210525,0.05545286506469417,0.5775075987841946,0.49999999999999994,0.3660254037844388,0.0,0.7142857142857143,0.6430041152263368
1.0,-0.6,-1.0,0.0,0.16304347826086957,0.13978494623655913,0.30526315789473685,0.18114602587800308,0.4194528875379939,0.5773502691896257,1.793007356604921e-16,0.0,0.75,0.6337448559670776
1.0,-0.4,0.0,0.0,1.0434782608695652,0.1827956989247312,0.15789473684210525,0.443622920517559,0.9787234042553191,0.5,-0.3660254037844383,1.0,0.7857142857142857,0.7211934156378598
1.0,-0.2,0.0,0.0,0.6304347826086957,1.053763440860215,0.2,0.6173752310536038,0.8571428571428571,0.2886751345948128,-0.6339745962155612,0.0,0.8214285714285714,0.7222222222222222
1.0,0.0,0.0,0.0,0.5652173913043478,0.6451612903225806,1.0526315789473684,0.7541589648798509,1.5379939209726443,0.0,-0.7320508075688771,0.0,0.8571428571428571,0.7273662551440326
1.0,0.2,1.0,0.0,0.4673913043478261,0.5806451612903226,0.6526315789473685,0.5582255083179289,1.4772036474164134,-0.2886751345948128,-0.6339745962155612,0.0,0.8928571428571429,0.6656378600823042
1.0,0.4,1.0,0.0,0.43478260869565216,0.4838709677419355,0.5894736842105263,0.4916820702402949,1.513677811550152,-0.5,-0.36602540378443876,0.0,0.9285714285714286,0.6059670781892998
1.0,0.6,1.0,0.0,0.29347826086956524,0.45161290322580644,0.49473684210526314,0.39926062846580307,0.3829787234042553,-0.577350269189626,0.0,0.0,0.9642857142857143,0.5298353909465018
1.0,0.8,2.0,0.0,-0.08695652173913043,0.3118279569892473,0.4631578947368421,0.21072088724584012,0.1519756838905775,-0.5000000000000001,0.3660254037844388,0.0,1.0,0.5133744855967072
-1.0,-0.8,-1.0,0.2,-0.4891304347826087,-0.46236559139784944,-1.2947368421052632,-0.8096118299445475,-0.8328267477203647,0.49999999999999994,0.3660254037844388,0.0,-1.0,-0.8292181069958854
-1.0,-0.6,-1.0,0.2,-1.0217391304347827,-0.46236559139784944,-0.43157894736842106,-0.6876155268022186,-0.9179331306990881,0.5773502691896257,1.793007356604921e-16,0.0,-0.9642857142857143,-0.8312757201646094
-1.0,-0.4,0.0,0.2,-0.29347826086956524,-0.989247311827957,-0.43157894736842106,-0.6210720887245845,-0.662613981762918,0.5,-0.3660254037844383,0.0,-0.9285714285714286,-0.7572016460905353
-1.0,-0.2,0.0,0.2,-0.5760869565217391,-0.26881720430107525,-0.9473684210526315,-0.6506469500924217,-0.1519756838905775,0.2886751345948128,-0.6339745962155612,1.0,-0.8928571428571429,-0.7314814814814815
-1.0,0.0,0.0,0.2,-0.5760869565217391,-0.5483870967741935,-0.24210526315789474,-0.4990757855822556,-0.7477203647416414,0.0,-0.7320508075688771,0.0,-0.8571428571428571,-0.7489711934156384
-1.0,0.2,1.0,0.2,-1.2065217391304348,-0.5483870967741935,-0.5157894736842106,-0.8096118299445475,-0.6869300911854104,-0.2886751345948128,-0.6339745962155612,0.0,-0.8214285714285714,-0.7757201646090538
-1.0,0.4,1.0,0.2,-0.40217391304347827,-1.1720430107526882,-0.5157894736842106,-0.7504621072088726,-0.6747720364741642,-0.5,-0.36602540378443876,0.0,-0.7857142857142857,-0.7314814814814815
-1.0,0.6,1.0,0.2,-0.532608695652174,-0.3763440860215054,-1.1263157894736842,-0.7356746765249537,-0.723404255319149,-0.577350269189626,0.0,0.0,-0.75,-0.7006172839506173
-1.0,0.8,2.0,0.2,-0.7608695652173914,-0.5053763440860215,-0.3473684210526316,-0.5841035120147876,-1.2583586626139818,-0.5000000000000001,0.3660254037844388,0.0,-0.7142857142857143,-0.6872427983539101
-1.0,1.0,2.0,0.2,-1.25,-0.7311827956989247,-0.47368421052631576,-0.8724584103512015,-1.2583586626139818,-0.2886751345948132,0.6339745962155612,0.0,-0.6785714285714286,-0.6748971193415644
-1.0,1.2,2.0,0.2,-0.7717391304347826,-1.2150537634408602,-0.6947368421052632,-0.9537892791127545,-0.2613981762917933,-2.1211504774498138e-16,0.7320508075688774,0.0,-0.6428571428571429,-0.6172839506172839
-0.5,-1.0,-1.0,0.2,-0.2717391304347826,-0.7419354838709677,-1.168421052631579,-0.7874306839186695,-0.2613981762917933,0.2886751345948128,0.6339745962155615,0.0,-0.6071428571428571,-0.5967078189300414
-0.5,-0.8,-1.0,0.2,-0.2717391304347826,-0.24731182795698925,-0.7052631578947368,-0.4547134935304996,-0.8571428571428571,0.49999999999999994,0.3660254037844388,0.0,-0.5714285714285714,-0.576131687242799
-0.5,-0.6,-1.0,0.2,-1.141304347826087,-0.24731182795698925,-0.22105263157894736,-0.5804066543438077,-0.0425531914893617,0.5773502691896257,1.793007356604921e-16,0.0,-0.5357142857142857,-0.5874485596707822
-0.5,-0.4,0.0,0.2,-0.7065217391304348,-1.10752688172043,-0.22105263157894736,-0.7282809611829946,-0.3586626139817629,0.5,-0.3660254037844383,0.0,-0.5,-0.6265432098765432
-0.5,-0.2,0.0,0.2,-1.0434782608695652,-0.6774193548387096,-1.063157894736842,-0.9907578558225506,-0.3586626139817629,0.2886751345948128,-0.6339745962155612,1.0,-0.4642857142857143,-0.6707818930041155
-0.5,0.0,0.0,0.2,-0.8152173913043478,-1.010752688172043,-0.6421052631578947,-0.8798521256931606,-1.0638297872340425,0.0,-0.7320508075688771,0.0,-0.42857142857142855,-0.6934156378600829
-0.5,0.2,1.0,0.2,-0.8152173913043478,-0.7849462365591398,-0.968421052631579,-0.9168207024029575,-0.1641337386018237,-0.2886751345948128,-0.6339745962155612,0.0,-0.39285714285714285,-0.6563786008230459
-0.5,0.4,1.0,0.2,-0.8043478260869565,-0.7849462365591398,-0.7473684210526316,-0.8354898336414046,-0.3100303951367781,-0.5,-0.36602540378443876,0.0,-0.35714285714285715,-0.6944444444444444
-0.5,0.6,1.0,0.2,-0.5,-0.7741935483870968,-0.7473684210526316,-0.7282809611829946,-0.5653495440729484,-0.577350269189626,0.0,0.0,-0.32142857142857145,-0.691358024691358
-0.5,0.8,2.0,0.2,-1.2391304347826086,-0.4731182795698925,-0.7368421052631579,-0.8724584103512015,-1.1124620060790273,-0.5000000000000001,0.3660254037844388,0.0,-0.2857142857142857,-0.7366255144032928
-0.5,1.0,2.0,0.2,-1.5217391304347827,-1.2043010752688172,-0.4421052631578947,-1.1164510166358594,-0.5775075987841946,-0.2886751345948132,0.6339745962155612,0.0,-0.25,-0.7623456790123457
-0.5,1.2,2.0,0.2,-1.4673913043478262,-1.4838709677419355,-1.1578947368421053,-1.4454713493530493,-0.0182370820668693,-2.1211504774498138e-16,0.7320508075688774,0.0,-0.21428571428571427,-0.8281893004115229
0.0,-1.0,-1.0,0.2,-0.9782608695652174,-1.4301075268817205,-1.431578947368421,-1.3567467652495375,-0.0182370820668693,0.2886751345948128,0.6339745962155615,0.0,-0.17857142857142858,-0.8950617283950617
0.0,-0.8,-1.0,0.2,0.021739130434782608,-0.946236559139785,-1.3789473684210527,-0.8317929759704255,-0.9908814589665653,0.49999999999999994,0.3660254037844388,0.0,-0.14285714285714285,-0.8672839506172839
0.0,-0.6,-1.0,0.2,-1.641304347826087,0.043010752688172046,-0.9052631578947369,-0.8909426987060997,-0.5045592705167173,0.5773502691896257,1.793007356604921e-16,0.0,-0.10714285714285714,-0.9146090534979426
0.0,-0.4,0.0,0.2,-1.0543478260869565,-1.6021505376344085,0.06315789473684211,-0.9168207024029575,-0.8814589665653495,0.5,-0.3660254037844383,0.0,-0.07142857142857142,-0.9475308641975309
0.0,-0.2,0.0,0.2,-0.2826086956521739,-1.021505376344086,-1.5473684210526315,-1.0203327171903884,-0.6261398176291794,0.2886751345948128,-0.6339745962155612,1.0,-0.03571428571428571,-0.8755144032921817
0.0,0.0,0.0,0.2,-0.2826086956521739,-0.25806451612903225,-0.9789473684210527,-0.5582255083179297,-0.6261398176291794,0.0,-0.7320508075688771,0.0,0.0,-0.8251028806584365
0.0,0.2,1.0,0.2,-0.2826086956521739,-0.25806451612903225,-0.23157894736842105,-0.29574861367837374,-0.6139817629179332,-0.2886751345948128,-0.6339745962155612,0.0,0.03571428571428571,-0.7746913580246914
0.0,0.4,1.0,0.2,0.13043478260869565,-0.25806451612903225,-0.23157894736842105,-0.15526802218114674,-0.2735562310030395,-0.5,-0.36602540378443876,0.0,0.07142857142857142,-0.6862139917695477
0.0,0.6,1.0,0.2,0.22826086956521738,0.15053763440860216,-0.23157894736842105,0.018484288354898057,-1.1003039513677813,-0.577350269189626,0.0,0.0,0.10714285714285714,-0.6172839506172839
0.0,0.8,2.0,0.2,0.6630434782608695,0.24731182795698925,0.16842105263157894,0.3401109057301289,-1.4164133738601823,-0.5000000000000001,0.3660254037844388,0.0,0.14285714285714285,-0.43724279835391006
0.0,1.0,2.0,0.2,-0.5434782608695652,0.6774193548387096,0.2631578947368421,0.11090573012938915,-1.3556231003039514,-0.2886751345948132,0.6339745962155612,0.0,0.17857142857142858,-0.3446502057613175
0.0,1.2,2.0,0.2,-0.03260869565217391,-0.5161290322580645,0.6842105263157895,0.022181146025877185,-0.8085106382978723,-2.1211504774498138e-16,0.7320508075688774,0.0,0.21428571428571427,-0.208847736625515
0.5,-1.0,-1.0,0.2,0.7065217391304348,-0.010752688172043012,-0.4842105263157895,0.036968576709796114,0.3100303951367781,0.2886751345948128,0.6339745962155615,0.0,0.25,-0.04938271604938271
0.5,-0.8,-1.0,0.2,0.29347826086956524,0.7204301075268817,0.010526315789473684,0.3216266173752301,-1.5501519756838906,0.49999999999999994,0.3660254037844388,0.0,0.2857142857142857,-0.023662551440329818
0.5,-0.6,-1.0,0.2,0.0,0.3118279569892473,0.7263157894736842,0.33271719038816905,-0.8936170212765957,0.5773502691896257,1.793007356604921e-16,0.0,0.32142857142857145,0.13168724279835362
0.5,-0.4,0.0,0.2,-0.021739130434782608,0.021505376344086023,0.3263157894736842,0.08502772643253204,-0.030395136778115502,0.5,-0.3660254037844383,1.0,0.35714285714285715,0.2294238683127566
0.5,-0.2,0.0,0.2,0.391304347826087,0.0,0.042105263157894736,0.11829944547134902,-0.030395136778115502,0.2886751345948128,-0.6339745962155612,0.0,0.39285714285714285,0.2932098765432099
0.5,0.0,0.0,0.2,0.25,0.40860215053763443,0.021052631578947368,0.20332717190388105,-0.030395136778115502,0.0,-0.7320508075688771,0.0,0.42857142857142855,0.3436213991769541
0.5,0.2,1.0,0.2,0.8804347826086957,0.26881720430107525,0.42105263157894735,0.510166358595193,0.4316109422492401,-0.2886751345948128,-0.6339745962155612,0.0,0.4642857142857143,0.4537037037037037
0.5,0.4,1.0,0.2,0.9456521739130435,0.8924731182795699,0.28421052631578947,0.698706099815156,0.541033434650456,-0.5,-0.36602540378443876,0.0,0.5,0.5308641975308642
0.5,0.6,1.0,0.2,1.0,0.956989247311828,0.8947368421052632,0.9537892791127528,1.027355623100304,-0.577350269189626,0.0,0.0,0.5357142857142857,0.6039094650205759
0.5,0.8,2.0,0.2,-0.20652173913043478,1.010752688172043,0.9578947368421052,0.5841035120147868,-0.3221884498480243,-0.5000000000000001,0.3660254037844388,0.0,0.5714285714285714,0.5216049382716049
0.5,1.0,2.0,0.2,-0.15217391304347827,-0.1827956989247312,1.0105263157894737,0.21072088724584012,0.24924012158054712,-0.2886751345948132,0.6339745962155612,0.0,0.6071428571428571,0.558641975308642
0.5,1.2,2.0,0.2,-0.2608695652173913,-0.12903225806451613,-0.15789473684210525,-0.2181146025878008,1.0759878419452888,-2.1211504774498138e-16,0.7320508075688774,0.0,0.6428571428571429,0.5370370370370371
1.0,-1.0,-1.0,0.2,0.11956521739130435,-0.23655913978494625,-0.10526315789473684,-0.10720887245841083,0.6139817629179332,0.2886751345948128,0.6339745962155615,0.0,0.6785714285714286,0.48148148148148145
1.0,-0.8,-1.0,0.2,0.0,0.13978494623655913,-0.21052631578947367,-0.05545286506469579,0.2857142857142857,0.49999999999999994,0.3660254037844388,0.0,0.7142857142857143,0.4537037037037037
1.0,-0.6,-1.0,0.2,0.0,0.021505376344086023,0.15789473684210525,0.03327171903881618,0.2613981762917933,0.5773502691896257,1.793007356604921e-16,0.0,0.75,0.4537037037037037
1.0,-0.4,0.0,0.2,1.076086956521739,0.021505376344086023,0.042105263157894736,0.358595194085027,0.723404255319149,0.5,-0.3660254037844383,1.0,0.7857142857142857,0.5576131687242796
1.0,-0.2,0.0,0.2,0.5108695652173914,1.086021505376344,0.042105263157894736,0.5323475046210709,0.5653495440729484,0.2886751345948128,-0.6339745962155612,0.0,0.8214285714285714,0.5689300411522628
1.0,0.0,0.0,0.2,0.33695652173913043,0.5268817204301075,1.0842105263157895,0.6469500924214409,1.2705167173252279,0.0,-0.7320508075688771,0.0,0.8571428571428571,0.5771604938271605
1.0,0.2,1.0,0.2,0.3695652173913043,0.3548387096774194,0.5368421052631579,0.4066543438077629,1.343465045592705,-0.2886751345948128,-0.6339745962155612,0.0,0.8928571428571429,0.5288065843621393
1.0,0.4,1.0,0.2,0.25,0.3870967741935484,0.3684210526315789,0.31792975970425097,1.4042553191489362,-0.5,-0.36602540378443876,0.0,0.9285714285714286,0.46296296296296297
1.0,0.6,1.0,0.2,0.1956521739130435,0.26881720430107525,0.4,0.269870609981515,0.0547112462006079,-0.577350269189626,0.0,0.0,0.9642857142857143,0.386831275720164
1.0,0.8,2.0,0.2,-0.20652173913043478,0.21505376344086022,0.28421052631578947,0.07393715341959303,0.11550151975683891,-0.5000000000000001,0.3660254037844388,0.0,1.0,0.386831275720164
-1.0,-0.8,-1.0,0.4,-0.5,-0.4731182795698925,-1.0105263157894737,-0.7171903881700556,0.0911854103343465,0.49999999999999994,0.3660254037844388,0.0,-1.0,-0.3508230452674903
-1.0,-0.6,-1.0,0.4,-0.5543478260869565,-0.4731182795698925,-0.4421052631578947,-0.5360443622920518,-0.0182370820668693,0.5773502691896257,1.793007356604921e-16,0.0,-0.9642857142857143,-0.3868312757201649
-1.0,-0.4,0.0,0.4,-0.31521739130434784,-0.5268817204301075,-0.4421052631578947,-0.4731977818853977,-0.0182370820668693,0.5,-0.3660254037844383,0.0,-0.9285714285714286,-0.3909465020576138
-1.0,-0.2,0.0,0.4,-0.07608695652173914,-0.2903225806451613,-0.49473684210526314,-0.3290203327171907,-0.0182370820668693,0.2886751345948128,-0.6339745962155612,1.0,-0.8928571428571429,-0.37242798353909523
-1.0,0.0,0.0,0.4,-0.07608695652173914,-0.053763440860215055,-0.2631578947368421,-0.16635859519408575,0.2978723404255319,0.0,-0.7320508075688771,0.0,-0.8571428571428571,-0.35390946502057674
-1.0,0.2,1.0,0.4,-0.07608695652173914,-0.053763440860215055,-0.031578947368421054,-0.08502772643253284,-0.0911854103343465,-0.2886751345948128,-0.6339745962155612,0.0,-0.8214285714285714,-0.36213991769547355
-1.0,0.4,1.0,0.4,0.391304347826087,-0.053763440860215055,-0.031578947368421054,0.07393715341959303,-0.3343465045592705,-0.5,-0.36602540378443876,0.0,-0.7857142857142857,-0.2932098765432099
-1.0,0.6,1.0,0.4,0.15217391304347827,0.40860215053763443,-0.031578947368421054,0.151571164510166,-0.4072948328267477,-0.577350269189626,0.0,0.0,-0.75,-0.22633744855967108
-1.0,0.8,2.0,0.4,0.021739130434782608,0.17204301075268819,0.42105263157894735,0.18484288354898298,-0.8085106382978723,-0.5000000000000001,0.3660254037844388,0.0,-0.7142857142857143,-0.16563786008230513
-1.0,1.0,2.0,0.4,-0.41304347826086957,0.043010752688172046,0.18947368421052632,-0.08872458410351278,-0.9300911854103343,-0.2886751345948132,0.6339745962155612,0.0,-0.6785714285714286,-0.11213991769547355
-1.0,1.2,2.0,0.4,-0.25,-0.3870967741935484,0.06315789473684211,-0.22550831792975984,-0.2735562310030395,-2.1211504774498138e-16,0.7320508075688774,0.0,-0.6428571428571429,-0.03292181069958908
-0.5,-1.0,-1.0,0.4,0.45652173913043476,-0.22580645161290322,-0.35789473684210527,-0.07763401109057377,-0.2735562310030395,0.2886751345948128,0.6339745962155615,0.0,-0.6071428571428571,0.05761316872427954
-0.5,-0.8,-1.0,0.4,0.45652173913043476,0.4731182795698925,-0.2,0.2181146025878,-0.3343465045592705,0.49999999999999994,0.3660254037844388,0.0,-0.5714285714285714,0.14814814814814814
-0.5,-0.6,-1.0,0.4,-0.2608695652173913,0.4731182795698925,0.4842105263157895,0.21441774491682006,-0.0668693009118541,0.5773502691896257,1.793007356604921e-16,0.0,-0.5357142857142857,0.17592592592592593
-0.5,-0.4,0.0,0.4,0.21739130434782608,-0.23655913978494625,0.4842105263157895,0.13308687615526715,0.2006079027355623,0.5,-0.3660254037844383,0.0,-0.5,0.2263374485596702
-0.5,-0.2,0.0,0.4,-0.3804347826086957,0.23655913978494625,-0.21052631578947367,-0.1515711645101668,0.2006079027355623,0.2886751345948128,-0.6339745962155612,1.0,-0.4642857142857143,0.19753086419753085
-0.5,0.0,0.0,0.4,0.2608695652173913,-0.3548387096774194,0.25263157894736843,0.02587800369685712,0.2006079027355623,0.0,-0.7320508075688771,0.0,-0.42857142857142855,0.2294238683127566
-0.5,0.2,1.0,0.4,0.2608695652173913,0.27956989247311825,-0.3263157894736842,0.04066543438077605,0.723404255319149,-0.2886751345948128,-0.6339745962155612,0.0,-0.39285714285714285,0.26131687242798324
-0.5,0.4,1.0,0.4,0.09782608695652174,0.27956989247311825,0.29473684210526313,0.20332717190388105,0.45592705167173253,-0.5,-0.36602540378443876,0.0,-0.35714285714285715,0.23353909465020548
-0.5,0.6,1.0,0.4,0.33695652173913043,0.11827956989247312,0.29473684210526313,0.22920517560073897,0.3100303951367781,-0.577350269189626,0.0,0.0,-0.32142857142857145,0.25102880658436155
-0.5,0.8,2.0,0.4,-0.34782608695652173,0.3548387096774194,0.1368421052631579,0.022181146025877185,-0.1762917933130699,-0.5000000000000001,0.3660254037844388,0.0,-0.2857142857142857,0.21604938271604937
-0.5,1.0,2.0,0.4,-0.8586956521739131,-0.3225806451612903,0.3684210526315789,-0.30314232902033283,0.0060790273556231,-0.2886751345948132,0.6339745962155612,0.0,-0.25,0.17386831275720105
-0.5,1.2,2.0,0.4,-0.9565217391304348,-0.8279569892473119,-0.29473684210526313,-0.7430683918669135,0.7963525835866262,-2.1211504774498138e-16,0.7320508075688774,0.0,-0.21428571428571427,0.10699588477366226
0.0,-1.0,-1.0,0.4,-0.09782608695652174,-0.9247311827956989,-0.7894736842105263,-0.6580406654343807,0.7963525835866262,0.2886751345948128,0.6339745962155615,0.0,-0.17857142857142858,0.05452674897119312
0.0,-0.8,-1.0,0.4,1.0434782608695652,-0.07526881720430108,-0.8842105263157894,-0.011090573012939803,-0.0060790273556231,0.49999999999999994,0.3660254037844388,0.0,-0.14285714285714285,0.11008230452674868
0.0,-0.6,-1.0,0.4,1.0434782608695652,1.053763440860215,-0.05263157894736842,0.6691312384473189,0.5288753799392097,0.5773502691896257,1.793007356604921e-16,0.0,-0.10714285714285714,0.23353909465020548
0.0,-0.4,0.0,0.4,-0.4891304347826087,1.053763440860215,1.0526315789473684,0.5360443622920509,-0.1398176291793313,0.5,-0.3660254037844383,0.0,-0.07142857142857142,0.16666666666666666
0.0,-0.2,0.0,0.4,-0.021739130434782608,-0.46236559139784944,1.0526315789473684,0.173752310536044,0.5775075987841946,0.2886751345948128,-0.6339745962155612,1.0,-0.03571428571428571,0.2006172839506173
0.0,0.0,0.0,0.4,-0.021739130434782608,0.0,-0.43157894736842106,-0.18853974121996372,0.5775075987841946,0.0,-0.7320508075688771,0.0,0.0,0.17386831275720105
0.0,0.2,1.0,0.4,-0.021739130434782608,0.0,0.021052631578947368,-0.029574861367837862,0.3951367781155015,-0.2886751345948128,-0.6339745962155612,0.0,0.03571428571428571,0.1471193415637857
0.0,0.4,1.0,0.4,0.44565217391304346,0.0,0.021052631578947368,0.12939001848428802,0.662613981762918,-0.5,-0.36602540378443876,0.0,0.07142857142857142,0.1800411522633739
0.0,0.6,1.0,0.4,0.4673913043478261,0.46236559139784944,0.021052631578947368,0.29574861367837296,-0.1033434650455927,-0.577350269189626,0.0,0.0,0.10714285714285714,0.19238683127571957
0.0,0.8,2.0,0.4,0.9347826086956522,0.4838709677419355,0.47368421052631576,0.621072088724583,-0.6747720364741642,-0.5000000000000001,0.3660254037844388,0.0,0.14285714285714285,0.3137860082304524
0.0,1.0,2.0,0.4,0.16304347826086957,0.946236559139785,0.49473684210526314,0.524953789279112,-0.78419452887538,-0.2886751345948132,0.6339745962155612,0.0,0.17857142857142858,0.4104938271604938
0.0,1.2,2.0,0.4,0.6086956521739131,0.1827956989247312,0.9473684210526315,0.5730129390018478,0.1762917933130699,-2.1211504774498138e-16,0.7320508075688774,0.0,0.21428571428571427,0.558641975308642
0.5,-1.0,-1.0,0.4,1.0,0.6236559139784946,0.2,0.5951940850277259,1.452887537993921,0.2886751345948128,0.6339745962155615,0.0,0.25,0.6625514403292178
0.5,-0.8,-1.0,0.4,1.0217391304347827,1.010752688172043,0.631578947368421,0.8872458410351188,1.452887537993921,0.49999999999999994,0.3660254037844388,0.0,0.2857142857142857,0.6604938271604939
0.5,-0.6,-1.0,0.4,0.8043478260869565,1.032258064516129,1.0105263157894737,0.9537892791127528,-0.2613981762917933,0.5773502691896257,1.793007356604921e-16,0.0,0.32142857142857145,0.6378600823045264
0.5,-0.4,0.0,0.4,0.5978260869565217,0.8172043010752689,1.0315789473684212,0.8170055452865057,0.2613981762917933,0.5,-0.3660254037844383,1.0,0.35714285714285715,0.7407407407407407
0.5,-0.2,0.0,0.4,1.1195652173913044,0.6129032258064516,0.8210526315789474,0.8502772643253228,0.2613981762917933,0.2886751345948128,-0.6339745962155612,0.0,0.39285714285714285,0.8487654320987654
0.5,0.0,0.0,0.4,1.1195652173913044,1.1290322580645162,0.6210526315789474,0.9574861367837327,0.2613981762917933,0.0,-0.7320508075688771,0.0,0.42857142857142855,0.9567901234567902
0.5,0.2,1.0,0.4,1.423913043478261,1.1290322580645162,1.1263157894736842,1.2384473197781876,0.78419452887538,-0.2886751345948128,-0.6339745962155612,0.0,0.4642857142857143,1.0936213991769541
0.5,0.4,1.0,0.4,1.326086956521739,1.4301075268817205,1.1263157894736842,1.3086876155268008,0.8085106382978723,-0.5,-0.36602540378443876,0.0,0.5,1.1769547325102874
0.5,0.6,1.0,0.4,1.4891304347826086,1.3333333333333333,1.4210526315789473,1.4343807763401095,1.331306990881459,-0.577350269189626,0.0,0.0,0.5357142857142857,1.273662551440329
0.5,0.8,2.0,0.4,0.8804347826086957,1.4946236559139785,1.3263157894736841,1.2495378927911267,0.46808510638297873,-0.5000000000000001,0.3660254037844388,0.0,0.5714285714285714,1.2685185185185186
0.5,1.0,2.0,0.4,0.5217391304347826,0.8924731182795699,1.4842105263157894,0.9759704251386309,0.9665653495440729,-0.2886751345948132,0.6339745962155612,0.0,0.6071428571428571,1.3024691358024691
0.5,1.2,2.0,0.4,0.2826086956521739,0.5376344086021505,0.8947368421052632,0.565619223659888,1.4042553191489362,-2.1211504774498138e-16,0.7320508075688774,0.0,0.6428571428571429,1.271604938271605
1.0,-1.0,-1.0,0.4,0.6413043478260869,0.3010752688172043,0.5473684210526316,0.4842883548983359,1.4285714285714286,0.2886751345948128,0.6339745962155615,0.0,0.6785714285714286,1.2376543209876543
1.0,-0.8,-1.0,0.4,0.6413043478260869,0.6559139784946236,0.3157894736842105,0.524953789279112,1.1854103343465046,0.49999999999999994,0.3660254037844388,0.0,0.7142857142857143,1.2016460905349788
1.0,-0.6,-1.0,0.4,0.6956521739130435,0.6559139784946236,0.6631578947368421,0.665434380776339,0.9544072948328267,0.5773502691896257,1.793007356604921e-16,0.0,0.75,1.191358024691358
1.0,-0.4,0.0,0.4,1.2065217391304348,0.7096774193548387,0.6631578947368421,0.8576709796672818,1.5379939209726443,0.5,-0.3660254037844383,1.0,0.7857142857142857,1.2489711934156376
1.0,-0.2,0.0,0.4,1.423913043478261,1.2150537634408602,0.7157894736842105,1.1238447319778178,1.5379939209726443,0.2886751345948128,-0.6339745962155612,0.0,0.8214285714285714,1.2777777777777777
1.0,0.0,0.0,0.4,1.0978260869565217,1.4301075268817205,1.2105263157894737,1.2606284658040656,1.878419452887538,0.0,-0.7320508075688771,0.0,0.8571428571428571,1.2757201646090528
1.0,0.2,1.0,0.4,0.6847826086956522,1.10752688172043,1.4210526315789473,1.0831792975970416,1.7689969604863223,-0.2886751345948128,-0.6339745962155612,0.0,0.8928571428571429,1.2057613168724277
1.0,0.4,1.0,0.4,0.7608695652173914,0.6989247311827957,1.105263157894737,0.8576709796672818,1.9513677811550152,-0.5,-0.36602540378443876,0.0,0.9285714285714286,1.1522633744855961
1.0,0.6,1.0,0.4,0.8369565217391305,0.7741935483870968,0.7052631578947368,0.7689463955637699,1.2705167173252279,-0.577350269189626,0.0,0.0,0.9642857142857143,1.0905349794238677
1.0,0.8,2.0,0.4,0.43478260869565216,0.8494623655913979,0.7789473684210526,0.6839186691312378,0.8693009118541033,-0.5000000000000001,0.3660254037844388,0.0,1.0,1.0483539094650203
-1.0,-1.0,-1.0,0.6,-0.15217391304347827,-0.5268817204301075,-0.4105263157894737,-0.4066543438077637,0.3221884498480243,0.2886751345948128,0.6339745962155615,0.0,-1.0357142857142858,-0.005144032921811298
-1.0,-0.8,-1.0,0.6,-0.15217391304347827,-0.12903225806451613,-0.49473684210526314,-0.2994454713493537,0.1276595744680851,0.49999999999999994,0.3660254037844388,0.0,-1.0,-0.022633744855967378
-1.0,-0.6,-1.0,0.6,-0.22826086956521738,-0.12903225806451613,-0.10526315789473684,-0.18853974121996372,-0.1398176291793313,0.5773502691896257,1.793007356604921e-16,0.0,-0.9642857142857143,-0.030864197530864196
-1.0,-0.4,0.0,0.6,-0.05434782608695652,-0.20430107526881722,-0.10526315789473684,-0.15526802218114674,-0.1762917933130699,0.5,-0.3660254037844383,0.0,-0.9285714285714286,0.0
-1.0,-0.2,0.0,0.6,0.06521739130434782,-0.03225806451612903,-0.17894736842105263,-0.0813308687615529,1.1854103343465046,0.2886751345948128,-0.6339745962155612,1.0,-0.8928571428571429,0.04526748971193386
-1.0,0.0,0.0,0.6,0.42391304347826086,0.08602150537634409,-0.010526315789473684,0.14048059149722703,0.24924012158054712,0.0,-0.7320508075688771,0.0,-0.8571428571428571,0.009259259259259259
-1.0,0.2,1.0,0.6,1.358695652173913,0.44086021505376344,0.10526315789473684,0.621072088724583,0.0790273556231003,-0.2886751345948128,-0.6339745962155612,0.0,-0.8214285714285714,0.14094650205761286
-1.0,0.4,1.0,0.6,0.09782608695652174,1.3655913978494623,0.45263157894736844,0.632162661737522,0.0790273556231003,-0.5,-0.36602540378443876,0.0,-0.7857142857142857,0.1676954732510282
-1.0,0.6,1.0,0.6,0.08695652173913043,0.11827956989247312,1.3578947368421053,0.5175600739371529,0.030395136778115502,-0.577350269189626,0.0,0.0,-0.75,0.193415637860082
-1.0,0.8,2.0,0.6,-0.06521739130434782,0.10752688172043011,0.1368421052631579,0.03327171903881618,-0.23708206686930092,-0.5000000000000001,0.3660254037844388,0.0,-0.7142857142857143,0.2088477366255141
-1.0,1.0,2.0,0.6,-0.3695652173913043,-0.043010752688172046,0.12631578947368421,-0.1256931608133089,-0.3343465045592705,-0.2886751345948132,0.6339745962155612,0.0,-0.6785714285714286,0.21810699588477336
-1.0,1.2,2.0,0.6,-0.20652173913043478,-0.34408602150537637,-0.021052631578947368,-0.22550831792975984,0.11550151975683891,-2.1211504774498138e-16,0.7320508075688774,0.0,-0.6428571428571429,0.25102880658436155
-0.5,-1.0,-1.0,0.6,0.11956521739130435,-0.1827956989247312,-0.3157894736842105,-0.1626617375231058,0.11550151975683891,0.2886751345948128,0.6339745962155615,0.0,-0.6071428571428571,0.27674897119341535
-0.5,-0.8,-1.0,0.6,0.11956521739130435,0.13978494623655913,-0.15789473684210525,0.0036968576709791273,0.030395136778115502,0.49999999999999994,0.3660254037844388,0.0,-0.5714285714285714,0.30246913580246915
-0.5,-0.6,-1.0,0.6,-0.10869565217391304,0.13978494623655913,0.15789473684210525,0.036968576709796114,0.22492401215805471,0.5773502691896257,1.793007356604921e-16,0.0,-0.5357142857142857,0.3137860082304524
-0.5,-0.4,0.0,0.6,-0.010869565217391304,-0.08602150537634409,0.15789473684210525,-0.007393715341959869,0.3586626139817629,0.5,-0.3660254037844383,0.0,-0.5,0.31790123456790126
-0.5,-0.2,0.0,0.6,-0.2391304347826087,0.010752688172043012,-0.06315789473684211,-0.12939001848428883,0.7598784194528876,0.2886751345948128,-0.6339745962155612,1.0,-0.4642857142857143,0.28909465020576103
-0.5,0.0,0.0,0.6,0.03260869565217391,-0.21505376344086022,0.031578947368421054,-0.0813308687615529,1.8054711246200608,0.0,-0.7320508075688771,0.0,-0.42857142857142855,0.252057613168724
-0.5,0.2,1.0,0.6,2.4239130434782608,0.053763440860215055,-0.18947368421052632,0.7467652495378918,0.3951367781155015,-0.2886751345948128,-0.6339745962155612,0.0,-0.39285714285714285,0.3528806584362134
-0.5,0.4,1.0,0.6,-0.03260869565217391,2.4193548387096775,0.07368421052631578,0.8170055452865057,0.3829787234042553,-0.5,-0.36602540378443876,0.0,-0.35714285714285715,0.34053497942386773
-0.5,0.6,1.0,0.6,0.07608695652173914,-0.010752688172043012,2.389473684210526,0.8317929759704239,0.2127659574468085,-0.577350269189626,0.0,0.0,-0.32142857142857145,0.3395061728395062
-0.5,0.8,2.0,0.6,-0.2608695652173913,0.0967741935483871,0.010526315789473684,-0.0813308687615529,-0.1276595744680851,-0.5000000000000001,0.3660254037844388,0.0,-0.2857142857142857,0.32098765432098764
-0.5,1.0,2.0,0.6,-0.532608695652174,-0.23655913978494625,0.11578947368421053,-0.2513863216266178,0.0547112462006079,-0.2886751345948132,0.6339745962155612,0.0,-0.25,0.3055555555555556
-0.5,1.2,2.0,0.6,-0.5543478260869565,-0.5053763440860215,-0.21052631578947367,-0.46580406654343864,0.4194528875379939,-2.1211504774498138e-16,0.7320508075688774,0.0,-0.21428571428571427,0.2726337448559665
0.0,-1.0,-1.0,0.6,-0.18478260869565216,-0.5268817204301075,-0.47368421052631576,-0.4399260628465807,0.4194528875379939,0.2886751345948128,0.6339745962155615,0.0,-0.17857142857142858,0.24382716049382716
0.0,-0.8,-1.0,0.6,0.967391304347826,-0.16129032258064516,-0.49473684210526314,0.0702402957486131,0.1641337386018237,0.49999999999999994,0.3660254037844388,0.0,-0.14285714285714285,0.32407407407407407
0.0,-0.6,-1.0,0.6,-1.641304347826087,0.978494623655914,-0.1368421052631579,-0.2994454713493537,0.2735562310030395,0.5773502691896257,1.793007356604921e-16,0.0,-0.10714285714285714,0.17901234567901234
0.0,-0.4,0.0,0.6,-0.358695652173913,-1.6021505376344085,0.9789473684210527,-0.3585951940850278,0.0182370820668693,0.5,-0.3660254037844383,0.0,-0.07142857142857142,0.14609053497942326
0.0,-0.2,0.0,0.6,-0.021739130434782608,-0.3333333333333333,-1.5473684210526315,-0.6950092421441776,0.3221884498480243,0.2886751345948128,-0.6339745962155612,1.0,-0.03571428571428571,0.16666666666666666
0.0,0.0,0.0,0.6,-0.021739130434782608,0.0,-0.30526315789473685,-0.14417744916820777,2.9969604863221884,0.0,-0.7320508075688771,0.0,0.0,0.16152263374485537
0.0,0.2,1.0,0.6,-0.021739130434782608,0.0,0.021052631578947368,-0.029574861367837862,0.24924012158054712,-0.2886751345948128,-0.6339745962155612,0.0,0.03571428571428571,-0.06995884773662611
0.0,0.4,1.0,0.6,0.7065217391304348,0.0,0.021052631578947368,0.2181146025878,0.3708206686930091,-0.5,-0.36602540378443876,0.0,0.07142857142857142,0.0
0.0,0.6,1.0,0.6,0.7717391304347826,0.7204301075268817,0.021052631578947368,0.487985212569315,-0.0060790273556231,-0.577350269189626,0.0,0.0,0.10714285714285714,0.06584362139917635
0.0,0.8,2.0,0.6,1.2065217391304348,0.7849462365591398,0.7263157894736842,0.9057301293900177,-0.3100303951367781,-0.5000000000000001,0.3660254037844388,0.0,0.14285714285714285,0.20473251028806524
0.0,1.0,2.0,0.6,0.532608695652174,1.2150537634408602,0.7894736842105263,0.8465804066543429,-0.3343465045592705,-0.2886751345948132,0.6339745962155612,0.0,0.17857142857142858,0.3055555555555556
0.0,1.2,2.0,0.6,0.5652173913043478,0.5483870967741935,1.2105263157894737,0.7763401109057289,0.0790273556231003,-2.1211504774498138e-16,0.7320508075688774,0.0,0.21428571428571427,0.41152263374485537
0.5,-1.0,-1.0,0.6,0.9239130434782609,0.5806451612903226,0.5578947368421052,0.6802218114602578,1.3677811550151975,0.2886751345948128,0.6339745962155615,0.0,0.25,0.5164609053497936
0.5,-0.8,-1.0,0.6,1.0869565217391304,0.9354838709677419,0.5894736842105263,0.8687615526802208,-1.5501519756838906,0.49999999999999994,0.3660254037844388,0.0,0.2857142857142857,0.5277777777777778
0.5,-0.6,-1.0,0.6,0.8586956521739131,1.096774193548387,0.9368421052631579,0.9685767097966718,-0.11550151975683891,0.5773502691896257,1.793007356604921e-16,0.0,0.32142857142857145,0.7644032921810696
0.5,-0.4,0.0,0.6,0.5978260869565217,0.8709677419354839,1.0947368421052632,0.8576709796672818,0.2613981762917933,0.5,-0.3660254037844383,1.0,0.35714285714285715,0.8549382716049383
0.5,-0.2,0.0,0.6,0.9130434782608695,0.6129032258064516,0.8736842105263158,0.7985212569316069,0.2613981762917933,0.2886751345948128,-0.6339745962155612,0.0,0.39285714285714285,0.943415637860082
0.5,0.0,0.0,0.6,0.8260869565217391,0.9247311827956989,0.6210526315789474,0.7874306839186679,0.2613981762917933,0.0,-0.7320508075688771,0.0,0.42857142857142855,1.023662551440329
0.5,0.2,1.0,0.6,1.358695652173913,0.8387096774193549,0.9263157894736842,1.0462107208872446,1.0759878419452888,-0.2886751345948128,-0.6339745962155612,0.0,0.4642857142857143,1.154320987654321
0.5,0.4,1.0,0.6,1.2934782608695652,1.3655913978494623,0.8421052631578947,1.1756007393715329,1.148936170212766,-0.5,-0.36602540378443876,0.0,0.5,1.2098765432098766
0.5,0.6,1.0,0.6,1.3478260869565217,1.3010752688172043,1.3578947368421053,1.3530499075785567,1.635258358662614,-0.577350269189626,0.0,0.0,0.5357142857142857,1.2644032921810697
0.5,0.8,2.0,0.6,0.9782608695652174,1.3548387096774193,1.2947368421052632,1.2236598890942687,0.8814589665653495,-0.5000000000000001,0.3660254037844388,0.0,0.5714285714285714,1.2427983539094647
0.5,1.0,2.0,0.6,0.75,0.989247311827957,1.3473684210526315,1.0388170055452857,0.9179331306990881,-0.2886751345948132,0.6339745962155612,0.0,0.6071428571428571,1.2633744855967073
0.5,1.2,2.0,0.6,0.5760869565217391,0.7634408602150538,0.9894736842105263,0.7763401109057289,1.3191489361702127,-2.1211504774498138e-16,0.7320508075688774,0.0,0.6428571428571429,1.2644032921810697
1.0,-1.0,-1.0,0.6,0.7282608695652174,0.5913978494623656,0.7684210526315789,0.6913123844731969,1.5015197568389058,0.2886751345948128,0.6339745962155615,0.0,0.6785714285714286,1.2458847736625511
1.0,-0.8,-1.0,0.6,0.6630434782608695,0.7419354838709677,0.6,0.6617375231053598,1.2462006079027355,0.49999999999999994,0.3660254037844388,0.0,0.7142857142857143,1.2057613168724277
1.0,-0.6,-1.0,0.6,0.7065217391304348,0.6774193548387096,0.7473684210526316,0.7060998151571158,0.9544072948328267,0.5773502691896257,1.793007356604921e-16,0.0,0.75,1.191358024691358
1.0,-0.4,0.0,0.6,1.2173913043478262,0.7204301075268817,0.6842105263157895,0.8724584103512008,1.3069908814589666,0.5,-0.3660254037844383,1.0,0.7857142857142857,1.25
1.0,-0.2,0.0,0.6,1.3043478260869565,1.2258064516129032,0.7263157894736842,1.0905730129390008,1.209726443768997,0.2886751345948128,-0.6339745962155612,0.0,0.8214285714285714,1.287037037037037
1.0,0.0,0.0,0.6,1.1521739130434783,1.3118279569892473,1.2210526315789474,1.2421441774491668,1.8054711246200608,0.0,-0.7320508075688771,0.0,0.8571428571428571,1.3179012345679013
1.0,0.2,1.0,0.6,1.0978260869565217,1.1612903225806452,1.305263157894737,1.2014787430683906,1.7325227963525835,-0.2886751345948128,-0.6339745962155612,0.0,0.8928571428571429,1.2932098765432098
1.0,0.4,1.0,0.6,1.0217391304347827,1.10752688172043,1.1578947368421053,1.1053604436229196,1.7933130699088147,-0.5,-0.36602540378443876,0.0,0.9285714285714286,1.2674897119341562
1.0,0.6,1.0,0.6,0.8913043478260869,1.032258064516129,1.105263157894737,1.0166358595194076,1.3799392097264438,-0.577350269189626,0.0,0.0,0.9642857142857143,1.224279835390946
1.0,0.8,2.0,0.6,0.7608695652173914,0.9032258064516129,1.0315789473684212,0.9020332717190378,1.1246200607902737,-0.5000000000000001,0.3660254037844388,0.0,1.0,1.2037037037037037
-1.0,-0.8,-1.0,0.8,-0.33695652173913043,-0.3118279569892473,-1.1263157894736842,-0.6469500924214417,-0.45592705167173253,0.49999999999999994,0.3660254037844388,0.0,-1.0,-0.5987654320987654
-1.0,-0.6,-1.0,0.8,-0.7717391304347826,-0.3118279569892473,-0.28421052631578947,-0.4990757855822556,-0.3951367781155015,0.5773502691896257,1.793007356604921e-16,0.0,-0.9642857142857143,-0.6090534979423872
-1.0,-0.4,0.0,0.8,-0.08695652173913043,-0.7419354838709677,-0.28421052631578947,-0.41404805914972276,-0.3951367781155015,0.5,-0.3660254037844383,0.0,-0.9285714285714286,-0.5596707818930045
-1.0,-0.2,0.0,0.8,-0.44565217391304346,-0.06451612903225806,-0.7052631578947368,-0.4510166358595197,-0.3951367781155015,0.2886751345948128,-0.6339745962155612,1.0,-0.8928571428571429,-0.5442386831275723
-1.0,0.0,0.0,0.8,-0.44565217391304346,-0.41935483870967744,-0.042105263157894736,-0.34011090573012975,-0.45592705167173253,0.0,-0.7320508075688771,0.0,-0.8571428571428571,-0.5288065843621402
-1.0,0.2,1.0,0.8,-0.44565217391304346,-0.41935483870967744,-0.3894736842105263,-0.4621072088724587,-0.2735562310030395,-0.2886751345948128,-0.6339745962155612,0.0,-0.8214285714285714,-0.5082304526748977
-1.0,0.4,1.0,0.8,-0.17391304347826086,-0.41935483870967744,-0.3894736842105263,-0.3696857670979668,-0.5167173252279635,-0.5,-0.36602540378443876,0.0,-0.7857142857142857,-0.4773662551440335
-1.0,0.6,1.0,0.8,-0.4673913043478261,-0.15053763440860216,-0.3894736842105263,-0.37707948243992667,-0.5167173252279635,-0.577350269189626,0.0,0.0,-0.75,-0.4537037037037037
-1.0,0.8,2.0,0.8,-0.7717391304347826,-0.44086021505376344,-0.12631578947368421,-0.48798521256931665,-1.0638297872340425,-0.5000000000000001,0.3660254037844388,0.0,-0.7142857142857143,-0.458847736625515
-1.0,1.0,2.0,0.8,-1.2826086956521738,-0.7419354838709677,-0.4105263157894737,-0.8650646950092424,-1.0638297872340425,-0.2886751345948132,0.6339745962155612,0.0,-0.6785714285714286,-0.4660493827160494
-1.0,1.2,2.0,0.8,-0.6304347826086957,-1.2473118279569892,-0.7052631578947368,-0.9205175600739375,-0.0911854103343465,-2.1211504774498138e-16,0.7320508075688774,0.0,-0.6428571428571429,-0.41152263374485626
-0.5,-1.0,-1.0,0.8,-0.06521739130434782,-0.6021505376344086,-1.2,-0.6802218114602587,-0.0911854103343465,0.2886751345948128,0.6339745962155615,0.0,-0.6071428571428571,-0.38580246913580246
-0.5,-0.8,-1.0,0.8,-0.06521739130434782,-0.043010752688172046,-0.5684210526315789,-0.2661737523105367,-0.5775075987841946,0.49999999999999994,0.3660254037844388,0.0,-0.5714285714285714,-0.36008230452674955
-0.5,-0.6,-1.0,0.8,-1.2608695652173914,-0.043010752688172046,-0.021052631578947368,-0.4805914972273568,0.1884498480243161,0.5773502691896257,1.793007356604921e-16,0.0,-0.5357142857142857,-0.4063786008230459
-0.5,-0.4,0.0,0.8,-0.5543478260869565,-1.2258064516129032,-0.021052631578947368,-0.6469500924214417,-0.2127659574468085,0.5,-0.3660254037844383,0.0,-0.5,-0.4506172839506173
-0.5,-0.2,0.0,0.8,-0.9891304347826086,-0.5268817204301075,-1.1789473684210525,-0.9611829944547136,-0.2127659574468085,0.2886751345948128,-0.6339745962155612,1.0,-0.4642857142857143,-0.5020576131687249
-0.5,0.0,0.0,0.8,-0.7717391304347826,-0.956989247311828,-0.49473684210526314,-0.7948243992606285,-0.2127659574468085,0.0,-0.7320508075688771,0.0,-0.42857142857142855,-0.5329218106995891
-0.5,0.2,1.0,0.8,-0.7717391304347826,-0.7419354838709677,-0.9157894736842105,-0.8687615526802216,0.0911854103343465,-0.2886751345948128,-0.6339745962155612,0.0,-0.39285714285714285,-0.5637860082304533
-0.5,0.4,1.0,0.8,-0.6630434782608695,-0.7419354838709677,-0.7052631578947368,-0.7578558225508316,-0.23708206686930092,-0.5,-0.36602540378443876,0.0,-0.35714285714285715,-0.6100823045267496
-0.5,0.6,1.0,0.8,-0.2826086956521739,-0.6344086021505376,-0.7052631578947368,-0.5914972273567467,-0.5775075987841946,-0.577350269189626,0.0,0.0,-0.32142857142857145,-0.5925925925925926
-0.5,0.8,2.0,0.8,-1.3695652173913044,-0.25806451612903225,-0.6,-0.7948243992606285,-1.148936170212766,-0.5000000000000001,0.3660254037844388,0.0,-0.2857142857142857,-0.6491769547325106
-0.5,1.0,2.0,0.8,-1.315217391304348,-1.3333333333333333,-0.23157894736842105,-1.0166358595194085,-0.4194528875379939,-0.2886751345948132,0.6339745962155612,0.0,-0.25,-0.652263374485597
-0.5,1.2,2.0,0.8,-1.3369565217391304,-1.2795698924731183,-1.2842105263157895,-1.3752310536044363,0.2127659574468085,-2.1211504774498138e-16,0.7320508075688774,0.0,-0.21428571428571427,-0.7191358024691358
0.0,-1.0,-1.0,0.8,-0.9021739130434783,-1.3010752688172043,-1.231578947368421,-1.2162661737523104,0.2127659574468085,0.2886751345948128,0.6339745962155615,0.0,-0.17857142857142858,-0.7983539094650212
0.0,-0.8,-1.0,0.8,0.09782608695652174,-0.8709677419354839,-1.2526315789473683,-0.7356746765249537,-1.1246200607902737,0.49999999999999994,0.3660254037844388,0.0,-0.14285714285714285,-0.7829218106995891
0.0,-0.6,-1.0,0.8,0.09782608695652174,0.11827956989247312,-0.8315789473684211,-0.24768946395563785,-0.3343465045592705,0.5773502691896257,1.793007356604921e-16,0.0,-0.10714285714285714,-0.654320987654321
0.0,-0.4,0.0,0.8,-0.6630434782608695,0.11827956989247312,0.1368421052631579,-0.16635859519408575,-0.8206686930091185,0.5,-0.3660254037844383,0.0,-0.07142857142857142,-0.6646090534979426
0.0,-0.2,0.0,0.8,-0.17391304347826086,-0.6344086021505376,0.1368421052631579,-0.2587800369685768,-0.5775075987841946,0.2886751345948128,-0.6339745962155612,1.0,-0.03571428571428571,-0.5874485596707822
0.0,0.0,0.0,0.8,-0.17391304347826086,-0.15053763440860216,-0.6,-0.35120147874306873,-0.5775075987841946,0.0,-0.7320508075688771,0.0,0.0,-0.5308641975308642
0.0,0.2,1.0,0.8,-0.17391304347826086,-0.15053763440860216,-0.12631578947368421,-0.18484288354898382,-0.45592705167173253,-0.2886751345948128,-0.6339745962155612,0.0,0.03571428571428571,-0.4742798353909471
0.0,0.4,1.0,0.8,0.31521739130434784,-0.15053763440860216,-0.12631578947368421,-0.018484288354898865,-0.030395136778115502,-0.5,-0.36602540378443876,0.0,0.07142857142857142,-0.38168724279835453
0.0,0.6,1.0,0.8,0.2608695652173913,0.3333333333333333,-0.12631578947368421,0.12939001848428802,-1.2462006079027355,-0.577350269189626,0.0,0.0,0.10714285714285714,-0.33024691358024694
0.0,0.8,2.0,0.8,0.6413043478260869,0.27956989247311825,0.3473684210526316,0.4066543438077629,-1.1854103343465046,-0.5000000000000001,0.3660254037844388,0.0,0.14285714285714285,-0.13991769547325134
0.0,1.0,2.0,0.8,-0.2826086956521739,0.6559139784946236,0.29473684210526313,0.20332717190388105,-1.209726443768997,-0.2886751345948132,0.6339745962155612,0.0,0.17857142857142858,-0.042181069958848336
0.0,1.2,2.0,0.8,0.043478260869565216,-0.25806451612903225,0.6631578947368421,0.12939001848428802,-0.723404255319149,-2.1211504774498138e-16,0.7320508075688774,0.0,0.21428571428571427,0.08847736625514373
0.5,-1.0,-1.0,0.8,0.9130434782608695,0.06451612903225806,-0.23157894736842105,0.2218114602587791,0.3951367781155015,0.2886751345948128,0.6339745962155615,0.0,0.25,0.2602880658436208
0.5,-0.8,-1.0,0.8,0.532608695652174,0.9247311827956989,0.08421052631578947,0.499075785582254,0.3951367781155015,0.49999999999999994,0.3660254037844388,0.0,0.2857142857142857,0.3014403292181067
0.5,-0.6,-1.0,0.8,0.2391304347826087,0.5483870967741935,0.9263157894736842,0.565619223659888,-0.45592705167173253,0.5773502691896257,1.793007356604921e-16,0.0,0.32142857142857145,0.3148148148148148
0.5,-0.4,0.0,0.8,0.13043478260869565,0.25806451612903225,0.5578947368421052,0.29944547134935207,0.0911854103343465,0.5,-0.3660254037844383,1.0,0.35714285714285715,0.38991769547325045
0.5,-0.2,0.0,0.8,0.6413043478260869,0.15053763440860216,0.2736842105263158,0.336414048059149,0.0911854103343465,0.2886751345948128,-0.6339745962155612,0.0,0.39285714285714285,0.46707818930041095
0.5,0.0,0.0,0.8,0.5869565217391305,0.6559139784946236,0.16842105263157894,0.454713493530498,0.0911854103343465,0.0,-0.7320508075688771,0.0,0.42857142857142855,0.539094650205761
0.5,0.2,1.0,0.8,1.2934782608695652,0.6021505376344086,0.6631578947368421,0.8502772643253228,0.6382978723404256,-0.2886751345948128,-0.6339745962155612,0.0,0.4642857142857143,0.6779835390946499
0.5,0.4,1.0,0.8,1.184782608695652,1.3010752688172043,0.6105263157894737,1.0351201478743057,0.5775075987841946,-0.5,-0.36602540378443876,0.0,0.5,0.7602880658436209
0.5,0.6,1.0,0.8,0.8043478260869565,1.1935483870967742,1.2947368421052632,1.1090573012938987,1.0030395136778116,-0.577350269189626,0.0,0.0,0.5357142857142857,0.8117283950617284
0.5,0.8,2.0,0.8,0.043478260869565216,0.8172043010752689,1.1894736842105262,0.6839186691312378,-0.030395136778115502,-0.5000000000000001,0.3660254037844388,0.0,0.5714285714285714,0.7551440329218104
0.5,1.0,2.0,0.8,-0.22826086956521738,0.06451612903225806,0.8210526315789474,0.20332717190388105,0.3343465045592705,-0.2886751345948132,0.6339745962155612,0.0,0.6071428571428571,0.7602880658436209
0.5,1.2,2.0,0.8,-0.17391304347826086,-0.20430107526881722,0.08421052631578947,-0.12939001848428883,1.3069908814589666,-2.1211504774498138e-16,0.7320508075688774,0.0,0.6428571428571429,0.7397119341563783
1.0,-1.0,-1.0,0.8,0.29347826086956524,-0.15053763440860216,-0.17894736842105263,-0.04436229205175679,0.8814589665653495,0.2886751345948128,0.6339745962155615,0.0,0.6785714285714286,0.6810699588477364
1.0,-0.8,-1.0,0.8,0.2608695652173913,0.3118279569892473,-0.12631578947368421,0.12199630314232815,0.5531914893617021,0.49999999999999994,0.3660254037844388,0.0,0.7142857142857143,0.6553497942386826
1.0,-0.6,-1.0,0.8,0.043478260869565216,0.27956989247311825,0.3263157894736842,0.195933456561922,0.4316109422492401,0.5773502691896257,1.793007356604921e-16,0.0,0.75,0.636831275720164
1.0,-0.4,0.0,0.8,1.2391304347826086,0.06451612903225806,0.29473684210526313,0.5175600739371529,1.0030395136778116,0.5,-0.3660254037844383,1.0,0.7857142857142857,0.7417695473251023
1.0,-0.2,0.0,0.8,0.4782608695652174,1.2473118279569892,0.08421052631578947,0.5914972273567459,0.9422492401215805,0.2886751345948128,-0.6339745962155612,0.0,0.8214285714285714,0.7263374485596702
1.0,0.0,0.0,0.8,0.782608695652174,0.4946236559139785,1.2421052631578948,0.8428835489833629,1.7325227963525835,0.0,-0.7320508075688771,0.0,0.8571428571428571,0.7448559670781887
1.0,0.2,1.0,0.8,0.4782608695652174,0.7956989247311828,0.5052631578947369,0.5841035120147868,1.6109422492401215,-0.2886751345948128,-0.6339745962155612,0.0,0.8928571428571429,0.6676954732510282
1.0,0.4,1.0,0.8,0.4782608695652174,0.4946236559139785,0.8,0.5841035120147868,1.1854103343465046,-0.5,-0.36602540378443876,0.0,0.9285714285714286,0.6008230452674894
1.0,0.6,1.0,0.8,0.15217391304347827,0.4946236559139785,0.5052631578947369,0.36968576709796597,0.3343465045592705,-0.577350269189626,0.0,0.0,0.9642857142857143,0.539094650205761
1.0,0.8,2.0,0.8,-0.010869565217391304,0.17204301075268819,0.5052631578947369,0.20332717190388105,0.030395136778115502,-0.5000000000000001,0.3660254037844388,0.0,1.0,0.5339506172839507
