tahun,bulan,kuartal,wilayah_enc,harga_lag1,harga_lag2,harga_lag3,harga_rolling3,harga_lag12,sin_bulan,cos_bulan,is_lebaran_month,tren_index,harga_rolling12
-1.0,-0.8,-1.0,-1.0,-0.4228094575799722,-0.39509536784741145,0.20238931834153198,-0.3217347453353504,-0.39162929745889385,0.49999999999999994,0.3660254037844388,0.0,-1.0,-0.05493993854176387
-1.0,-0.6,-1.0,-1.0,-0.0917941585535466,-0.39509536784741145,-0.39353478566408995,-0.4155320221886031,-0.242152466367713,0.5773502691896257,1.793007356604921e-16,0.0,-0.9642857142857143,-0.0020486078778282585
-1.0,-0.4,0.0,-1.0,-0.0917941585535466,-0.07084468664850137,-0.39353478566408995,-0.29551185073121555,-0.45739910313901344,0.5,-0.3660254037844383,0.0,-0.9285714285714286,0.03221901480584762
-1.0,-0.2,0.0,-1.0,-0.48678720445062584,-0.07084468664850137,-0.059030217849613494,-0.318709026727181,-0.45739910313901344,0.2886751345948128,-0.6339745962155612,1.0,-0.8928571428571429,0.040413446317161955
-1.0,0.0,0.0,-1.0,-0.48678720445062584,-0.45776566757493187,-0.059030217849613494,-0.46192637418053456,0.33482810164424515,0.0,-0.7320508075688771,0.0,-0.8571428571428571,0.048607877828475636
-1.0,0.2,1.0,-1.0,-0.48678720445062584,-0.45776566757493187,-0.45818692902319047,-0.6051437216338882,0.9177877428998505,-0.2886751345948128,-0.6339745962155612,0.0,-0.8214285714285714,-0.04190334295558245
-1.0,0.4,1.0,-1.0,-0.7093184979137691,-0.45776566757493187,-0.45818692902319047,-0.6858295511850732,1.3961136023916294,-0.5,-0.36602540378443876,0.0,-0.7857142857142857,-0.2348449576310645
-1.0,0.6,1.0,-1.0,0.6536856745479833,-0.6757493188010899,-0.45818692902319047,-0.2723146747352497,1.5754857997010463,-0.577350269189626,0.0,0.0,-0.75,-0.3048700996368374
-1.0,0.8,2.0,-1.0,-0.22809457579972184,0.659400544959128,-0.6830639494026705,-0.17851739788199703,0.31689088191330345,-0.5000000000000001,0.3660254037844388,0.0,-0.7142857142857143,-0.515317999813763
-1.0,1.0,2.0,-1.0,-0.16689847009735745,-0.20435967302452315,0.6943078004216444,0.018154311649016645,0.3109118086696562,-0.2886751345948132,0.6339745962155612,0.0,-0.6785714285714286,-0.5607598472855942
-1.0,1.2,2.0,-1.0,-0.1808066759388039,-0.1444141689373297,-0.19676739283204497,-0.28441754916792744,-0.32286995515695066,-2.1211504774498138e-16,0.7320508075688774,0.0,-0.6428571428571429,-0.6073191172362417
-0.5,-1.0,-1.0,-1.0,0.2141863699582754,-0.15803814713896458,-0.13492621222768797,-0.12405446293494708,-0.32286995515695066,0.2886751345948128,0.6339745962155615,0.0,-0.6071428571428571,-0.5220225346866563
-0.5,-0.8,-1.0,-1.0,0.2141863699582754,0.22888283378746593,-0.14898102600140548,0.014120020171457538,0.03288490284005979,0.49999999999999994,0.3660254037844388,0.0,-0.5714285714285714,-0.43672595213707016
-0.5,-0.6,-1.0,-1.0,1.5076495132127956,0.22888283378746593,0.2501756851721715,0.6263237518910743,0.03288490284005979,0.5773502691896257,1.793007356604921e-16,0.0,-0.5357142857142857,-0.22255331036409365
-0.5,-0.4,0.0,-1.0,0.5563282336578581,1.4959128065395095,0.2501756851721715,0.7503782148260213,-0.39162929745889385,0.5,-0.3660254037844383,0.0,-0.5,-0.13576683117608712
-0.5,-0.2,0.0,-1.0,0.07510431154381085,0.5640326975476839,1.5572733661278988,0.6999495713565305,-0.39162929745889385,0.2886751345948128,-0.6339745962155612,1.0,-0.4642857142857143,-0.06052705093584153
-0.5,0.0,0.0,-1.0,-0.019471488178025034,0.09264305177111716,0.5959241040056219,0.14624306606152282,-0.39162929745889385,0.0,-0.7320508075688771,0.0,-0.42857142857142855,0.0020486078778282585
-0.5,0.2,1.0,-1.0,-0.019471488178025034,0.0,0.10962754743499649,-0.0625315179021686,-0.6307922272047832,-0.2886751345948128,-0.6339745962155612,0.0,-0.39285714285714285,0.06462426669149805
-0.5,0.4,1.0,-1.0,-0.14464534075104313,0.0,0.014054813773717497,-0.14220877458396372,0.8340807174887892,-0.5,-0.36602540378443876,0.0,-0.35714285714285715,0.14023652109134926
-0.5,0.6,1.0,-1.0,-0.008344923504867872,-0.1226158038147139,0.014054813773717497,-0.13817448310640462,-0.11360239162929746,-0.577350269189626,0.0,0.0,-0.32142857142857145,0.05158767110531728
-0.5,0.8,2.0,-1.0,-0.2141863699582754,0.010899182561307902,-0.11243851018973998,-0.20877458396369142,-0.04783258594917788,-0.5000000000000001,0.3660254037844388,0.0,-0.2857142857142857,0.053450041903342724
-0.5,1.0,2.0,-1.0,0.0,-0.1907356948228883,0.025298664792691498,-0.15632879475542127,-0.06278026905829596,-0.2886751345948132,0.6339745962155612,0.0,-0.25,0.07579849147965337
-0.5,1.2,2.0,-1.0,-0.005563282336578581,0.01907356948228883,-0.18271257905832747,-0.15532022188603115,0.3617339312406577,-2.1211504774498138e-16,0.7320508075688774,0.0,-0.21428571428571427,0.09926436353477953
0.0,-1.0,-1.0,-1.0,0.3671766342141864,0.013623978201634877,0.03373155305692199,0.05547150781643961,0.3617339312406577,0.2886751345948128,0.6339745962155615,0.0,-0.17857142857142858,0.11975044231306473
0.0,-0.8,-1.0,-1.0,0.5340751043115438,0.3787465940054496,0.028109627547434995,0.24911749873928382,1.7518684603886399,0.49999999999999994,0.3660254037844388,0.0,-0.14285714285714285,0.1625849706676599
0.0,-0.6,-1.0,-1.0,0.5340751043115438,0.5422343324250681,0.40477863668306396,0.4447806354009078,0.7294469357249627,0.5773502691896257,1.793007356604921e-16,0.0,-0.10714285714285714,0.03221901480584762
0.0,-0.4,0.0,-1.0,0.17524339360222532,0.5422343324250681,0.573436401967674,0.37518910741301065,0.21225710014947682,0.5,-0.3660254037844383,0.0,-0.07142857142857142,-0.01880994506006124
0.0,-0.2,0.0,-1.0,0.3143254520166898,0.1907356948228883,0.573436401967674,0.29551185073121555,0.11061285500747384,0.2886751345948128,-0.6339745962155612,1.0,-0.03571428571428571,0.013222832665983578
0.0,0.0,0.0,-1.0,0.3143254520166898,0.32697547683923706,0.21082220660576248,0.21583459404941996,0.11061285500747384,0.0,-0.7320508075688771,0.0,0.0,0.05791973181860485
0.0,0.2,1.0,-1.0,0.3143254520166898,0.32697547683923706,0.35137034434293746,0.2662632375189108,-0.02391629297458894,-0.2886751345948128,-0.6339745962155612,0.0,0.03571428571428571,0.10261663097122613
0.0,0.4,1.0,-1.0,1.5299026425591098,0.32697547683923706,0.35137034434293746,0.7070095814422596,0.12257100149476831,-0.5,-0.36602540378443876,0.0,0.07142857142857142,0.3268460750535431
0.0,0.6,1.0,-1.0,0.9513212795549374,1.5177111716621254,0.35137034434293746,0.9379727685325266,-0.09865470852017937,-0.577350269189626,0.0,0.0,0.10714285714285714,0.45534966011732925
0.0,0.8,2.0,-1.0,0.29207232267037553,0.9509536784741145,1.5797610681658467,0.9299041855774081,0.13153961136023917,-0.5000000000000001,0.3660254037844388,0.0,0.14285714285714285,0.5231399571654718
0.0,1.0,2.0,-1.0,0.3616133518776078,0.30517711171662126,0.9950808151791989,0.5063035804336863,0.12556053811659193,-0.2886751345948132,0.6339745962155612,0.0,0.17857142857142858,0.5715615979141446
0.0,1.2,2.0,-1.0,-0.11126564673157163,0.37329700272479566,0.3288826423049895,0.12102874432677764,0.5261584454409567,-2.1211504774498138e-16,0.7320508075688774,0.0,0.21428571428571427,0.5574075798491477
0.5,-1.0,-1.0,-1.0,-0.03337969401947149,-0.08991825613079019,0.39915671117357693,0.0030257186081694407,0.7055306427503737,0.2886751345948128,0.6339745962155615,0.0,0.25,0.5037713008660021
0.5,-0.8,-1.0,-1.0,0.7983310152990264,-0.013623978201634877,-0.07870695713281799,0.16137165910237003,0.7055306427503737,0.49999999999999994,0.3660254037844388,0.0,0.2857142857142857,0.5391563460284942
0.5,-0.6,-1.0,-1.0,0.4228094575799722,0.8010899182561307,0.0,0.35501765002521424,0.31988041853512705,0.5773502691896257,1.793007356604921e-16,0.0,0.32142857142857145,0.5242573796442873
0.5,-0.4,0.0,-1.0,0.19471488178025034,0.4332425068119891,0.8404778636683063,0.43772062531517925,0.4693572496263079,0.5,-0.3660254037844383,1.0,0.35714285714285715,0.5268646987615233
0.5,-0.2,0.0,-1.0,-0.3337969401947149,0.2098092643051771,0.46099789177793393,0.027231467473524968,0.4693572496263079,0.2886751345948128,-0.6339745962155612,0.0,0.39285714285714285,0.4400782195735168
0.5,0.0,0.0,-1.0,-0.3337969401947149,-0.3079019073569482,0.23049894588896697,-0.24710035300050448,0.4693572496263079,0.0,-0.7320508075688771,0.0,0.42857142857142855,0.3532917403855109
0.5,0.2,1.0,-1.0,-0.43115438108484005,-0.3079019073569482,-0.303583977512298,-0.47402924861321233,1.7757847533632287,-0.2886751345948128,-0.6339745962155612,0.0,0.4642857142857143,0.2534686656113229
0.5,0.4,1.0,-1.0,-0.2364394993045897,-0.4032697547683924,-0.303583977512298,-0.43872919818456896,1.1539611360239164,-0.5,-0.36602540378443876,0.0,0.5,0.016947574262035785
0.5,0.6,1.0,-1.0,-0.10570236439499305,-0.2125340599455041,-0.40196767392832045,-0.35602622289460434,0.445440956651719,-0.577350269189626,0.0,0.0,0.5357142857142857,-0.1245926063879318
0.5,0.8,2.0,-1.0,0.07510431154381085,-0.08446866485013624,-0.20520028109627547,-0.17246596066565814,0.5201793721973094,-0.5000000000000001,0.3660254037844388,0.0,0.5714285714285714,-0.15364559083713564
0.5,1.0,2.0,-1.0,0.2141863699582754,0.09264305177111716,-0.07308503162333099,-0.009077155824508323,0.01195814648729447,-0.2886751345948132,0.6339745962155612,0.0,0.6071428571428571,-0.17338672129621024
0.5,1.2,2.0,-1.0,0.7426981919332406,0.22888283378746593,0.10962754743499649,0.29853756933938497,0.09566517189835576,-2.1211504774498138e-16,0.7320508075688774,0.0,0.6428571428571429,-0.05903715429742039
1.0,-1.0,-1.0,-1.0,1.349095966620306,0.7465940054495913,0.2501756851721715,0.7604639435199193,0.9895366218236173,0.2886751345948128,0.6339745962155615,0.0,0.6785714285714286,0.1260825030263523
1.0,-0.8,-1.0,-1.0,0.7426981919332406,1.340599455040872,0.7842586085734364,0.9520927887039842,0.585949177877429,0.49999999999999994,0.3660254037844388,0.0,0.7142857142857143,0.11863301983424919
1.0,-0.6,-1.0,-1.0,0.25869262865090403,0.7465940054495913,1.3970484891075192,0.7766011094301567,0.34080717488789236,0.5773502691896257,1.793007356604921e-16,0.0,0.75,0.09665704441754351
1.0,-0.4,0.0,-1.0,0.9513212795549374,0.2724795640326976,0.7842586085734364,0.6323751891074132,-0.22720478325859492,0.5,-0.3660254037844383,1.0,0.7857142857142857,0.19797001583015195
1.0,-0.2,0.0,-1.0,0.5285118219749653,0.9509536784741145,0.2951510892480675,0.5547150781643974,-0.22720478325859492,0.2886751345948128,-0.6339745962155612,0.0,0.8214285714285714,0.3134370053077567
1.0,0.0,0.0,-1.0,0.5424200278164116,0.5367847411444142,0.9950808151791989,0.6575895108421583,-0.33183856502242154,0.0,-0.7320508075688771,0.0,0.8571428571428571,0.43076636558338754
1.0,0.2,1.0,-1.0,0.5090403337969402,0.5504087193460491,0.567814476458187,0.497226424609178,-0.12257100149476831,-0.2886751345948128,-0.6339745962155612,0.0,0.8928571428571429,0.5566626315299377
1.0,0.4,1.0,-1.0,0.3810848400556328,0.5177111716621253,0.5818692902319045,0.44377206253151813,0.017937219730941704,-0.5,-0.36602540378443876,0.0,0.9285714285714286,0.6393518949622871
1.0,0.6,1.0,-1.0,0.4812239221140473,0.3923705722070845,0.5481377371749825,0.42158345940494196,0.21225710014947682,-0.577350269189626,0.0,0.0,0.9642857142857143,0.7179439426389793
1.0,0.8,2.0,-1.0,1.3129346314325452,0.4904632152588556,0.41883345045678144,0.7130610186585984,0.3617339312406577,-0.5000000000000001,0.3660254037844388,0.0,1.0,0.8836949436632829
-1.0,-0.8,-1.0,-0.8,-0.7927677329624478,-0.7574931880108992,-0.500351370344343,-0.8421583459404944,-1.1300448430493273,0.49999999999999994,0.3660254037844388,0.0,-1.0,-1.0609926436353476
-1.0,-0.6,-1.0,-0.8,-0.24200278164116829,-0.7574931880108992,-0.7673928320449754,-0.7382753403933435,-1.0852017937219731,0.5773502691896257,1.793007356604921e-16,0.0,-0.9642857142857143,-0.9362138001676132
-1.0,-0.4,0.0,-0.8,-0.6258692628650904,-0.21798365122615804,-0.7673928320449754,-0.6777609682299548,-0.8759342301943199,0.5,-0.3660254037844383,0.0,-0.9285714285714286,-0.8684235031194708
-1.0,-0.2,0.0,-0.8,-0.48678720445062584,-0.5940054495912807,-0.21082220660576248,-0.5668179525970753,-0.8759342301943199,0.2886751345948128,-0.6339745962155612,1.0,-0.8928571428571429,-0.8080826892634321
-1.0,0.0,0.0,-0.8,-0.48678720445062584,-0.45776566757493187,-0.5987350667603655,-0.6555723651033788,-0.8849028400597907,0.0,-0.7320508075688771,0.0,-0.8571428571428571,-0.7477418754073933
-1.0,0.2,1.0,-0.8,-0.48678720445062584,-0.45776566757493187,-0.45818692902319047,-0.6051437216338882,-0.31689088191330345,-0.2886751345948128,-0.6339745962155612,0.0,-0.8214285714285714,-0.6862836390725394
-1.0,0.4,1.0,-0.8,-1.0347705146036161,-0.45776566757493187,-0.45818692902319047,-0.8038325769036814,1.6651718983557549,-0.5,-0.36602540378443876,0.0,-0.7857142857142857,-0.7689729025048885
-1.0,0.6,1.0,-0.8,-1.0069541029207232,-0.9945504087193461,-0.45818692902319047,-0.9924357034795767,0.35575485799701045,-0.577350269189626,0.0,0.0,-0.75,-1.094887792159419
-1.0,0.8,2.0,-0.8,-1.1126564673157162,-0.9673024523160763,-1.0119465917076598,-1.2193645990922848,-0.39162929745889385,-0.5000000000000001,0.3660254037844388,0.0,-0.7142857142857143,-1.2718130179718778
-1.0,1.0,2.0,-0.8,-1.1404728789986092,-1.0708446866485013,-0.9838369641602249,-1.2576903681290976,-0.43647234678624813,-0.2886751345948132,0.6339745962155612,0.0,-0.6785714285714286,-1.3593444454790946
-1.0,1.2,2.0,-0.8,-1.187760778859527,-1.098092643051771,-1.0906535488404778,-1.3232476046394355,-0.7204783258594918,-2.1211504774498138e-16,0.7320508075688774,0.0,-0.6428571428571429,-1.4476208213055217
-0.5,-1.0,-1.0,-0.8,-1.1126564673157162,-1.1444141689373297,-1.118763176387913,-1.3232476046394355,-0.7204783258594918,0.2886751345948128,0.6339745962155615,0.0,-0.6071428571428571,-1.4904553496601172
-0.5,-0.8,-1.0,-0.8,-1.1126564673157162,-1.0708446866485013,-1.1665495432185524,-1.3131618759455375,-0.12855007473841554,0.49999999999999994,0.3660254037844388,0.0,-0.5714285714285714,-1.5332898780147124
-0.5,-0.6,-1.0,-0.8,0.3477051460361613,-1.0708446866485013,-1.0906535488404778,-0.7564296520423602,-0.5411061285500748,0.5773502691896257,1.793007356604921e-16,0.0,-0.5357142857142857,-1.4543253561784149
-0.5,-0.4,0.0,-0.8,0.4172461752433936,0.35967302452316074,-1.0906535488404778,-0.20171457387796288,-0.39162929745889385,0.5,-0.3660254037844383,0.0,-0.5,-1.3146475463264733
-0.5,-0.2,0.0,-0.8,0.3143254520166898,0.42779291553133514,0.38510189739985945,0.3156833081190115,-0.39162929745889385,0.2886751345948128,-0.6339745962155612,1.0,-0.4642857142857143,-1.2073749883601823
-0.5,0.0,0.0,-0.8,-0.5563282336578581,0.32697547683923706,0.45537596626844695,-0.012102874432677763,-0.39162929745889385,0.0,-0.7320508075688771,0.0,-0.42857142857142855,-1.2166868423503119
-0.5,0.2,1.0,-0.8,-0.5563282336578581,-0.5258855585831063,0.35137034434293746,-0.3651033787191127,-0.9805680119581465,-0.2886751345948128,-0.6339745962155612,0.0,-0.39285714285714285,-1.225998696340441
-0.5,0.4,1.0,-0.8,-0.5618915159944368,-0.5258855585831063,-0.5284609978917779,-0.6828038325769038,-0.9506726457399103,-0.5,-0.36602540378443876,0.0,-0.35714285714285715,-1.162678089207561
-0.5,0.6,1.0,-0.8,-0.6536856745479833,-0.5313351498637602,-0.5284609978917779,-0.7181038830055474,-1.0642750373692078,-0.577350269189626,0.0,0.0,-0.32142857142857145,-1.1153738709377032
-0.5,0.8,2.0,-0.8,-1.2100139082058414,-0.6212534059945504,-0.534082923401265,-0.9551185073121534,-1.094170403587444,-0.5000000000000001,0.3660254037844388,0.0,-0.2857142857142857,-1.1284104665238848
-0.5,1.0,2.0,-0.8,-1.2990264255910988,-1.1662125340599454,-0.6268446943078004,-1.222390317700454,-1.1449925261584455,-0.2886751345948132,0.6339745962155612,0.0,-0.25,-1.14964149362138
-0.5,1.2,2.0,-0.8,-1.1321279554937413,-1.2534059945504088,-1.1890372452565003,-1.395864851235502,-1.0642750373692078,-2.1211504774498138e-16,0.7320508075688774,0.0,-0.21428571428571427,-1.1421920104292762
0.0,-1.0,-1.0,-0.8,-0.7927677329624478,-1.0899182561307903,-1.2789880534082922,-1.2445789208270301,-1.0642750373692078,0.2886751345948128,0.6339745962155615,0.0,-0.17857142857142858,-1.099357482074681
0.0,-0.8,-1.0,-0.8,-0.03337969401947149,-0.7574931880108992,-1.1103302881236823,-0.7856782652546648,0.5052316890881914,0.49999999999999994,0.3660254037844388,0.0,-0.14285714285714285,-0.954837508147872
0.0,-0.6,-1.0,-0.8,-0.03337969401947149,-0.013623978201634877,-0.7673928320449754,-0.3872919818456884,0.5799701046337817,0.5773502691896257,1.793007356604921e-16,0.0,-0.10714285714285714,-1.0058664680137812
0.0,-0.4,0.0,-0.8,-0.48678720445062584,-0.013623978201634877,0.0,-0.2763489662128088,0.4693572496263079,0.5,-0.3660254037844383,0.0,-0.07142857142857142,-1.1269205698854639
0.0,-0.2,0.0,-0.8,-0.44506258692628653,-0.45776566757493187,0.0,-0.4256177508825015,-0.4663677130044843,0.2886751345948128,-0.6339745962155612,1.0,-0.03571428571428571,-1.2286060154576774
0.0,0.0,0.0,-0.8,-0.44506258692628653,-0.41689373297002724,-0.45818692902319047,-0.5748865355521938,-0.4663677130044843,0.0,-0.7320508075688771,0.0,0.0,-1.21370704907347
0.0,0.2,1.0,-0.8,-0.44506258692628653,-0.41689373297002724,-0.4160224877020379,-0.5597579425113466,-0.47234678624813153,-0.2886751345948128,-0.6339745962155612,0.0,0.03571428571428571,-1.1988080826892633
0.0,0.4,1.0,-0.8,0.6954102920723226,-0.41689373297002724,-0.4160224877020379,-0.14624306606152282,-0.5710014947683109,-0.5,-0.36602540378443876,0.0,0.07142857142857142,-1.030449762547723
0.0,0.6,1.0,-0.8,0.7315716272600834,0.7002724795640327,-0.4160224877020379,0.2803832576903683,-1.1689088191330343,-0.577350269189626,0.0,0.0,0.10714285714285714,-0.8449576310643446
0.0,0.8,2.0,-0.8,0.03616133518776078,0.7356948228882834,0.7364722417427969,0.4548663640948058,-1.2645739910313902,-0.5000000000000001,0.3660254037844388,0.0,0.14285714285714285,-0.678089207561225
0.0,1.0,2.0,-0.8,-0.2086230876216968,0.05449591280653951,0.7730147575544624,0.1270801815431165,-1.0852017937219731,-0.2886751345948132,0.6339745962155612,0.0,0.17857142857142858,-0.532079336995996
0.0,1.2,2.0,-0.8,-0.5563282336578581,-0.18528610354223432,0.07027406886858749,-0.33988905698436706,-0.7204783258594918,-2.1211504774498138e-16,0.7320508075688774,0.0,0.21428571428571427,-0.4549771859577243
0.5,-1.0,-1.0,-0.8,-0.7371349095966621,-0.5258855585831063,-0.1770906535488405,-0.6202723146747354,0.09566517189835576,0.2886751345948128,0.6339745962155615,0.0,0.25,-0.44752770276562054
0.5,-0.8,-1.0,-0.8,-0.3477051460361613,-0.7029972752043597,-0.5284609978917779,-0.670700958144226,0.09566517189835576,0.49999999999999994,0.3660254037844388,0.0,0.2857142857142857,-0.4896172828010058
0.5,-0.6,-1.0,-0.8,-0.11126564673157163,-0.3215258855585831,-0.7111735769501054,-0.509329299041856,-0.39162929745889385,0.5773502691896257,1.793007356604921e-16,0.0,0.32142857142857145,-0.5000465592699506
0.5,-0.4,0.0,-0.8,0.09735744089012517,-0.08991825613079019,-0.31763879128601546,-0.20675743822491166,-0.34678624813153963,0.5,-0.3660254037844383,1.0,0.35714285714285715,-0.4218269857528633
0.5,-0.2,0.0,-0.8,-0.1168289290681502,0.11444141689373297,-0.07870695713281799,-0.12304589006555741,-0.34678624813153963,0.2886751345948128,-0.6339745962155612,0.0,0.39285714285714285,-0.3778750349194526
0.5,0.0,0.0,-0.8,-0.1168289290681502,-0.09536784741144415,0.13211524947294448,-0.12506303580433675,-0.34678624813153963,0.0,-0.7320508075688771,0.0,0.42857142857142855,-0.33392308408604127
0.5,0.2,1.0,-0.8,-0.29207232267037553,-0.09536784741144415,-0.084328882642305,-0.2662632375189108,0.8789237668161435,-0.2886751345948128,-0.6339745962155612,0.0,0.4642857142857143,-0.3134370053077567
0.5,0.4,1.0,-0.8,-0.5340751043115438,-0.2670299727520436,-0.084328882642305,-0.41754916792738284,0.9177877428998505,-0.5,-0.36602540378443876,0.0,0.5,-0.47807058385324486
0.5,0.6,1.0,-0.8,-0.18636995827538247,-0.5040871934604905,-0.26141953619114544,-0.44276348966212825,0.17040358744394618,-0.577350269189626,0.0,0.0,0.5357142857142857,-0.6009870565229534
0.5,0.8,2.0,-0.8,-0.43115438108484005,-0.16348773841961853,-0.5059732958538299,-0.49319213313161886,-0.09267563527653214,-0.5000000000000001,0.3660254037844388,0.0,0.5714285714285714,-0.6635627153366231
0.5,1.0,2.0,-0.8,-0.46453407510431155,-0.4032697547683924,-0.15460295151089248,-0.46797781139687344,-0.4663677130044843,-0.2886751345948132,0.6339745962155612,0.0,0.6071428571428571,-0.6978303380202997
0.5,1.2,2.0,-0.8,-0.061196105702364396,-0.4359673024523161,-0.40196767392832045,-0.42259203227433206,-0.6606875934230194,-2.1211504774498138e-16,0.7320508075688774,0.0,0.6428571428571429,-0.6315299376105783
1.0,-1.0,-1.0,-0.8,0.5229485396383866,-0.04087193460490463,-0.43569922698524244,-0.0766515380736257,-0.242152466367713,0.2886751345948128,0.6339745962155615,0.0,0.6785714285714286,-0.462799143309433
1.0,-0.8,-1.0,-0.8,0.06954102920723226,0.5313351498637602,-0.028109627547434995,0.11699445284921853,0.01195814648729447,0.49999999999999994,0.3660254037844388,0.0,0.7142857142857143,-0.4069280193686564
1.0,-0.6,-1.0,-0.8,-0.48678720445062584,0.08719346049046321,0.5621925509486999,-0.037317196167422954,0.23617339312406577,0.5773502691896257,1.793007356604921e-16,0.0,0.75,-0.45721203091535534
1.0,-0.4,0.0,-0.8,-0.10292072322670376,-0.45776566757493187,0.10400562192550948,-0.26424609178013103,0.005979073243647235,0.5,-0.3660254037844383,1.0,0.7857142857142857,-0.48403017040692814
1.0,-0.2,0.0,-0.8,0.3143254520166898,-0.08174386920980926,-0.45818692902319047,-0.17549167927382758,0.005979073243647235,0.2886751345948128,-0.6339745962155612,0.0,0.8214285714285714,-0.42629667566812546
1.0,0.0,0.0,-0.8,0.05006954102920723,0.32697547683923706,-0.07027406886858749,0.019162884518406312,-0.18236173393124067,0.0,-0.7320508075688771,0.0,0.8571428571428571,-0.4039482260918148
1.0,0.2,1.0,-0.8,-0.055632823365785816,0.0681198910081744,0.35137034434293746,0.03630862329803329,-0.44245142002989535,-0.2886751345948128,-0.6339745962155612,0.0,0.8928571428571429,-0.37228792252537496
1.0,0.4,1.0,-0.8,0.24478442280945759,-0.035422343324250684,0.084328882642305,0.011094301563288098,-0.0687593423019432,-0.5,-0.36602540378443876,0.0,0.9285714285714286,-0.26799515783592487
1.0,0.6,1.0,-0.8,1.2517385257301807,0.25885558583106266,-0.022487702037947997,0.4467977811396876,-0.33183856502242154,-0.577350269189626,0.0,0.0,0.9642857142857143,-0.0754260173200484
1.0,0.8,2.0,-0.8,0.3143254520166898,1.2452316076294279,0.28109627547434995,0.5809379727685327,-0.36771300448430494,-0.5000000000000001,0.3660254037844388,0.0,1.0,0.024397057454138896
-1.0,-0.8,-1.0,-0.6,-0.3949930458970793,-0.3678474114441417,-0.036542515811665496,-0.3872919818456884,-0.6905829596412556,0.49999999999999994,0.3660254037844388,0.0,-1.0,-0.09628457025793855
-1.0,-0.6,-1.0,-0.6,0.3477051460361613,-0.3678474114441417,-0.36542515811665494,-0.2360060514372164,-0.7892376681614349,0.5773502691896257,1.793007356604921e-16,0.0,-0.9642857142857143,0.052705093584132806
-1.0,-0.4,0.0,-0.6,0.2086230876216968,0.35967302452316074,-0.36542515811665494,-0.017145738779626978,-0.5919282511210763,0.5,-0.3660254037844383,0.0,-0.9285714285714286,0.19536269671291528
-1.0,-0.2,0.0,-0.6,-0.06954102920723226,0.22343324250681199,0.38510189739985945,0.10085728693898122,-0.5919282511210763,0.2886751345948128,-0.6339745962155612,1.0,-0.8928571428571429,0.2761895893472392
-1.0,0.0,0.0,-0.6,-0.06954102920723226,-0.04904632152588556,0.24455375966268447,-0.05042864346949083,0.10762331838565023,0.0,-0.7320508075688771,0.0,-0.8571428571428571,0.35701648198156244
-1.0,0.2,1.0,-0.6,-0.06954102920723226,-0.04904632152588556,-0.036542515811665496,-0.15128593040847205,1.7518684603886399,-0.2886751345948128,-0.6339745962155612,0.0,-0.8214285714285714,0.3506844212682742
-1.0,0.4,1.0,-0.6,-0.8122392211404729,-0.04904632152588556,-0.036542515811665496,-0.4205748865355523,2.200298953662182,-0.5,-0.36602540378443876,0.0,-0.7857142857142857,0.040040972157556344
-1.0,0.6,1.0,-0.6,-0.717663421418637,-0.776566757493188,-0.036542515811665496,-0.6555723651033788,1.1031390134529149,-0.577350269189626,0.0,0.0,-0.75,-0.31380947946736165
-1.0,0.8,2.0,-0.6,-0.6258692628650904,-0.6839237057220708,-0.7870695713281799,-0.8572869389813417,0.35575485799701045,-0.5000000000000001,0.3660254037844388,0.0,-0.7142857142857143,-0.5186702672502096
-1.0,1.0,2.0,-0.6,-0.6731571627260083,-0.5940054495912807,-0.691496837666901,-0.8068582955118508,0.05680119581464873,-0.2886751345948132,0.6339745962155612,0.0,-0.6785714285714286,-0.6367445758450504
-1.0,1.2,2.0,-0.6,-0.5340751043115438,-0.6403269754768393,-0.5987350667603655,-0.7402924861321232,-0.2929745889387145,-2.1211504774498138e-16,0.7320508075688774,0.0,-0.6428571428571429,-0.6989477604991152
-0.5,-1.0,-1.0,-0.6,-0.3949930458970793,-0.5040871934604905,-0.6465214335910049,-0.6565809379727687,-0.2929745889387145,0.2886751345948128,0.6339745962155615,0.0,-0.6071428571428571,-0.6989477604991152
-0.5,-0.8,-1.0,-0.6,-0.3949930458970793,-0.3678474114441417,-0.5059732958538299,-0.5557236510337873,0.5052316890881914,0.49999999999999994,0.3660254037844388,0.0,-0.5714285714285714,-0.6989477604991152
-0.5,-0.6,-1.0,-0.6,2.525730180806676,-0.3678474114441417,-0.36542515811665494,0.5537065052950076,0.35575485799701045,0.5773502691896257,1.793007356604921e-16,0.0,-0.5357142857142857,-0.40730049352826136
-0.5,-0.4,0.0,-0.6,2.1084840055632825,2.4931880108991824,-0.36542515811665494,1.46142208774584,0.05680119581464873,0.5,-0.3660254037844383,0.0,-0.5,-0.15290064251792507
-0.5,-0.2,0.0,-0.6,1.4603616133518775,2.084468664850136,2.5860857343640196,2.134140191628846,0.05680119581464873,0.2886751345948128,-0.6339745962155612,1.0,-0.4642857142857143,0.051960145264922236
-0.5,0.0,0.0,-0.6,0.3477051460361613,1.449591280653951,2.164441321152495,1.3444276348966215,0.05680119581464873,0.0,-0.7320508075688771,0.0,-0.42857142857142855,0.10783126920569883
-0.5,0.2,1.0,-0.6,0.3477051460361613,0.35967302452316074,1.5094869992972593,0.7060010085728694,-0.7414050822122571,-0.2886751345948128,-0.6339745962155612,0.0,-0.39285714285714285,0.16370239314647542
-0.5,0.4,1.0,-0.6,0.06954102920723226,0.35967302452316074,0.38510189739985945,0.20171457387796288,-0.6397608370702541,-0.5,-0.36602540378443876,0.0,-0.35714285714285715,0.28177670174131686
-0.5,0.6,1.0,-0.6,-0.3477051460361613,0.08719346049046321,0.38510189739985945,-0.05042864346949083,-0.5411061285500748,-0.577350269189626,0.0,0.0,-0.32142857142857145,0.3313157649688052
-0.5,0.8,2.0,-0.6,-0.7649513212795549,-0.3215258855585831,0.10400562192550948,-0.45385779122541614,-0.5919282511210763,-0.5000000000000001,0.3660254037844388,0.0,-0.2857142857142857,0.31269205698854613
-0.5,1.0,2.0,-0.6,-0.43949930458970793,-0.7302452316076294,-0.31763879128601546,-0.638426626323752,-0.44245142002989535,-0.2886751345948132,0.6339745962155612,0.0,-0.25,0.343979886395381
-0.5,1.2,2.0,-0.6,-0.3477051460361613,-0.4114441416893733,-0.7392832044975404,-0.638426626323752,-0.2929745889387145,-2.1211504774498138e-16,0.7320508075688774,0.0,-0.21428571428571427,0.36893565508892834
0.0,-1.0,-1.0,-0.6,0.3477051460361613,-0.3215258855585831,-0.41040056219255094,-0.2349974785678267,-0.2929745889387145,0.2886751345948128,0.6339745962155615,0.0,-0.17857142857142858,0.46838625570351067
0.0,-0.8,-1.0,-0.6,1.2294853963838666,0.35967302452316074,-0.31763879128601546,0.3701462430660615,2.8460388639760836,0.49999999999999994,0.3660254037844388,0.0,-0.14285714285714285,0.6859111649129338
0.0,-0.6,-1.0,-0.6,1.2294853963838666,1.223433242506812,0.38510189739985945,0.9420070600100858,2.397608370702541,0.5773502691896257,1.793007356604921e-16,0.0,-0.10714285714285714,0.5123382065369214
0.0,-0.4,0.0,-0.6,0.06954102920723226,1.223433242506812,1.2761770906535488,0.8411497730711046,1.7010463378176384,0.5,-0.3660254037844383,0.0,-0.07142857142857142,0.23931464754632664
0.0,-0.2,0.0,-0.6,0.022253129346314324,0.08719346049046321,1.2761770906535488,0.4034291477559253,0.5052316890881914,0.2886751345948128,-0.6339745962155612,1.0,-0.03571428571428571,0.04674550703044954
0.0,0.0,0.0,-0.6,0.022253129346314324,0.04087193460490463,0.10400562192550948,-0.03429147755925352,0.5052316890881914,0.0,-0.7320508075688771,0.0,0.0,0.0031660303566437903
0.0,0.2,1.0,-0.6,0.022253129346314324,0.04087193460490463,0.05621925509486999,-0.051437216338880494,0.2062780269058296,-0.2886751345948128,-0.6339745962155612,0.0,0.03571428571428571,-0.040413446317161955
0.0,0.4,1.0,-0.6,2.5730180806675937,0.04087193460490463,0.05621925509486999,0.8734241048915787,-0.242152466367713,-0.5,-0.36602540378443876,0.0,0.07142857142857142,0.2948132973274976
0.0,0.6,1.0,-0.6,1.1349095966620306,2.5395095367847413,0.05621925509486999,1.276853252647504,-0.6905829596412556,-0.577350269189626,0.0,0.0,0.10714285714285714,0.4933420243970573
0.0,0.8,2.0,-0.6,0.9958275382475661,1.1307901907356948,2.633872101194659,1.6298537569339386,-0.34080717488789236,-0.5000000000000001,0.3660254037844388,0.0,0.14285714285714285,0.7291181674271345
0.0,1.0,2.0,-0.6,0.25591098748261476,0.9945504087193461,1.18060435699227,0.7897125567322241,-0.242152466367713,-0.2886751345948132,0.6339745962155612,0.0,0.17857142857142858,0.8222367073284287
0.0,1.2,2.0,-0.6,-0.16133518776077885,0.26975476839237056,1.0400562192550948,0.3197175995965711,0.5052316890881914,-2.1211504774498138e-16,0.7320508075688774,0.0,0.21428571428571427,0.847192476021976
0.5,-1.0,-1.0,-0.6,-0.25591098748261476,-0.13896457765667575,0.29234012649332397,-0.13414019162884508,1.452914798206278,0.2886751345948128,0.6339745962155615,0.0,0.25,0.7663655833876521
0.5,-0.8,-1.0,-0.6,1.9248956884561892,-0.23160762942779292,-0.129304286718201,0.47100353000504314,1.452914798206278,0.49999999999999994,0.3660254037844388,0.0,0.2857142857142857,0.8594841232889469
0.5,-0.6,-1.0,-0.6,0.9958275382475661,1.904632152588556,-0.22487702037947996,0.8905698436712053,0.2062780269058296,0.5773502691896257,1.793007356604921e-16,0.0,0.32142857142857145,0.8281962938821119
0.5,-0.4,0.0,-0.6,0.9040333796940194,0.9945504087193461,1.9789177793394237,1.3111447302067576,0.1554559043348281,0.5,-0.3660254037844383,1.0,0.35714285714285715,0.9399385417636652
0.5,-0.2,0.0,-0.6,0.06954102920723226,0.9046321525885559,1.0400562192550948,0.638426626323752,0.1554559043348281,0.2886751345948128,-0.6339745962155612,0.0,0.39285714285714285,0.9462706024769527
0.5,0.0,0.0,-0.6,0.06954102920723226,0.08719346049046321,0.9472944483485594,0.3025718608169441,0.1554559043348281,0.0,-0.7320508075688771,0.0,0.42857142857142855,0.952602663190241
0.5,0.2,1.0,-0.6,0.43949930458970793,0.08719346049046321,0.10400562192550948,0.13414019162884508,2.896860986547085,-0.2886751345948128,-0.6339745962155612,0.0,0.4642857142857143,1.0084737871310177
0.5,0.4,1.0,-0.6,0.6731571627260083,0.44959128065395093,0.10400562192550948,0.3530005042864349,1.351270553064275,-0.5,-0.36602540378443876,0.0,0.5,0.7540739361206813
0.5,0.6,1.0,-0.6,0.2086230876216968,0.6784741144414169,0.47786366830639493,0.4034291477559253,1.201793721973094,-0.577350269189626,0.0,0.0,0.5357142857142857,0.6300400409721572
0.5,0.8,2.0,-0.6,0.16133518776077885,0.22343324250681199,0.7139845397048489,0.3025718608169441,0.40657698056801195,-0.5000000000000001,0.3660254037844388,0.0,0.5714285714285714,0.518297793090604
0.5,1.0,2.0,-0.6,0.3949930458970793,0.1771117166212534,0.24455375966268447,0.20171457387796288,-0.04185351270553064,-0.2886751345948132,0.6339745962155612,0.0,0.6071428571428571,0.5369215010708631
0.5,1.2,2.0,-0.6,1.4130737134909597,0.40599455040871935,0.19676739283204497,0.638426626323752,-0.14349775784753363,-2.1211504774498138e-16,0.7320508075688774,0.0,0.6428571428571429,0.7477418754073937
1.0,-1.0,-1.0,-0.6,1.7385257301808066,1.4032697547683923,0.4328882642304989,1.2102874432677764,2.200298953662182,0.2886751345948128,0.6339745962155615,0.0,0.6785714285714286,1.0148058478443058
1.0,-0.8,-1.0,-0.6,1.7385257301808066,1.7220708446866484,1.4617006324666197,1.6974281391830564,1.201793721973094,0.49999999999999994,0.3660254037844388,0.0,0.7142857142857143,0.9898500791507585
1.0,-0.6,-1.0,-0.6,0.5785813630041725,1.7220708446866484,1.7905832747716093,1.3948562783661123,1.1031390134529149,0.5773502691896257,1.793007356604921e-16,0.0,0.75,0.9339789552099819
1.0,-0.4,0.0,-0.6,0.8122392211404729,0.5858310626702997,1.7905832747716093,1.0590015128593042,0.2062780269058296,0.5,-0.3660254037844383,1.0,0.7857142857142857,0.921687307943011
1.0,-0.2,0.0,-0.6,0.717663421418637,0.8147138964577657,0.6184118060435699,0.6888552697932429,0.2062780269058296,0.2886751345948128,-0.6339745962155612,0.0,0.8214285714285714,1.0084737871310177
1.0,0.0,0.0,-0.6,0.5340751043115438,0.7220708446866485,0.8545326774420239,0.6727181038830056,0.6038863976083707,0.0,-0.7320508075688771,0.0,0.8571428571428571,1.0706769717850824
1.0,0.2,1.0,-0.6,0.43949930458970793,0.5422343324250681,0.7589599437807449,0.5375693393847708,0.8550074738415545,-0.2886751345948128,-0.6339745962155612,0.0,0.8928571428571429,1.0706769717850824
1.0,0.4,1.0,-0.6,0.717663421418637,0.44959128065395093,0.573436401967674,0.5375693393847708,0.35575485799701045,-0.5,-0.36602540378443876,0.0,0.9285714285714286,1.076636558338765
1.0,0.6,1.0,-0.6,1.5076495132127956,0.7220708446866485,0.47786366830639493,0.8905698436712053,0.30493273542600896,-0.577350269189626,0.0,0.0,0.9642857142857143,1.250581990874383
1.0,0.8,2.0,-0.6,0.7649513212795549,1.4959128065395095,0.7589599437807449,1.0085728693898135,0.5560538116591929,-0.5000000000000001,0.3660254037844388,0.0,1.0,1.3314088835087063
-1.0,-0.8,-1.0,-0.4,-0.8539638386648123,-0.8174386920980926,-0.500351370344343,-0.8865355521936462,-0.7414050822122571,0.49999999999999994,0.3660254037844388,0.0,-1.0,-0.4784430580128505
-1.0,-0.6,-1.0,-0.4,-0.18636995827538247,-0.8174386920980926,-0.8292340126493324,-0.7624810892586991,-0.7204783258594918,0.5773502691896257,1.793007356604921e-16,0.0,-0.9642857142857143,-0.39463637210168556
-1.0,-0.4,0.0,-0.4,0.013908205841446454,-0.16348773841961853,-0.8292340126493324,-0.44780635400907726,-0.6666666666666666,0.5,-0.3660254037844383,0.0,-0.9285714285714286,-0.28661886581618395
-1.0,-0.2,0.0,-0.4,-0.29763560500695413,0.0326975476839237,-0.15460295151089248,-0.24609178013111438,-0.34678624813153963,0.2886751345948128,-0.6339745962155612,1.0,-0.8928571428571429,-0.2270230002793558
-1.0,0.0,0.0,-0.4,-0.29763560500695413,-0.2724795640326976,0.04778636683063949,-0.2864346949067072,-0.008968609865470852,0.0,-0.7320508075688771,0.0,-0.8571428571428571,-0.20728186982028118
-1.0,0.2,1.0,-0.4,-0.29763560500695413,-0.2724795640326976,-0.2670414617006325,-0.3993948562783662,1.5754857997010463,-0.2886751345948128,-0.6339745962155612,0.0,-0.8214285714285714,-0.22963031939659181
-1.0,0.4,1.0,-0.4,-0.6397774687065368,-0.2724795640326976,-0.2670414617006325,-0.5234493192133133,1.7399103139013452,-0.5,-0.36602540378443876,0.0,-0.7857142857142857,-0.49520439519508347
-1.0,0.6,1.0,-0.4,0.22253129346314326,-0.6076294277929155,-0.2670414617006325,-0.33484619263741827,0.2750373692077728,-0.577350269189626,0.0,0.0,-0.75,-0.6657975602942542
-1.0,0.8,2.0,-0.4,-0.9040333796940194,0.23705722070844687,-0.6127898805340829,-0.5547150781643976,0.16143497757847533,-0.5000000000000001,0.3660254037844388,0.0,-0.7142857142857143,-0.8047304218269855
-1.0,1.0,2.0,-0.4,-1.0848400556328233,-0.8664850136239782,0.258608573436402,-0.7160867372667676,-0.43647234678624813,-0.2886751345948132,0.6339745962155612,0.0,-0.6785714285714286,-0.9537200856690565
-1.0,1.2,2.0,-0.4,-0.7844228094575799,-1.0435967302452316,-0.8798313422347154,-1.0811901159858803,-0.7862481315396114,-2.1211504774498138e-16,0.7320508075688774,0.0,-0.6428571428571429,-0.9879877083527328
-0.5,-1.0,-1.0,-0.4,-0.37552155771905427,-0.7493188010899182,-1.0625439212930428,-0.8895612708018156,-0.7862481315396114,0.2886751345948128,0.6339745962155615,0.0,-0.6071428571428571,-0.9239221529006424
-0.5,-0.8,-1.0,-0.4,-0.37552155771905427,-0.34877384196185285,-0.7589599437807449,-0.6323751891074132,-0.0687593423019432,0.49999999999999994,0.3660254037844388,0.0,-0.5714285714285714,-0.8598565974485518
-0.5,-0.6,-1.0,-0.4,2.1557719054242,-0.34877384196185285,-0.3457484188334505,0.43368633383761973,0.14648729446935724,0.5773502691896257,1.793007356604921e-16,0.0,-0.5357142857142857,-0.5462333550609924
-0.5,-0.4,0.0,-0.4,1.196105702364395,2.130790190735695,-0.3457484188334505,1.0035300050428648,-0.18834080717488788,0.5,-0.3660254037844383,0.0,-0.5,-0.3879318372287924
-0.5,-0.2,0.0,-0.4,0.34214186369958277,1.1907356948228882,2.2122276879831344,1.2637418053454366,-0.18834080717488788,0.2886751345948128,-0.6339745962155612,1.0,-0.4642857142857143,-0.30226278051960137
-0.5,0.0,0.0,-0.4,-0.5618915159944368,0.3542234332425068,1.2424455375966268,0.27836611195158856,-0.18834080717488788,0.0,-0.7320508075688771,0.0,-0.42857142857142855,-0.33764782568209345
-0.5,0.2,1.0,-0.4,-0.5618915159944368,-0.5313351498637602,0.37947997189037247,-0.3590519415027738,-0.5560538116591929,-0.2886751345948128,-0.6339745962155612,0.0,-0.39285714285714285,-0.37303287084458486
-0.5,0.4,1.0,-0.4,-0.26425591098748263,-0.5313351498637602,-0.534082923401265,-0.5789208270297531,0.37070254110612855,-0.5,-0.36602540378443876,0.0,-0.35714285714285715,-0.32274885929788594
-0.5,0.6,1.0,-0.4,-0.7148817802503477,-0.23978201634877383,-0.534082923401265,-0.6343923348461927,-0.8400597907324364,-0.577350269189626,0.0,0.0,-0.32142857142857145,-0.4482726510848311
-0.5,0.8,2.0,-0.4,-0.5757997218358831,-0.6811989100817438,-0.23330990864371048,-0.639435199193142,-1.0343796711509716,-0.5000000000000001,0.3660254037844388,0.0,-0.2857142857142857,-0.40432070025141975
-0.5,1.0,2.0,-0.4,-0.3477051460361613,-0.5449591280653951,-0.6886858749121574,-0.6696923852748363,-0.7115097159940209,-0.2886751345948132,0.6339745962155612,0.0,-0.25,-0.305615047956048
-0.5,1.2,2.0,-0.4,-0.7927677329624478,-0.3215258855585831,-0.5481377371749825,-0.6979324256177509,-0.27204783258594917,-2.1211504774498138e-16,0.7320508075688774,0.0,-0.21428571428571427,-0.3067324704348635
0.0,-1.0,-1.0,-0.4,-0.45897079276773295,-0.7574931880108992,-0.31763879128601546,-0.6555723651033788,-0.27204783258594917,0.2886751345948128,0.6339745962155615,0.0,-0.17857142857142858,-0.31790669522301884
0.0,-0.8,-1.0,-0.4,1.023643949930459,-0.4305177111716621,-0.7673928320449754,-0.1583459404942006,2.4484304932735426,0.49999999999999994,0.3660254037844388,0.0,-0.14285714285714285,-0.13055219294161444
0.0,-0.6,-1.0,-0.4,1.023643949930459,1.021798365122616,-0.43007730147575546,0.5002521432173475,1.4170403587443947,0.5773502691896257,1.793007356604921e-16,0.0,-0.10714285714285714,-0.2821491759009218
0.0,-0.4,0.0,-0.4,-0.33936022253129344,1.021798365122616,1.06816584680253,0.5436207766011097,0.4992526158445441,0.5,-0.3660254037844383,0.0,-0.07142857142857142,-0.4877549120029797
0.0,-0.2,0.0,-0.4,-0.3532684283727399,-0.3133514986376022,1.06816584680253,0.044377206253151946,-0.47234678624813153,0.2886751345948128,-0.6339745962155612,1.0,-0.03571428571428571,-0.5808734519042738
0.0,0.0,0.0,-0.4,-0.3532684283727399,-0.32697547683923706,-0.30920590302178497,-0.454866364094806,-0.47234678624813153,0.0,-0.7320508075688771,0.0,0.0,-0.5529378899338855
0.0,0.2,1.0,-0.4,-0.3532684283727399,-0.32697547683923706,-0.32326071679550245,-0.459909228441755,-0.15246636771300448,-0.2886751345948128,-0.6339745962155612,0.0,0.03571428571428571,-0.5250023279634972
0.0,0.4,1.0,-0.4,2.567454798331015,-0.32697547683923706,-0.32326071679550245,0.5990922844175492,-0.6367713004484304,-0.5,-0.36602540378443876,0.0,0.07142857142857142,-0.14582363348542693
0.0,0.6,1.0,-0.4,0.6954102920723226,2.534059945504087,-0.32326071679550245,0.9793242561775092,-0.4872944693572496,-0.577350269189626,0.0,0.0,0.10714285714285714,0.04302076543439798
0.0,0.8,2.0,-0.4,0.2865090403337969,0.7002724795640327,2.628250175685172,1.211296016137166,-0.242152466367713,-0.5000000000000001,0.3660254037844388,0.0,0.14285714285714285,0.15848775491200273
0.0,1.0,2.0,-0.4,-0.019471488178025034,0.2997275204359673,0.7364722417427969,0.27332324760463933,-0.7204783258594918,-0.2886751345948132,0.6339745962155612,0.0,0.17857142857142858,0.2024397057454141
0.0,1.2,2.0,-0.4,-0.8205841446453408,0.0,0.32326071679550245,-0.2763489662128088,-0.3617339312406577,-2.1211504774498138e-16,0.7320508075688774,0.0,0.21428571428571427,0.19871496414936188
0.5,-1.0,-1.0,-0.4,-0.2086230876216968,-0.784741144414169,0.014054813773717497,-0.4558749369641957,1.2316890881913303,0.2886751345948128,0.6339745962155615,0.0,0.25,0.23223763851382784
0.5,-0.8,-1.0,-0.4,1.3435326842837274,-0.18528610354223432,-0.7955024595924104,0.03832576903681306,1.2316890881913303,0.49999999999999994,0.3660254037844388,0.0,0.2857142857142857,0.2750721668684237
0.5,-0.6,-1.0,-0.4,0.17524339360222532,1.335149863760218,-0.1770906535488405,0.3993948562783662,-0.23318385650224216,0.5773502691896257,1.793007356604921e-16,0.0,0.32142857142857145,0.16146754818884437
0.5,-0.4,0.0,-0.4,0.0917941585535466,0.1907356948228883,1.3914265635980323,0.508320726172466,-0.24813153961136025,0.5,-0.3660254037844383,1.0,0.35714285714285715,0.21920104292764706
0.5,-0.2,0.0,-0.4,-0.48678720445062584,0.10899182561307902,0.21082220660576248,-0.15532022188603115,-0.24813153961136025,0.2886751345948128,-0.6339745962155612,0.0,0.39285714285714285,0.20132228326659854
0.5,0.0,0.0,-0.4,-0.48678720445062584,-0.45776566757493187,0.12649332396345747,-0.3953605648008071,-0.24813153961136025,0.0,-0.7320508075688771,0.0,0.42857142857142855,0.18344352360555005
0.5,0.2,1.0,-0.4,-0.48678720445062584,-0.45776566757493187,-0.45818692902319047,-0.6051437216338882,2.890881913303438,-0.2886751345948128,-0.6339745962155612,0.0,0.4642857142857143,0.16556476394450154
0.5,0.4,1.0,-0.4,0.12517385257301808,-0.45776566757493187,-0.45818692902319047,-0.38325769036812934,0.8789237668161435,-0.5,-0.36602540378443876,0.0,0.5,-0.16146754818884437
0.5,0.6,1.0,-0.4,-0.0890125173852573,0.14168937329700274,-0.45818692902319047,-0.23903177004538584,0.43946188340807174,-0.577350269189626,0.0,0.0,0.5357142857142857,-0.26650526119750434
0.5,0.8,2.0,-0.4,-0.027816411682892908,-0.0681198910081744,0.1602248770203795,-0.07261724659606658,0.11061285500747384,-0.5000000000000001,0.3660254037844388,0.0,0.5714285714285714,-0.3085948412328896
0.5,1.0,2.0,-0.4,0.03616133518776078,-0.008174386920980926,-0.05621925509486999,-0.10489157841654076,-0.750373692077728,-0.2886751345948132,0.6339745962155612,0.0,0.6071428571428571,-0.30114535804078585
0.5,1.2,2.0,-0.4,0.6759388038942976,0.05449591280653951,0.005621925509486999,0.17246596066565814,-0.09267563527653214,-2.1211504774498138e-16,0.7320508075688774,0.0,0.6428571428571429,-0.10075426017320067
1.0,-1.0,-1.0,-0.4,0.8289290681502086,0.6811989100817438,0.07027406886858749,0.4831064044377209,1.5754857997010463,0.2886751345948128,0.6339745962155615,0.0,0.6785714285714286,0.03817860135953089
1.0,-0.8,-1.0,-0.4,-0.26425591098748263,0.8310626702997275,0.7167955024595924,0.374180534543621,0.31988041853512705,0.49999999999999994,0.3660254037844388,0.0,0.7142857142857143,-0.17711146289226182
1.0,-0.6,-1.0,-0.4,0.06397774687065369,-0.23978201634877383,0.8713984539704849,0.1522945032778617,0.23019431988041852,0.5773502691896257,1.793007356604921e-16,0.0,0.75,-0.1920104292764687
1.0,-0.4,0.0,-0.4,1.2378303198887344,0.08174386920980926,-0.23330990864371048,0.30055471507816434,-0.39162929745889385,0.5,-0.3660254037844383,1.0,0.7857142857142857,-0.03855107551913585
1.0,-0.2,0.0,-0.4,0.29207232267037553,1.231607629427793,0.09838369641602249,0.5022692889561272,-0.39162929745889385,0.2886751345948128,-0.6339745962155612,0.0,0.8214285714285714,0.06574168917031357
1.0,0.0,0.0,-0.4,0.6481223922114048,0.30517711171662126,1.2846099789177794,0.7140695915279881,-0.39162929745889385,0.0,-0.7320508075688771,0.0,0.8571428571428571,0.21771114628922592
1.0,0.2,1.0,-0.4,0.11961057023643949,0.6539509536784741,0.3288826423049895,0.308623298033283,0.26606875934230195,-0.2886751345948128,-0.6339745962155612,0.0,0.8928571428571429,0.2989105130831548
1.0,0.4,1.0,-0.4,0.7232267037552156,0.1362397820163488,0.6886858749121574,0.46495209278870425,0.03587443946188341,-0.5,-0.36602540378443876,0.0,0.9285714285714286,0.37899245739826815
1.0,0.6,1.0,-0.4,0.8762169680111266,0.7275204359673024,0.15460295151089248,0.5476550680786688,0.10164424514200299,-0.577350269189626,0.0,0.0,0.9642857142857143,0.5082409907812642
1.0,0.8,2.0,-0.4,-0.005563282336578581,0.8773841961852861,0.7645818692902319,0.5022692889561272,0.17040358744394618,-0.5000000000000001,0.3660254037844388,0.0,1.0,0.5112207840581059
-1.0,-0.8,-1.0,-0.2,-0.8400556328233658,-0.8038147138964578,-0.6099789177793394,-0.9157841654059508,-1.070254110612855,0.49999999999999994,0.3660254037844388,0.0,-1.0,-0.8181394915727719
-1.0,-0.6,-1.0,-0.2,-0.21974965229485396,-0.8038147138964578,-0.8151791988756149,-0.7644982349974787,-1.055306427503737,0.5773502691896257,1.793007356604921e-16,0.0,-0.9642857142857143,-0.6978303380202997
-1.0,-0.4,0.0,-0.2,-0.25312934631432543,-0.19618528610354224,-0.8151791988756149,-0.5516893595562281,-0.953662182361734,0.5,-0.3660254037844383,0.0,-0.9285714285714286,-0.5838532451811155
-1.0,-0.2,0.0,-0.2,-0.40055632823365783,-0.22888283378746593,-0.18833450456781448,-0.39233484619263764,-0.953662182361734,0.2886751345948128,-0.6339745962155612,1.0,-0.8928571428571429,-0.5022814042275816
-1.0,0.0,0.0,-0.2,-0.40055632823365783,-0.37329700272479566,-0.22206605762473647,-0.4578920827029755,-0.30792227204783257,0.0,-0.7320508075688771,0.0,-0.8571428571428571,-0.4207095632740478
-1.0,0.2,1.0,-0.2,-0.40055632823365783,-0.37329700272479566,-0.37104708362614197,-0.5113464447806355,0.7473841554559043,-0.2886751345948128,-0.6339745962155612,0.0,-0.8214285714285714,-0.4195921407952322
-1.0,0.4,1.0,-0.2,-0.8956884561891516,-0.37329700272479566,-0.37104708362614197,-0.6908724155320224,2.1375186846038865,-0.5,-0.36602540378443876,0.0,-0.7857142857142857,-0.6162584970667658
-1.0,0.6,1.0,-0.2,-0.8400556328233658,-0.8583106267029973,-0.37104708362614197,-0.8502269288956129,0.14947683109118087,-0.577350269189626,0.0,0.0,-0.75,-0.9786758543626035
-1.0,0.8,2.0,-0.2,-1.0097357440890125,-0.8038147138964578,-0.8713984539704849,-1.071104387291982,-0.06576980568011959,-0.5000000000000001,0.3660254037844388,0.0,-0.7142857142857143,-1.1161188192569138
-1.0,1.0,2.0,-0.2,-1.004172461752434,-0.9700272479564033,-0.8151791988756149,-1.1104387291981848,-0.5530642750373692,-0.2886751345948132,0.6339745962155612,0.0,-0.6785714285714286,-1.225998696340441
-1.0,1.2,2.0,-0.2,-0.9151599443671766,-0.9645776566757494,-0.9866479269149684,-1.1376701966717098,-0.7713004484304933,-2.1211504774498138e-16,0.7320508075688774,0.0,-0.6428571428571429,-1.2632461123009588
-0.5,-1.0,-1.0,-0.2,-0.7899860917941586,-0.8773841961852861,-0.9810260014054814,-1.0579929399899144,-0.7713004484304933,0.2886751345948128,0.6339745962155615,0.0,-0.6071428571428571,-1.2565415774280657
-0.5,-0.8,-1.0,-0.2,-0.7899860917941586,-0.7547683923705722,-0.8910751932536893,-0.9803328290468989,-0.10463378176382661,0.49999999999999994,0.3660254037844388,0.0,-0.5714285714285714,-1.2498370425551724
-0.5,-0.6,-1.0,-0.2,1.9860917941585536,-0.7547683923705722,-0.7645818692902319,0.07160867372667691,-0.14050822122571002,0.5773502691896257,1.793007356604921e-16,0.0,-0.5357142857142857,-0.9544650339882668
-0.5,-0.4,0.0,-0.2,1.694019471488178,1.9645776566757494,-0.7645818692902319,0.9722642460917802,-0.29895366218236175,0.5,-0.3660254037844383,0.0,-0.5,-0.6937331222646426
-0.5,-0.2,0.0,-0.2,0.7872044506258693,1.6784741144414168,2.0407589599437808,1.5441250630358045,-0.29895366218236175,0.2886751345948128,-0.6339745962155612,1.0,-0.4642857142857143,-0.5346866561132321
-0.5,0.0,0.0,-0.2,-0.05006954102920723,0.7901907356948229,1.7456078706957132,0.8058497226424609,-0.29895366218236175,0.0,-0.7320508075688771,0.0,-0.42857142857142855,-0.4877549120029797
-0.5,0.2,1.0,-0.2,-0.05006954102920723,-0.02997275204359673,0.8292340126493324,0.1734745335350478,-0.8310911808669657,-0.2886751345948128,-0.6339745962155612,0.0,-0.39285714285714285,-0.44082316789272735
-0.5,0.4,1.0,-0.2,-0.16968011126564672,-0.02997275204359673,-0.016865776528460996,-0.1734745335350478,-0.7713004484304933,-0.5,-0.36602540378443876,0.0,-0.35714285714285715,-0.34360741223577607
-0.5,0.6,1.0,-0.2,-0.6203059805285118,-0.14713896457765668,-0.016865776528460996,-0.3802319717599599,-0.953662182361734,-0.577350269189626,0.0,0.0,-0.32142857142857145,-0.31418195362696727
-0.5,0.8,2.0,-0.2,-0.8678720445062587,-0.5885558583106267,-0.1377371749824315,-0.6767523953605649,-0.9476831091180867,-0.5000000000000001,0.3660254037844388,0.0,-0.2857142857142857,-0.29518577148710323
-0.5,1.0,2.0,-0.2,-0.7232267037552156,-0.8310626702997275,-0.5931131412508784,-0.8774583963691379,-0.852017937219731,-0.2886751345948132,0.6339745962155612,0.0,-0.25,-0.2575658813669801
-0.5,1.2,2.0,-0.2,-0.7399165507649513,-0.6893732970027248,-0.8432888264230499,-0.9208270297528999,-0.7174887892376681,-2.1211504774498138e-16,0.7320508075688774,0.0,-0.21428571428571427,-0.23410000931185393
0.0,-1.0,-1.0,-0.2,-0.0584144645340751,-0.7057220708446866,-0.6971187631763879,-0.6273323247604642,-0.7174887892376681,0.2886751345948128,0.6339745962155615,0.0,-0.17857142857142858,-0.1361393053356921
0.0,-0.8,-1.0,-0.2,1.0375521557719054,-0.03814713896457766,-0.7139845397048489,0.011094301563288098,2.266068759342302,0.49999999999999994,0.3660254037844388,0.0,-0.14285714285714285,0.1085762175249094
0.0,-0.6,-1.0,-0.2,1.0375521557719054,1.0354223433242506,-0.025298664792691498,0.655572365103379,1.952167414050822,0.5773502691896257,1.793007356604921e-16,0.0,-0.10714285714285714,-0.018437470900456276
0.0,-0.4,0.0,-0.2,-0.07510431154381085,1.0354223433242506,1.0822206605762474,0.6495209278870401,0.9775784753363229,0.5,-0.3660254037844383,0.0,-0.07142857142857142,-0.25533103640934907
0.0,-0.2,0.0,-0.2,-0.055632823365785816,-0.05449591280653951,1.0822206605762474,0.25315179021684336,0.07772795216741404,0.2886751345948128,-0.6339745962155612,1.0,-0.03571428571428571,-0.36819070676971777
0.0,0.0,0.0,-0.2,-0.055632823365785816,-0.035422343324250684,-0.0421644413211525,-0.14321734745335338,0.07772795216741404,0.0,-0.7320508075688771,0.0,0.0,-0.36893565508892834
0.0,0.2,1.0,-0.2,-0.055632823365785816,-0.035422343324250684,-0.022487702037947997,-0.13615733736762484,-0.05082212257100149,-0.2886751345948128,-0.6339745962155612,0.0,0.03571428571428571,-0.36968060340813824
0.0,0.4,1.0,-0.2,2.2030598052851182,-0.035422343324250684,-0.022487702037947997,0.682803832576904,-0.5351270553064275,-0.5,-0.36602540378443876,0.0,0.07142857142857142,-0.051960145264922236
0.0,0.6,1.0,-0.2,0.9819193324061196,2.1771117166212535,-0.022487702037947997,1.0590015128593042,-0.8011958146487295,-0.577350269189626,0.0,0.0,0.10714285714285714,0.1625849706676599
0.0,0.8,2.0,-0.2,0.5368567454798331,0.9809264305177112,2.260014054813774,1.2738275340393346,-0.6457399103139013,-0.5000000000000001,0.3660254037844388,0.0,0.14285714285714285,0.3506844212682742
0.0,1.0,2.0,-0.2,0.061196105702364396,0.5449591280653951,1.0260014054813773,0.497226424609178,-0.6636771300448431,-0.2886751345948132,0.6339745962155612,0.0,0.17857142857142858,0.4557221342769342
0.0,1.2,2.0,-0.2,-0.6286509040333796,0.07901907356948229,0.5762473647224174,-0.08673726676752412,0.0687593423019432,-2.1211504774498138e-16,0.7320508075688774,0.0,0.21428571428571427,0.47062110066114177
0.5,-1.0,-1.0,-0.2,-0.31710709318497915,-0.5967302452316077,0.09557273366127898,-0.39636913767019677,1.2466367713004485,0.2886751345948128,0.6339745962155615,0.0,0.25,0.43598100381786026
0.5,-0.8,-1.0,-0.2,1.599443671766342,-0.29155313351498635,-0.6015460295151089,0.16137165910237003,1.2466367713004485,0.49999999999999994,0.3660254037844388,0.0,0.2857142857142857,0.5112207840581059
0.5,-0.6,-1.0,-0.2,0.40333796940194716,1.5858310626702998,-0.286718200983837,0.535552193645991,0.05082212257100149,0.5773502691896257,1.793007356604921e-16,0.0,0.32142857142857145,0.42629667566812546
0.5,-0.4,0.0,-0.2,0.6481223922114048,0.4141689373297003,1.6500351370344344,0.8855269793242565,0.07174887892376682,0.5,-0.3660254037844383,1.0,0.35714285714285715,0.5231399571654718
0.5,-0.2,0.0,-0.2,0.13630041724617525,0.6539509536784741,0.4413211524947294,0.35501765002521424,0.07174887892376682,0.2886751345948128,-0.6339745962155612,0.0,0.39285714285714285,0.548840674178229
0.5,0.0,0.0,-0.2,0.06397774687065369,0.15258855585831063,0.6886858749121574,0.23197175995965727,0.07174887892376682,0.0,-0.7320508075688771,0.0,0.42857142857142855,0.5648570630412514
0.5,0.2,1.0,-0.2,0.17524339360222532,0.08174386920980926,0.17146872803935348,0.06051437216338882,2.499252615844544,-0.2886751345948128,-0.6339745962155612,0.0,0.4642857142857143,0.5957724182884814
0.5,0.4,1.0,-0.2,0.2670375521557719,0.1907356948228883,0.09838369641602249,0.1079172970247102,1.186846038863976,-0.5,-0.36602540378443876,0.0,0.5,0.33653040320327793
0.5,0.6,1.0,-0.2,0.06675938803894298,0.28065395095367845,0.21082220660576248,0.10892586989409987,0.7085201793721974,-0.577350269189626,0.0,0.0,0.5357142857142857,0.21398640469317437
0.5,0.8,2.0,-0.2,-0.06397774687065369,0.08446866485013624,0.303583977512298,0.022188603126575755,0.19730941704035873,-0.5000000000000001,0.3660254037844388,0.0,0.5714285714285714,0.13353198621845608
0.5,1.0,2.0,-0.2,0.17246175243393602,-0.043596730245231606,0.10119465917076599,-0.012102874432677763,-0.5440956651718983,-0.2886751345948132,0.6339745962155612,0.0,0.6071428571428571,0.14843095260266295
0.5,1.2,2.0,-0.2,1.1432545201668984,0.1880108991825613,-0.030920590302178495,0.3782148260211801,-0.20926756352765322,-2.1211504774498138e-16,0.7320508075688774,0.0,0.6428571428571429,0.38569699227116133
1.0,-1.0,-1.0,-0.2,1.1210013908205843,1.1389645776566757,0.20801124385101896,0.8078668683812408,1.850523168908819,0.2886751345948128,0.6339745962155615,0.0,0.6785714285714286,0.5782661327870378
1.0,-0.8,-1.0,-0.2,0.022253129346314324,1.11716621253406,1.1890372452565003,0.7534039334341908,0.5650224215246636,0.49999999999999994,0.3660254037844388,0.0,0.7142857142857143,0.36707328429090225
1.0,-0.6,-1.0,-0.2,0.17524339360222532,0.04087193460490463,1.1665495432185524,0.40242057488653565,0.828101644245142,0.5773502691896257,1.793007356604921e-16,0.0,0.75,0.33653040320327793
1.0,-0.4,0.0,-0.2,0.4172461752433936,0.1907356948228883,0.05621925509486999,0.14725163893091295,0.27802690582959644,0.5,-0.3660254037844383,1.0,0.7857142857142857,0.305615047956048
1.0,-0.2,0.0,-0.2,0.2809457579972184,0.42779291553133514,0.21082220660576248,0.2410489157841656,0.20029895366218237,0.2886751345948128,-0.6339745962155612,0.0,0.8214285714285714,0.324983704255517
1.0,0.0,0.0,-0.2,0.04172461752433936,0.29427792915531337,0.45537596626844695,0.19263741805345455,0.31988041853512705,0.0,-0.7320508075688771,0.0,0.8571428571428571,0.322003910978676
1.0,0.2,1.0,-0.2,0.21974965229485396,0.05994550408719346,0.31763879128601546,0.12102874432677764,0.41853512705530643,-0.2886751345948128,-0.6339745962155612,0.0,0.8928571428571429,0.3279634975323586
1.0,0.4,1.0,-0.2,0.7649513212795549,0.23433242506811988,0.0758959943780745,0.2965204236006052,0.20328849028400597,-0.5,-0.36602540378443876,0.0,0.9285714285714286,0.39463637210168556
1.0,0.6,1.0,-0.2,1.1933240611961058,0.7683923705722071,0.25579761068165846,0.7140695915279881,0.06278026905829596,-0.577350269189626,0.0,0.0,0.9642857142857143,0.5454884067417823
1.0,0.8,2.0,-0.2,0.1808066759388039,1.1880108991825613,0.8067463106113844,0.6999495713565305,0.31689088191330345,-0.5000000000000001,0.3660254037844388,0.0,1.0,0.5782661327870378
-1.0,-1.0,-1.0,0.0,-0.5869262865090403,-0.34877384196185285,-0.09557273366127898,-0.4710035300050429,-0.6666666666666666,0.2886751345948128,0.6339745962155615,0.0,-1.0357142857142858,-0.6844212682745133
-1.0,-0.8,-1.0,0.0,-0.5869262865090403,-0.555858310626703,-0.3457484188334505,-0.6374180534543622,-0.8759342301943199,0.49999999999999994,0.3660254037844388,0.0,-1.0,-0.6635627153366231
-1.0,-0.6,-1.0,0.0,-0.016689847009735744,-0.555858310626703,-0.5593815881939564,-0.5073121533030762,-0.8938714499252616,0.5773502691896257,1.793007356604921e-16,0.0,-0.9642857142857143,-0.5402737685073097
-1.0,-0.4,0.0,0.0,-0.16411682892906815,0.0027247956403269754,-0.5593815881939564,-0.3540090771558246,-0.9028400597907325,0.5,-0.3660254037844383,0.0,-0.9285714285714286,-0.4344911071794391
-1.0,-0.2,0.0,0.0,-0.49791376912378305,-0.14168937329700274,0.016865776528460996,-0.3217347453353504,-0.9028400597907325,0.2886751345948128,-0.6339745962155612,1.0,-0.8928571428571429,-0.37228792252537496
-1.0,0.0,0.0,0.0,-0.49791376912378305,-0.46866485013623976,-0.13211524947294448,-0.49621785173978833,-0.40358744394618834,0.0,-0.7320508075688771,0.0,-0.8571428571428571,-0.31008473787131013
-1.0,0.2,1.0,0.0,-0.49791376912378305,-0.46866485013623976,-0.46943078004216443,-0.617246596066566,0.9118086696562033,-0.2886751345948128,-0.6339745962155612,0.0,-0.8214285714285714,-0.31008473787131013
-1.0,0.4,1.0,0.0,-1.0458970792767732,-0.46866485013623976,-0.46943078004216443,-0.8159354513363591,1.6292974588938713,-0.5,-0.36602540378443876,0.0,-0.7857142857142857,-0.5473507775398079
-1.0,0.6,1.0,0.0,-0.9652294853963839,-1.005449591280654,-0.46943078004216443,-0.9853756933938479,0.4872944693572496,-0.577350269189626,0.0,0.0,-0.75,-0.8632088648849984
-1.0,0.8,2.0,0.0,-0.9819193324061196,-0.9264305177111717,-1.0231904427266338,-1.1608673726676755,-0.005979073243647235,-0.5000000000000001,0.3660254037844388,0.0,-0.7142857142857143,-1.0390166682186421
-1.0,1.0,2.0,0.0,-0.9707927677329624,-0.9427792915531336,-0.9416725228390724,-1.1336359051941505,-0.27204783258594917,-0.2886751345948132,0.6339745962155612,0.0,-0.6785714285714286,-1.151876338579011
-1.0,1.2,2.0,0.0,-0.8789986091794159,-0.9318801089918256,-0.9585382993675334,-1.1023701462430664,-0.4992526158445441,-2.1211504774498138e-16,0.7320508075688774,0.0,-0.6428571428571429,-1.2192941614675479
-0.5,-1.0,-1.0,0.0,-0.7009735744089013,-0.8419618528610354,-0.9472944483485594,-1.0005042864346951,-0.4992526158445441,0.2886751345948128,0.6339745962155615,0.0,-0.6071428571428571,-1.2345656020113602
-0.5,-0.8,-1.0,0.0,-0.7009735744089013,-0.667574931880109,-0.8545326774420239,-0.9026727181038833,0.11360239162929746,0.49999999999999994,0.3660254037844388,0.0,-0.5714285714285714,-1.2498370425551724
-0.5,-0.6,-1.0,0.0,1.6995827538247565,-0.667574931880109,-0.67463106113844,0.032274331820474185,-0.04484304932735426,0.5773502691896257,1.793007356604921e-16,0.0,-0.5357142857142857,-1.0200204860787783
-0.5,-0.4,0.0,0.0,1.4993045897079276,1.6839237057220708,-0.67463106113844,0.8300554715078164,-0.40358744394618834,0.5,-0.3660254037844383,0.0,-0.5,-0.797280938634882
-0.5,-0.2,0.0,0.0,0.8650904033379694,1.4877384196185286,1.7512297962052004,1.3978819969742817,-0.40358744394618834,0.2886751345948128,-0.6339745962155612,1.0,-0.4642857142857143,-0.6147686004283454
-0.5,0.0,0.0,0.0,-0.12239221140472879,0.8664850136239782,1.5488404778636684,0.7372667675239539,-0.40358744394618834,0.0,-0.7320508075688771,0.0,-0.42857142857142855,-0.5644845888816464
-0.5,0.2,1.0,0.0,-0.12239221140472879,-0.1008174386920981,0.9079409697821503,0.14926878466969226,-0.992526158445441,-0.2886751345948128,-0.6339745962155612,0.0,-0.39285714285714285,-0.5142005773349475
-0.5,0.4,1.0,0.0,-0.22253129346314326,-0.1008174386920981,-0.08995080815179199,-0.24508320726172472,-0.905829596412556,-0.5,-0.36602540378443876,0.0,-0.35714285714285715,-0.4039482260918148
-0.5,0.6,1.0,0.0,-0.5813630041724618,-0.1989100817438692,-0.08995080815179199,-0.41149773071104395,-0.9237668161434978,-0.577350269189626,0.0,0.0,-0.32142857142857145,-0.3525467920663003
-0.5,0.8,2.0,0.0,-1.004172461752434,-0.5504087193460491,-0.19114546732255797,-0.7312153303076148,-0.9118086696562033,-0.5000000000000001,0.3660254037844388,0.0,-0.2857142857142857,-0.35552658534314197
-0.5,1.0,2.0,0.0,-0.7371349095966621,-0.9645776566757494,-0.5537596626844694,-0.9178013111447305,-0.8131539611360239,-0.2886751345948132,0.6339745962155612,0.0,-0.25,-0.3242387559363071
-0.5,1.2,2.0,0.0,-0.6815020862308763,-0.7029972752043597,-0.9810260014054814,-0.9541099344427638,-0.6218236173393124,-2.1211504774498138e-16,0.7320508075688774,0.0,-0.21428571428571427,-0.2977930906043393
0.0,-1.0,-1.0,0.0,-0.05285118219749652,-0.6485013623978202,-0.7111735769501054,-0.6091780131114475,-0.6218236173393124,0.2886751345948128,0.6339745962155615,0.0,-0.17857142857142858,-0.21100661141633273
0.0,-0.8,-1.0,0.0,0.7371349095966621,-0.0326975476839237,-0.6549543218552354,-0.07463439233484635,1.9581464872944694,0.49999999999999994,0.3660254037844388,0.0,-0.14285714285714285,-0.018437470900456276
0.0,-0.6,-1.0,0.0,0.7371349095966621,0.7411444141689373,-0.019676739283204497,0.4397377710539586,1.742899850523169,0.5773502691896257,1.793007356604921e-16,0.0,-0.10714285714285714,-0.1473135301238474
0.0,-0.4,0.0,0.0,-0.22253129346314326,0.7411444141689373,0.7786366830639494,0.3782148260211801,1.0612855007473843,0.5,-0.3660254037844383,0.0,-0.07142857142857142,-0.3778750349194526
0.0,-0.2,0.0,0.0,-0.3226703755215577,-0.1989100817438692,0.7786366830639494,-0.0060514372163388815,0.0,0.2886751345948128,-0.6339745962155612,1.0,-0.03571428571428571,-0.5369215010708631
0.0,0.0,0.0,0.0,-0.3226703755215577,-0.2970027247956403,-0.19114546732255797,-0.3903177004538579,0.0,0.0,-0.7320508075688771,0.0,0.0,-0.5637396405624359
0.0,0.2,1.0,0.0,-0.3226703755215577,-0.2970027247956403,-0.29234012649332397,-0.4266263237518912,-0.10762331838565023,-0.2886751345948128,-0.6339745962155612,0.0,0.03571428571428571,-0.5905577800540086
0.0,0.4,1.0,0.0,1.847009735744089,-0.2970027247956403,-0.29234012649332397,0.36006051437216346,-0.49327354260089684,-0.5,-0.36602540378443876,0.0,0.07142857142857142,-0.3134370053077567
0.0,0.6,1.0,0.0,0.5869262865090403,1.8283378746594006,-0.29234012649332397,0.6898638426626326,-0.9476831091180867,-0.577350269189626,0.0,0.0,0.10714285714285714,-0.15699785827358223
0.0,0.8,2.0,0.0,0.37273991655076494,0.5940054495912807,1.9002108222066059,0.9420070600100858,-0.6606875934230194,-0.5000000000000001,0.3660254037844388,0.0,0.14285714285714285,0.02737685073098053
0.0,1.0,2.0,0.0,0.027816411682892908,0.38419618528610355,0.6268446943078004,0.2824004034291477,-0.600896860986547,-0.2886751345948132,0.6339745962155612,0.0,0.17857142857142858,0.1298072446224045
0.0,1.2,2.0,0.0,-0.4228094575799722,0.04632152588555858,0.41040056219255094,-0.08371154815935468,0.07473841554559044,-2.1211504774498138e-16,0.7320508075688774,0.0,0.21428571428571427,0.164447341465686
0.5,-1.0,-1.0,0.0,-0.4561891515994437,-0.39509536784741145,0.06184118060435699,-0.384266263237519,0.9237668161434978,0.2886751345948128,0.6339745962155615,0.0,0.25,0.11043858832293485
0.5,-0.8,-1.0,0.0,1.0931849791376913,-0.42779291553133514,-0.39353478566408995,0.002017145738779774,0.9237668161434978,0.49999999999999994,0.3660254037844388,0.0,0.2857142857142857,0.15811528075239778
0.5,-0.6,-1.0,0.0,0.48678720445062584,1.0899182561307903,-0.42726633872101194,0.33182047402924886,-0.10762331838565023,0.5773502691896257,1.793007356604921e-16,0.0,0.32142857142857145,0.1245926063879318
0.5,-0.4,0.0,0.0,0.37273991655076494,0.49591280653950953,1.1384399156711174,0.6323751891074132,-0.21524663677130046,0.5,-0.3660254037844383,1.0,0.35714285714285715,0.20430207654343954
0.5,-0.2,0.0,0.0,-0.22253129346314326,0.38419618528610355,0.5256500351370345,0.15532022188603115,-0.21524663677130046,0.2886751345948128,-0.6339745962155612,0.0,0.39285714285714285,0.21771114628922592
0.5,0.0,0.0,0.0,-0.9541029207232267,-0.1989100817438692,0.41040056219255094,-0.367120524457892,-0.21524663677130046,0.0,-0.7320508075688771,0.0,0.42857142857142855,0.1331595120588511
0.5,0.2,1.0,0.0,-0.15299026425591097,-0.9155313351498637,-0.19114546732255797,-0.557740796772567,2.116591928251121,-0.2886751345948128,-0.6339745962155612,0.0,0.4642857142857143,0.1558804357947667
0.5,0.4,1.0,0.0,0.03894297635605007,-0.1307901907356948,-0.9304286718200984,-0.46293494704992444,0.7623318385650224,-0.5,-0.36602540378443876,0.0,0.5,-0.08622776794859877
0.5,0.6,1.0,0.0,-0.16689847009735745,0.05722070844686648,-0.12087139845397049,-0.17750882501260734,0.5321375186846039,-0.577350269189626,0.0,0.0,0.5357142857142857,-0.1871682652016016
0.5,0.8,2.0,0.0,-0.25312934631432543,-0.1444141689373297,0.07308503162333099,-0.21381744831064065,0.16143497757847533,-0.5000000000000001,0.3660254037844388,0.0,0.5714285714285714,-0.2709749511127665
0.5,1.0,2.0,0.0,-0.06675938803894298,-0.22888283378746593,-0.13492621222768797,-0.25214321734745326,-0.32286995515695066,-0.2886751345948132,0.6339745962155612,0.0,0.6071428571428571,-0.2836390725393423
0.5,1.2,2.0,0.0,1.0570236439499305,-0.04632152588555858,-0.22206605762473647,0.19162884518406445,-0.35874439461883406,-2.1211504774498138e-16,0.7320508075688774,0.0,0.6428571428571429,-0.0854828196293882
1.0,-1.0,-1.0,0.0,1.4520166898470097,1.0544959128065394,-0.03373155305692199,0.8098840141200205,1.3064275037369208,0.2886751345948128,0.6339745962155615,0.0,0.6785714285714286,0.17003445385976365
1.0,-0.8,-1.0,0.0,-0.05006954102920723,1.44141689373297,1.101897399859452,0.8159354513363594,0.6547085201793722,0.49999999999999994,0.3660254037844388,0.0,0.7142857142857143,0.016947574262035785
1.0,-0.6,-1.0,0.0,0.07510431154381085,-0.02997275204359673,1.5010541110330289,0.459909228441755,0.5321375186846039,0.5773502691896257,1.793007356604921e-16,0.0,0.75,-0.03817860135953089
1.0,-0.4,0.0,0.0,0.3588317107093185,0.09264305177111716,-0.016865776528460996,0.06354009077155826,-0.10762331838565023,0.5,-0.3660254037844383,1.0,0.7857142857142857,-0.040040972157556344
1.0,-0.2,0.0,0.0,0.11126564673157163,0.37057220708446864,0.10962754743499649,0.1220373171961673,-0.8938714499252616,0.2886751345948128,-0.6339745962155612,0.0,0.8214285714285714,0.0046559269950649336
1.0,0.0,0.0,0.0,-0.2698191933240612,0.12806539509536785,0.39634574841883347,-0.0030257186081694407,-0.03288490284005979,0.0,-0.7320508075688771,0.0,0.8571428571428571,0.09628457025793855
1.0,0.2,1.0,0.0,-0.16411682892906815,-0.2452316076294278,0.14617006324666199,-0.19263741805345455,0.17339312406576982,-0.2886751345948128,-0.6339745962155612,0.0,0.8928571428571429,0.0947946736195174
1.0,0.4,1.0,0.0,0.16133518776077885,-0.14168937329700274,-0.23893183415319746,-0.1744831064044379,-0.04783258594917788,-0.5,-0.36602540378443876,0.0,0.9285714285714286,0.11118353664214543
1.0,0.6,1.0,0.0,0.8233657858136301,0.1771117166212534,-0.13211524947294448,0.22188603126575884,-0.14050822122571002,-0.577350269189626,0.0,0.0,0.9642857142857143,0.24378433746158876
1.0,0.8,2.0,0.0,0.12795549374130738,0.8256130790190735,0.19676739283204497,0.3277861825516893,0.059790732436472344,-0.5000000000000001,0.3660254037844388,0.0,1.0,0.2948132973274976
-1.0,-0.8,-1.0,0.2,-1.1599443671766343,-1.11716621253406,-1.0203794799718904,-1.2950075642965206,-1.4260089686098654,0.49999999999999994,0.3660254037844388,0.0,-1.0,-1.8320141540180646
-1.0,-0.6,-1.0,0.2,-0.4172461752433936,-1.11716621253406,-1.1384399156711174,-1.0680786686838126,-1.4409566517189836,0.5773502691896257,1.793007356604921e-16,0.0,-0.9642857142857143,-1.693826240804544
-1.0,-0.4,0.0,0.2,-0.8789986091794159,-0.3896457765667575,-1.1384399156711174,-0.9662128088754416,-1.3961136023916294,0.5,-0.3660254037844383,0.0,-0.9285714285714286,-1.6156066672874567
-1.0,-0.2,0.0,0.2,-1.0292072322670376,-0.8419618528610354,-0.38791286015460297,-0.9188098840141201,-1.5874439461883407,0.2886751345948128,-0.6339745962155612,1.0,-0.8928571428571429,-1.5630878107831268
-1.0,0.0,0.0,0.2,-1.0292072322670376,-0.989100817438692,-0.8545326774420239,-1.1406959152798792,-1.1988041853512705,0.0,-0.7320508075688771,0.0,-0.8571428571428571,-1.4867306080640652
-1.0,0.2,1.0,0.2,-1.0292072322670376,-0.989100817438692,-1.0063246661981728,-1.1951588502269292,-0.29596412556053814,-0.2886751345948128,-0.6339745962155612,0.0,-0.8214285714285714,-1.458795046093677
-1.0,0.4,1.0,0.2,-1.4047287899860919,-0.989100817438692,-1.0063246661981728,-1.331316187594554,0.4663677130044843,-0.5,-0.36602540378443876,0.0,-0.7857142857142857,-1.593630691870751
-1.0,0.6,1.0,0.2,-1.3268428372739915,-1.3569482288828338,-1.0063246661981728,-1.4392334846192643,-0.7324364723467862,-0.577350269189626,0.0,0.0,-0.75,-1.8130179718782005
-1.0,0.8,2.0,0.2,-1.4687065368567456,-1.2806539509536785,-1.3858046380885454,-1.5985879979828546,-0.7742899850523169,-0.5000000000000001,0.3660254037844388,0.0,-0.7142857142857143,-1.902039296023838
-1.0,1.0,2.0,0.2,-1.4714881780250348,-1.4196185286103542,-1.3070976809557273,-1.62279374684821,-0.9895366218236173,-0.2886751345948132,0.6339745962155612,0.0,-0.6785714285714286,-1.986218456094608
-1.0,1.2,2.0,0.2,-1.3713490959666204,-1.422343324250681,-1.450456781447646,-1.6389309127584473,-1.1150971599402093,-2.1211504774498138e-16,0.7320508075688774,0.0,-0.6428571428571429,-2.030170406928019
-0.5,-1.0,-1.0,0.2,-1.148817802503477,-1.32425068119891,-1.4532677442023894,-1.5229450327786185,-1.1150971599402093,0.2886751345948128,0.6339745962155615,0.0,-0.6071428571428571,-2.028680510289598
-0.5,-0.8,-1.0,0.2,-1.148817802503477,-1.106267029972752,-1.3520730850316234,-1.4059505799294,-0.31689088191330345,0.49999999999999994,0.3660254037844388,0.0,-0.5714285714285714,-2.0271906136511775
-0.5,-0.6,-1.0,0.2,0.33101529902642557,-1.106267029972752,-1.1271960646521433,-0.7887039838628341,-0.8131539611360239,0.5773502691896257,1.793007356604921e-16,0.0,-0.5357142857142857,-1.9269950647173848
-0.5,-0.4,0.0,0.2,0.4561891515994437,0.34332425068119893,-1.1271960646521433,-0.20675743822491166,-0.9745889387144993,0.5,-0.3660254037844383,0.0,-0.5,-1.7482074681068998
-0.5,-0.2,0.0,0.2,-0.3866481223922114,0.4659400544959128,0.36823612087139845,0.06959152798789714,-0.9745889387144993,0.2886751345948128,-0.6339745962155612,1.0,-0.4642857142857143,-1.6621659372381037
-0.5,0.0,0.0,0.2,-0.9374130737134909,-0.35967302452316074,0.4947294448348559,-0.3903177004538579,-0.9745889387144993,0.0,-0.7320508075688771,0.0,-0.42857142857142855,-1.649874289971133
-0.5,0.2,1.0,0.2,-0.9374130737134909,-0.8991825613079019,-0.35699226985242444,-0.8956127080181545,-1.3781763826606876,-0.2886751345948128,-0.6339745962155612,0.0,-0.39285714285714285,-1.637582642704162
-0.5,0.4,1.0,0.2,-0.7732962447844228,-0.8991825613079019,-0.9135628952916374,-1.0358043368633387,-1.2944693572496264,-0.5,-0.36602540378443876,0.0,-0.35714285714285715,-1.5530310084737868
-0.5,0.6,1.0,0.2,-1.0959666203059806,-0.7384196185286104,-0.9135628952916374,-1.093292990418558,-1.446935724962631,-0.577350269189626,0.0,0.0,-0.32142857142857145,-1.522115653226557
-0.5,0.8,2.0,0.2,-1.454798331015299,-1.0544959128065394,-0.7477160927617709,-1.2808875441250633,-1.4499252615844545,-0.5000000000000001,0.3660254037844388,0.0,-0.2857142857142857,-1.520253282428531
-0.5,1.0,2.0,0.2,-1.2934631432545203,-1.4059945504087195,-1.0737877723120168,-1.4694906707009585,-1.3423019431988041,-0.2886751345948132,0.6339745962155612,0.0,-0.25,-1.4964149362137997
-0.5,1.2,2.0,0.2,-1.3435326842837274,-1.2479564032697548,-1.4364019676739284,-1.5592536560766517,-1.1031390134529149,-2.1211504774498138e-16,0.7320508075688774,0.0,-0.21428571428571427,-1.4926901946177482
0.0,-1.0,-1.0,0.2,-0.5229485396383866,-1.2970027247956404,-1.2733661278988053,-1.2213817448310642,-1.1031390134529149,0.2886751345948128,0.6339745962155615,0.0,-0.17857142857142858,-1.4088835087065832
0.0,-0.8,-1.0,0.2,-0.18636995827538247,-0.49318801089918257,-1.3239634574841883,-0.8199697428139184,0.4872944693572496,0.49999999999999994,0.3660254037844388,0.0,-0.14285714285714285,-1.280007449483192
0.0,-0.6,-1.0,0.2,-0.9318497913769124,-0.16348773841961853,-0.4947294448348559,-0.670700958144226,0.6218236173393124,0.5773502691896257,1.793007356604921e-16,0.0,-0.10714285714285714,-1.4491107179439424
0.0,-0.4,0.0,0.2,-0.8317107093184979,-0.8937329700272479,-0.15460295151089248,-0.7826525466464953,-0.28400597907324365,0.5,-0.3660254037844383,0.0,-0.07142857142857142,-1.6215662538411393
0.0,-0.2,0.0,0.2,-0.9568845618915159,-0.7956403269754768,-0.9079409697821503,-1.0620272314674737,-0.8759342301943199,0.2886751345948128,-0.6339745962155612,1.0,-0.03571428571428571,-1.6979234565602008
0.0,0.0,0.0,0.2,-0.9568845618915159,-0.9182561307901907,-0.8067463106113844,-1.071104387291982,-0.8759342301943199,0.0,-0.7320508075688771,0.0,0.0,-1.700530775677437
0.0,0.2,1.0,0.2,-0.9568845618915159,-0.9182561307901907,-0.9332396345748419,-1.1164901664145237,-0.6995515695067265,-0.2886751345948128,-0.6339745962155612,0.0,0.03571428571428571,-1.703138094794673
0.0,0.4,1.0,0.2,0.7371349095966621,-0.9182561307901907,-0.9332396345748419,-0.5022692889561272,-1.046337817638266,-0.5,-0.36602540378443876,0.0,0.07142857142857142,-1.5008846261290618
0.0,0.6,1.0,0.2,-0.42559109874826145,0.7411444141689373,-0.9332396345748419,-0.30963187090267263,-1.4319880418535127,-0.577350269189626,0.0,0.0,0.10714285714285714,-1.4111183536642145
0.0,0.8,2.0,0.2,-0.5062586926286509,-0.3978201634877384,0.7786366830639494,-0.14624306606152282,-1.258594917787743,-0.5000000000000001,0.3660254037844388,0.0,0.14285714285714285,-1.2841046652388486
0.0,1.0,2.0,0.2,-0.7037552155771906,-0.4768392370572207,-0.39634574841883347,-0.6686838124054464,-1.312406576980568,-0.2886751345948132,0.6339745962155612,0.0,0.17857142857142858,-1.2051401434025513
0.0,1.2,2.0,0.2,-1.187760778859527,-0.670299727520436,-0.47786366830639493,-0.9450327786182554,-0.4304932735426009,-2.1211504774498138e-16,0.7320508075688774,0.0,0.21428571428571427,-1.1842815904646613
0.5,-1.0,-1.0,0.2,-0.8428372739916551,-1.1444141689373297,-0.6774420238931834,-1.0670700958144228,-0.0687593423019432,0.2886751345948128,0.6339745962155615,0.0,0.25,-1.2271161188192565
0.5,-0.8,-1.0,0.2,0.11126564673157163,-0.8065395095367848,-1.1665495432185524,-0.7715582450832075,-0.8699551569506726,0.49999999999999994,0.3660254037844388,0.0,0.2857142857142857,-1.1872613837415027
0.5,-0.6,-1.0,0.2,-0.25869262865090403,0.12806539509536785,-0.8179901616303584,-0.43469490670700983,-0.7623318385650224,0.5773502691896257,1.793007356604921e-16,0.0,0.32142857142857145,-1.09712263711705
0.5,-0.4,0.0,0.2,-0.3532684283727399,-0.23433242506811988,0.14617006324666199,-0.2571860816944025,-0.8968609865470852,0.5,-0.3660254037844383,1.0,0.35714285714285715,-1.0330570816649594
0.5,-0.2,0.0,0.2,-0.9346314325452016,-0.32697547683923706,-0.22768798313422348,-0.6364094805849725,-0.8968609865470852,0.2886751345948128,-0.6339745962155612,0.0,0.39285714285714285,-1.030077288388118
0.5,0.0,0.0,0.2,-0.8066759388038943,-0.896457765667575,-0.32326071679550245,-0.8350983358547657,-0.8968609865470852,0.0,-0.7320508075688771,0.0,0.42857142857142855,-1.0099636837694383
0.5,0.2,1.0,0.2,-0.7566063977746871,-0.771117166212534,-0.9107519325368939,-0.9813414019162887,0.9237668161434978,-0.2886751345948128,-0.6339745962155612,0.0,0.4642857142857143,-0.9831455442778656
0.5,0.4,1.0,0.2,-0.7955493741307371,-0.7220708446866485,-0.7814476458186929,-0.9309127584467979,-0.32585949177877427,-0.5,-0.36602540378443876,0.0,0.5,-1.1883788062203182
0.5,0.6,1.0,0.2,-0.7788595271210014,-0.7602179836512262,-0.7308503162333099,-0.9208270297528999,-0.4125560538116592,-0.577350269189626,0.0,0.0,0.5357142857142857,-1.2356830244901758
0.5,0.8,2.0,0.2,-0.9596662030598053,-0.7438692098092643,-0.7702037947997189,-0.9944528492183562,-0.624813153961136,-0.5000000000000001,0.3660254037844388,0.0,0.5714285714285714,-1.2963963125058195
0.5,1.0,2.0,0.2,-0.8261474269819193,-0.9209809264305178,-0.7533380182712579,-1.0055471507816443,-1.1449925261584455,-0.2886751345948132,0.6339745962155612,0.0,0.6071428571428571,-1.3127851755284476
0.5,1.2,2.0,0.2,0.3560500695410292,-0.7901907356948229,-0.9360505973295854,-0.5940494200706004,-0.7742899850523169,-2.1211504774498138e-16,0.7320508075688774,0.0,0.6428571428571429,-1.1060620169475741
1.0,-1.0,-1.0,0.2,0.7371349095966621,0.3678474114441417,-0.8011243851018974,0.021180030257186087,0.25112107623318386,0.2886751345948128,0.6339745962155615,0.0,0.6785714285714286,-0.8944966942918333
1.0,-0.8,-1.0,0.2,-0.24756606397774686,0.7411444141689373,0.39353478566408995,0.23096318709026717,-0.14648729446935724,0.49999999999999994,0.3660254037844388,0.0,0.7142857142857143,-0.9425458608809012
1.0,-0.6,-1.0,0.2,-0.6648122392211405,-0.22343324250681199,0.7786366830639494,-0.13918305597579428,-0.24813153961136025,0.5773502691896257,1.793007356604921e-16,0.0,0.75,-0.9969270881832569
1.0,-0.4,0.0,0.2,-0.5006954102920723,-0.6321525885558583,-0.21644413211524946,-0.5879979828542614,-0.8729446935724963,0.5,-0.3660254037844383,1.0,0.7857142857142857,-1.0166682186423315
1.0,-0.2,0.0,0.2,-0.8456189151599444,-0.4713896457765668,-0.6380885453267744,-0.8048411497730713,-0.7354260089686099,0.2886751345948128,-0.6339745962155612,0.0,0.8214285714285714,-1.0047490455349657
1.0,0.0,0.0,0.2,-1.1210013908205843,-0.8092643051771117,-0.47224174279690795,-0.9702471003530007,-0.6816143497757847,0.0,-0.7320508075688771,0.0,0.8571428571428571,-1.046838625570351
1.0,0.2,1.0,0.2,-0.9874826147426982,-1.0790190735694822,-0.8208011243851019,-1.1467473524962182,-0.7234678624813154,-0.2886751345948128,-0.6339745962155612,0.0,0.8928571428571429,-1.0777539808175804
1.0,0.4,1.0,0.2,-0.5368567454798331,-0.9482288828337875,-1.0990864371047084,-1.0347957639939487,-0.7055306427503737,-0.5,-0.36602540378443876,0.0,0.9285714285714286,-1.043113883974299
1.0,0.6,1.0,0.2,-0.19193324061196107,-0.5068119891008175,-0.9641602248770204,-0.6979324256177509,-0.8998505231689088,-0.577350269189626,0.0,0.0,0.9642857142857143,-0.9645218362976066
1.0,0.8,2.0,0.2,-0.8456189151599444,-0.16893732970027248,-0.5087842586085735,-0.6464952092788705,-0.7563527653213752,-0.5000000000000001,0.3660254037844388,0.0,1.0,-0.9492503957537943
-1.0,-0.8,-1.0,0.4,-0.2114047287899861,-0.1880108991825613,0.7111735769501054,0.014120020171457538,0.05680119581464873,0.49999999999999994,0.3660254037844388,0.0,-1.0,0.5957724182884814
-1.0,-0.6,-1.0,0.4,0.8901251738525731,-0.1880108991825613,-0.17990161630358398,0.09379727685325266,0.02092675635276532,0.5773502691896257,1.793007356604921e-16,0.0,-0.9642857142857143,0.7242760033522675
-1.0,-0.4,0.0,0.4,0.43115438108484005,0.8910081743869209,-0.17990161630358398,0.32677760968229963,0.02391629297458894,0.5,-0.3660254037844383,0.0,-0.9285714285714286,0.7957910419964616
-1.0,-0.2,0.0,0.4,0.34492350486787204,0.44141689373297005,0.9332396345748419,0.5284921835602625,0.02391629297458894,0.2886751345948128,-0.6339745962155612,1.0,-0.8928571428571429,0.8553869075332897
-1.0,0.0,0.0,0.4,0.34492350486787204,0.3569482288828338,0.46943078004216443,0.3308119011598587,0.5142002989536621,0.0,-0.7320508075688771,0.0,-0.8571428571428571,0.9149827730701179
-1.0,0.2,1.0,0.4,0.34492350486787204,0.3569482288828338,0.38229093464511593,0.2995461422087746,1.4020926756352765,-0.2886751345948128,-0.6339745962155612,0.0,-0.8214285714285714,0.9134928764316973
-1.0,0.4,1.0,0.4,-0.4561891515994437,0.3569482288828338,0.38229093464511593,0.009077155824508323,2.1345291479820627,-0.5,-0.36602540378443876,0.0,-0.7857142857142857,0.6941055964242482
-1.0,0.6,1.0,0.4,0.3004172461752434,-0.42779291553133514,0.38229093464511593,-0.007060010085728549,1.7877428998505231,-0.577350269189626,0.0,0.0,-0.75,0.48477511872613804
-1.0,0.8,2.0,0.4,0.29207232267037553,0.3133514986376022,-0.42726633872101194,-0.0262228946041353,1.2556053811659194,-0.5000000000000001,0.3660254037844388,0.0,-0.7142857142857143,0.3175342210634139
-1.0,1.0,2.0,0.4,-0.10848400556328233,0.30517711171662126,0.33731553056922,0.09984871406959155,0.852017937219731,-0.2886751345948132,0.6339745962155612,0.0,-0.6785714285714286,0.16295744482726485
-1.0,1.2,2.0,0.4,0.08066759388038942,-0.08719346049046321,0.3288826423049895,0.02017145738779642,-0.09566517189835576,-2.1211504774498138e-16,0.7320508075688774,0.0,-0.6428571428571429,0.0839929229909677
-0.5,-1.0,-1.0,0.4,0.8122392211404729,0.09809264305177112,-0.0758959943780745,0.20877458396369142,-0.09566517189835576,0.2886751345948128,0.6339745962155615,0.0,-0.6071428571428571,0.2210634137256725
-0.5,-0.8,-1.0,0.4,0.8122392211404729,0.8147138964577657,0.11524947294448348,0.5426122037317196,1.0881913303437967,0.49999999999999994,0.3660254037844388,0.0,-0.5714285714285714,0.35813390446037796
-0.5,-0.6,-1.0,0.4,2.9401947148817804,0.8147138964577657,0.8545326774420239,1.5794251134644481,0.5949177877428998,0.5773502691896257,1.793007356604921e-16,0.0,-0.5357142857142857,0.6326473600893939
-0.5,-0.4,0.0,0.4,2.9262865090403336,2.899182561307902,0.8545326774420239,2.3459404942007067,0.5022421524663677,0.5,-0.3660254037844383,0.0,-0.5,0.966756681255238
-0.5,-0.2,0.0,0.4,2.125173852573018,2.885558583106267,3.004919184820801,2.8219868885526984,0.5022421524663677,0.2886751345948128,-0.6339745962155612,1.0,-0.4642857142857143,1.2051401434025513
-0.5,0.0,0.0,0.4,0.6731571627260083,2.100817438692098,2.9908643710470835,2.0000000000000004,0.5022421524663677,0.0,-0.7320508075688771,0.0,-0.42857142857142855,1.2490920942359618
-0.5,0.2,1.0,0.4,0.6731571627260083,0.6784741144414169,2.1813070976809557,1.1830559757942514,-0.35874439461883406,-0.2886751345948128,-0.6339745962155612,0.0,-0.39285714285714285,1.2930440450693732
-0.5,0.4,1.0,0.4,-0.06397774687065369,0.6784741144414169,0.7139845397048489,0.38930912758446823,0.45440956651718983,-0.5,-0.36602540378443876,0.0,-0.35714285714285715,1.3455629015737032
-0.5,0.6,1.0,0.4,-0.04450625869262865,-0.043596730245231606,0.7139845397048489,0.1290973272818963,0.445440956651719,-0.577350269189626,0.0,0.0,-0.32142857142857145,1.299376105782661
-0.5,0.8,2.0,0.4,-0.11126564673157163,-0.02452316076294278,-0.030920590302178495,-0.15532022188603115,0.014947683109118086,-0.5000000000000001,0.3660254037844388,0.0,-0.2857142857142857,1.2453673526399103
-0.5,1.0,2.0,0.4,0.025034770514603615,-0.08991825613079019,-0.011243851018973999,-0.12304589006555741,0.21823617339312407,-0.2886751345948132,0.6339745962155612,0.0,-0.25,1.2632461123009588
-0.5,1.2,2.0,0.4,-0.11961057023643949,0.043596730245231606,-0.07870695713281799,-0.1502773575390824,1.0044843049327354,-2.1211504774498138e-16,0.7320508075688774,0.0,-0.21428571428571427,1.236427972809386
0.0,-1.0,-1.0,0.4,0.8122392211404729,-0.09809264305177112,0.059030217849613494,0.18456883509833588,1.0044843049327354,0.2886751345948128,0.6339745962155615,0.0,-0.17857142857142858,1.236427972809386
0.0,-0.8,-1.0,0.4,2.7593880389429764,0.8147138964577657,-0.08713984539704848,1.1759959657085228,3.291479820627803,0.49999999999999994,0.3660254037844388,0.0,-0.14285714285714285,1.49715988453301
0.0,-0.6,-1.0,0.4,2.7593880389429764,2.7220708446866486,0.8545326774420239,2.2198688855269797,3.2765321375186844,0.5773502691896257,1.793007356604921e-16,0.0,-0.10714285714285714,1.472949064158674
0.0,-0.4,0.0,0.4,0.8901251738525731,2.7220708446866486,2.8222066057624735,2.2481089258698947,2.415545590433483,0.5,-0.3660254037844383,0.0,-0.07142857142857142,1.200297979327684
0.0,-0.2,0.0,0.4,0.7426981919332406,0.8910081743869209,2.8222066057624735,1.5168935955622795,0.8550074738415545,0.2886751345948128,-0.6339745962155612,1.0,-0.03571428571428571,1.0151783220039108
0.0,0.0,0.0,0.4,0.7426981919332406,0.7465940054495913,0.9332396345748419,0.785678265254665,0.8550074738415545,0.0,-0.7320508075688771,0.0,0.0,1.02449017599404
0.0,0.2,1.0,0.4,0.7426981919332406,0.7465940054495913,0.7842586085734364,0.7322239031770047,0.06278026905829596,-0.2886751345948128,-0.6339745962155612,0.0,0.03571428571428571,1.03380202998417
0.0,0.4,1.0,0.4,2.230876216968011,0.7465940054495913,0.7842586085734364,1.271810388300555,0.08370702541106129,-0.5,-0.36602540378443876,0.0,0.07142857142857142,1.341093211658441
0.0,0.6,1.0,0.4,1.5438108484005564,2.204359673024523,0.7842586085734364,1.5622793746848216,0.01195814648729447,-0.577350269189626,0.0,0.0,0.10714285714285714,1.5537759567929972
0.0,0.8,2.0,0.4,1.129346314325452,1.5313351498637602,2.2881236823612086,1.702471003530005,0.15844544095665172,-0.5000000000000001,0.3660254037844388,0.0,0.14285714285714285,1.7198994319769065
0.0,1.0,2.0,0.4,0.8205841446453408,1.125340599455041,1.5938158819395642,1.19112455874937,0.0029895366218236174,-0.2886751345948132,0.6339745962155612,0.0,0.17857142857142858,1.826427041623987
0.0,1.2,2.0,0.4,0.11126564673157163,0.8228882833787466,1.1749824314827828,0.6717095310136159,1.0044843049327354,-2.1211504774498138e-16,0.7320508075688774,0.0,0.21428571428571427,1.8573423968712168
0.5,-1.0,-1.0,0.4,0.23922114047287898,0.12806539509536785,0.8629655657062544,0.34896621280887535,3.0971599402092678,0.2886751345948128,0.6339745962155615,0.0,0.25,1.78061271999255
0.5,-0.8,-1.0,0.4,2.239221140472879,0.25340599455040874,0.14617006324666199,0.8633383761976803,3.0971599402092678,0.49999999999999994,0.3660254037844388,0.0,0.2857142857142857,1.7109600521463821
0.5,-0.6,-1.0,0.4,1.3324061196105703,2.212534059945504,0.275474349964863,1.3061018658598087,1.0881913303437967,0.5773502691896257,1.793007356604921e-16,0.0,0.32142857142857145,1.5198808082689261
0.5,-0.4,0.0,0.4,1.3741307371349096,1.32425068119891,2.296556570625439,1.7175995965708524,0.929745889387145,0.5,-0.3660254037844383,1.0,0.35714285714285715,1.584691312040227
0.5,-0.2,0.0,0.4,0.6787204450625869,1.3651226158038148,1.3801827125790582,1.1517902168431673,0.929745889387145,0.2886751345948128,-0.6339745962155612,0.0,0.39285714285714285,1.5761244063693078
0.5,0.0,0.0,0.4,0.6787204450625869,0.6839237057220708,1.4223471539002108,0.9147755925365608,0.929745889387145,0.0,-0.7320508075688771,0.0,0.42857142857142855,1.5675575006983884
0.5,0.2,1.0,0.4,0.5229485396383866,0.6839237057220708,0.7196064652143359,0.6061522945032779,2.5291479820627805,-0.2886751345948128,-0.6339745962155612,0.0,0.4642857142857143,1.5381320420895797
0.5,0.4,1.0,0.4,0.8484005563282336,0.5313351498637602,0.7196064652143359,0.6676752395360568,1.7907324364723467,-0.5,-0.36602540378443876,0.0,0.5,1.3530123847658064
0.5,0.6,1.0,0.4,0.2336578581363004,0.8501362397820164,0.5621925509486999,0.5063035804336863,1.345291479820628,-0.577350269189626,0.0,0.0,0.5357142857142857,1.177577055591768
0.5,0.8,2.0,0.4,0.11404728789986092,0.24795640326975477,0.8910751932536893,0.3580433686333837,1.0134529147982063,-0.5000000000000001,0.3660254037844388,0.0,0.5714285714285714,1.0416239873358786
0.5,1.0,2.0,0.4,0.47844228094575797,0.1307901907356948,0.26985242445537594,0.22390317700453863,0.25112107623318386,-0.2886751345948132,0.6339745962155612,0.0,0.6071428571428571,0.9958096657044417
0.5,1.2,2.0,0.4,1.282336578581363,0.4877384196185286,0.14898102600140548,0.6041351487644985,0.38863976083707025,-2.1211504774498138e-16,0.7320508075688774,0.0,0.6428571428571429,1.152621286898221
1.0,-1.0,-1.0,0.4,1.3908205841446453,1.2752043596730245,0.517217146872804,1.067070095814423,2.5381165919282513,0.2886751345948128,0.6339745962155615,0.0,0.6785714285714286,1.3068255889747646
1.0,-0.8,-1.0,0.4,1.3908205841446453,1.3814713896457766,1.3295853829936752,1.3978819969742817,1.5635276532137519,0.49999999999999994,0.3660254037844388,0.0,0.7142857142857143,1.1932209702951853
1.0,-0.6,-1.0,0.4,0.6342141863699583,1.3814713896457766,1.4392129304286718,1.162884518406455,1.608370702541106,0.5773502691896257,1.793007356604921e-16,0.0,0.75,1.0997299562342862
1.0,-0.4,0.0,0.4,1.5159944367176634,0.6403269754768393,1.4392129304286718,1.2082702975289965,0.8609865470852018,0.5,-0.3660254037844383,1.0,0.7857142857142857,1.1187261383741502
1.0,-0.2,0.0,0.4,1.148817802503477,1.5040871934604905,0.67463106113844,1.1205244578920828,0.8609865470852018,0.2886751345948128,-0.6339745962155612,0.0,0.8214285714285714,1.181674271347425
1.0,0.0,0.0,0.4,0.8595271210013908,1.1444141689373297,1.5657062543921294,1.2022188603126578,0.6935724962630793,0.0,-0.7320508075688771,0.0,0.8571428571428571,1.2058850917217618
1.0,0.2,1.0,0.4,0.6981919332406119,0.8610354223433242,1.1946591707659873,0.9056984367120525,1.0433482810164425,-0.2886751345948128,-0.6339745962155612,0.0,0.8928571428571429,1.229350963776888
1.0,0.4,1.0,0.4,0.8706536856745479,0.7029972752043597,0.9023190442726634,0.8048411497730713,0.38266068759342303,-0.5,-0.36602540378443876,0.0,0.9285714285714286,1.232330757053729
1.0,0.6,1.0,0.4,1.6244784422809457,0.8719346049046321,0.7392832044975404,1.0821986888552702,0.25411061285500747,-0.577350269189626,0.0,0.0,0.9642857142857143,1.4185678368563177
1.0,0.8,2.0,0.4,1.070931849791377,1.6103542234332424,0.9135628952916374,1.217347453353505,0.6457399103139013,-0.5000000000000001,0.3660254037844388,0.0,1.0,1.546698947760499
-1.0,-1.0,-1.0,0.6,-0.13908205841446453,0.5367847411444142,0.590302178496135,0.26525466464952113,-0.08071748878923767,0.2886751345948128,0.6339745962155615,0.0,-1.0357142857142858,0.03668870472110975
-1.0,-0.8,-1.0,0.6,-0.13908205841446453,-0.11716621253405994,0.567814476458187,0.015128593040847205,-0.3617339312406577,0.49999999999999994,0.3660254037844388,0.0,-1.0,0.04451066207281847
-1.0,-0.6,-1.0,0.6,0.29763560500695413,-0.11716621253405994,-0.10681658468025299,-0.06858295511850747,-0.3796711509715994,0.5773502691896257,1.793007356604921e-16,0.0,-0.9642857142857143,0.14582363348542693
-1.0,-0.4,0.0,0.6,-0.13908205841446453,0.3106267029972752,-0.10681658468025299,-0.06858295511850747,-0.26307922272047835,0.5,-0.3660254037844383,0.0,-0.9285714285714286,0.19089300679765314
-1.0,-0.2,0.0,0.6,-0.11961057023643949,-0.11716621253405994,0.33450456781447646,-0.061522945032778484,-0.11958146487294469,0.2886751345948128,-0.6339745962155612,1.0,-0.8928571428571429,0.22404320700251415
-1.0,0.0,0.0,0.6,0.09735744089012517,-0.09809264305177112,-0.10681658468025299,-0.13414019162884508,0.2929745889387145,0.0,-0.7320508075688771,0.0,-0.8571428571428571,0.2683676319955305
-1.0,0.2,1.0,0.6,-0.25034770514603616,0.11444141689373297,-0.08713984539704848,-0.1744831064044379,0.5710014947683109,-0.2886751345948128,-0.6339745962155612,0.0,-0.8214285714285714,0.21473135301238494
-1.0,0.4,1.0,0.6,-0.41168289290681503,-0.22615803814713897,0.13211524947294448,-0.2803832576903683,1.4887892376681615,-0.5,-0.36602540378443876,0.0,-0.7857142857142857,0.1048514759288572
-1.0,0.6,1.0,0.6,-0.19193324061196107,-0.38419618528610355,-0.21925509486999298,-0.38527483610690866,0.8400597907324364,-0.577350269189626,0.0,0.0,-0.75,-0.08995250954465032
-1.0,0.8,2.0,0.6,-0.42559109874826145,-0.16893732970027248,-0.38229093464511593,-0.44881492687846714,0.7234678624813154,-0.5000000000000001,0.3660254037844388,0.0,-0.7142857142857143,-0.23521743179066948
-1.0,1.0,2.0,0.6,-0.40333796940194716,-0.3978201634877384,-0.1602248770203795,-0.4457892082702977,0.6995515695067265,-0.2886751345948132,0.6339745962155612,0.0,-0.6785714285714286,-0.36297606853524506
-1.0,1.2,2.0,0.6,-0.2726008344923505,-0.3760217983651226,-0.39634574841883347,-0.4750378214826022,-0.017937219730941704,-2.1211504774498138e-16,0.7320508075688774,0.0,-0.6428571428571429,-0.47024862650153615
-0.5,-1.0,-1.0,0.6,-0.13908205841446453,-0.24795640326975477,-0.37385804638088543,-0.3711548159354516,-0.017937219730941704,0.2886751345948128,0.6339745962155615,0.0,-0.6071428571428571,-0.47024862650153615
-0.5,-0.8,-1.0,0.6,-0.13908205841446453,-0.11716621253405994,-0.24174279690794098,-0.27534039334341914,0.4514200298953662,0.49999999999999994,0.3660254037844388,0.0,-0.5714285714285714,-0.47024862650153615
-0.5,-0.6,-1.0,0.6,1.2267037552155773,-0.11716621253405994,-0.10681658468025299,0.26828038325769055,-0.017937219730941704,0.5773502691896257,1.793007356604921e-16,0.0,-0.5357142857142857,-0.3458422571934071
-0.5,-0.4,0.0,0.6,1.3379694019471489,1.220708446866485,-0.10681658468025299,0.8038325769036816,0.0029895366218236174,0.5,-0.3660254037844383,0.0,-0.5,-0.14805847844305797
-0.5,-0.2,0.0,0.6,1.0319888734353269,1.3297002724795641,1.2733661278988053,1.228441754916793,0.23617339312406577,0.2886751345948128,-0.6339745962155612,1.0,-0.4642857142857143,0.0061458236334854255
-0.5,0.0,0.0,0.6,0.3894297635605007,1.0299727520435968,1.3858046380885454,0.9248613212304593,-0.1375186846038864,0.0,-0.7320508075688771,0.0,-0.42857142857142855,0.04525561039202904
-0.5,0.2,1.0,0.6,0.7649513212795549,0.40054495912806537,1.0765987350667603,0.7170953101361575,-0.3109118086696562,-0.2886751345948128,-0.6339745962155612,0.0,-0.39285714285714285,0.18120867864791898
-0.5,0.4,1.0,0.6,0.4339360222531293,0.7683923705722071,0.42726633872101194,0.5002521432173475,-0.07473841554559044,-0.5,-0.36602540378443876,0.0,-0.35714285714285715,0.29444082316789266
-0.5,0.6,1.0,0.6,0.13351877607788595,0.444141689373297,0.8067463106113844,0.4074634392334849,-0.32585949177877427,-0.577350269189626,0.0,0.0,-0.32142857142857145,0.3380202998416984
-0.5,0.8,2.0,0.6,-0.22253129346314326,0.14986376021798364,0.47224174279690795,0.04942007060010072,-0.30194319880418535,-0.5000000000000001,0.3660254037844388,0.0,-0.2857142857142857,0.36521091349287615
-0.5,1.0,2.0,0.6,-0.1835883171070932,-0.1989100817438692,0.16865776528461,-0.1744831064044379,-0.16143497757847533,-0.2886751345948132,0.6339745962155612,0.0,-0.25,0.39463637210168556
-0.5,1.2,2.0,0.6,-0.31710709318497915,-0.16076294277929154,-0.19114546732255797,-0.33787191124558774,-0.017937219730941704,-2.1211504774498138e-16,0.7320508075688774,0.0,-0.21428571428571427,0.3886767855480023
0.0,-1.0,-1.0,0.6,0.19749652294853964,-0.29155313351498635,-0.151791988756149,-0.18557740796772557,-0.017937219730941704,0.2886751345948128,0.6339745962155615,0.0,-0.17857142857142858,0.4337461588602292
0.0,-0.8,-1.0,0.6,1.1432545201668984,0.2125340599455041,-0.286718200983837,0.29551185073121555,1.4499252615844545,0.49999999999999994,0.3660254037844388,0.0,-0.14285714285714285,0.6054567464382155
0.0,-0.6,-1.0,0.6,-0.9318497913769124,1.1389645776566757,0.23330990864371048,0.07261724659606658,1.5695067264573992,0.5773502691896257,1.793007356604921e-16,0.0,-0.10714285714285714,0.31641679858459837
0.0,-0.4,0.0,0.6,0.4673157162726008,-0.8937329700272479,1.1890372452565003,0.17044881492687836,1.2406576980568012,0.5,-0.3660254037844383,0.0,-0.07142857142857142,0.1998323866281774
0.0,-0.2,0.0,0.6,0.4506258692628651,0.4768392370572207,-0.9079409697821503,-0.08068582955118524,0.5500747384155455,0.2886751345948128,-0.6339745962155612,1.0,-0.03571428571428571,0.12198528727069578
0.0,0.0,0.0,0.6,0.4506258692628651,0.4604904632152589,0.5059732958538299,0.4205748865355523,0.953662182361734,0.0,-0.7320508075688771,0.0,0.0,0.13017971878200946
0.0,0.2,1.0,0.6,0.4506258692628651,0.4604904632152589,0.48910751932536894,0.4145234493192134,0.5979073243647235,-0.2886751345948128,-0.6339745962155612,0.0,0.03571428571428571,0.08809013874662422
0.0,0.4,1.0,0.6,1.7468706536856746,0.4604904632152589,0.48910751932536894,0.8845184064548665,0.2750373692077728,-0.5,-0.36602540378443876,0.0,0.07142857142857142,0.26389794208026834
0.0,0.6,1.0,0.6,0.9012517385257302,1.7302452316076293,0.48910751932536894,1.0479072112960162,-0.10762331838565023,-0.577350269189626,0.0,0.0,0.10714285714285714,0.3667008101312973
0.0,0.8,2.0,0.6,0.6481223922114048,0.9019073569482289,1.7990161630358397,1.1195158850226932,-0.06576980568011959,-0.5000000000000001,0.3660254037844388,0.0,0.14285714285714285,0.48328522208771757
0.0,1.0,2.0,0.6,0.40055632823365783,0.6539509536784741,0.9444834855938159,0.6313666162380235,-0.20926756352765322,-0.2886751345948132,0.6339745962155612,0.0,0.17857142857142858,0.5615047956048048
0.0,1.2,2.0,0.6,0.008344923504867872,0.4114441416893733,0.6886858749121574,0.3076147251638933,0.34379671150971597,-2.1211504774498138e-16,0.7320508075688774,0.0,0.21428571428571427,0.6050842722786105
0.5,-1.0,-1.0,0.6,0.07510431154381085,0.027247956403269755,0.43851018973998596,0.09984871406959155,1.360239162929746,0.2886751345948128,0.6339745962155615,0.0,0.25,0.5886954092559825
0.5,-0.8,-1.0,0.6,0.9401947148817803,0.09264305177111716,0.0421644413211525,0.29551185073121555,-0.8699551569506726,0.49999999999999994,0.3660254037844388,0.0,0.2857142857142857,0.5615047956048048
0.5,-0.6,-1.0,0.6,0.37830319888734354,0.9400544959128065,0.10962754743499649,0.4296520423600606,0.6337817638266069,0.5773502691896257,1.793007356604921e-16,0.0,0.32142857142857145,0.7369401247788433
0.5,-0.4,0.0,0.6,0.49791376912378305,0.3896457765667575,0.9838369641602249,0.5829551185073124,0.6158445440956651,0.5,-0.3660254037844383,1.0,0.35714285714285715,0.7410373405345004
0.5,-0.2,0.0,0.6,0.16968011126564672,0.5068119891008175,0.4160224877020379,0.30358043368633375,0.6158445440956651,0.2886751345948128,-0.6339745962155612,0.0,0.39285714285714285,0.7034174504143773
0.5,0.0,0.0,0.6,-0.24478442280945759,0.18528610354223432,0.5368938861560084,0.0776601109430158,0.6158445440956651,0.0,-0.7320508075688771,0.0,0.42857142857142855,0.6102989105130833
0.5,0.2,1.0,0.6,-0.019471488178025034,-0.22070844686648503,0.20520028109627547,-0.10993444276348954,2.008968609865471,-0.2886751345948128,-0.6339745962155612,0.0,0.4642857142857143,0.5473507775398079
0.5,0.4,1.0,0.6,0.19471488178025034,0.0,-0.21363316936050597,-0.10085728693898122,1.100149476831091,-0.5,-0.36602540378443876,0.0,0.5,0.3395101964801189
0.5,0.6,1.0,0.6,0.15855354659248957,0.2098092643051771,0.014054813773717497,0.04538577912254162,0.828101644245142,-0.577350269189626,0.0,0.0,0.5357142857142857,0.24005959586553655
0.5,0.8,2.0,0.6,-0.008344923504867872,0.17438692098092642,0.23049894588896697,0.04942007060010072,0.5620328849028401,-0.5000000000000001,0.3660254037844388,0.0,0.5714285714285714,0.15215569419871514
0.5,1.0,2.0,0.6,0.1808066759388039,0.010899182561307902,0.19395643007730148,0.044377206253151946,0.14050822122571002,-0.2886751345948132,0.6339745962155612,0.0,0.6071428571428571,0.1227302355899057
0.5,1.2,2.0,0.6,0.9401947148817803,0.19618528610354224,0.025298664792691498,0.3277861825516893,0.21225710014947682,-2.1211504774498138e-16,0.7320508075688774,0.0,0.6428571428571429,0.24750907905764033
1.0,-1.0,-1.0,0.6,1.5048678720445063,0.9400544959128065,0.21644413211524946,0.8764498234997482,1.1420029895366217,0.2886751345948128,0.6339745962155615,0.0,0.6785714285714286,0.43896079709470126
1.0,-0.8,-1.0,0.6,0.6203059805285118,1.4931880108991826,0.9838369641602249,1.0358043368633385,0.5381165919282511,0.49999999999999994,0.3660254037844388,0.0,0.7142857142857143,0.3961262687401061
1.0,-0.6,-1.0,0.6,0.1808066759388039,0.6267029972752044,1.5544624033731553,0.7604639435199193,0.6666666666666666,0.5773502691896257,1.793007356604921e-16,0.0,0.75,0.36968060340813824
1.0,-0.4,0.0,0.6,0.7732962447844228,0.19618528610354224,0.6605762473647224,0.4952092788703986,0.31390134529147984,0.5,-0.3660254037844383,1.0,0.7857142857142857,0.4065555452090508
1.0,-0.2,0.0,0.6,0.4506258692628651,0.776566757493188,0.21644413211524946,0.43368633383761973,-0.13153961136023917,0.2886751345948128,-0.6339745962155612,0.0,0.8214285714285714,0.4441754353291739
1.0,0.0,0.0,0.6,0.5006954102920723,0.4604904632152589,0.8151791988756149,0.5496722138174486,0.11061285500747384,0.0,-0.7320508075688771,0.0,0.8571428571428571,0.5439985101033612
1.0,0.2,1.0,0.6,0.4144645340751043,0.5095367847411444,0.48910751932536894,0.4195663136661626,0.34080717488789236,-0.2886751345948128,-0.6339745962155612,0.0,0.8928571428571429,0.6021044790017689
1.0,0.4,1.0,0.6,0.6286509040333796,0.4250681198910082,0.5397048489107519,0.48411497730711056,0.30194319880418535,-0.5,-0.36602540378443876,0.0,0.9285714285714286,0.6602104479001766
1.0,0.6,1.0,0.6,1.0180806675938805,0.6348773841961853,0.45256500351370343,0.6717095310136159,0.12257100149476831,-0.577350269189626,0.0,0.0,0.9642857142857143,0.7753049632181763
1.0,0.8,2.0,0.6,0.5479833101529903,1.0163487738419619,0.6690091356289529,0.7201210287443269,0.32585949177877427,-0.5000000000000001,0.3660254037844388,0.0,1.0,0.849799795139212
-1.0,-0.8,-1.0,0.8,-0.8344923504867872,-0.7983651226158038,-0.5284609978917779,-0.8825012607160868,-0.9147982062780269,0.49999999999999994,0.3660254037844388,0.0,-1.0,-0.9939472949064156
-1.0,-0.6,-1.0,0.8,0.06954102920723226,-0.7983651226158038,-0.8095572733661279,-0.6555723651033788,-0.9895366218236173,0.5773502691896257,1.793007356604921e-16,0.0,-0.9642857142857143,-0.8542694850544742
-1.0,-0.4,0.0,0.8,-0.4172461752433936,0.08719346049046321,-0.8095572733661279,-0.5042864346949067,-1.0044843049327354,0.5,-0.3660254037844383,0.0,-0.9285714285714286,-0.7704627991433093
-1.0,-0.2,0.0,0.8,-0.48678720445062584,-0.3896457765667575,0.10400562192550948,-0.3782148260211801,-1.0044843049327354,0.2886751345948128,-0.6339745962155612,1.0,-0.8928571428571429,-0.6941055964242482
-1.0,0.0,0.0,0.8,-0.48678720445062584,-0.45776566757493187,-0.38791286015460297,-0.5799293998991427,-0.6905829596412556,0.0,-0.7320508075688771,0.0,-0.8571428571428571,-0.6177483937051863
-1.0,0.2,1.0,0.8,-0.48678720445062584,-0.45776566757493187,-0.45818692902319047,-0.6051437216338882,0.2062780269058296,-0.2886751345948128,-0.6339745962155612,0.0,-0.8214285714285714,-0.5805009777446688
-1.0,0.4,1.0,0.8,-1.1265646731571628,-0.45776566757493187,-0.45818692902319047,-0.8371154815935452,1.4020926756352765,-0.5,-0.36602540378443876,0.0,-0.7857142857142857,-0.7406648663748951
-1.0,0.6,1.0,0.8,-0.9735744089012517,-1.0844686648501363,-0.45818692902319047,-1.0136157337367626,0.28101644245142005,-0.577350269189626,0.0,0.0,-0.75,-1.0293323400689074
-1.0,0.8,2.0,0.8,-1.3073713490959666,-0.9346049046321526,-1.1047083626141954,-1.3111447302067578,-0.16741405082212257,-0.5000000000000001,0.3660254037844388,0.0,-0.7142857142857143,-1.2230189030635996
-1.0,1.0,2.0,0.8,-1.1543810848400555,-1.2615803814713897,-0.9501054111033029,-1.3212304589006558,-0.4663677130044843,-0.2886751345948132,0.6339745962155612,0.0,-0.6785714285714286,-1.3403482633392305
-1.0,1.2,2.0,0.8,-1.043115438108484,-1.111716621253406,-1.2874209416725229,-1.3464447806354012,-0.7653213751868461,-2.1211504774498138e-16,0.7320508075688774,0.0,-0.6428571428571429,-1.4055312412701366
-0.5,-1.0,-1.0,0.8,-0.8762169680111266,-1.002724795640327,-1.1328179901616304,-1.1901159858799801,-0.7653213751868461,0.2886751345948128,0.6339745962155615,0.0,-0.6071428571428571,-1.4111183536642145
-0.5,-0.8,-1.0,0.8,-0.8762169680111266,-0.8392370572207084,-1.0203794799718904,-1.0892586989409987,0.2062780269058296,0.49999999999999994,0.3660254037844388,0.0,-0.5714285714285714,-1.416705466058292
-0.5,-0.6,-1.0,0.8,1.5299026425591098,-0.8392370572207084,-0.8517217146872804,-0.15632879475542127,-0.31689088191330345,0.5773502691896257,1.793007356604921e-16,0.0,-0.5357142857142857,-1.221156532265574
-0.5,-0.4,0.0,0.8,1.502086230876217,1.5177111716621254,-0.8517217146872804,0.7060010085728694,-0.39162929745889385,0.5,-0.3660254037844383,0.0,-0.5,-0.9641493621380016
-0.5,-0.2,0.0,0.8,0.7649513212795549,1.4904632152588555,1.5797610681658467,1.3010590015128596,-0.39162929745889385,0.2886751345948128,-0.6339745962155612,1.0,-0.4642857142857143,-0.7965359903156718
-0.5,0.0,0.0,0.8,-0.06954102920723226,0.7683923705722071,1.5516514406184119,0.7211296016137166,-0.39162929745889385,0.0,-0.7320508075688771,0.0,-0.42857142857142855,-0.7406648663748951
-0.5,0.2,1.0,0.8,-0.06954102920723226,-0.04904632152588556,0.8067463106113844,0.15128593040847205,-1.0792227204783258,-0.2886751345948128,-0.6339745962155612,0.0,-0.39285714285714285,-0.6847937424341183
-0.5,0.4,1.0,0.8,-0.5285118219749653,-0.04904632152588556,-0.036542515811665496,-0.3177004538577913,-0.9147982062780269,-0.5,-0.36602540378443876,0.0,-0.35714285714285715,-0.6047117981190056
-0.5,0.6,1.0,0.8,-0.7649513212795549,-0.4986376021798365,-0.036542515811665496,-0.5698436712052448,-1.2735426008968609,-0.577350269189626,0.0,0.0,-0.32142857142857145,-0.5767762361486173
-0.5,0.8,2.0,0.8,-1.0848400556328233,-0.7302452316076294,-0.500351370344343,-0.9379727685325266,-1.109118086696562,-0.5000000000000001,0.3660254037844388,0.0,-0.2857142857142857,-0.5469783033802029
-0.5,1.0,2.0,0.8,-0.8344923504867872,-1.0435967302452316,-0.7392832044975404,-1.0489157841654062,-0.9895366218236173,-0.2886751345948132,0.6339745962155612,0.0,-0.25,-0.5041437750256077
-0.5,1.2,2.0,0.8,-0.7232267037552156,-0.7983651226158038,-1.0625439212930428,-1.0337871911245589,-0.8101644245142003,-2.1211504774498138e-16,0.7320508075688774,0.0,-0.21428571428571427,-0.46130924667101186
0.0,-1.0,-1.0,0.8,0.8344923504867872,-0.6893732970027248,-0.8095572733661279,-0.33787191124558774,-0.8101644245142003,0.2886751345948128,0.6339745962155615,0.0,-0.17857142857142858,-0.23223763851382784
0.0,-0.8,-1.0,0.8,1.321279554937413,0.8365122615803815,-0.6971187631763879,0.44377206253151813,1.7757847533632287,0.49999999999999994,0.3660254037844388,0.0,-0.14285714285714285,0.06201694757426202
0.0,-0.6,-1.0,0.8,1.321279554937413,1.3133514986376023,0.8770203794799719,1.1850731215330312,1.7458893871449925,0.5773502691896257,1.793007356604921e-16,0.0,-0.10714285714285714,0.03408138560387372
0.0,-0.4,0.0,0.8,0.13908205841446453,1.3133514986376023,1.3689388615600844,0.9329299041855774,0.953662182361734,0.5,-0.3660254037844383,0.0,-0.07142857142857142,-0.14843095260266295
0.0,-0.2,0.0,0.8,0.06954102920723226,0.1553133514986376,1.3689388615600844,0.47907211296016133,0.05680119581464873,0.2886751345948128,-0.6339745962155612,1.0,-0.03571428571428571,-0.2415494925039577
0.0,0.0,0.0,0.8,0.06954102920723226,0.08719346049046321,0.17427969079409697,0.025214321734745193,0.05680119581464873,0.0,-0.7320508075688771,0.0,0.0,-0.22292578452369863
0.0,0.2,1.0,0.8,0.06954102920723226,0.08719346049046321,0.10400562192550948,0.0,-0.43647234678624813,-0.2886751345948128,-0.6339745962155612,0.0,0.03571428571428571,-0.20430207654343954
0.0,0.4,1.0,0.8,2.0166898470097356,0.08719346049046321,0.10400562192550948,0.7060010085728694,-0.6905829596412556,-0.5,-0.36602540378443876,0.0,0.07142857142857142,0.1365117794952977
0.0,0.6,1.0,0.8,0.6954102920723226,1.994550408719346,0.10400562192550948,0.9329299041855774,-1.0343796711509716,-0.577350269189626,0.0,0.0,0.10714285714285714,0.3320607132880158
0.0,0.8,2.0,0.8,0.3477051460361613,0.7002724795640327,2.071679550245959,1.033787191124559,-0.7653213751868461,-0.5000000000000001,0.3660254037844388,0.0,0.14285714285714285,0.5238849054846817
0.0,1.0,2.0,0.8,0.0,0.35967302452316074,0.7364722417427969,0.3025718608169441,-0.6457399103139013,-0.2886751345948132,0.6339745962155612,0.0,0.17857142857142858,0.6356271533662349
0.0,1.2,2.0,0.8,-0.7649513212795549,0.01907356948228883,0.38510189739985945,-0.22692889561270807,1.0284005979073243,-2.1211504774498138e-16,0.7320508075688774,0.0,0.21428571428571427,0.6300400409721572
0.5,-1.0,-1.0,0.8,-0.06954102920723226,-0.7302452316076294,0.03373155305692199,-0.3782148260211801,1.5515695067264574,0.2886751345948128,0.6339745962155615,0.0,0.25,0.5089859391004748
0.5,-0.8,-1.0,0.8,1.043115438108484,-0.04904632152588556,-0.7392832044975404,0.0,1.5515695067264574,0.49999999999999994,0.3660254037844388,0.0,0.2857142857142857,0.4717385231399573
0.5,-0.6,-1.0,0.8,0.5563282336578581,1.0408719346049047,-0.036542515811665496,0.47907211296016133,0.28101644245142005,0.5773502691896257,1.793007356604921e-16,0.0,0.32142857142857145,0.3693081292485333
0.5,-0.4,0.0,0.8,0.9735744089012517,0.5640326975476839,1.0878425860857344,0.8572869389813415,0.2062780269058296,0.5,-0.3660254037844383,1.0,0.35714285714285715,0.48105037713008647
0.5,-0.2,0.0,0.8,0.6954102920723226,0.9727520435967303,0.5959241040056219,0.731215330307615,0.2062780269058296,0.2886751345948128,-0.6339745962155612,0.0,0.39285714285714285,0.5648570630412514
0.5,0.0,0.0,0.8,0.3477051460361613,0.7002724795640327,1.017568517217147,0.655572365103379,0.2062780269058296,0.0,-0.7320508075688771,0.0,0.42857142857142855,0.6021044790017689
0.5,0.2,1.0,0.8,-0.06954102920723226,0.35967302452316074,0.7364722417427969,0.2773575390821989,2.298953662182362,-0.2886751345948128,-0.6339745962155612,0.0,0.4642857142857143,0.5834807710215105
0.5,0.4,1.0,0.8,0.13908205841446453,-0.04904632152588556,0.38510189739985945,0.07564296520423602,0.8789237668161435,-0.5,-0.36602540378443876,0.0,0.5,0.3320607132880158
0.5,0.6,1.0,0.8,-0.06954102920723226,0.1553133514986376,-0.036542515811665496,-0.07564296520423602,0.5052316890881914,-0.577350269189626,0.0,0.0,0.5357142857142857,0.22963031939659181
0.5,0.8,2.0,0.8,-0.4172461752433936,-0.04904632152588556,0.17427969079409697,-0.20171457387796288,0.13153961136023917,-0.5000000000000001,0.3660254037844388,0.0,0.5714285714285714,0.12719992550516784
0.5,1.0,2.0,0.8,-0.13908205841446453,-0.3896457765667575,-0.036542515811665496,-0.3025718608169441,-0.6905829596412556,-0.2886751345948132,0.6339745962155612,0.0,0.6071428571428571,0.1085762175249094
0.5,1.2,2.0,0.8,0.9040333796940194,-0.11716621253405994,-0.38791286015460297,0.05042864346949083,0.05680119581464873,-2.1211504774498138e-16,0.7320508075688774,0.0,0.6428571428571429,0.3320607132880158
1.0,-1.0,-1.0,0.8,1.043115438108484,0.9046321525885559,-0.10681658468025299,0.5799293998991429,1.2526158445440956,0.2886751345948128,0.6339745962155615,0.0,0.6785714285714286,0.48105037713008647
1.0,-0.8,-1.0,0.8,0.6258692628650904,1.0408719346049047,0.9472944483485594,0.8572869389813415,0.7294469357249627,0.49999999999999994,0.3660254037844388,0.0,0.7142857142857143,0.4251792531893099
1.0,-0.6,-1.0,0.8,0.13908205841446453,0.6321525885558583,1.0878425860857344,0.5799293998991429,1.1778774289985052,0.5773502691896257,1.793007356604921e-16,0.0,0.75,0.3693081292485333
1.0,-0.4,0.0,0.8,0.2086230876216968,0.1553133514986376,0.6661981728742095,0.2773575390821989,0.8789237668161435,0.5,-0.3660254037844383,1.0,0.7857142857142857,0.26687773535710935
1.0,-0.2,0.0,0.8,0.06954102920723226,0.22343324250681199,0.17427969079409697,0.07564296520423602,0.5052316890881914,0.2886751345948128,-0.6339745962155612,0.0,0.8214285714285714,0.18307104944594443
1.0,0.0,0.0,0.8,-0.06954102920723226,0.08719346049046321,0.24455375966268447,0.0,0.05680119581464873,0.0,-0.7320508075688771,0.0,0.8571428571428571,0.12719992550516784
1.0,0.2,1.0,0.8,0.13908205841446453,-0.04904632152588556,0.10400562192550948,-0.025214321734745193,0.28101644245142005,-0.2886751345948128,-0.6339745962155612,0.0,0.8928571428571429,0.15513548747555614
1.0,0.4,1.0,0.8,0.6954102920723226,0.1553133514986376,-0.036542515811665496,0.20171457387796288,0.05680119581464873,-0.5,-0.36602540378443876,0.0,0.9285714285714286,0.22963031939659181
1.0,0.6,1.0,0.8,0.9040333796940194,0.7002724795640327,0.17427969079409697,0.5547150781643974,-0.31689088191330345,-0.577350269189626,0.0,0.0,0.9642857142857143,0.3599962752584041
1.0,0.8,2.0,0.8,-0.13908205841446453,0.9046321525885559,0.7364722417427969,0.45385779122541614,-0.017937219730941704,-0.5000000000000001,0.3660254037844388,0.0,1.0,0.3972436912189216
