tahun,bulan,kuartal,wilayah_enc,harga_lag1,harga_lag2,harga_lag3,harga_rolling3,harga_lag12,sin_bulan,cos_bulan,is_lebaran_month,tren_index,harga_rolling12
-1.0,-0.8,-1.0,-1.0,-0.10740203193033382,-0.12334801762114538,-0.7024673439767779,-0.35490196078431374,-0.3151862464183381,0.49999999999999994,0.3660254037844388,0.0,-1.0,-0.3361608545397415
-1.0,-0.6,-1.0,-1.0,1.053701015965167,-0.12334801762114538,-0.12191582002902758,0.23333333333333353,-0.40114613180515757,0.5773502691896257,1.793007356604921e-16,0.0,-0.9642857142857143,-0.17593465284322873
-1.0,-0.4,0.0,-1.0,0.2525399129172714,1.0513950073421439,-0.12191582002902758,0.3549019607843133,0.5272206303724928,0.5,-0.3660254037844383,0.0,-0.9285714285714286,-0.09299403078856389
-1.0,-0.2,0.0,-1.0,0.8679245283018868,0.24082232011747431,1.039187227866473,0.6843137254901955,0.5272206303724928,0.2886751345948128,-0.6339745962155612,1.0,-0.8928571428571429,-0.045240339302543675
-1.0,0.0,0.0,-1.0,0.8679245283018868,0.8634361233480177,0.23802612481857766,0.6215686274509804,0.7335243553008596,0.0,-0.7320508075688771,0.0,-0.8571428571428571,0.002513352183475441
-1.0,0.2,1.0,-1.0,0.8679245283018868,0.8634361233480177,0.8534107402031931,0.829411764705882,0.4871060171919771,-0.2886751345948128,-0.6339745962155612,0.0,-0.8214285714285714,0.02764687401822217
-1.0,0.4,1.0,-1.0,0.13642960812772134,0.8634361233480177,0.8534107402031931,0.5823529411764703,-0.38968481375358166,-0.5,-0.36602540378443876,0.0,-0.7857142857142857,0.0006283380458694088
-1.0,0.6,1.0,-1.0,0.06676342525399129,0.12334801762114538,0.8534107402031931,0.31176470588235283,-0.8767908309455588,-0.577350269189626,0.0,0.0,-0.75,0.062205466541000155
-1.0,0.8,2.0,-1.0,-0.43831640058055155,0.05286343612334802,0.12191582002902758,-0.1294117647058823,-1.002865329512894,-0.5000000000000001,0.3660254037844388,0.0,-0.7142857142857143,0.12252591894439319
-1.0,1.0,2.0,-1.0,-0.3802612481857765,-0.4581497797356828,0.05224963715529753,-0.30392156862745073,-0.5730659025787965,-0.2886751345948132,0.6339745962155612,0.0,-0.6785714285714286,0.20295318881558316
-1.0,1.2,2.0,-1.0,0.31059506531204645,-0.39941262848751835,-0.4528301886792453,-0.22156862745098016,0.0,-2.1211504774498138e-16,0.7320508075688774,0.0,-0.6428571428571429,0.3110273327049964
-0.5,-1.0,-1.0,-1.0,0.5718432510885341,0.29955947136563876,-0.39477503628447025,0.11960784313725456,0.0,0.2886751345948128,0.6339745962155615,0.0,-0.6071428571428571,0.3845428840716316
-0.5,-0.8,-1.0,-1.0,0.5718432510885341,0.5638766519823789,0.2960812772133527,0.4411764705882351,1.146131805157593,0.49999999999999994,0.3660254037844388,0.0,-0.5714285714285714,0.4580584354382669
-0.5,-0.6,-1.0,-1.0,0.04934687953555878,0.5638766519823789,0.5573294629898403,0.3529411764705881,0.3553008595988539,0.5773502691896257,1.793007356604921e-16,0.0,-0.5357142857142857,0.3493559535029853
-0.5,-0.4,0.0,-1.0,0.0841799709724238,0.03524229074889868,0.5573294629898403,0.18823529411764697,0.9627507163323782,0.5,-0.3660254037844383,0.0,-0.5,0.33113415017279335
-0.5,-0.2,0.0,-1.0,0.22931785195936139,0.07048458149779736,0.03483309143686502,0.07254901960784282,0.9627507163323782,0.2886751345948128,-0.6339745962155612,1.0,-0.4642857142857143,0.26201696512723954
-0.5,0.0,0.0,-1.0,0.22931785195936139,0.2173274596182085,0.06966618287373004,0.13333333333333355,0.9627507163323782,0.0,-0.7320508075688771,0.0,-0.42857142857142855,0.19289978008168468
-0.5,0.2,1.0,-1.0,0.22931785195936139,0.2173274596182085,0.21480406386066764,0.18235294117647052,0.24068767908309455,-0.2886751345948128,-0.6339745962155612,0.0,-0.39285714285714285,0.1237825950361298
-0.5,0.4,1.0,-1.0,-0.22351233671988388,0.2173274596182085,0.21480406386066764,0.02941176470588234,0.17191977077363896,-0.5,-0.36602540378443876,0.0,-0.35714285714285715,0.08482563619227254
-0.5,0.6,1.0,-1.0,0.20029027576197386,-0.24082232011747431,0.21480406386066764,0.019607843137254607,-0.32664756446991405,-0.577350269189626,0.0,0.0,-0.32142857142857145,0.09927741124725138
-0.5,0.8,2.0,-1.0,-0.28156748911465895,0.18795888399412627,-0.23802612481857766,-0.15294117647058816,-0.2693409742120344,-0.5000000000000001,0.3660254037844388,0.0,-0.2857142857142857,0.11624253848570568
-0.5,1.0,2.0,-1.0,-0.7576197387518142,-0.29955947136563876,0.18577648766328012,-0.33333333333333304,0.41260744985673353,-0.2886751345948132,0.6339745962155612,0.0,-0.25,0.07540056550424237
-0.5,1.2,2.0,-1.0,-0.5428156748911466,-0.7812041116005873,-0.2960812772133527,-0.584313725490196,0.670487106017192,-2.1211504774498138e-16,0.7320508075688774,0.0,-0.21428571428571427,-0.01696512723845319
0.0,-1.0,-1.0,-1.0,-0.5892597968069666,-0.5638766519823789,-0.772133526850508,-0.6882352941176467,0.670487106017192,0.2886751345948128,0.6339745962155615,0.0,-0.17857142857142858,-0.14263273641218902
0.0,-0.8,-1.0,-1.0,-0.15384615384615385,-0.6108663729809104,-0.5573294629898403,-0.484313725490196,0.15472779369627507,0.49999999999999994,0.3660254037844388,0.0,-0.14285714285714285,-0.22117499214577352
0.0,-0.6,-1.0,-1.0,-0.15384615384615385,-0.17033773861967694,-0.6037735849056604,-0.3529411764705881,0.18911174785100288,0.5773502691896257,1.793007356604921e-16,0.0,-0.10714285714285714,-0.2431668237511776
0.0,-0.4,0.0,-1.0,0.19448476052249636,-0.17033773861967694,-0.1683599419448476,-0.08823529411764702,0.332378223495702,0.5,-0.3660254037844383,0.0,-0.07142857142857142,-0.23122840087967253
0.0,-0.2,0.0,-1.0,0.2409288824383164,0.18208516886930984,-0.1683599419448476,0.04509803921568654,0.332378223495702,0.2886751345948128,-0.6339745962155612,1.0,-0.03571428571428571,-0.22997172478793537
0.0,0.0,0.0,-1.0,0.2409288824383164,0.2290748898678414,0.1799709724238026,0.17843137254901925,0.332378223495702,0.0,-0.7320508075688771,0.0,0.0,-0.22871504869619763
0.0,0.2,1.0,-1.0,0.2409288824383164,0.2290748898678414,0.22641509433962265,0.19411764705882345,-0.11461318051575932,-0.2886751345948128,-0.6339745962155612,0.0,0.03571428571428571,-0.22745837260446047
0.0,0.4,1.0,-1.0,3.521044992743106,0.2290748898678414,0.22641509433962265,1.3019607843137246,0.3037249283667622,-0.5,-0.36602540378443876,0.0,0.07142857142857142,0.17781966698083643
0.0,0.6,1.0,-1.0,1.5471698113207548,3.5477239353891337,0.22641509433962265,1.7431372549019597,-0.17191977077363896,-0.577350269189626,0.0,0.0,0.10714285714285714,0.3235940936223692
0.0,0.8,2.0,-1.0,-0.21190130624092887,1.550660792951542,3.5065312046444124,1.5901960784313716,-0.6418338108882522,-0.5000000000000001,0.3660254037844388,0.0,0.14285714285714285,0.33113415017279335
0.0,1.0,2.0,-1.0,0.026124818577648767,-0.2290748898678414,1.532656023222061,0.40980392156862755,-0.4297994269340974,-0.2886751345948132,0.6339745962155612,0.0,0.17857142857142858,0.41595978636506475
0.0,1.2,2.0,-1.0,0.026124818577648767,0.011747430249632892,-0.22641509433962265,-0.10392156862745122,-0.47564469914040114,-2.1211504774498138e-16,0.7320508075688774,0.0,0.21428571428571427,0.4775369148601955
0.5,-1.0,-1.0,-1.0,0.11320754716981132,0.011747430249632892,0.011611030478955007,0.005882352941176468,-0.045845272206303724,0.2886751345948128,0.6339745962155615,0.0,0.25,0.553565818410305
0.5,-0.8,-1.0,-1.0,-0.10740203193033382,0.09985315712187959,0.011611030478955007,-0.039215686274510074,-0.045845272206303724,0.49999999999999994,0.3660254037844388,0.0,0.2857142857142857,0.5585925227772549
0.5,-0.6,-1.0,-1.0,0.7750362844702468,-0.12334801762114538,0.09869375907111756,0.21372549019607806,0.2979942693409742,0.5773502691896257,1.793007356604921e-16,0.0,0.32142857142857145,0.6591266101162429
0.5,-0.4,0.0,-1.0,0.45573294629898403,0.7694566813509545,-0.12191582002902758,0.32941176470588224,0.3438395415472779,0.5,-0.3660254037844383,1.0,0.35714285714285715,0.6874018221803334
0.5,-0.2,0.0,-1.0,0.19448476052249636,0.44640234948604995,0.760522496371553,0.43137254901960737,0.3438395415472779,0.2886751345948128,-0.6339745962155612,0.0,0.39285714285714285,0.6823751178133847
0.5,0.0,0.0,-1.0,0.19448476052249636,0.18208516886930984,0.4412191582002903,0.2352941176470587,0.3438395415472779,0.0,-0.7320508075688771,0.0,0.42857142857142855,0.6773484134464349
0.5,0.2,1.0,-1.0,0.18287373004354138,0.18208516886930984,0.1799709724238026,0.14313725490196044,3.5816618911174785,-0.2886751345948128,-0.6339745962155612,0.0,0.4642857142857143,0.6710650329877486
0.5,0.4,1.0,-1.0,0.6066763425253991,0.17033773861967694,0.1799709724238026,0.2823529411764705,1.6332378223495703,-0.5,-0.36602540378443876,0.0,0.5,0.35563933396167174
0.5,0.6,1.0,-1.0,0.020319303338171262,0.5991189427312775,0.1683599419448476,0.22352941176470578,-0.10315186246418338,-0.577350269189626,0.0,0.0,0.5357142857142857,0.19038642789821034
0.5,0.8,2.0,-1.0,-0.4847605224963715,0.005873715124816446,0.5921625544267054,-0.001960784313725204,0.1318051575931232,-0.5000000000000001,0.3660254037844388,0.0,0.5714285714285714,0.16085453974238212
0.5,1.0,2.0,-1.0,-0.9956458635703919,-0.5051395007342144,0.005805515239477504,-0.5431372549019607,0.1318051575931232,-0.2886751345948132,0.6339745962155612,0.0,0.6071428571428571,0.050267043669494554
0.5,1.2,2.0,-1.0,-0.6705370101596516,-1.0220264317180616,-0.49927431059506533,-0.7764705882352938,0.2177650429799427,-2.1211504774498138e-16,0.7320508075688774,0.0,0.6428571428571429,-0.02513352183474673
1.0,-1.0,-1.0,-1.0,-0.020319303338171262,-0.6930983847283406,-1.0101596516690856,-0.6196078431372548,0.0,0.2886751345948128,0.6339745962155615,0.0,0.6785714285714286,-0.03958529688972558
1.0,-0.8,-1.0,-1.0,0.8098693759071117,-0.03524229074889868,-0.6850507982583455,-0.009803921568627732,0.8710601719197708,0.49999999999999994,0.3660254037844388,0.0,0.7142857142857143,0.059692114357524716
1.0,-0.6,-1.0,-1.0,0.4731494920174166,0.8046989720998532,-0.03483309143686502,0.37647058823529395,0.5558739255014327,0.5773502691896257,1.793007356604921e-16,0.0,0.75,0.027018535972353857
1.0,-0.4,0.0,-1.0,0.5195936139332366,0.46402349486049926,0.795355587808418,0.5588235294117645,0.2979942693409742,0.5,-0.3660254037844383,1.0,0.7857142857142857,0.03393025447690967
1.0,-0.2,0.0,-1.0,0.8969521044992743,0.5110132158590308,0.45863570391872277,0.5882352941176469,0.2979942693409742,0.2886751345948128,-0.6339745962155612,0.0,0.8214285714285714,0.10995915802701926
1.0,0.0,0.0,-1.0,3.567489114658926,0.8928046989720999,0.5050798258345428,1.6333333333333329,0.28653295128939826,0.0,-0.7320508075688771,0.0,0.8571428571428571,0.4750235626767212
1.0,0.2,1.0,-1.0,2.4354136429608126,3.594713656387665,0.8824383164005806,2.2803921568627445,0.7048710601719198,-0.2886751345948128,-0.6339745962155612,0.0,0.8928571428571429,0.7188187244737676
1.0,0.4,1.0,-1.0,1.471698113207547,2.449339207048458,3.552975326560232,2.474509803921568,0.12607449856733524,-0.5,-0.36602540378443876,0.0,0.9285714285714286,0.8124410933082009
1.0,0.6,1.0,-1.0,-0.6008708272859217,1.474302496328928,2.4208998548621192,1.066666666666666,-0.37249283667621774,-0.577350269189626,0.0,0.0,0.9642857142857143,0.745208922400252
1.0,0.8,2.0,-1.0,-0.8795355587808418,-0.6226138032305433,1.4571843251088534,-0.052941176470588214,-0.8767908309455588,-0.5000000000000001,0.3660254037844388,0.0,1.0,0.7024819352811816
-1.0,-0.8,-1.0,-0.8,-0.9027576197387518,-0.9280469897209985,-1.544267053701016,-1.1764705882352937,-0.8710601719197708,0.49999999999999994,0.3660254037844388,0.0,-1.0,-1.374803644360665
-1.0,-0.6,-1.0,-0.8,0.15384615384615385,-0.9280469897209985,-0.9172714078374455,-0.6078431372549018,-1.346704871060172,0.5773502691896257,1.793007356604921e-16,0.0,-0.9642857142857143,-1.251021049324536
-1.0,-0.4,0.0,-0.8,-0.7460087082728593,0.14096916299559473,-0.9172714078374455,-0.5549019607843136,0.17191977077363896,0.5,-0.3660254037844383,0.0,-0.9285714285714286,-1.1724787935909513
-1.0,-0.2,0.0,-0.8,1.3323657474600872,-0.7694566813509545,0.13933236574746008,0.19999999999999993,0.17191977077363896,0.2886751345948128,-0.6339745962155612,1.0,-0.8928571428571429,-1.0355010995915794
-1.0,0.0,0.0,-0.8,1.3323657474600872,1.3333333333333333,-0.760522496371553,0.5980392156862745,-0.32664756446991405,0.0,-0.7320508075688771,0.0,-0.8571428571428571,-0.8985234055922079
-1.0,0.2,1.0,-0.8,1.3323657474600872,1.3333333333333333,1.3178519593613933,1.2999999999999994,-0.4584527220630373,-0.2886751345948128,-0.6339745962155612,0.0,-0.8214285714285714,-0.7068803016022615
-1.0,0.4,1.0,-0.8,-0.2931785195936139,1.3333333333333333,1.3178519593613933,0.7509803921568627,-1.0716332378223496,-0.5,-0.36602540378443876,0.0,-0.7857142857142857,-0.676720075400565
-1.0,0.6,1.0,-0.8,-1.1640058055152396,-0.31130690161527164,1.3178519593613933,-0.09215686274509828,-1.9598853868194843,-0.577350269189626,0.0,0.0,-0.75,-0.6735783851712212
-1.0,0.8,2.0,-0.8,-1.0478955007256894,-1.1923641703377386,-0.3076923076923077,-0.8960784313725488,-2.0916905444126073,-0.5000000000000001,0.3660254037844388,0.0,-0.7142857142857143,-0.5604775369148592
-1.0,1.0,2.0,-0.8,-1.297532656023222,-1.0748898678414096,-1.1785195936139332,-1.2352941176470582,-1.4040114613180517,-0.2886751345948132,0.6339745962155612,0.0,-0.6785714285714286,-0.45994344957587124
-1.0,1.2,2.0,-0.8,-0.6705370101596516,-1.327459618208517,-1.0624092888243832,-1.0686274509803915,-0.7851002865329513,-2.1211504774498138e-16,0.7320508075688774,0.0,-0.6428571428571429,-0.36694941878730686
-0.5,-1.0,-1.0,-0.8,-0.16545718432510886,-0.6930983847283406,-1.3120464441219157,-0.7705882352941174,-0.7851002865329513,0.2886751345948128,0.6339745962155615,0.0,-0.6071428571428571,-0.28715048696198464
-0.5,-0.8,-1.0,-0.8,-0.16545718432510886,-0.18208516886930984,-0.6850507982583455,-0.3882352941176469,0.25787965616045844,0.49999999999999994,0.3660254037844388,0.0,-0.5714285714285714,-0.20735155513666298
-0.5,-0.6,-1.0,-0.8,-0.7169811320754716,-0.18208516886930984,-0.1799709724238026,-0.40392156862745066,-0.6303724928366762,0.5773502691896257,1.793007356604921e-16,0.0,-0.5357142857142857,-0.3016022620169646
-0.5,-0.4,0.0,-0.8,-0.7750362844702468,-0.7400881057268722,-0.1799709724238026,-0.6098039215686271,1.4212034383954155,0.5,-0.3660254037844383,0.0,-0.5,-0.3047439522463078
-0.5,-0.2,0.0,-0.8,-0.45573294629898403,-0.7988252569750367,-0.7314949201741655,-0.7078431372549018,1.4212034383954155,0.2886751345948128,-0.6339745962155612,1.0,-0.4642857142857143,-0.49827207037386023
-0.5,0.0,0.0,-0.8,-0.7866473149492017,-0.47577092511013214,-0.7895500725689405,-0.7313725490196077,1.4212034383954155,0.0,-0.7320508075688771,0.0,-0.42857142857142855,-0.7276154571159278
-0.5,0.2,1.0,-0.8,-0.7866473149492017,-0.8105726872246696,-0.4702467343976778,-0.7352941176470585,-0.1833810888252149,-0.2886751345948128,-0.6339745962155612,0.0,-0.39285714285714285,-0.9569588438579949
-0.5,0.4,1.0,-0.8,-1.5587808417997098,-0.8105726872246696,-0.8011611030478955,-1.1078431372549016,-1.0429799426934097,-0.5,-0.36602540378443876,0.0,-0.35714285714285715,-1.0939365378573664
-0.5,0.6,1.0,-0.8,-0.49637155297532654,-1.591776798825257,-0.8011611030478955,-1.009803921568627,-0.9283667621776505,-0.577350269189626,0.0,0.0,-0.32142857142857145,-1.0216776625824688
-0.5,0.8,2.0,-0.8,-1.471698113207547,-0.5168869309838473,-1.5732946298984034,-1.2411764705882347,-1.174785100286533,-0.5000000000000001,0.3660254037844388,0.0,-0.2857142857142857,-1.067546339930882
-0.5,1.0,2.0,-0.8,-1.6748911465892597,-1.5036710719530102,-0.5108853410740203,-1.2803921568627443,-0.5558739255014327,-0.2886751345948132,0.6339745962155612,0.0,-0.25,-1.1083883129123462
-0.5,1.2,2.0,-0.8,-1.5413642960812772,-1.7092511013215859,-1.486211901306241,-1.6333333333333324,-0.05730659025787966,-2.1211504774498138e-16,0.7320508075688774,0.0,-0.21428571428571427,-1.202639019792648
0.0,-1.0,-1.0,-0.8,-1.6748911465892597,-1.5741556534508077,-1.6894049346879536,-1.701960784313725,-0.05730659025787966,0.2886751345948128,0.6339745962155615,0.0,-0.17857142857142858,-1.3660069117185039
0.0,-0.8,-1.0,-0.8,-1.355587808417997,-1.7092511013215859,-1.5558780841799709,-1.5941176470588228,-0.6017191977077364,0.49999999999999994,0.3660254037844388,0.0,-0.14285714285714285,-1.4948162111215828
0.0,-0.6,-1.0,-0.8,-1.355587808417997,-1.3861967694566812,-1.6894049346879536,-1.5313725490196073,-0.6590257879656161,0.5773502691896257,1.793007356604921e-16,0.0,-0.10714285714285714,-1.5639333961671371
0.0,-0.4,0.0,-0.8,0.11320754716981132,-1.3861967694566812,-1.370101596516691,-0.9274509803921563,-0.3438395415472779,0.5,-0.3660254037844383,0.0,-0.07142857142857142,-1.4677976751492297
0.0,-0.2,0.0,-0.8,-0.5834542815674891,0.09985315712187959,-1.370101596516691,-0.6666666666666665,-0.670487106017192,0.2886751345948128,-0.6339745962155612,1.0,-0.03571428571428571,-1.4816211121583407
0.0,0.0,0.0,-0.8,-0.5834542815674891,-0.604992657856094,0.09869375907111756,-0.4058823529411763,-0.670487106017192,0.0,-0.7320508075688771,0.0,0.0,-1.4596292805529365
0.0,0.2,1.0,-0.8,-0.5834542815674891,-0.604992657856094,-0.5979680696661829,-0.641176470588235,-1.4326647564469914,-0.2886751345948128,-0.6339745962155612,0.0,0.03571428571428571,-1.437637448947533
0.0,0.4,1.0,-0.8,1.7503628447024673,-0.604992657856094,-0.5979680696661829,0.14705882352941171,-0.3839541547277937,-0.5,-0.36602540378443876,0.0,0.07142857142857142,-1.079484762802387
0.0,0.6,1.0,-0.8,0.22931785195936139,1.7562408223201176,-0.5979680696661829,0.4215686274509805,-1.346704871060172,-0.577350269189626,0.0,0.0,0.10714285714285714,-1.0009425070688025
0.0,0.8,2.0,-0.8,-1.2220609579100146,0.2173274596182085,1.7358490566037736,0.20588235294117638,-1.5472779369627507,-0.5000000000000001,0.3660254037844388,0.0,0.14285714285714285,-0.9739239710964491
0.0,1.0,2.0,-0.8,-1.3846153846153846,-1.251101321585903,0.21480406386066764,-0.8529411764705879,-1.4154727793696276,-0.2886751345948132,0.6339745962155612,0.0,0.17857142857142858,-0.9425070688030155
0.0,1.2,2.0,-0.8,-0.9201741654571843,-1.4155653450807635,-1.2365747460087082,-1.2411764705882347,-1.5472779369627507,-2.1211504774498138e-16,0.7320508075688774,0.0,0.21428571428571427,-0.8752748978950666
0.5,-1.0,-1.0,-0.8,-1.0362844702467344,-0.9456681350954479,-1.3991291727140784,-1.1784313725490192,-1.2320916905444126,0.2886751345948128,0.6339745962155615,0.0,0.25,-0.8061577128495123
0.5,-0.8,-1.0,-0.8,-1.0362844702467344,-1.0631424375917768,-0.9346879535558781,-1.06078431372549,-1.2320916905444126,0.49999999999999994,0.3660254037844388,0.0,0.2857142857142857,-0.7715991203267348
0.5,-0.6,-1.0,-0.8,-0.2931785195936139,-1.0631424375917768,-1.050798258345428,-0.849019607843137,0.2177650429799427,0.5773502691896257,1.793007356604921e-16,0.0,0.32142857142857145,-0.6566132579327669
0.5,-0.4,0.0,-0.8,-0.525399129172714,-0.31130690161527164,-1.050798258345428,-0.6764705882352938,-0.4699140401146132,0.5,-0.3660254037844383,1.0,0.35714285714285715,-0.7257304429783218
0.5,-0.2,0.0,-0.8,-0.6589259796806967,-0.5462555066079295,-0.3076923076923077,-0.5490196078431372,-0.4699140401146132,0.2886751345948128,-0.6339745962155612,0.0,0.39285714285714285,-0.7338988375746143
0.5,0.0,0.0,-0.8,-0.6589259796806967,-0.6813509544787077,-0.5399129172714079,-0.672549019607843,-0.4699140401146132,0.0,-0.7320508075688771,0.0,0.42857142857142855,-0.7420672321709072
0.5,0.2,1.0,-0.8,-0.9782293178519593,-0.6813509544787077,-0.6734397677793904,-0.8254901960784312,1.833810888252149,-0.2886751345948128,-0.6339745962155612,0.0,0.4642857142857143,-0.7847942192899771
0.5,0.4,1.0,-0.8,-0.7866473149492017,-1.0044052863436124,-0.6734397677793904,-0.8686274509803916,0.332378223495702,-0.5,-0.36602540378443876,0.0,0.5,-1.0593779453345895
0.5,0.6,1.0,-0.8,-1.065312046444122,-0.8105726872246696,-0.9927431059506531,-1.005882352941176,-1.1002865329512894,-0.577350269189626,0.0,0.0,0.5357142857142857,-1.1994973295633042
0.5,0.8,2.0,-0.8,-1.7329462989840347,-1.092511013215859,-0.8011611030478955,-1.2607843137254897,-1.2607449856733524,-0.5000000000000001,0.3660254037844388,0.0,0.5714285714285714,-1.254791077599748
0.5,1.0,2.0,-0.8,-2.081277213352685,-1.7679882525697503,-1.0798258345428158,-1.6980392156862736,-0.8022922636103151,-0.2886751345948132,0.6339745962155612,0.0,0.6071428571428571,-1.3301916431039893
0.5,1.2,2.0,-0.8,-2.034833091436865,-2.120411160058737,-1.7474600870827286,-2.025490196078431,-0.9169054441260746,-2.1211504774498138e-16,0.7320508075688774,0.0,0.6428571428571429,-1.4508325479107753
1.0,-1.0,-1.0,-0.8,-1.193033381712627,-2.0734214390602057,-2.0957910014513788,-1.8431372549019602,-0.9169054441260746,0.2886751345948128,0.6339745962155615,0.0,0.6785714285714286,-1.4677976751492297
1.0,-0.8,-1.0,-0.8,0.18287373004354138,-1.2217327459618208,-2.049346879535559,-1.0784313725490193,-0.1833810888252149,0.49999999999999994,0.3660254037844388,0.0,0.7142857142857143,-1.3358466855168074
1.0,-0.6,-1.0,-0.8,-0.5137880986937591,0.17033773861967694,-1.2075471698113207,-0.564705882352941,-0.41260744985673353,0.5773502691896257,1.793007356604921e-16,0.0,0.75,-1.3597235312598168
1.0,-0.4,0.0,-0.8,-0.6879535558780842,-0.5345080763582967,0.1683599419448476,-0.39411764705882335,-0.5444126074498568,0.5,-0.3660254037844383,1.0,0.7857142857142857,-1.37731699654414
1.0,-0.2,0.0,-0.8,-0.6124818577648766,-0.71071953010279,-0.5283018867924528,-0.6627450980392152,-0.5444126074498568,0.2886751345948128,-0.6339745962155612,0.0,0.8214285714285714,-1.3722902921771907
1.0,0.0,0.0,-0.8,1.8664731494920175,-0.6343612334801763,-0.7024673439767779,0.14117647058823524,-0.8595988538681948,0.0,-0.7320508075688771,0.0,0.8571428571428571,-1.098963242224316
1.0,0.2,1.0,-0.8,0.4034833091436865,1.8737151248164463,-0.6269956458635704,0.5098039215686275,-0.670487106017192,-0.2886751345948128,-0.6339745962155612,0.0,0.8928571428571429,-0.9494187873075708
1.0,0.4,1.0,-0.8,-0.5428156748911466,0.3935389133627019,1.8519593613933236,0.5333333333333334,-0.9455587392550143,-0.5,-0.36602540378443876,0.0,0.9285714285714286,-0.9230285893810863
1.0,0.6,1.0,-0.8,-1.2801161103047896,-0.5638766519823789,0.3889695210449927,-0.5294117647058821,-1.6045845272206303,-0.577350269189626,0.0,0.0,0.9642857142857143,-0.9462770970782275
1.0,0.8,2.0,-0.8,-1.123367198838897,-1.3098384728340675,-0.5573294629898403,-1.0450980392156857,-1.9484240687679084,-0.5000000000000001,0.3660254037844388,0.0,1.0,-0.8803016022620164
-1.0,-0.8,-1.0,-0.6,0.5312046444121916,0.5227606461086637,-0.06386066763425254,0.2921568627450982,-0.47564469914040114,0.49999999999999994,0.3660254037844388,0.0,-1.0,0.36632108074143965
-1.0,-0.6,-1.0,-0.6,0.4731494920174166,0.5227606461086637,0.5166908563134979,0.46862745098039227,0.15472779369627507,0.5773502691896257,1.793007356604921e-16,0.0,-0.9642857142857143,0.48130694313540756
-1.0,-0.4,0.0,-0.6,0.5718432510885341,0.46402349486049926,0.5166908563134979,0.4823529411764704,1.9083094555873925,0.5,-0.3660254037844383,0.0,-0.9285714285714286,0.5378573672635886
-1.0,-0.2,0.0,-0.6,1.6342525399129173,0.5638766519823789,0.45863570391872277,0.854901960784313,1.9083094555873925,0.2886751345948128,-0.6339745962155612,1.0,-0.8928571428571429,0.5171222117499222
-1.0,0.0,0.0,-0.6,1.6342525399129173,1.6387665198237886,0.5573294629898403,1.2470588235294113,1.6217765042979944,0.0,-0.7320508075688771,0.0,-0.8571428571428571,0.49638705623625584
-1.0,0.2,1.0,-0.6,1.6342525399129173,1.6387665198237886,1.6197387518142234,1.6058823529411759,0.3839541547277937,-0.2886751345948128,-0.6339745962155612,0.0,-0.8214285714285714,0.5070688030160238
-1.0,0.4,1.0,-0.6,1.6342525399129173,1.6387665198237886,1.6197387518142234,1.6058823529411759,0.05730659025787966,-0.5,-0.36602540378443876,0.0,-0.7857142857142857,0.6534715677034248
-1.0,0.6,1.0,-0.6,0.37445573294629897,1.6387665198237886,1.6197387518142234,1.180392156862745,-0.7621776504297995,-0.577350269189626,0.0,0.0,-0.75,0.699340245051839
-1.0,0.8,2.0,-0.6,0.0841799709724238,0.3641703377386197,1.6197387518142234,0.6568627450980392,-0.9914040114613181,-0.5000000000000001,0.3660254037844388,0.0,-0.7142857142857143,0.8036443606660391
-1.0,1.0,2.0,-0.6,-0.06676342525399129,0.07048458149779736,0.3599419448476052,0.08235294117647056,0.05730659025787966,-0.2886751345948132,0.6339745962155612,0.0,-0.6785714285714286,0.916745208922401
-1.0,1.2,2.0,-0.6,0.5718432510885341,-0.08223201174743025,0.06966618287373004,0.1490196078431369,0.6303724928366762,-2.1211504774498138e-16,0.7320508075688774,0.0,-0.6428571428571429,0.9839773798303498
-0.5,-1.0,-1.0,-0.6,0.4731494920174166,0.5638766519823789,-0.08127721335268505,0.28039215686274527,0.6303724928366762,0.2886751345948128,0.6339745962155615,0.0,-0.6071428571428571,0.9776939993716623
-0.5,-0.8,-1.0,-0.6,0.4731494920174166,0.46402349486049926,0.5573294629898403,0.46274509803921576,0.5730659025787965,0.49999999999999994,0.3660254037844388,0.0,-0.5714285714285714,0.9714106189129759
-0.5,-0.6,-1.0,-0.6,0.28156748911465895,0.46402349486049926,0.45863570391872277,0.36470588235294105,0.670487106017192,0.5773502691896257,1.793007356604921e-16,0.0,-0.5357142857142857,0.9506754633993095
-0.5,-0.4,0.0,-0.6,1.3439767779390421,0.2701908957415565,0.45863570391872277,0.6588235294117645,1.7191977077363896,0.5,-0.3660254037844383,0.0,-0.5,1.0342444234998434
-0.5,-0.2,0.0,-0.6,0.5718432510885341,1.3450807635829662,0.26705370101596515,0.692156862745098,1.7191977077363896,0.2886751345948128,-0.6339745962155612,1.0,-0.4642857142857143,0.9192585611058753
-0.5,0.0,0.0,-0.6,0.432510885341074,0.5638766519823789,1.3294629898403483,0.7431372549019601,1.7191977077363896,0.0,-0.7320508075688771,0.0,-0.42857142857142855,0.7891925856110591
-0.5,0.2,1.0,-0.6,0.432510885341074,0.42290748898678415,0.5573294629898403,0.43529411764705866,1.7191977077363896,-0.2886751345948128,-0.6339745962155612,0.0,-0.39285714285714285,0.6591266101162429
-0.5,0.4,1.0,-0.6,0.28156748911465895,0.42290748898678415,0.41799709724238027,0.3372549019607839,0.47564469914040114,-0.5,-0.36602540378443876,0.0,-0.35714285714285715,0.5127238454288419
-0.5,0.6,1.0,-0.6,0.33962264150943394,0.2701908957415565,0.41799709724238027,0.3058823529411763,0.18911174785100288,-0.577350269189626,0.0,0.0,-0.32142857142857145,0.5089538171536298
-0.5,0.8,2.0,-0.6,-0.06676342525399129,0.328928046989721,0.26705370101596515,0.13725490196078396,0.04011461318051576,-0.5000000000000001,0.3660254037844388,0.0,-0.2857142857142857,0.4926170279610438
-0.5,1.0,2.0,-0.6,-0.2641509433962264,-0.08223201174743025,0.3251088534107402,-0.04705882352941174,0.670487106017192,-0.2886751345948132,0.6339745962155612,0.0,-0.25,0.47125353440150913
-0.5,1.2,2.0,-0.6,-0.10740203193033382,-0.28193832599118945,-0.08127721335268505,-0.19803921568627428,0.5730659025787965,-2.1211504774498138e-16,0.7320508075688774,0.0,-0.21428571428571427,0.39773798303487384
0.0,-1.0,-1.0,-0.6,-0.6879535558780842,-0.12334801762114538,-0.27866473149492016,-0.40784313725490196,0.5730659025787965,0.2886751345948128,0.6339745962155615,0.0,-0.17857142857142858,0.272070373861138
0.0,-0.8,-1.0,-0.6,-0.10740203193033382,-0.71071953010279,-0.12191582002902758,-0.35490196078431374,0.3839541547277937,0.49999999999999994,0.3660254037844388,0.0,-0.14285714285714285,0.20923656927427065
0.0,-0.6,-1.0,-0.6,-0.10740203193033382,-0.12334801762114538,-0.7024673439767779,-0.35490196078431374,1.4326647564469914,0.5773502691896257,1.793007356604921e-16,0.0,-0.10714285714285714,0.16713792020106855
0.0,-0.4,0.0,-0.6,1.1523947750362844,-0.12334801762114538,-0.12191582002902758,0.2666666666666663,0.670487106017192,0.5,-0.3660254037844383,0.0,-0.07142857142857142,0.14640276468740218
0.0,-0.2,0.0,-0.6,0.4731494920174166,1.1512481644640236,-0.12191582002902758,0.46274509803921576,0.5329512893982808,0.2886751345948128,-0.6339745962155612,1.0,-0.03571428571428571,0.1357210179076354
0.0,0.0,0.0,-0.6,0.4731494920174166,0.46402349486049926,1.1378809869375908,0.6588235294117645,0.5329512893982808,0.0,-0.7320508075688771,0.0,0.0,0.14011938422871578
0.0,0.2,1.0,-0.6,0.4731494920174166,0.46402349486049926,0.45863570391872277,0.42941176470588216,0.3839541547277937,-0.2886751345948128,-0.6339745962155612,0.0,0.03571428571428571,0.14451775054979615
0.0,0.4,1.0,-0.6,4.827285921625545,0.46402349486049926,0.45863570391872277,1.8999999999999992,0.44126074498567336,-0.5,-0.36602540378443876,0.0,0.07142857142857142,0.6365064404649705
0.0,0.6,1.0,-0.6,1.6342525399129173,4.869309838472834,0.45863570391872277,2.2921568627450974,0.04011461318051576,-0.577350269189626,0.0,0.0,0.10714285714285714,0.7766258246936864
0.0,0.8,2.0,-0.6,0.6647314949201741,1.6387665198237886,4.812772133526851,2.3568627450980384,-0.15472779369627507,-0.5000000000000001,0.3660254037844388,0.0,0.14285714285714285,0.8557964184731397
0.0,1.0,2.0,-0.6,0.5718432510885341,0.657856093979442,1.6197387518142234,0.9196078431372542,0.0,-0.2886751345948132,0.6339745962155612,0.0,0.17857142857142858,0.9462770970782292
0.0,1.2,2.0,-0.6,0.7227866473149492,0.5638766519823789,0.6502177068214804,0.6117647058823527,-0.5730659025787965,-2.1211504774498138e-16,0.7320508075688774,0.0,0.21428571428571427,1.0361294376374492
0.5,-1.0,-1.0,-0.6,0.432510885341074,0.7165932452276065,0.5573294629898403,0.5333333333333334,0.0,0.2886751345948128,0.6339745962155615,0.0,0.25,1.1573986804901049
0.5,-0.8,-1.0,-0.6,0.8621190130624092,0.42290748898678415,0.7082728592162555,0.6313725490196073,0.0,0.49999999999999994,0.3660254037844388,0.0,0.2857142857142857,1.262331134150173
0.5,-0.6,-1.0,-0.6,1.8258345428156748,0.8575624082232012,0.41799709724238027,1.0039215686274507,1.2435530085959885,0.5773502691896257,1.793007356604921e-16,0.0,0.32142857142857145,1.4715677034244428
0.5,-0.4,0.0,-0.6,1.053701015965167,1.8325991189427313,0.8476052249637155,1.2137254901960777,0.5730659025787965,0.5,-0.3660254037844383,1.0,0.35714285714285715,1.460885956644676
0.5,-0.2,0.0,-0.6,0.6647314949201741,1.0513950073421439,1.8113207547169812,1.1470588235294112,0.5730659025787965,0.2886751345948128,-0.6339745962155612,0.0,0.39285714285714285,1.4816211121583422
0.5,0.0,0.0,-0.6,0.6647314949201741,0.657856093979442,1.039187227866473,0.7549019607843132,0.5730659025787965,0.0,-0.7320508075688771,0.0,0.42857142857142855,1.5023562676720086
0.5,0.2,1.0,-0.6,1.8258345428156748,0.657856093979442,0.6502177068214804,1.0156862745098039,4.871060171919771,-0.2886751345948128,-0.6339745962155612,0.0,0.4642857142857143,1.6487590323594097
0.5,0.4,1.0,-0.6,1.3439767779390421,1.8325991189427313,0.6502177068214804,1.245098039215686,1.7191977077363896,-0.5,-0.36602540378443876,0.0,0.5,1.2717562048382034
0.5,0.6,1.0,-0.6,0.28156748911465895,1.3450807635829662,1.8113207547169812,1.1156862745098037,0.7621776504297995,-0.577350269189626,0.0,0.0,0.5357142857142857,1.1253534401508023
0.5,0.8,2.0,-0.6,0.18287373004354138,0.2701908957415565,1.3294629898403483,0.5607843137254896,0.670487106017192,-0.5000000000000001,0.3660254037844388,0.0,0.5714285714285714,1.0732013823437017
0.5,1.0,2.0,-0.6,-0.10740203193033382,0.17033773861967694,0.26705370101596515,0.07058823529411762,0.8194842406876791,-0.2886751345948132,0.6339745962155612,0.0,0.6071428571428571,0.9996858309770664
0.5,1.2,2.0,-0.6,-0.008708272859216255,-0.12334801762114538,0.1683599419448476,-0.027450980392157136,0.5329512893982808,-2.1211504774498138e-16,0.7320508075688774,0.0,0.6428571428571429,0.9205152371976131
1.0,-1.0,-1.0,-0.6,0.37445573294629897,-0.023494860499265784,-0.12191582002902758,0.037254901960784015,0.9570200573065902,0.2886751345948128,0.6339745962155615,0.0,0.6785714285714286,0.9142318567389266
1.0,-0.8,-1.0,-0.6,0.37445573294629897,0.3641703377386197,-0.023222060957910014,0.19999999999999993,1.9083094555873925,0.49999999999999994,0.3660254037844388,0.0,0.7142857142857143,0.8614514608859577
1.0,-0.6,-1.0,-0.6,0.37445573294629897,0.3641703377386197,0.3599419448476052,0.32941176470588224,1.146131805157593,0.5773502691896257,1.793007356604921e-16,0.0,0.75,0.7043669494187876
1.0,-0.4,0.0,-0.6,0.7634252539912917,0.3641703377386197,0.3599419448476052,0.4607843137254897,0.7621776504297995,0.5,-0.3660254037844383,1.0,0.7857142857142857,0.6729500471253546
1.0,-0.2,0.0,-0.6,1.5355587808417996,0.7577092511013216,0.3599419448476052,0.8529411764705879,0.7621776504297995,0.2886751345948128,-0.6339745962155612,0.0,0.8214285714285714,0.7672007540056561
1.0,0.0,0.0,-0.6,4.438316400580551,1.538913362701909,0.7489114658925979,2.22549019607843,1.9083094555873925,0.0,-0.7320508075688771,0.0,0.8571428571428571,1.1756204838202957
1.0,0.2,1.0,-0.6,2.2148040638606674,4.475770925110132,1.521044992743106,2.715686274509803,1.4326647564469914,-0.2886751345948128,-0.6339745962155612,0.0,0.8928571428571429,1.2177191328934978
1.0,0.4,1.0,-0.6,0.9550072568940493,2.226138032305433,4.4238026124818575,2.5196078431372535,0.3839541547277937,-0.5,-0.36602540378443876,0.0,0.9285714285714286,1.1756204838202957
1.0,0.6,1.0,-0.6,-0.10740203193033382,0.9515418502202643,2.200290275761974,0.9843137254901954,0.28653295128939826,-0.577350269189626,0.0,0.0,0.9642857142857143,1.1335218347470946
1.0,0.8,2.0,-0.6,-0.10740203193033382,-0.12334801762114538,0.9404934687953556,0.19999999999999993,0.0,-0.5000000000000001,0.3660254037844388,0.0,1.0,1.1021049324536605
-1.0,-0.8,-1.0,-0.4,-0.6298984034833092,-0.6519823788546255,-1.3526850507982584,-0.9274509803921563,-1.002865329512894,0.49999999999999994,0.3660254037844388,0.0,-1.0,-1.1178133836003765
-1.0,-0.6,-1.0,-0.4,-0.42670537010159654,-0.6519823788546255,-0.6444121915820029,-0.6196078431372548,-0.8710601719197708,0.5773502691896257,1.793007356604921e-16,0.0,-0.9642857142857143,-1.0424128180961352
-1.0,-0.4,0.0,-0.4,-0.8447024673439768,-0.44640234948604995,-0.6444121915820029,-0.6921568627450976,0.3151862464183381,0.5,-0.3660254037844383,0.0,-0.9285714285714286,-1.026704366949418
-1.0,-0.2,0.0,-0.4,0.09579100145137881,-0.869309838472834,-0.4412191582002903,-0.44705882352941156,0.0,0.2886751345948128,-0.6339745962155612,1.0,-0.8928571428571429,-1.0392711278667914
-1.0,0.0,0.0,-0.4,0.09579100145137881,0.08223201174743025,-0.8592162554426706,-0.2705882352941175,0.017191977077363897,0.0,-0.7320508075688771,0.0,-0.8571428571428571,-1.017279296261388
-1.0,0.2,1.0,-0.4,0.09579100145137881,0.08223201174743025,0.08127721335268505,0.04705882352941174,0.05730659025787966,-0.2886751345948128,-0.6339745962155612,0.0,-0.8214285714285714,-0.9971724787935904
-1.0,0.4,1.0,-0.4,0.06676342525399129,0.08223201174743025,0.08127721335268505,0.037254901960784015,-0.8882521489971347,-0.5,-0.36602540378443876,0.0,-0.7857142857142857,-0.9846057178762165
-1.0,0.6,1.0,-0.4,-0.31059506531204645,0.05286343612334802,0.08127721335268505,-0.09999999999999996,-1.9484240687679084,-0.577350269189626,0.0,0.0,-0.75,-0.9092051523719752
-1.0,0.8,2.0,-0.4,-0.8737300435413643,-0.328928046989721,0.05224963715529753,-0.4274509803921565,-1.845272206303725,-0.5000000000000001,0.3660254037844388,0.0,-0.7142857142857143,-0.7785108388312907
-1.0,1.0,2.0,-0.4,-0.9492017416545718,-0.8986784140969163,-0.3251088534107402,-0.7705882352941174,-1.2148997134670487,-0.2886751345948132,0.6339745962155612,0.0,-0.6785714285714286,-0.6672950047125348
-1.0,1.2,2.0,-0.4,-0.5428156748911466,-0.9750367107195301,-0.888243831640058,-0.849019607843137,-0.5157593123209169,-2.1211504774498138e-16,0.7320508075688774,0.0,-0.6428571428571429,-0.5812126924285256
-0.5,-1.0,-1.0,-0.4,-0.525399129172714,-0.5638766519823789,-0.9637155297532656,-0.7313725490196077,-0.5157593123209169,0.2886751345948128,0.6339745962155615,0.0,-0.6071428571428571,-0.5699026076028895
-0.5,-0.8,-1.0,-0.4,-0.525399129172714,-0.5462555066079295,-0.5573294629898403,-0.5882352941176469,-0.3151862464183381,0.49999999999999994,0.3660254037844388,0.0,-0.5714285714285714,-0.5585925227772532
-0.5,-0.6,-1.0,-0.4,-0.8447024673439768,-0.5462555066079295,-0.5399129172714079,-0.6901960784313724,-0.7277936962750716,0.5773502691896257,1.793007356604921e-16,0.0,-0.5357142857142857,-0.603832862079798
-0.5,-0.4,0.0,-0.4,-0.46734397677793904,-0.869309838472834,-0.5399129172714079,-0.6705882352941174,0.20057306590257878,0.5,-0.3660254037844383,0.0,-0.5,-0.5629908890983342
-0.5,-0.2,0.0,-0.4,-0.46734397677793904,-0.48751835535976507,-0.8592162554426706,-0.6509803921568623,0.20057306590257878,0.2886751345948128,-0.6339745962155612,1.0,-0.4642857142857143,-0.6239396795475961
-0.5,0.0,0.0,-0.4,-0.525399129172714,-0.48751835535976507,-0.4818577648766328,-0.5431372549019607,0.20057306590257878,0.0,-0.7320508075688771,0.0,-0.42857142857142855,-0.6911718504555443
-0.5,0.2,1.0,-0.4,-0.525399129172714,-0.5462555066079295,-0.4818577648766328,-0.5627450980392154,0.17191977077363896,-0.2886751345948128,-0.6339745962155612,0.0,-0.39285714285714285,-0.7584040213634926
-0.5,0.4,1.0,-0.4,-0.7460087082728593,-0.5462555066079295,-0.5399129172714079,-0.6568627450980388,-0.20057306590257878,-0.5,-0.36602540378443876,0.0,-0.35714285714285715,-0.8463713477851078
-0.5,0.6,1.0,-0.4,-0.32220609579100146,-0.7694566813509545,-0.5399129172714079,-0.5882352941176469,-0.7564469914040115,-0.577350269189626,0.0,0.0,-0.32142857142857145,-0.847628023876845
-0.5,0.8,2.0,-0.4,-0.49637155297532654,-0.3406754772393539,-0.760522496371553,-0.5784313725490196,-0.830945558739255,-0.5000000000000001,0.3660254037844388,0.0,-0.2857142857142857,-0.8067860508953811
-0.5,1.0,2.0,-0.4,-0.5544267053701016,-0.5168869309838473,-0.3367198838896952,-0.5137254901960784,-0.4297994269340974,-0.2886751345948132,0.6339745962155612,0.0,-0.25,-0.7640590637763107
-0.5,1.2,2.0,-0.4,-0.6995645863570392,-0.5756240822320118,-0.5108853410740203,-0.641176470588235,-0.41260744985673353,-2.1211504774498138e-16,0.7320508075688774,0.0,-0.21428571428571427,-0.7810241910147651
0.0,-1.0,-1.0,-0.4,-1.471698113207547,-0.7224669603524229,-0.5689404934687954,-0.9705882352941172,-0.41260744985673353,0.2886751345948128,0.6339745962155615,0.0,-0.17857142857142858,-0.8834432924913597
0.0,-0.8,-1.0,-0.4,-1.0362844702467344,-1.5036710719530102,-0.714078374455733,-1.1333333333333326,-0.7277936962750716,0.49999999999999994,0.3660254037844388,0.0,-0.14285714285714285,-0.9387370405278034
0.0,-0.6,-1.0,-0.4,-1.0362844702467344,-1.0631424375917768,-1.486211901306241,-1.2470588235294113,-0.3553008595988539,0.5773502691896257,1.793007356604921e-16,0.0,-0.10714285714285714,-0.9594721960414697
0.0,-0.4,0.0,-0.4,-0.026124818577648767,-1.0631424375917768,-1.050798258345428,-0.7588235294117643,-0.3553008595988539,0.5,-0.3660254037844383,0.0,-0.07142857142857142,-0.9117185045554501
0.0,-0.2,0.0,-0.4,-0.409288824383164,-0.041116005873715125,-1.050798258345428,-0.5470588235294115,-0.41260744985673353,0.2886751345948128,-0.6339745962155612,1.0,-0.03571428571428571,-0.9054351240967632
0.0,0.0,0.0,-0.4,-0.409288824383164,-0.4287812041116006,-0.040638606676342524,-0.3352941176470587,-0.41260744985673353,0.0,-0.7320508075688771,0.0,0.0,-0.8928683631793898
0.0,0.2,1.0,-0.4,-0.409288824383164,-0.4287812041116006,-0.42380261248185774,-0.46470588235294097,-0.6303724928366762,-0.2886751345948128,-0.6339745962155612,0.0,0.03571428571428571,-0.8803016022620164
0.0,0.4,1.0,-0.4,2.2322206095791,-0.4287812041116006,-0.42380261248185774,0.42745098039215695,-0.21203438395415472,-0.5,-0.36602540378443876,0.0,0.07142857142857142,-0.557964184731385
0.0,0.6,1.0,-0.4,0.9550072568940493,2.2437591776798826,-0.42380261248185774,0.8882352941176467,-0.3839541547277937,-0.577350269189626,0.0,0.0,0.10714285714285714,-0.41972981464027576
0.0,0.8,2.0,-0.4,-0.21190130624092887,0.9515418502202643,2.2177068214804065,0.954901960784313,-0.44126074498567336,-0.5000000000000001,0.3660254037844388,0.0,0.14285714285714285,-0.3889412503927104
0.0,1.0,2.0,-0.4,-0.32220609579100146,-0.2290748898678414,0.9404934687953556,0.09215686274509828,-0.5845272206303725,-0.2886751345948132,0.6339745962155612,0.0,0.17857142857142858,-0.3638077285579636
0.0,1.2,2.0,-0.4,-0.409288824383164,-0.3406754772393539,-0.22641509433962265,-0.36862745098039185,-1.346704871060172,-2.1211504774498138e-16,0.7320508075688774,0.0,0.21428571428571427,-0.3323908262645294
0.5,-1.0,-1.0,-0.4,-0.42670537010159654,-0.4287812041116006,-0.3367198838896952,-0.4411764705882351,-0.9169054441260746,0.2886751345948128,0.6339745962155615,0.0,0.25,-0.2192899780081675
0.5,-0.8,-1.0,-0.4,-0.31059506531204645,-0.44640234948604995,-0.42380261248185774,-0.43725490196078426,-0.9169054441260746,0.49999999999999994,0.3660254037844388,0.0,0.2857142857142857,-0.140747722274583
0.5,-0.6,-1.0,-0.4,0.09579100145137881,-0.328928046989721,-0.4412191582002903,-0.2666666666666667,0.08022922636103152,0.5773502691896257,1.793007356604921e-16,0.0,0.32142857142857145,-0.01822180333019091
0.5,-0.4,0.0,-0.4,0.06676342525399129,0.08223201174743025,-0.3251088534107402,-0.09999999999999996,-0.2979942693409742,0.5,-0.3660254037844383,1.0,0.35714285714285715,-0.00816839459629244
0.5,-0.2,0.0,-0.4,-0.49637155297532654,0.05286343612334802,0.08127721335268505,-0.16274509803921547,-0.2979942693409742,0.2886751345948128,-0.6339745962155612,0.0,0.39285714285714285,-0.0175934652843226
0.5,0.0,0.0,-0.4,-0.49637155297532654,-0.5168869309838473,0.05224963715529753,-0.3627450980392154,-0.2979942693409742,0.0,-0.7320508075688771,0.0,0.42857142857142855,-0.02701853597235276
0.5,0.2,1.0,-0.4,-0.49637155297532654,-0.5168869309838473,-0.5108853410740203,-0.552941176470588,2.30945558739255,-0.2886751345948128,-0.6339745962155612,0.0,0.4642857142857143,-0.03644360666038292
0.5,0.4,1.0,-0.4,0.3164005805515239,-0.5168869309838473,-0.5108853410740203,-0.2784313725490196,1.0487106017191976,-0.5,-0.36602540378443876,0.0,0.5,-0.24379516179704588
0.5,0.6,1.0,-0.4,-0.6995645863570392,0.3054331864904552,-0.5108853410740203,-0.34705882352941164,-0.10315186246418338,-0.577350269189626,0.0,0.0,0.5357142857142857,-0.42287150486961894
0.5,0.8,2.0,-0.4,-1.367198838896952,-0.7224669603524229,0.3018867924528302,-0.641176470588235,-0.21203438395415472,-0.5000000000000001,0.3660254037844388,0.0,0.5714285714285714,-0.5479107759974859
0.5,1.0,2.0,-0.4,-1.5413642960812772,-1.3979441997063142,-0.714078374455733,-1.2686274509803914,-0.2979942693409742,-0.2886751345948132,0.6339745962155612,0.0,0.6071428571428571,-0.6798617656299082
0.5,1.2,2.0,-0.4,-1.413642960812772,-1.5741556534508077,-1.381712626995646,-1.5098039215686268,-0.3151862464183381,-2.1211504774498138e-16,0.7320508075688774,0.0,0.6428571428571429,-0.7885642475651892
1.0,-1.0,-1.0,-0.4,-0.35123367198838895,-1.4449339207048457,-1.5558780841799709,-1.1666666666666663,-0.20057306590257878,0.2886751345948128,0.6339745962155615,0.0,0.6785714285714286,-0.7803958529688967
1.0,-0.8,-1.0,-0.4,0.5312046444121916,-0.3700440528634361,-1.428156748911466,-0.4666666666666666,0.20057306590257878,0.49999999999999994,0.3660254037844388,0.0,0.7142857142857143,-0.6892868363179383
1.0,-0.6,-1.0,-0.4,-0.7285921625544267,0.5227606461086637,-0.36574746008708275,-0.2352941176470587,0.17191977077363896,0.5773502691896257,1.793007356604921e-16,0.0,0.75,-0.7785108388312907
1.0,-0.4,0.0,-0.4,0.09579100145137881,-0.7518355359765051,0.5166908563134979,-0.08431372549019575,-0.3839541547277937,0.5,-0.3660254037844383,1.0,0.7857142857142857,-0.775369148601947
1.0,-0.2,0.0,-0.4,0.26995645863570394,0.08223201174743025,-0.7431059506531205,-0.17254901960784322,-0.3839541547277937,0.2886751345948128,-0.6339745962155612,0.0,0.8214285714285714,-0.6924285265472815
1.0,0.0,0.0,-0.4,1.6923076923076923,0.25844346549192365,0.08127721335268505,0.6450980392156863,-0.3839541547277937,0.0,-0.7320508075688771,0.0,0.8571428571428571,-0.4555450832547904
1.0,0.2,1.0,-0.4,1.0130624092888243,1.697503671071953,0.25544267053701014,0.954901960784313,0.4183381088825215,-0.2886751345948128,-0.6339745962155612,0.0,0.8928571428571429,-0.29217719132893444
1.0,0.4,1.0,-0.4,0.21190130624092887,1.0102790014684289,1.6777939042089987,0.9352941176470584,-0.5845272206303725,-0.5,-0.36602540378443876,0.0,0.9285714285714286,-0.3034872761545706
1.0,0.6,1.0,-0.4,-1.3381712626995645,0.19970631424375918,0.9985486211901307,-0.08823529411764702,-1.2435530085959885,-0.577350269189626,0.0,0.0,0.9642857142857143,-0.3726044612001249
1.0,0.8,2.0,-0.4,-1.3381712626995645,-1.368575624082232,0.19738751814223512,-0.8823529411764702,-1.4154727793696276,-0.5000000000000001,0.3660254037844388,0.0,1.0,-0.36946277097078173
-1.0,-0.8,-1.0,-0.2,-0.28737300435413643,-0.3054331864904552,-0.969521044992743,-0.5666666666666665,-1.151862464183381,0.49999999999999994,0.3660254037844388,0.0,-1.0,-0.5680175934652834
-1.0,-0.6,-1.0,-0.2,-0.3164005805515239,-0.3054331864904552,-0.3018867924528302,-0.35098039215686244,-0.6475644699140402,0.5773502691896257,1.793007356604921e-16,0.0,-0.9642857142857143,-0.46434181589695167
-1.0,-0.4,0.0,-0.2,-0.26995645863570394,-0.33480176211453744,-0.3018867924528302,-0.345098039215686,1.3638968481375358,0.5,-0.3660254037844383,0.0,-0.9285714285714286,-0.41093308199811446
-1.0,-0.2,0.0,-0.2,1.2568940493468794,-0.2878120411160059,-0.3309143686502177,0.17647058823529405,1.3638968481375358,0.2886751345948128,-0.6339745962155612,1.0,-0.8928571428571429,-0.41281809613572046
-1.0,0.0,0.0,-0.2,1.2568940493468794,1.2569750367107195,-0.2844702467343977,0.7078431372549013,0.4297994269340974,0.0,-0.7320508075688771,0.0,-0.8571428571428571,-0.4147031102733265
-1.0,0.2,1.0,-0.2,1.2568940493468794,1.2569750367107195,1.2423802612481858,1.2235294117647053,-0.08022922636103152,-0.2886751345948128,-0.6339745962155612,0.0,-0.8214285714285714,-0.31416902293433796
-1.0,0.4,1.0,-0.2,0.8969521044992743,1.2569750367107195,1.2423802612481858,1.1019607843137247,-0.5501432664756447,-0.5,-0.36602540378443876,0.0,-0.7857142857142857,-0.1966698083568951
-1.0,0.6,1.0,-0.2,-0.2409288824383164,0.8928046989720999,1.2423802612481858,0.5960784313725485,-1.4326647564469914,-0.577350269189626,0.0,0.0,-0.75,-0.15080113100848147
-1.0,0.8,2.0,-0.2,-0.7111756168359942,-0.25844346549192365,0.8824383164005806,-0.06862745098039241,-1.501432664756447,-0.5000000000000001,0.3660254037844388,0.0,-0.7142857142857143,-0.059063776311655304
-1.0,1.0,2.0,-0.2,-0.5544267053701016,-0.7342143906020558,-0.25544267053701014,-0.5588235294117645,-0.836676217765043,-0.2886751345948132,0.6339745962155612,0.0,-0.6785714285714286,0.05717876217405037
-1.0,1.2,2.0,-0.2,0.14223512336719885,-0.5756240822320118,-0.7256894049346879,-0.42941176470588216,-0.17765042979942694,-2.1211504774498138e-16,0.7320508075688774,0.0,-0.6428571428571429,0.1759346528432304
-0.5,-1.0,-1.0,-0.2,-0.15965166908563136,0.12922173274596183,-0.5689404934687954,-0.24313725490196084,-0.17765042979942694,0.2886751345948128,0.6339745962155615,0.0,-0.6071428571428571,0.18975808985234094
-0.5,-0.8,-1.0,-0.2,-0.15965166908563136,-0.1762114537444934,0.12772133526850507,-0.10980392156862769,-0.20630372492836677,0.49999999999999994,0.3660254037844388,0.0,-0.5714285714285714,0.20358152686145256
-0.5,-0.6,-1.0,-0.2,-0.6240928882438317,-0.1762114537444934,-0.1741654571843251,-0.36862745098039185,-0.16045845272206305,0.5773502691896257,1.793007356604921e-16,0.0,-0.5357142857142857,0.1702796104304123
-0.5,-0.4,0.0,-0.2,0.21770682148040638,-0.6461086637298091,-0.1741654571843251,-0.2411764705882352,1.346704871060172,0.5,-0.3660254037844383,0.0,-0.5,0.22306000628338118
-0.5,-0.2,0.0,-0.2,-0.10159651669085631,0.2055800293685756,-0.6386066763425254,-0.22156862745098016,1.346704871060172,0.2886751345948128,-0.6339745962155612,1.0,-0.4642857142857143,0.07602890355011069
-0.5,0.0,0.0,-0.2,-0.28156748911465895,-0.11747430249632893,0.20319303338171263,-0.10588235294117643,1.346704871060172,0.0,-0.7320508075688771,0.0,-0.42857142857142855,-0.09048067860508845
-0.5,0.2,1.0,-0.2,-0.28156748911465895,-0.29955947136563876,-0.11611030478955008,-0.2745098039215684,0.9914040114613181,-0.2886751345948128,-0.6339745962155612,0.0,-0.39285714285714285,-0.25699026076028814
-0.5,0.4,1.0,-0.2,-0.09579100145137881,-0.29955947136563876,-0.2960812772133527,-0.27254901960784317,-0.1318051575931232,-0.5,-0.36602540378443876,0.0,-0.35714285714285715,-0.36443606660383193
-0.5,0.6,1.0,-0.2,0.04354136429608128,-0.11160058737151249,-0.2960812772133527,-0.16274509803921547,-0.5959885386819485,-0.577350269189626,0.0,0.0,-0.32142857142857145,-0.3336475023562671
-0.5,0.8,2.0,-0.2,-0.6995645863570392,0.02936857562408223,-0.11030478955007257,-0.30392156862745073,-0.44126074498567336,-0.5000000000000001,0.3660254037844388,0.0,-0.2857142857142857,-0.3323908262645294
-0.5,1.0,2.0,-0.2,-0.7866473149492017,-0.7224669603524229,0.02902757619738752,-0.5372549019607842,0.24641833810888253,-0.2886751345948132,0.6339745962155612,0.0,-0.25,-0.3575243480992767
-0.5,1.2,2.0,-0.2,-0.8447024673439768,-0.8105726872246696,-0.714078374455733,-0.8372549019607841,-0.05157593123209169,-2.1211504774498138e-16,0.7320508075688774,0.0,-0.21428571428571427,-0.46434181589695167
0.0,-1.0,-1.0,-0.2,-1.274310595065312,-0.869309838472834,-0.8011611030478955,-1.0313725490196075,-0.05157593123209169,0.2886751345948128,0.6339745962155615,0.0,-0.17857142857142858,-0.5849827207037377
0.0,-0.8,-1.0,-0.2,-0.7111756168359942,-1.303964757709251,-0.8592162554426706,-1.005882352941176,-0.5100286532951289,0.49999999999999994,0.3660254037844388,0.0,-0.14285714285714285,-0.6446748350612624
0.0,-0.6,-1.0,-0.2,-0.7111756168359942,-0.7342143906020558,-1.2888243831640058,-0.9607843137254899,0.3209169054441261,0.5773502691896257,1.793007356604921e-16,0.0,-0.10714285714285714,-0.6540999057492926
0.0,-0.4,0.0,-0.2,0.2409288824383164,-0.7342143906020558,-0.7256894049346879,-0.4490196078431372,0.0057306590257879654,0.5,-0.3660254037844383,0.0,-0.07142857142857142,-0.6515865535658176
0.0,-0.2,0.0,-0.2,-0.18867924528301888,0.2290748898678414,-0.7256894049346879,-0.27254901960784317,-0.17191977077363896,0.2886751345948128,-0.6339745962155612,1.0,-0.03571428571428571,-0.6610116242538479
0.0,0.0,0.0,-0.2,-0.18867924528301888,-0.2055800293685756,0.22641509433962265,-0.09607843137254869,-0.17191977077363896,0.0,-0.7320508075688771,0.0,0.0,-0.6509582155199488
0.0,0.2,1.0,-0.2,-0.18867924528301888,-0.2055800293685756,-0.20319303338171263,-0.2411764705882352,0.011461318051575931,-0.2886751345948128,-0.6339745962155612,0.0,0.03571428571428571,-0.6409048067860503
0.0,0.4,1.0,-0.2,3.625544267053701,-0.2055800293685756,-0.20319303338171263,1.0470588235294114,0.1489971346704871,-0.5,-0.36602540378443876,0.0,0.07142857142857142,-0.2381401193842278
0.0,0.6,1.0,-0.2,0.9085631349782293,3.6534508076358296,-0.20319303338171263,1.4176470588235288,-0.5845272206303725,-0.577350269189626,0.0,0.0,0.10714285714285714,-0.14451775054979507
0.0,0.8,2.0,-0.2,-0.09579100145137881,0.9045521292217328,3.611030478955007,1.4490196078431363,-0.670487106017192,-0.5000000000000001,0.3660254037844388,0.0,0.14285714285714285,-0.07917059377945225
0.0,1.0,2.0,-0.2,-0.0783744557329463,-0.11160058737151249,0.8940493468795355,0.19803921568627472,-0.7277936962750716,-0.2886751345948132,0.6339745962155612,0.0,0.17857142857142858,-0.0025133521834743437
0.0,1.2,2.0,-0.2,0.16545718432510886,-0.09397944199706314,-0.11030478955007257,-0.052941176470588214,-1.151862464183381,-2.1211504774498138e-16,0.7320508075688774,0.0,0.21428571428571427,0.10681746779767551
0.5,-1.0,-1.0,-0.2,-0.12481857764876633,0.1527165932452276,-0.09288824383164006,-0.06274509803921595,-0.5959885386819485,0.2886751345948128,0.6339745962155615,0.0,0.25,0.23122840087967364
0.5,-0.8,-1.0,-0.2,0.17706821480406387,-0.14096916299559473,0.1509433962264151,0.02352941176470587,-0.5959885386819485,0.49999999999999994,0.3660254037844388,0.0,0.2857142857142857,0.32736412189758124
0.5,-0.6,-1.0,-0.2,1.4020319303338171,0.1644640234948605,-0.13933236574746008,0.4411764705882351,0.3438395415472779,0.5773502691896257,1.793007356604921e-16,0.0,0.32142857142857145,0.5560791705937805
0.5,-0.4,0.0,-0.2,0.31059506531204645,1.4038179148311307,0.1625544267053701,0.5882352941176469,-0.08022922636103152,0.5,-0.3660254037844383,1.0,0.35714285714285715,0.5636192271442046
0.5,-0.2,0.0,-0.2,0.22931785195936139,0.29955947136563876,1.3875181422351233,0.6058823529411762,-0.08022922636103152,0.2886751345948128,-0.6339745962155612,0.0,0.39285714285714285,0.6088595664467494
0.5,0.0,0.0,-0.2,1.4542815674891147,0.2173274596182085,0.2960812772133527,0.6235294117647057,-0.08022922636103152,0.0,-0.7320508075688771,0.0,0.42857142857142855,0.7866792334275847
0.5,0.2,1.0,-0.2,1.0885341074020318,1.4566813509544787,0.21480406386066764,0.8862745098039215,3.684813753581662,-0.2886751345948128,-0.6339745962155612,0.0,0.4642857142857143,0.9249136035186935
0.5,0.4,1.0,-0.2,1.0304789550072568,1.0866372980910426,1.4397677793904209,1.156862745098039,1.002865329512894,-0.5,-0.36602540378443876,0.0,0.5,0.6440464970153946
0.5,0.6,1.0,-0.2,-0.33381712626995647,1.0279001468428781,1.0740203193033382,0.552941176470588,0.011461318051575931,-0.577350269189626,0.0,0.0,0.5357142857142857,0.509582155199498
0.5,0.8,2.0,-0.2,-0.8098693759071117,-0.3524229074889868,1.0159651669085632,-0.08823529411764702,0.02865329512893983,-0.5000000000000001,0.3660254037844388,0.0,0.5714285714285714,0.4322965755576507
0.5,1.0,2.0,-0.2,-0.9956458635703919,-0.8340675477239354,-0.3483309143686502,-0.772549019607843,0.2693409742120344,-0.2886751345948132,0.6339745962155612,0.0,0.6071428571428571,0.33301916431039935
0.5,1.2,2.0,-0.2,-0.8098693759071117,-1.0220264317180616,-0.8243831640058055,-0.9333333333333328,-0.017191977077363897,-2.1211504774498138e-16,0.7320508075688774,0.0,0.6428571428571429,0.22745837260446156
1.0,-1.0,-1.0,-0.2,-0.10740203193033382,-0.8340675477239354,-1.0101596516690856,-0.6960784313725489,0.2808022922636103,0.2886751345948128,0.6339745962155615,0.0,0.6785714285714286,0.22934338674206758
1.0,-0.8,-1.0,-0.2,0.7518142235123367,-0.12334801762114538,-0.8243831640058055,-0.10588235294117643,1.489971346704871,0.49999999999999994,0.3660254037844388,0.0,0.7142857142857143,0.2915488532830667
1.0,-0.6,-1.0,-0.2,-0.35123367198838895,0.7459618208516887,-0.12191582002902758,0.04901960784313695,0.41260744985673353,0.5773502691896257,1.793007356604921e-16,0.0,0.75,0.10179076343072682
1.0,-0.4,0.0,-0.2,0.020319303338171262,-0.3700440528634361,0.737300435413643,0.09215686274509828,0.332378223495702,0.5,-0.3660254037844383,1.0,0.7857142857142857,0.07037386113729259
1.0,-0.2,0.0,-0.2,0.7227866473149492,0.005873715124816446,-0.36574746008708275,0.08235294117647056,1.5415472779369628,0.2886751345948128,-0.6339745962155612,0.0,0.8214285714285714,0.1237825950361298
1.0,0.0,0.0,-0.2,3.259796806966618,0.7165932452276065,0.005805515239477504,1.3019607843137246,1.180515759312321,0.0,-0.7320508075688771,0.0,0.8571428571428571,0.3191957273012888
1.0,0.2,1.0,-0.2,1.4484760522496372,3.2834067547723937,0.7082728592162555,1.784313725490195,1.1232091690544412,-0.2886751345948128,-0.6339745962155612,0.0,0.8928571428571429,0.35815268614514717
1.0,0.4,1.0,-0.2,0.2525399129172714,1.4508076358296622,3.2452830188679247,1.6254901960784305,-0.22349570200573066,-0.5,-0.36602540378443876,0.0,0.9285714285714286,0.2739553879987441
1.0,0.6,1.0,-0.2,-0.6415094339622641,0.24082232011747431,1.4339622641509433,0.30784313725490153,-0.6934097421203438,-0.577350269189626,0.0,0.0,0.9642857142857143,0.24065347156770378
1.0,0.8,2.0,-0.2,-0.8330914368650217,-0.6637298091042585,0.23802612481857766,-0.4627450980392153,-0.8767908309455588,-0.5000000000000001,0.3660254037844388,0.0,1.0,0.23814011938422944
-1.0,-1.0,-1.0,0.0,-0.020319303338171262,-0.6989720998531571,-1.5732946298984034,-0.8117647058823526,0.0,0.2886751345948128,0.6339745962155615,0.0,-1.0357142857142858,-0.3707194470625189
-1.0,-0.8,-1.0,0.0,-0.020319303338171262,-0.03524229074889868,-0.690856313497823,-0.2921568627450978,-0.7908309455587392,0.49999999999999994,0.3660254037844388,0.0,-1.0,-0.36129437637448875
-1.0,-0.6,-1.0,0.0,0.04934687953555878,-0.03524229074889868,-0.03483309143686502,-0.04705882352941174,-0.4584527220630373,0.5773502691896257,1.793007356604921e-16,0.0,-0.9642857142857143,-0.257618598806157
-1.0,-0.4,0.0,0.0,-0.0783744557329463,0.03524229074889868,-0.03483309143686502,-0.06666666666666635,1.169054441260745,0.5,-0.3660254037844383,0.0,-0.9285714285714286,-0.2042098649073192
-1.0,-0.2,0.0,0.0,1.239477503628447,-0.09397944199706314,0.03483309143686502,0.35882352941176454,1.169054441260745,0.2886751345948128,-0.6339745962155612,1.0,-0.8928571428571429,-0.18661639962299661
-1.0,0.0,0.0,0.0,1.239477503628447,1.2393538913362703,-0.09288824383164006,0.7607843137254896,0.7679083094555874,0.0,-0.7320508075688771,0.0,-0.8571428571428571,-0.16902293433867346
-1.0,0.2,1.0,0.0,1.239477503628447,1.2393538913362703,1.2249637155297532,1.205882352941176,0.05730659025787966,-0.2886751345948128,-0.6339745962155612,0.0,-0.8214285714285714,-0.10744580584354273
-1.0,0.4,1.0,0.0,1.1175616835994195,1.2393538913362703,1.2249637155297532,1.1647058823529406,-0.38968481375358166,-0.5,-0.36602540378443876,0.0,-0.7857142857142857,0.01885014137606142
-1.0,0.6,1.0,0.0,-0.17126269956458637,1.1160058737151248,1.2249637155297532,0.6882352941176467,-1.2148997134670487,-0.577350269189626,0.0,0.0,-0.75,0.05466540999057603
-1.0,0.8,2.0,0.0,-0.5079825834542816,-0.18795888399412627,1.1030478955007257,0.09803921568627476,-1.4326647564469914,-0.5000000000000001,0.3660254037844388,0.0,-0.7142857142857143,0.14451775054979615
-1.0,1.0,2.0,0.0,-0.502177068214804,-0.5286343612334802,-0.18577648766328012,-0.4490196078431372,-0.5616045845272206,-0.2886751345948132,0.6339745962155612,0.0,-0.6785714285714286,0.2588752748978958
-1.0,1.2,2.0,0.0,0.17126269956458637,-0.5227606461086637,-0.5224963715529753,-0.33333333333333304,0.08595988538681948,-2.1211504774498138e-16,0.7320508075688774,0.0,-0.6428571428571429,0.35061262959472306
-0.5,-1.0,-1.0,0.0,0.13642960812772134,0.15859030837004406,-0.5166908563134979,-0.11568627450980416,0.08595988538681948,0.2886751345948128,0.6339745962155615,0.0,-0.6071428571428571,0.36757775683317734
-0.5,-0.8,-1.0,0.0,0.13642960812772134,0.12334801762114538,0.1567489114658926,0.09999999999999996,0.15472779369627507,0.49999999999999994,0.3660254037844388,0.0,-0.5714285714285714,0.3845428840716316
-0.5,-0.6,-1.0,0.0,-0.2931785195936139,0.12334801762114538,0.12191582002902758,-0.05686274509803948,0.02865329512893983,0.5773502691896257,1.793007356604921e-16,0.0,-0.5357142857142857,0.3474709393653793
-0.5,-0.4,0.0,0.0,0.5718432510885341,-0.31130690161527164,0.12191582002902758,0.09019607843137223,1.329512893982808,0.5,-0.3660254037844383,0.0,-0.5,0.4178448005026708
-0.5,-0.2,0.0,0.0,0.14804063860667635,0.5638766519823789,-0.3076923076923077,0.09411764705882349,1.329512893982808,0.2886751345948128,-0.6339745962155612,1.0,-0.4642857142857143,0.2997172478793602
-0.5,0.0,0.0,0.0,-0.13062409288824384,0.13509544787077826,0.5573294629898403,0.1490196078431369,1.329512893982808,0.0,-0.7320508075688771,0.0,-0.42857142857142855,0.15142946905435198
-0.5,0.2,1.0,0.0,-0.13062409288824384,-0.14684287812041116,0.13352685050798258,-0.08823529411764702,1.2091690544412608,-0.2886751345948128,-0.6339745962155612,0.0,-0.39285714285714285,0.0031416902293437527
-0.5,0.4,1.0,0.0,-0.12481857764876633,-0.14684287812041116,-0.14513788098693758,-0.18039215686274487,-0.06303724928366762,-0.5,-0.36602540378443876,0.0,-0.35714285714285715,-0.13132265158655285
-0.5,0.6,1.0,0.0,0.13642960812772134,-0.14096916299559473,-0.14513788098693758,-0.09019607843137223,-0.3954154727793696,-0.577350269189626,0.0,0.0,-0.32142857142857145,-0.09802073515551257
-0.5,0.8,2.0,0.0,-0.5718432510885341,0.12334801762114538,-0.13933236574746008,-0.23921568627450956,-0.38968481375358166,-0.5000000000000001,0.3660254037844388,0.0,-0.2857142857142857,-0.10493245366006838
-0.5,1.0,2.0,0.0,-0.6531204644412192,-0.593245227606461,0.12191582002902758,-0.41764705882352926,0.27507163323782235,-0.2886751345948132,0.6339745962155612,0.0,-0.25,-0.12126924285265436
-0.5,1.2,2.0,0.0,-0.6124818577648766,-0.6754772393538914,-0.5863570391872278,-0.6705882352941174,0.24068767908309455,-2.1211504774498138e-16,0.7320508075688774,0.0,-0.21428571428571427,-0.20609487904492527
0.0,-1.0,-1.0,0.0,-1.1349782293178519,-0.6343612334801763,-0.6676342525399129,-0.86078431372549,0.24068767908309455,0.2886751345948128,0.6339745962155615,0.0,-0.17857142857142858,-0.3437009110901656
0.0,-0.8,-1.0,0.0,-0.5195936139332366,-1.1629955947136563,-0.6269956458635704,-0.8156862745098035,-0.1833810888252149,0.49999999999999994,0.3660254037844388,0.0,-0.14285714285714285,-0.4147031102733265
0.0,-0.6,-1.0,0.0,-0.5195936139332366,-0.540381791483113,-1.1494920174165457,-0.7843137254901958,0.670487106017192,0.5773502691896257,1.793007356604921e-16,0.0,-0.10714285714285714,-0.4392082940622049
0.0,-0.4,0.0,0.0,0.6705370101596516,-0.540381791483113,-0.5341074020319303,-0.17450980392156842,0.2521489971346705,0.5,-0.3660254037844383,0.0,-0.07142857142857142,-0.42852654728243705
0.0,-0.2,0.0,0.0,0.026124818577648767,0.6637298091042585,-0.5341074020319303,0.009803921568627732,-0.022922636103151862,0.2886751345948128,-0.6339745962155612,1.0,-0.03571428571428571,-0.4417216462456793
0.0,0.0,0.0,0.0,0.026124818577648767,0.011747430249632892,0.6560232220609579,0.19411764705882345,-0.022922636103151862,0.0,-0.7320508075688771,0.0,0.0,-0.424756519007225
0.0,0.2,1.0,0.0,0.026124818577648767,0.011747430249632892,0.011611030478955007,-0.02352941176470587,-0.017191977077363897,-0.2886751345948128,-0.6339745962155612,0.0,0.03571428571428571,-0.40779139176877066
0.0,0.4,1.0,0.0,3.7242380261248185,0.011747430249632892,0.011611030478955007,1.2254901960784306,0.24068767908309455,-0.5,-0.36602540378443876,0.0,0.07142857142857142,0.008796732642161848
0.0,0.6,1.0,0.0,1.169811320754717,3.753303964757709,0.011611030478955007,1.6117647058823523,-0.4584527220630373,-0.577350269189626,0.0,0.0,0.10714285714285714,0.12064090480678714
0.0,0.8,2.0,0.0,0.11320754716981132,1.1688693098384728,3.7097242380261246,1.6411764705882346,-0.5386819484240688,-0.5000000000000001,0.3660254037844388,0.0,0.14285714285714285,0.1947847942192907
0.0,1.0,2.0,0.0,0.055152394775036286,0.09985315712187959,1.1552975326560233,0.401960784313725,-0.498567335243553,-0.2886751345948132,0.6339745962155612,0.0,0.17857142857142858,0.2714420358152697
0.0,1.2,2.0,0.0,0.3802612481857765,0.041116005873715125,0.09869375907111756,0.13529411764705876,-1.0143266475644699,-2.1211504774498138e-16,0.7320508075688774,0.0,0.21428571428571427,0.37888784165881356
0.5,-1.0,-1.0,0.0,0.11320754716981132,0.3700440528634361,0.040638606676342524,0.13529411764705876,-0.4068767908309456,0.2886751345948128,0.6339745962155615,0.0,0.25,0.5139805215205784
0.5,-0.8,-1.0,0.0,0.46734397677793904,0.09985315712187959,0.36574746008708275,0.2745098039215688,-0.4068767908309456,0.49999999999999994,0.3660254037844388,0.0,0.2857142857142857,0.6207979893182539
0.5,-0.6,-1.0,0.0,1.5297532656023223,0.4581497797356828,0.09869375907111756,0.6627450980392157,0.7679083094555874,0.5773502691896257,1.793007356604921e-16,0.0,0.32142857142857145,0.8426013195098975
0.5,-0.4,0.0,0.0,0.49056603773584906,1.5330396475770924,0.4528301886792453,0.790196078431372,0.1318051575931232,0.5,-0.3660254037844383,1.0,0.35714285714285715,0.8231228400879677
0.5,-0.2,0.0,0.0,0.29898403483309144,0.48164464023494863,1.5152394775036284,0.7333333333333333,0.1318051575931232,0.2886751345948128,-0.6339745962155612,0.0,0.39285714285714285,0.8526547282437958
0.5,0.0,0.0,0.0,0.7866473149492017,0.2878120411160059,0.4760522496371553,0.4823529411764704,0.1318051575931232,0.0,-0.7320508075688771,0.0,0.42857142857142855,0.934967012252593
0.5,0.2,1.0,0.0,1.181422351233672,0.7812041116005873,0.2844702467343977,0.7156862745098039,3.7822349570200573,-0.2886751345948128,-0.6339745962155612,0.0,0.4642857142857143,1.0600062833804593
0.5,0.4,1.0,0.0,0.9259796806966618,1.1806167400881058,0.772133526850508,0.9274509803921568,1.2607449856733524,-0.5,-0.36602540378443876,0.0,0.5,0.7571473452717565
0.5,0.6,1.0,0.0,-0.2525399129172714,0.922173274596182,1.1669085631349783,0.5764705882352938,0.2177650429799427,-0.577350269189626,0.0,0.0,0.5357142857142857,0.6032045240339313
0.5,0.8,2.0,0.0,-0.5428156748911466,-0.2701908957415565,0.9114658925979681,-0.005882352941176468,0.16045845272206305,-0.5000000000000001,0.3660254037844388,0.0,0.5714285714285714,0.5322023248507705
0.5,1.0,2.0,0.0,-0.7518142235123367,-0.5638766519823789,-0.26705370101596515,-0.572549019607843,0.4813753581661891,-0.2886751345948132,0.6339745962155612,0.0,0.6071428571428571,0.4448633364750247
0.5,1.2,2.0,0.0,-0.6298984034833092,-0.775330396475771,-0.5573294629898403,-0.6999999999999997,0.2177650429799427,-2.1211504774498138e-16,0.7320508075688774,0.0,0.6428571428571429,0.3355325164938748
1.0,-1.0,-1.0,0.0,0.026124818577648767,-0.6519823788546255,-0.7663280116110305,-0.5078431372549019,0.5673352435530086,0.2886751345948128,0.6339745962155615,0.0,0.6785714285714286,0.32610744580584466
1.0,-0.8,-1.0,0.0,0.46153846153846156,0.011747430249632892,-0.6444121915820029,-0.09803921568627476,1.6160458452722064,0.49999999999999994,0.3660254037844388,0.0,0.7142857142857143,0.32547910775997524
1.0,-0.6,-1.0,0.0,-0.06676342525399129,0.4522760646108664,0.011611030478955007,0.09215686274509828,0.5902578796561605,0.5773502691896257,1.793007356604921e-16,0.0,0.75,0.1526861451460897
1.0,-0.4,0.0,0.0,0.3570391872278665,-0.08223201174743025,0.44702467343976776,0.20392156862745117,0.40114613180515757,0.5,-0.3660254037844383,1.0,0.7857142857142857,0.13823437009110975
1.0,-0.2,0.0,0.0,0.8388969521044993,0.3465491923641703,-0.08127721335268505,0.33137254901960744,0.8825214899713467,0.2886751345948128,-0.6339745962155612,0.0,0.8214285714285714,0.19666980835689674
1.0,0.0,0.0,0.0,3.5268505079825836,0.8340675477239354,0.34252539912917274,1.545098039215686,1.2722063037249283,0.0,-0.7320508075688771,0.0,0.8571428571428571,0.4932453660069121
1.0,0.2,1.0,0.0,1.7213352685050798,3.55359765051395,0.8243831640058055,2.0058823529411756,1.0200573065902578,-0.2886751345948128,-0.6339745962155612,0.0,0.8928571428571429,0.551680804272699
1.0,0.4,1.0,0.0,0.6357039187227866,1.7268722466960353,3.5123367198838897,1.9372549019607832,-0.14326647564469913,-0.5,-0.36602540378443876,0.0,0.9285714285714286,0.520263901979266
1.0,0.6,1.0,0.0,-0.5776487663280117,0.6284875183553598,1.7068214804063861,0.5509803921568628,-0.4297994269340974,-0.577350269189626,0.0,0.0,0.9642857142857143,0.4850769714106196
1.0,0.8,2.0,0.0,-0.6240928882438317,-0.5991189427312775,0.6211901306240929,-0.2411764705882352,-0.6361031518624641,-0.5000000000000001,0.3660254037844388,0.0,1.0,0.4762802387684578
-1.0,-0.8,-1.0,0.2,-0.7227866473149492,-0.7459618208516887,-1.567489114658926,-1.062745098039215,-1.186246418338109,0.49999999999999994,0.3660254037844388,0.0,-1.0,-1.5243480992774106
-1.0,-0.6,-1.0,0.2,-0.35123367198838895,-0.7459618208516887,-0.737300435413643,-0.6568627450980388,-1.163323782234957,0.5773502691896257,1.793007356604921e-16,0.0,-0.9642857142857143,-1.4206723217090786
-1.0,-0.4,0.0,0.2,-0.8214804063860668,-0.3700440528634361,-0.737300435413643,-0.6901960784313724,0.02865329512893983,0.5,-0.3660254037844383,0.0,-0.9285714285714286,-1.3704052780395848
-1.0,-0.2,0.0,0.2,0.22351233671988388,-0.8458149779735683,-0.36574746008708275,-0.3705882352941175,-1.0888252148997135,0.2886751345948128,-0.6339745962155612,1.0,-0.8928571428571429,-1.3377316996544133
-1.0,0.0,0.0,0.2,0.22351233671988388,0.21145374449339208,-0.8359941944847605,-0.17647058823529405,-0.45272206303724927,0.0,-0.7320508075688771,0.0,-0.8571428571428571,-1.18253220232485
-1.0,0.2,1.0,0.2,2.011611030478955,0.21145374449339208,0.20899854862119013,0.7803921568627451,-0.6131805157593123,-0.2886751345948128,-0.6339745962155612,0.0,-0.8214285714285714,-0.9035501099591571
-1.0,0.4,1.0,0.2,0.17706821480406387,2.0205580029368577,0.20899854862119013,0.7647058823529409,-1.1002865329512894,-0.5,-0.36602540378443876,0.0,-0.7857142857142857,-0.8055293748036434
-1.0,0.6,1.0,0.2,-1.0362844702467344,0.1644640234948605,1.9970972423802613,0.33921568627450993,-1.9255014326647564,-0.577350269189626,0.0,0.0,-0.75,-0.785422557335846
-1.0,0.8,2.0,0.2,-1.2104499274310596,-1.0631424375917768,0.1625544267053701,-0.749019607843137,-1.9770773638968482,-0.5000000000000001,0.3660254037844388,0.0,-0.7142857142857143,-0.6936852026390192
-1.0,1.0,2.0,0.2,-1.0304789550072568,-1.2393538913362703,-1.050798258345428,-1.1568627450980387,-1.4269340974212035,-0.2886751345948132,0.6339745962155612,0.0,-0.6785714285714286,-0.5768143261074452
-1.0,1.2,2.0,0.2,-0.2525399129172714,-1.0572687224669604,-1.2249637155297532,-0.8921568627450975,-0.6074498567335244,-2.1211504774498138e-16,0.7320508075688774,0.0,-0.6428571428571429,-0.43606660383286117
-0.5,-1.0,-1.0,0.2,-0.10159651669085631,-0.2701908957415565,-1.0449927431059507,-0.5176470588235292,-0.6074498567335244,0.2886751345948128,0.6339745962155615,0.0,-0.6071428571428571,-0.36883443292491286
-0.5,-0.8,-1.0,0.2,-0.10159651669085631,-0.11747430249632893,-0.26705370101596515,-0.20392156862745076,-0.24068767908309455,0.49999999999999994,0.3660254037844388,0.0,-0.5714285714285714,-0.3016022620169646
-0.5,-0.6,-1.0,0.2,-1.0827285921625545,-0.11747430249632893,-0.11611030478955008,-0.484313725490196,-0.7048710601719198,0.5773502691896257,1.793007356604921e-16,0.0,-0.5357142857142857,-0.3807728557964179
-0.5,-0.4,0.0,0.2,-0.31059506531204645,-1.1101321585903083,-0.11611030478955008,-0.5549019607843136,0.32664756446991405,0.5,-0.3660254037844383,0.0,-0.5,-0.32547910775997413
-0.5,-0.2,0.0,0.2,-0.49637155297532654,-0.328928046989721,-1.097242380261248,-0.6882352941176467,0.32664756446991405,0.2886751345948128,-0.6339745962155612,1.0,-0.4642857142857143,-0.4033930254476903
-0.5,0.0,0.0,0.2,-0.8272859216255443,-0.5168869309838473,-0.3251088534107402,-0.6019607843137254,2.0916905444126073,0.0,-0.7320508075688771,0.0,-0.42857142857142855,-0.5171222117499206
-0.5,0.2,1.0,0.2,-0.8272859216255443,-0.8516886930983847,-0.5108853410740203,-0.7764705882352938,0.2808022922636103,-0.2886751345948128,-0.6339745962155612,0.0,-0.39285714285714285,-0.8243795161797037
-0.5,0.4,1.0,0.2,-0.5892597968069666,-0.8516886930983847,-0.841799709724238,-0.8078431372549018,-0.9169054441260746,-0.5,-0.36602540378443876,0.0,-0.35714285714285715,-0.9073201382343692
-0.5,0.6,1.0,0.2,-0.13062409288824384,-0.6108663729809104,-0.841799709724238,-0.572549019607843,-1.0888252148997135,-0.577350269189626,0.0,0.0,-0.32142857142857145,-0.8092994030788555
-0.5,0.8,2.0,0.2,-1.216255442670537,-0.14684287812041116,-0.6037735849056604,-0.7039215686274506,-0.9111747851002865,-0.5000000000000001,0.3660254037844388,0.0,-0.2857142857142857,-0.8099277411247243
-0.5,1.0,2.0,0.2,-1.2685050798258346,-1.2452276064610865,-0.14513788098693758,-0.9333333333333328,-0.14326647564469913,-0.2886751345948132,0.6339745962155612,0.0,-0.25,-0.83568960100534
-0.5,1.2,2.0,0.2,-1.2104499274310596,-1.2980910425844348,-1.2307692307692308,-1.298039215686274,0.0057306590257879654,-2.1211504774498138e-16,0.7320508075688774,0.0,-0.21428571428571427,-0.9393653785736717
0.0,-1.0,-1.0,0.2,-1.5123367198838897,-1.2393538913362703,-1.2830188679245282,-1.3980392156862738,0.0057306590257879654,0.2886751345948128,0.6339745962155615,0.0,-0.17857142857142858,-1.0920515237197603
0.0,-0.8,-1.0,0.2,-1.0362844702467344,-1.5447870778267254,-1.2249637155297532,-1.3196078431372544,-0.9627507163323782,0.49999999999999994,0.3660254037844388,0.0,-0.14285714285714285,-1.1932139491046176
0.0,-0.6,-1.0,0.2,-0.8621190130624092,-1.0631424375917768,-1.5268505079825834,-1.2019607843137252,-0.20057306590257878,0.5773502691896257,1.793007356604921e-16,0.0,-0.10714285714285714,-1.1693371033616076
0.0,-0.4,0.0,0.2,-0.06095791001451379,-0.8869309838472834,-1.050798258345428,-0.7117647058823526,-0.3839541547277937,0.5,-0.3660254037844383,0.0,-0.07142857142857142,-1.1423185673892549
0.0,-0.2,0.0,0.2,-0.41509433962264153,-0.0763582966226138,-0.8766328011611031,-0.5019607843137254,-0.7106017191977078,0.2886751345948128,-0.6339745962155612,1.0,-0.03571428571428571,-1.133521834747093
0.0,0.0,0.0,0.2,-0.41509433962264153,-0.434654919236417,-0.07547169811320754,-0.35098039215686244,-0.7106017191977078,0.0,-0.7320508075688771,0.0,0.0,-1.088909833490417
0.0,0.2,1.0,0.2,-0.41509433962264153,-0.434654919236417,-0.4296081277213353,-0.4705882352941174,-0.47564469914040114,-0.2886751345948128,-0.6339745962155612,0.0,0.03571428571428571,-1.0442978322337413
0.0,0.4,1.0,0.2,2.4644412191582004,-0.434654919236417,-0.4296081277213353,0.501960784313725,-0.022922636103151862,-0.5,-0.36602540378443876,0.0,0.07142857142857142,-0.7137920201068167
0.0,0.6,1.0,0.2,0.37445573294629897,2.4787077826725405,-0.4296081277213353,0.7686274509803921,-1.0945558739255015,-0.577350269189626,0.0,0.0,0.10714285714285714,-0.6591266101162419
0.0,0.8,2.0,0.2,-0.8214804063860668,0.3641703377386197,2.4499274310595065,0.6313725490196073,-1.146131805157593,-0.5000000000000001,0.3660254037844388,0.0,0.14285714285714285,-0.6163996229971719
0.0,1.0,2.0,0.2,-0.46153846153846156,-0.8458149779735683,0.3599419448476052,-0.35686274509803895,-1.0888252148997135,-0.2886751345948132,0.6339745962155612,0.0,0.17857142857142858,-0.5290606346214256
0.0,1.2,2.0,0.2,0.21770682148040638,-0.48164464023494863,-0.8359941944847605,-0.4098039215686271,-1.3868194842406876,-2.1211504774498138e-16,0.7320508075688774,0.0,0.21428571428571427,-0.37448947533773097
0.5,-1.0,-1.0,0.2,-0.17706821480406387,0.2055800293685756,-0.4760522496371553,-0.1921568627450978,-0.9169054441260746,0.2886751345948128,0.6339745962155615,0.0,0.25,-0.22997172478793537
0.5,-0.8,-1.0,0.2,0.06676342525399129,-0.19383259911894274,0.20319303338171263,-0.01372549019607814,-0.7449856733524355,0.49999999999999994,0.3660254037844388,0.0,0.2857142857142857,-0.11058749607288648
0.5,-0.6,-1.0,0.2,0.7402031930333817,0.05286343612334802,-0.19158200290275762,0.1627450980392159,0.045845272206303724,0.5773502691896257,1.793007356604921e-16,0.0,0.32142857142857145,0.06283380458686846
0.5,-0.4,0.0,0.2,-0.10159651669085631,0.7342143906020558,0.05224963715529753,0.18823529411764697,-0.3037249283667622,0.5,-0.3660254037844383,1.0,0.35714285714285715,0.05843543826578809
0.5,-0.2,0.0,0.2,-0.14223512336719885,-0.11747430249632893,0.7256894049346879,0.11764705882352935,-0.3037249283667622,0.2886751345948128,-0.6339745962155612,0.0,0.39285714285714285,0.0879673264216152
0.5,0.0,0.0,0.2,0.6589259796806967,-0.15859030837004406,-0.11611030478955008,0.09019607843137223,-0.3037249283667622,0.0,-0.7320508075688771,0.0,0.42857142857142855,0.20420986490732088
0.5,0.2,1.0,0.2,0.397677793904209,0.6519823788546255,-0.1567489114658926,0.2588235294117646,2.5386819484240686,-0.2886751345948128,-0.6339745962155612,0.0,0.4642857142857143,0.29217719132893605
0.5,0.4,1.0,0.2,0.35123367198838895,0.3876651982378855,0.6444121915820029,0.4254901960784309,0.47564469914040114,-0.5,-0.36602540378443876,0.0,0.5,0.06346214263273678
0.5,0.6,1.0,0.2,-1.111756168359942,0.3406754772393539,0.38316400580551524,-0.17254901960784322,-0.7048710601719198,-0.577350269189626,0.0,0.0,0.5357142857142857,-0.09739239710964426
0.5,0.8,2.0,0.2,-1.4426705370101596,-1.1395007342143906,0.3367198838896952,-0.7941176470588232,-0.3495702005730659,-0.5000000000000001,0.3660254037844388,0.0,0.5714285714285714,-0.16462456801759254
0.5,1.0,2.0,0.2,-1.5878084179970973,-1.474302496328928,-1.1262699564586358,-1.4490196078431368,0.3209169054441261,-0.2886751345948132,0.6339745962155612,0.0,0.6071428571428571,-0.2865221489161163
0.5,1.2,2.0,0.2,-1.5761973875181423,-1.6211453744493391,-1.4571843251088534,-1.6058823529411759,-0.06876790830945559,-2.1211504774498138e-16,0.7320508075688774,0.0,0.6428571428571429,-0.48067860508953764
1.0,-1.0,-1.0,0.2,-0.6879535558780842,-1.6093979441997064,-1.602322206095791,-1.350980392156862,0.17191977077363896,0.2886751345948128,0.6339745962155615,0.0,0.6785714285714286,-0.5359723531259809
1.0,-0.8,-1.0,0.2,0.03193033381712627,-0.71071953010279,-1.590711175616836,-0.8039215686274505,0.836676217765043,0.49999999999999994,0.3660254037844388,0.0,0.7142857142857143,-0.5397423814011929
1.0,-0.6,-1.0,0.2,-0.3047895500725689,0.01762114537444934,-0.7024673439767779,-0.37450980392156835,0.0057306590257879654,0.5773502691896257,1.793007356604921e-16,0.0,0.75,-0.6528432296575548
1.0,-0.4,0.0,0.2,-0.432510885341074,-0.32305433186490456,0.01741654571843251,-0.2882352941176469,-0.034383954154727794,0.5,-0.3660254037844383,1.0,0.7857142857142857,-0.6886584982720695
1.0,-0.2,0.0,0.2,-0.07256894049346879,-0.4522760646108664,-0.3193033381712627,-0.32352941176470573,0.7564469914040115,0.2886751345948128,-0.6339745962155612,0.0,0.8214285714285714,-0.6811184417216454
1.0,0.0,0.0,0.2,2.6386066763425253,-0.0881057268722467,-0.44702467343976776,0.6705882352941174,0.498567335243553,0.0,-0.7320508075688771,0.0,0.8571428571428571,-0.46685516808042654
1.0,0.2,1.0,0.2,1.320754716981132,2.654919236417034,-0.08708272859216255,1.2627450980392154,0.45272206303724927,-0.2886751345948128,-0.6339745962155612,0.0,0.8928571428571429,-0.36694941878730686
1.0,0.4,1.0,0.2,-0.21770682148040638,1.3215859030837005,2.6240928882438315,1.2137254901960777,-0.9914040114613181,-0.5,-0.36602540378443876,0.0,0.9285714285714286,-0.42852654728243705
1.0,0.6,1.0,0.2,-1.320754716981132,-0.23494860499265785,1.3062409288824384,-0.12352941176470583,-1.3180515759312321,-0.577350269189626,0.0,0.0,0.9642857142857143,-0.45114671693370945
1.0,0.8,2.0,0.2,-1.2917271407837445,-1.3509544787077827,-0.23222060957910015,-1.005882352941176,-1.4613180515759312,-0.5000000000000001,0.3660254037844388,0.0,1.0,-0.434809927741124
-1.0,-0.8,-1.0,0.4,-0.0899854862119013,-0.10572687224669604,-0.5631349782293179,-0.296078431372549,-0.22349570200573066,0.49999999999999994,0.3660254037844388,0.0,-1.0,-0.22494502042098558
-1.0,-0.6,-1.0,0.4,0.46734397677793904,-0.10572687224669604,-0.10449927431059507,0.04705882352941174,-0.08595988538681948,0.5773502691896257,1.793007356604921e-16,0.0,-0.9642857142857143,-0.13823437009110864
-1.0,-0.4,0.0,0.4,0.33962264150943394,0.4581497797356828,-0.10449927431059507,0.19215686274509824,0.7621776504297995,0.5,-0.3660254037844383,0.0,-0.9285714285714286,-0.08042726987118996
-1.0,-0.2,0.0,0.4,1.4020319303338171,0.328928046989721,0.4528301886792453,0.6960784313725484,0.7621776504297995,0.2886751345948128,-0.6339745962155612,1.0,-0.8928571428571429,-0.0006283380458683116
-1.0,0.0,0.0,0.4,1.4020319303338171,1.4038179148311307,0.3251088534107402,1.0117647058823525,0.7908309455587392,0.0,-0.7320508075688771,0.0,-0.8571428571428571,0.07917059377945444
-1.0,0.2,1.0,0.4,1.4020319303338171,1.4038179148311307,1.3875181422351233,1.370588235294117,0.2636103151862464,-0.2886751345948128,-0.6339745962155612,0.0,-0.8214285714285714,0.15582783537543235
-1.0,0.4,1.0,0.4,1.5413642960812772,1.4038179148311307,1.3875181422351233,1.4176470588235288,-0.09169054441260745,-0.5,-0.36602540378443876,0.0,-0.7857142857142857,0.3053722902921783
-1.0,0.6,1.0,0.4,0.2351233671988389,1.5447870778267254,1.3875181422351233,1.0235294117647054,-0.8595988538681948,-0.577350269189626,0.0,0.0,-0.75,0.3524976437323291
-1.0,0.8,2.0,0.4,-0.11901306240928883,0.22320117474302498,1.5268505079825834,0.5098039215686275,-1.186246418338109,-0.5000000000000001,0.3660254037844388,0.0,-0.7142857142857143,0.44549167452089294
-1.0,1.0,2.0,0.4,-0.22351233671988388,-0.13509544787077826,0.22060957910014514,-0.08627450980392182,-0.4355300859598854,-0.2886751345948132,0.6339745962155612,0.0,-0.6785714285714286,0.5629908890983353
-1.0,1.2,2.0,0.4,0.44992743105950656,-0.24082232011747431,-0.13352685050798258,-0.01372549019607814,0.017191977077363897,-2.1211504774498138e-16,0.7320508075688774,0.0,-0.6428571428571429,0.6710650329877486
-0.5,-1.0,-1.0,0.4,0.8679245283018868,0.44052863436123346,-0.23802612481857766,0.3196078431372545,0.017191977077363897,0.2886751345948128,0.6339745962155615,0.0,-0.6071428571428571,0.7747408105560802
-0.5,-0.8,-1.0,0.4,0.8679245283018868,0.8634361233480177,0.43541364296081275,0.6882352941176467,0.5673352435530086,0.49999999999999994,0.3660254037844388,0.0,-0.5714285714285714,0.878416588124412
-0.5,-0.6,-1.0,0.4,0.18287373004354138,0.8634361233480177,0.8534107402031931,0.5980392156862745,0.44126074498567336,0.5773502691896257,1.793007356604921e-16,0.0,-0.5357142857142857,0.8476280238768461
-0.5,-0.4,0.0,0.4,0.9782293178519593,0.17033773861967694,0.8534107402031931,0.6352941176470586,1.489971346704871,0.5,-0.3660254037844383,0.0,-0.5,0.916745208922401
-0.5,-0.2,0.0,0.4,0.397677793904209,0.9750367107195301,0.1683599419448476,0.4764705882352939,1.489971346704871,0.2886751345948128,-0.6339745962155612,1.0,-0.4642857142857143,0.8080427269871194
-0.5,0.0,0.0,0.4,0.22931785195936139,0.3876651982378855,0.9637155297532656,0.4921568627450981,1.489971346704871,0.0,-0.7320508075688771,0.0,-0.42857142857142855,0.6811184417216469
-0.5,0.2,1.0,0.4,0.22931785195936139,0.2173274596182085,0.38316400580551524,0.23921568627450998,1.6275071633237823,-0.2886751345948128,-0.6339745962155612,0.0,-0.39285714285714285,0.5541941564561745
-0.5,0.4,1.0,0.4,0.10740203193033382,0.2173274596182085,0.21480406386066764,0.14117647058823524,0.33810888252148996,-0.5,-0.36602540378443876,0.0,-0.35714285714285715,0.3989946591266105
-0.5,0.6,1.0,0.4,0.4731494920174166,0.09397944199706314,0.21480406386066764,0.22352941176470578,-0.011461318051575931,-0.577350269189626,0.0,0.0,-0.32142857142857145,0.4247565190072266
-0.5,0.8,2.0,0.4,-0.026124818577648767,0.46402349486049926,0.09288824383164006,0.13725490196078396,-0.11461318051575932,-0.5000000000000001,0.3660254037844388,0.0,-0.2857142857142857,0.4348099277411251
-0.5,1.0,2.0,0.4,-0.3047895500725689,-0.041116005873715125,0.45863570391872277,-0.001960784313725204,0.5501432664756447,-0.2886751345948132,0.6339745962155612,0.0,-0.25,0.42601319509896435
-0.5,1.2,2.0,0.4,-0.21770682148040638,-0.32305433186490456,-0.040638606676342524,-0.2352941176470587,0.9627507163323782,-2.1211504774498138e-16,0.7320508075688774,0.0,-0.21428571428571427,0.3537543198240657
0.0,-1.0,-1.0,0.4,-0.5312046444121916,-0.23494860499265785,-0.3193033381712627,-0.4058823529411763,0.9627507163323782,0.2886751345948128,0.6339745962155615,0.0,-0.17857142857142858,0.20232485076971485
0.0,-0.8,-1.0,0.4,-0.17706821480406387,-0.5521292217327459,-0.23222060957910015,-0.3627450980392154,0.28653295128939826,0.49999999999999994,0.3660254037844388,0.0,-0.14285714285714285,0.08922400251335291
0.0,-0.6,-1.0,0.4,-0.17706821480406387,-0.19383259911894274,-0.5457184325108854,-0.34901960784313724,1.0716332378223496,0.5773502691896257,1.793007356604921e-16,0.0,-0.10714285714285714,0.050267043669494554
0.0,-0.4,0.0,0.4,0.9492017416545718,-0.19383259911894274,-0.19158200290275762,0.15098039215686296,0.498567335243553,0.5,-0.3660254037844383,0.0,-0.07142857142857142,0.047125353440151896
0.0,-0.2,0.0,0.4,0.17126269956458637,0.9456681350954479,-0.19158200290275762,0.2686274509803923,0.332378223495702,0.2886751345948128,-0.6339745962155612,1.0,-0.03571428571428571,0.022620169651273482
0.0,0.0,0.0,0.4,0.17126269956458637,0.15859030837004406,0.9346879535558781,0.3862745098039217,0.332378223495702,0.0,-0.7320508075688771,0.0,0.0,0.016336789192585976
0.0,0.2,1.0,0.4,0.17126269956458637,0.15859030837004406,0.1567489114658926,0.12352941176470583,0.21203438395415472,-0.2886751345948128,-0.6339745962155612,0.0,0.03571428571428571,0.01005340873389957
0.0,0.4,1.0,0.4,3.4339622641509435,0.15859030837004406,0.1567489114658926,1.2254901960784306,0.5730659025787965,-0.5,-0.36602540378443876,0.0,0.07142857142857142,0.3700911090166517
0.0,0.6,1.0,0.4,2.0,3.4596182085168867,0.1567489114658926,1.8431372549019598,0.08022922636103152,-0.577350269189626,0.0,0.0,0.10714285714285714,0.5353440150801142
0.0,0.8,2.0,0.4,0.49056603773584906,2.0088105726872247,3.4194484760522497,1.9509803921568623,-0.19484240687679083,-0.5000000000000001,0.3660254037844388,0.0,0.14285714285714285,0.5912661011624257
0.0,1.0,2.0,0.4,0.35123367198838895,0.48164464023494863,1.9854862119013061,0.9098039215686273,-0.10888252148997135,-0.2886751345948132,0.6339745962155612,0.0,0.17857142857142858,0.6622683003455867
0.0,1.2,2.0,0.4,0.5312046444121916,0.3406754772393539,0.4760522496371553,0.41372549019607796,-0.4183381088825215,-2.1211504774498138e-16,0.7320508075688774,0.0,0.21428571428571427,0.743323908262646
0.5,-1.0,-1.0,0.4,0.6066763425253991,0.5227606461086637,0.3367198838896952,0.452941176470588,-0.06876790830945559,0.2886751345948128,0.6339745962155615,0.0,0.25,0.8664781652529064
0.5,-0.8,-1.0,0.4,0.8853410740203193,0.5991189427312775,0.5166908563134979,0.6333333333333333,-0.06876790830945559,0.49999999999999994,0.3660254037844388,0.0,0.2857142857142857,0.9814640276468743
0.5,-0.6,-1.0,0.4,1.6516690856313498,0.8810572687224669,0.5921625544267054,1.0117647058823525,1.0429799426934097,0.5773502691896257,1.793007356604921e-16,0.0,0.32142857142857145,1.1793905120955077
0.5,-0.4,0.0,0.4,0.7576197387518142,1.6563876651982379,0.8708272859216255,1.0627450980392155,0.27507163323782235,0.5,-0.3660254037844383,1.0,0.35714285714285715,1.1586553565818414
0.5,-0.2,0.0,0.4,0.409288824383164,0.7518355359765051,1.637155297532656,0.9019607843137248,0.27507163323782235,0.2886751345948128,-0.6339745962155612,0.0,0.39285714285714285,1.1844172164624576
0.5,0.0,0.0,0.4,0.409288824383164,0.39941262848751835,0.7431059506531205,0.4823529411764704,0.27507163323782235,0.0,-0.7320508075688771,0.0,0.42857142857142855,1.2101790763430738
0.5,0.2,1.0,0.4,1.204644412191582,0.39941262848751835,0.39477503628447025,0.6333333333333333,3.495702005730659,-0.2886751345948128,-0.6339745962155612,0.0,0.4642857142857143,1.322023248507698
0.5,0.4,1.0,0.4,1.1349782293178519,1.2041116005873715,0.39477503628447025,0.8784313725490189,2.0802292263610314,-0.5,-0.36602540378443876,0.0,0.5,1.0732013823437017
0.5,0.6,1.0,0.4,0.2525399129172714,1.133627019089574,1.1901306240928882,0.8254901960784308,0.5902578796561605,-0.577350269189626,0.0,0.0,0.5357142857142857,0.8840716305372301
0.5,0.8,2.0,0.4,-0.11320754716981132,0.24082232011747431,1.1204644412191582,0.38039215686274525,0.45272206303724927,-0.5000000000000001,0.3660254037844388,0.0,0.5714285714285714,0.8187244737668873
0.5,1.0,2.0,0.4,-0.43831640058055155,-0.12922173274596183,0.23802612481857766,-0.15098039215686254,0.6303724928366762,-0.2886751345948132,0.6339745962155612,0.0,0.6071428571428571,0.7332704995287476
0.5,1.2,2.0,0.4,-0.42670537010159654,-0.4581497797356828,-0.12772133526850507,-0.3803921568627448,0.7048710601719198,-2.1211504774498138e-16,0.7320508075688774,0.0,0.6428571428571429,0.6295947219604158
1.0,-1.0,-1.0,0.4,0.09579100145137881,-0.44640234948604995,-0.4528301886792453,-0.3098039215686272,0.9799426934097422,0.2886751345948128,0.6339745962155615,0.0,0.6785714285714286,0.5743009739239715
1.0,-0.8,-1.0,0.4,0.09579100145137881,0.08223201174743025,-0.4412191582002903,-0.1294117647058823,1.7363896848137537,0.49999999999999994,0.3660254037844388,0.0,0.7142857142857143,0.48884699968583173
1.0,-0.6,-1.0,0.4,0.43831640058055155,0.08223201174743025,0.08127721335268505,0.1627450980392159,0.8538681948424068,0.5773502691896257,1.793007356604921e-16,0.0,0.75,0.3575243480992778
1.0,-0.4,0.0,0.4,0.47895500725689405,0.4287812041116006,0.08127721335268505,0.2921568627450982,0.5100286532951289,0.5,-0.3660254037844383,1.0,0.7857142857142857,0.32736412189758124
1.0,-0.2,0.0,0.4,0.8969521044992743,0.4698972099853157,0.42380261248185774,0.5627450980392157,0.5100286532951289,0.2886751345948128,-0.6339745962155612,0.0,0.8214285714285714,0.38014451775055014
1.0,0.0,0.0,0.4,2.8824383164005805,0.8928046989720999,0.4644412191582003,1.3882352941176466,1.2951289398280803,0.0,-0.7320508075688771,0.0,0.8571428571428571,0.6478165252906067
1.0,0.2,1.0,0.4,1.4833091436865022,2.9016152716593244,0.8824383164005806,1.7274509803921565,1.2263610315186246,-0.2886751345948128,-0.6339745962155612,0.0,0.8928571428571429,0.6779767514923032
1.0,0.4,1.0,0.4,1.0130624092888243,1.486049926578561,2.8679245283018866,1.7666666666666657,0.3553008595988539,-0.5,-0.36602540378443876,0.0,0.9285714285714286,0.664781652529061
1.0,0.6,1.0,0.4,-0.28156748911465895,1.0102790014684289,1.4687953555878084,0.6980392156862745,-0.0057306590257879654,-0.577350269189626,0.0,0.0,0.9642857142857143,0.6069745523091434
1.0,0.8,2.0,0.4,-0.3686502177068215,-0.29955947136563876,0.9985486211901307,0.07254901960784282,-0.32664756446991405,-0.5000000000000001,0.3660254037844388,0.0,1.0,0.5793276782909212
-1.0,-1.0,-1.0,0.6,-0.21190130624092887,-0.7988252569750367,-1.2481857764876634,-0.7999999999999997,-0.08595988538681948,0.2886751345948128,0.6339745962155615,0.0,-1.0357142857142858,-0.27207037386113636
-1.0,-0.8,-1.0,0.6,-0.21190130624092887,-0.2290748898678414,-0.7895500725689405,-0.45490196078431366,-0.22349570200573066,0.49999999999999994,0.3660254037844388,0.0,-1.0,-0.2739553879987424
-1.0,-0.6,-1.0,0.6,0.7169811320754716,-0.2290748898678414,-0.22641509433962265,0.04901960784313695,-0.40114613180515757,0.5773502691896257,1.793007356604921e-16,0.0,-0.9642857142857143,-0.16022620169651217
-1.0,-0.4,0.0,0.6,0.397677793904209,0.71071953010279,-0.22641509433962265,0.2549019607843133,0.5845272206303725,0.5,-0.3660254037844383,0.0,-0.9285714285714286,-0.06157712849512965
-1.0,-0.2,0.0,0.6,0.9085631349782293,0.3876651982378855,0.7024673439767779,0.6333333333333333,1.0888252148997135,0.2886751345948128,-0.6339745962155612,1.0,-0.8928571428571429,-0.015708451146716568
-1.0,0.0,0.0,0.6,2.2148040638606674,0.9045521292217328,0.38316400580551524,1.1392156862745095,0.6532951289398281,0.0,-0.7320508075688771,0.0,-0.8571428571428571,0.11624253848570568
-1.0,0.2,1.0,0.6,3.5036284470246732,2.226138032305433,0.8940493468795355,2.188235294117646,0.5616045845272206,-0.2886751345948128,-0.6339745962155612,0.0,-0.8214285714285714,0.4354382657869945
-1.0,0.4,1.0,0.6,1.2336719883889695,3.530102790014684,2.200290275761974,2.298039215686274,-0.12034383954154727,-0.5,-0.36602540378443876,0.0,-0.7857142857142857,0.5190072258875282
-1.0,0.6,1.0,0.6,-0.04934687953555878,1.2334801762114538,3.48911465892598,1.533333333333333,-0.8825214899713467,-0.577350269189626,0.0,0.0,-0.75,0.5384857053094568
-1.0,0.8,2.0,0.6,-0.32801161103047893,-0.06461086637298091,1.2191582002902757,0.23921568627450998,-1.1117478510028653,-0.5000000000000001,0.3660254037844388,0.0,-0.7142857142857143,0.6113729186302238
-1.0,1.0,2.0,0.6,-0.3686502177068215,-0.3465491923641703,-0.06386066763425254,-0.3019607843137255,-0.6590257879656161,-0.2886751345948132,0.6339745962155612,0.0,-0.6785714285714286,0.7049952874646571
-1.0,1.2,2.0,0.6,0.2467343976777939,-0.3876651982378855,-0.34252539912917274,-0.20196078431372555,-0.10315186246418338,-2.1211504774498138e-16,0.7320508075688774,0.0,-0.6428571428571429,0.8155827835375435
-0.5,-1.0,-1.0,0.6,0.49056603773584906,0.23494860499265785,-0.38316400580551524,0.07450980392156888,-0.10315186246418338,0.2886751345948128,0.6339745962155615,0.0,-0.6071428571428571,0.8916116870876543
-0.5,-0.8,-1.0,0.6,0.49056603773584906,0.48164464023494863,0.23222060957910015,0.36470588235294105,0.8137535816618912,0.49999999999999994,0.3660254037844388,0.0,-0.5714285714285714,0.9676405906377639
-0.5,-0.6,-1.0,0.6,-0.22931785195936139,0.48164464023494863,0.4760522496371553,0.20392156862745117,0.498567335243553,0.5773502691896257,1.793007356604921e-16,0.0,-0.5357142857142857,0.8652214891611698
-0.5,-0.4,0.0,0.6,0.09579100145137881,-0.24669603524229075,0.4760522496371553,0.07058823529411762,1.002865329512894,0.5,-0.3660254037844383,0.0,-0.5,0.8325479107759979
-0.5,-0.2,0.0,0.6,0.11320754716981132,0.08223201174743025,-0.24383164005805516,-0.05686274509803948,2.292263610315186,0.2886751345948128,-0.6339745962155612,1.0,-0.4642857142857143,0.7464655984919898
-0.5,0.0,0.0,0.6,-0.055152394775036286,0.09985315712187959,0.08127721335268505,0.001960784313725204,3.5644699140401146,0.0,-0.7320508075688771,0.0,-0.42857142857142855,0.5007854225573362
-0.5,0.2,1.0,0.6,1.4194484760522497,-0.07048458149779736,0.09869375907111756,0.44901960784313677,1.32378223495702,-0.2886751345948128,-0.6339745962155612,0.0,-0.39285714285714285,0.27521206409048177
-0.5,0.4,1.0,0.6,-0.19448476052249636,1.42143906020558,-0.06966618287373004,0.34509803921568644,0.05730659025787966,-0.5,-0.36602540378443876,0.0,-0.35714285714285715,0.12064090480678714
-0.5,0.6,1.0,0.6,0.31059506531204645,-0.21145374449339208,1.4049346879535558,0.46862745098039227,-0.2177650429799427,-0.577350269189626,0.0,0.0,-0.32142857142857145,0.1595978636506444
-0.5,0.8,2.0,0.6,-0.17126269956458637,0.29955947136563876,-0.20899854862119013,-0.06862745098039241,-0.25787965616045844,-0.5000000000000001,0.3660254037844388,0.0,-0.2857142857142857,0.17656299088909871
-0.5,1.0,2.0,0.6,-0.43831640058055155,-0.18795888399412627,0.2960812772133527,-0.15098039215686254,0.3495702005730659,-0.2886751345948132,0.6339745962155612,0.0,-0.25,0.16902293433867457
-0.5,1.2,2.0,0.6,-0.4847605224963715,-0.4581497797356828,-0.18577648766328012,-0.41960784313725485,0.5902578796561605,-2.1211504774498138e-16,0.7320508075688774,0.0,-0.21428571428571427,0.08985234055922123
0.0,-1.0,-1.0,0.6,-0.7227866473149492,-0.5051395007342144,-0.4528301886792453,-0.6058823529411762,0.5902578796561605,0.2886751345948128,0.6339745962155615,0.0,-0.17857142857142858,-0.041470311027331605
0.0,-0.8,-1.0,0.6,-0.37445573294629897,-0.7459618208516887,-0.49927431059506533,-0.584313725490196,-0.12034383954154727,0.49999999999999994,0.3660254037844388,0.0,-0.14285714285714285,-0.1350926798617649
0.0,-0.6,-1.0,0.6,-0.8621190130624092,-0.3935389133627019,-0.737300435413643,-0.7117647058823526,0.20057306590257878,0.5773502691896257,1.793007356604921e-16,0.0,-0.10714285714285714,-0.20358152686145092
0.0,-0.4,0.0,0.6,0.409288824383164,-0.8869309838472834,-0.3889695210449927,-0.32941176470588224,0.2177650429799427,0.5,-0.3660254037844383,0.0,-0.07142857142857142,-0.16965127238454233
0.0,-0.2,0.0,0.6,0.15965166908563136,0.39941262848751835,-0.8766328011611031,-0.14901960784313734,0.05157593123209169,0.2886751345948128,-0.6339745962155612,1.0,-0.03571428571428571,-0.16462456801759254
0.0,0.0,0.0,0.6,0.15965166908563136,0.14684287812041116,0.39477503628447025,0.19607843137254866,1.507163323782235,0.0,-0.7320508075688771,0.0,0.0,-0.1413760603204513
0.0,0.2,1.0,0.6,0.15965166908563136,0.14684287812041116,0.14513788098693758,0.11176470588235289,-0.08595988538681948,-0.2886751345948128,-0.6339745962155612,0.0,0.03571428571428571,-0.2777254162739545
0.0,0.4,1.0,0.6,3.178519593613933,0.14684287812041116,0.14513788098693758,1.1313725490196072,0.41260744985673353,-0.5,-0.36602540378443876,0.0,0.07142857142857142,0.08733898837574688
0.0,0.6,1.0,0.6,2.11611030478955,3.2011747430249633,0.14513788098693758,1.7921568627450977,-0.06303724928366762,-0.577350269189626,0.0,0.0,0.10714285714285714,0.2827521206409059
0.0,0.8,2.0,0.6,0.3570391872278665,2.1262848751835537,3.1640058055152394,1.8588235294117639,-0.32664756446991405,-0.5000000000000001,0.3660254037844388,0.0,0.14285714285714285,0.3399308828149552
0.0,1.0,2.0,0.6,0.19448476052249636,0.3465491923641703,2.101596516690856,0.8509803921568627,-0.37249283667621774,-0.2886751345948132,0.6339745962155612,0.0,0.17857142857142858,0.40841972981464064
0.0,1.2,2.0,0.6,0.2641509433962264,0.18208516886930984,0.34252539912917274,0.225490196078431,-0.6074498567335244,-2.1211504774498138e-16,0.7320508075688774,0.0,0.21428571428571427,0.48947533773170004
0.5,-1.0,-1.0,0.6,0.502177068214804,0.2525697503671072,0.1799709724238026,0.2745098039215688,-0.2636103151862464,0.2886751345948128,0.6339745962155615,0.0,0.25,0.6220546654099917
0.5,-0.8,-1.0,0.6,0.6357039187227866,0.4933920704845815,0.24963715529753266,0.4235294117647057,-0.7449856733524355,0.49999999999999994,0.3660254037844388,0.0,0.2857142857142857,0.7313854853911416
0.5,-0.6,-1.0,0.6,0.9956458635703919,0.6284875183553598,0.4876632801161103,0.6705882352941174,0.5100286532951289,0.5773502691896257,1.793007356604921e-16,0.0,0.32142857142857145,0.9324536600691176
0.5,-0.4,0.0,0.6,0.5950653120464441,0.9926578560939795,0.6211901306240929,0.7019607843137249,0.2636103151862464,0.5,-0.3660254037844383,1.0,0.35714285714285715,0.9525604775369156
0.5,-0.2,0.0,0.6,0.36284470246734396,0.5873715124816447,0.9811320754716981,0.6098039215686275,0.2636103151862464,0.2886751345948128,-0.6339745962155612,0.0,0.39285714285714285,0.9745523091423197
0.5,0.0,0.0,0.6,0.8156748911465893,0.3524229074889868,0.5805515239477503,0.5490196078431367,0.2636103151862464,0.0,-0.7320508075688771,0.0,0.42857142857142855,1.0455545083254796
0.5,0.2,1.0,0.6,0.8505079825834543,0.8105726872246696,0.3483309143686502,0.6352941176470586,3.2435530085959887,-0.2886751345948128,-0.6339745962155612,0.0,0.4642857142857143,1.1203267357838524
0.5,0.4,1.0,0.6,0.9143686502177069,0.8458149779735683,0.8011611030478955,0.8215686274509804,2.194842406876791,-0.5,-0.36602540378443876,0.0,0.5,0.8752748978950683
0.5,0.6,1.0,0.6,0.11901306240928883,0.9104258443465492,0.8359941944847605,0.5862745098039216,0.4584527220630373,-0.577350269189626,0.0,0.0,0.5357142857142857,0.6591266101162429
0.5,0.8,2.0,0.6,-0.4731494920174166,0.10572687224669604,0.8998548621190131,0.13921568627451003,0.2979942693409742,-0.5000000000000001,0.3660254037844388,0.0,0.5714285714285714,0.5692742695570228
0.5,1.0,2.0,0.6,-0.7576197387518142,-0.4933920704845815,0.10449927431059507,-0.42549019607843136,0.3667621776504298,-0.2886751345948132,0.6339745962155612,0.0,0.6071428571428571,0.46622683003455934
0.5,1.2,2.0,0.6,-0.7169811320754716,-0.7812041116005873,-0.4876632801161103,-0.7078431372549018,0.6017191977077364,-2.1211504774498138e-16,0.7320508075688774,0.0,0.6428571428571429,0.3600377002827532
1.0,-1.0,-1.0,0.6,-0.13062409288824384,-0.7400881057268722,-0.772133526850508,-0.5921568627450976,0.7335243553008596,0.2886751345948128,0.6339745962155615,0.0,0.6785714285714286,0.2915488532830667
1.0,-0.8,-1.0,0.6,0.7634252539912917,-0.14684287812041116,-0.7314949201741655,-0.07843137254901929,1.0888252148997135,0.49999999999999994,0.3660254037844388,0.0,0.7142857142857143,0.3053722902921783
1.0,-0.6,-1.0,0.6,0.5718432510885341,0.7577092511013216,-0.14513788098693758,0.35686274509803934,0.6934097421203438,0.5773502691896257,1.793007356604921e-16,0.0,0.75,0.2595036129437641
1.0,-0.4,0.0,0.6,0.420899854862119,0.5638766519823789,0.7489114658925979,0.5431372549019603,0.46418338108882523,0.5,-0.3660254037844383,1.0,0.7857142857142857,0.24065347156770378
1.0,-0.2,0.0,0.6,0.5718432510885341,0.4111600587371512,0.5573294629898403,0.47843137254901913,0.9111747851002865,0.2886751345948128,-0.6339745962155612,0.0,0.8214285714285714,0.2632736412189762
1.0,0.0,0.0,0.6,2.621190130624093,0.5638766519823789,0.40638606676342526,1.170588235294117,0.9455587392550143,0.0,-0.7320508075688771,0.0,0.8571428571428571,0.45868677348413517
1.0,0.2,1.0,0.6,1.6226415094339623,2.6372980910425845,0.5573294629898403,1.5764705882352934,1.008595988538682,-0.2886751345948128,-0.6339745962155612,0.0,0.8928571428571429,0.5422557335846689
1.0,0.4,1.0,0.6,0.9027576197387518,1.6270190895741556,2.606676342525399,1.6882352941176464,0.22349570200573066,-0.5,-0.36602540378443876,0.0,0.9285714285714286,0.5409990574929323
1.0,0.6,1.0,0.6,-0.3570391872278665,0.8986784140969163,1.6081277213352685,0.6823529411764703,-0.36103151862464183,-0.577350269189626,0.0,0.0,0.9642857142857143,0.48947533773170004
1.0,0.8,2.0,0.6,-0.6008708272859217,-0.37591776798825255,0.888243831640058,-0.06862745098039241,-0.6418338108882522,-0.5000000000000001,0.3660254037844388,0.0,1.0,0.4756519007225895
-1.0,-0.8,-1.0,0.8,-0.6298984034833092,-0.6519823788546255,-1.2249637155297532,-0.8843137254901958,-0.8595988538681948,0.49999999999999994,0.3660254037844388,0.0,-1.0,-0.918001885014137
-1.0,-0.6,-1.0,0.8,-0.31059506531204645,-0.6519823788546255,-0.6444121915820029,-0.5803921568627447,-0.9169054441260746,0.5773502691896257,1.793007356604921e-16,0.0,-0.9642857142857143,-0.845743009739239
-1.0,-0.4,0.0,0.8,-0.3686502177068215,-0.328928046989721,-0.6444121915820029,-0.4921568627450977,1.0888252148997135,0.5,-0.3660254037844383,0.0,-0.9285714285714286,-0.7734841344643409
-1.0,-0.2,0.0,0.8,0.32801161103047893,-0.3876651982378855,-0.3251088534107402,-0.16862745098039195,1.0888252148997135,0.2886751345948128,-0.6339745962155612,1.0,-0.8928571428571429,-0.845743009739239
-1.0,0.0,0.0,0.8,0.32801161103047893,0.31718061674008813,-0.38316400580551524,0.04705882352941174,-0.4297994269340974,0.0,-0.7320508075688771,0.0,-0.8571428571428571,-0.918001885014137
-1.0,0.2,1.0,0.8,0.32801161103047893,0.31718061674008813,0.3134978229317852,0.2823529411764705,-0.40114613180515757,-0.2886751345948128,-0.6339745962155612,0.0,-0.8214285714285714,-0.8237511781338355
-1.0,0.4,1.0,0.8,0.7634252539912917,0.31718061674008813,0.3134978229317852,0.42941176470588216,-0.8595988538681948,-0.5,-0.36602540378443876,0.0,-0.7857142857142857,-0.6855168080427263
-1.0,0.6,1.0,0.8,-0.6879535558780842,0.7577092511013216,0.3134978229317852,0.08627450980392182,-1.4040114613180517,-0.577350269189626,0.0,0.0,-0.75,-0.6540999057492926
-1.0,0.8,2.0,0.8,-1.0943396226415094,-0.71071953010279,0.7489114658925979,-0.39411764705882335,-1.7765042979942693,-0.5000000000000001,0.3660254037844388,0.0,-0.7142857142857143,-0.6069745523091418
-1.0,1.0,2.0,0.8,-0.9782293178519593,-1.1218795888399413,-0.7024673439767779,-0.9823529411764702,-1.0888252148997135,-0.2886751345948132,0.6339745962155612,0.0,-0.6785714285714286,-0.5064404649701532
-1.0,1.2,2.0,0.8,-0.31059506531204645,-1.0044052863436124,-1.1088534107402033,-0.8549019607843135,-0.5157593123209169,-2.1211504774498138e-16,0.7320508075688774,0.0,-0.6428571428571429,-0.4090480678605084
-0.5,-1.0,-1.0,0.8,0.12481857764876633,-0.328928046989721,-0.9927431059506531,-0.44313725490196076,-0.5157593123209169,0.2886751345948128,0.6339745962155615,0.0,-0.6071428571428571,-0.3273641218975802
-0.5,-0.8,-1.0,0.8,0.12481857764876633,0.11160058737151249,-0.3251088534107402,-0.07058823529411762,-0.20057306590257878,0.49999999999999994,0.3660254037844388,0.0,-0.5714285714285714,-0.24568017593465194
-0.5,-0.6,-1.0,0.8,-0.8621190130624092,0.11160058737151249,0.11030478955007257,-0.25686274509803897,-0.25787965616045844,0.5773502691896257,1.793007356604921e-16,0.0,-0.5357142857142857,-0.30537229029217666
-0.5,-0.4,0.0,0.8,-0.22351233671988388,-0.8869309838472834,0.11030478955007257,-0.37450980392156835,0.4297994269340974,0.5,-0.3660254037844383,0.0,-0.5,-0.2896638391454595
-0.5,-0.2,0.0,0.8,0.008708272859216255,-0.24082232011747431,-0.8766328011611031,-0.4137254901960784,0.4297994269340974,0.2886751345948128,-0.6339745962155612,1.0,-0.4642857142857143,-0.32422243166823694
-0.5,0.0,0.0,0.8,-0.22351233671988388,-0.005873715124816446,-0.23802612481857766,-0.19803921568627428,0.4297994269340974,0.0,-0.7320508075688771,0.0,-0.42857142857142855,-0.38391454602576114
-0.5,0.2,1.0,0.8,-0.22351233671988388,-0.24082232011747431,-0.005805515239477504,-0.19803921568627428,0.8595988538681948,-0.2886751345948128,-0.6339745962155612,0.0,-0.39285714285714285,-0.4436066603832853
-0.5,0.4,1.0,0.8,-0.6008708272859217,-0.24082232011747431,-0.23802612481857766,-0.40392156862745066,-0.5730659025787965,-0.5,-0.36602540378443876,0.0,-0.35714285714285715,-0.5912661011624246
-0.5,0.6,1.0,0.8,0.18287373004354138,-0.6226138032305433,-0.23802612481857766,-0.2666666666666667,-0.9742120343839542,-0.577350269189626,0.0,0.0,-0.32142857142857145,-0.49701539428212305
-0.5,0.8,2.0,0.8,-0.7460087082728593,0.17033773861967694,-0.6153846153846154,-0.44313725490196076,-0.8595988538681948,-0.5000000000000001,0.3660254037844388,0.0,-0.2857142857142857,-0.45931511153000243
-0.5,1.0,2.0,0.8,-0.8621190130624092,-0.7694566813509545,0.1683599419448476,-0.5313725490196077,-0.20057306590257878,-0.2886751345948132,0.6339745962155612,0.0,-0.25,-0.446748350612629
-0.5,1.2,2.0,0.8,-0.9782293178519593,-0.8869309838472834,-0.760522496371553,-0.9235294117647055,0.22922636103151864,-2.1211504774498138e-16,0.7320508075688774,0.0,-0.21428571428571427,-0.5190072258875266
0.0,-1.0,-1.0,0.8,-1.123367198838897,-1.0044052863436124,-0.8766328011611031,-1.0509803921568621,0.22922636103151864,0.2886751345948128,0.6339745962155615,0.0,-0.17857142857142858,-0.6540999057492926
0.0,-0.8,-1.0,0.8,-0.8330914368650217,-1.1512481644640236,-0.9927431059506531,-1.041176470588235,-0.7449856733524355,0.49999999999999994,0.3660254037844388,0.0,-0.14285714285714285,-0.7577756833176243
0.0,-0.6,-1.0,0.8,-0.8330914368650217,-0.8575624082232012,-1.1378809869375908,-0.9921568627450975,-0.11461318051575932,0.5773502691896257,1.793007356604921e-16,0.0,-0.10714285714285714,-0.7546339930882806
0.0,-0.4,0.0,0.8,0.18287373004354138,-0.8575624082232012,-0.8476052249637155,-0.5509803921568623,0.11461318051575932,0.5,-0.3660254037844383,0.0,-0.07142857142857142,-0.7106503298774736
0.0,-0.2,0.0,0.8,-0.45573294629898403,0.17033773861967694,-0.8476052249637155,-0.4235294117647057,-0.11461318051575932,0.2886751345948128,-0.6339745962155612,1.0,-0.03571428571428571,-0.7609173735469675
0.0,0.0,0.0,0.8,-0.45573294629898403,-0.47577092511013214,0.1683599419448476,-0.296078431372549,-0.11461318051575932,0.0,-0.7320508075688771,0.0,0.0,-0.7860508953817148
0.0,0.2,1.0,0.8,-0.45573294629898403,-0.47577092511013214,-0.4702467343976778,-0.5117647058823527,-0.4871060171919771,-0.2886751345948128,-0.6339745962155612,0.0,0.03571428571428571,-0.8111844172164615
0.0,0.4,1.0,0.8,2.505079825834543,-0.47577092511013214,-0.4702467343976778,0.4882352941176468,0.28653295128939826,-0.5,-0.36602540378443876,0.0,0.07142857142857142,-0.4750235626767195
0.0,0.6,1.0,0.8,0.8795355587808418,2.5198237885462555,-0.4702467343976778,0.9392156862745097,-0.6303724928366762,-0.577350269189626,0.0,0.0,0.10714285714285714,-0.39962299717247823
0.0,0.8,2.0,0.8,-0.33962264150943394,0.8751835535976505,2.490566037735849,0.9784313725490189,-0.7449856733524355,-0.5000000000000001,0.3660254037844388,0.0,0.14285714285714285,-0.35563933396167063
0.0,1.0,2.0,0.8,-0.42670537010159654,-0.35829662261380324,0.865021770682148,-0.011764705882352936,-0.8595988538681948,-0.2886751345948132,0.6339745962155612,0.0,0.17857142857142858,-0.30851398052151985
0.0,1.2,2.0,0.8,-0.19448476052249636,-0.44640234948604995,-0.35413642960812775,-0.37450980392156835,-1.002865329512894,-2.1211504774498138e-16,0.7320508075688774,0.0,0.21428571428571427,-0.22368834432924842
0.5,-1.0,-1.0,0.8,-0.397677793904209,-0.21145374449339208,-0.4412191582002903,-0.39411764705882335,-0.7163323782234957,0.2886751345948128,0.6339745962155615,0.0,0.25,-0.14514608859566336
0.5,-0.8,-1.0,0.8,-0.2525399129172714,-0.4170337738619677,-0.20899854862119013,-0.3352941176470587,-0.7163323782234957,0.49999999999999994,0.3660254037844388,0.0,0.2857142857142857,-0.082312284008796
0.5,-0.6,-1.0,0.8,0.9375907111756169,-0.2701908957415565,-0.41219158200290273,0.04705882352941174,0.28653295128939826,0.5773502691896257,1.793007356604921e-16,0.0,0.32142857142857145,0.10933081998115096
0.5,-0.4,0.0,0.8,0.18287373004354138,0.933920704845815,-0.26705370101596515,0.2431372549019604,-0.3438395415472779,0.5,-0.3660254037844383,1.0,0.35714285714285715,0.10933081998115096
0.5,-0.2,0.0,0.8,-0.2525399129172714,0.17033773861967694,0.9230769230769231,0.2431372549019604,-0.3438395415472779,0.2886751345948128,-0.6339745962155612,0.0,0.39285714285714285,0.13132265158655393
0.5,0.0,0.0,0.8,0.5892597968069666,-0.2701908957415565,0.1683599419448476,0.12549019607843104,-0.3438395415472779,0.0,-0.7320508075688771,0.0,0.42857142857142855,0.24442349984291586
0.5,0.2,1.0,0.8,0.6763425253991292,0.5814977973568282,-0.26705370101596515,0.2921568627450982,2.5787965616045847,-0.2886751345948128,-0.6339745962155612,0.0,0.4642857142857143,0.3669494187873079
0.5,0.4,1.0,0.8,0.4731494920174166,0.6696035242290749,0.5747460087082729,0.5372549019607838,0.9742120343839542,-0.5,-0.36602540378443876,0.0,0.5,0.1470311027332716
0.5,0.6,1.0,0.8,-0.45573294629898403,0.46402349486049926,0.6618287373004355,0.1843137254901957,-0.22922636103151864,-0.577350269189626,0.0,0.0,0.5357142857142857,0.002513352183475441
0.5,0.8,2.0,0.8,-0.7750362844702468,-0.47577092511013214,0.45863570391872277,-0.3058823529411763,-0.3151862464183381,-0.5000000000000001,0.3660254037844388,0.0,0.5714285714285714,-0.04461200125667536
0.5,1.0,2.0,0.8,-0.8330914368650217,-0.7988252569750367,-0.4702467343976778,-0.7470588235294114,-0.08595988538681948,-0.2886751345948132,0.6339745962155612,0.0,0.6071428571428571,-0.0885956644674824
0.5,1.2,2.0,0.8,-0.6879535558780842,-0.8575624082232012,-0.7895500725689405,-0.8254901960784312,-0.28653295128939826,-2.1211504774498138e-16,0.7320508075688774,0.0,0.6428571428571429,-0.14200439836632073
1.0,-1.0,-1.0,0.8,-0.397677793904209,-0.71071953010279,-0.8476052249637155,-0.698039215686274,-0.14326647564469913,0.2886751345948128,0.6339745962155615,0.0,0.6785714285714286,-0.14200439836632073
1.0,-0.8,-1.0,0.8,0.7343976777939042,-0.4170337738619677,-0.7024673439767779,-0.16862745098039195,1.0315186246418337,0.49999999999999994,0.3660254037844388,0.0,0.7142857142857143,-0.0351869305686452
1.0,-0.6,-1.0,0.8,-0.10740203193033382,0.7283406754772394,-0.41219158200290273,0.027450980392157136,0.28653295128939826,0.5773502691896257,1.793007356604921e-16,0.0,0.75,-0.14828777882500713
1.0,-0.4,0.0,0.8,-0.020319303338171262,-0.12334801762114538,0.7198838896952104,0.15490196078431337,-0.14326647564469913,0.5,-0.3660254037844383,1.0,0.7857142857142857,-0.17027961043041065
1.0,-0.2,0.0,0.8,0.29898403483309144,-0.03524229074889868,-0.12191582002902758,0.007843137254901673,0.6876790830945558,0.2886751345948128,-0.6339745962155612,0.0,0.8214285714285714,-0.11058749607288648
1.0,0.0,0.0,0.8,2.359941944847605,0.2878120411160059,-0.03483309143686502,0.841176470588235,0.7736389684813754,0.0,-0.7320508075688771,0.0,0.8571428571428571,0.08105560791706047
1.0,0.2,1.0,0.8,1.4891146589259796,2.372980910425844,0.2844702467343977,1.3509803921568624,0.5730659025787965,-0.2886751345948128,-0.6339745962155612,0.0,0.8928571428571429,0.16902293433867457
1.0,0.4,1.0,0.8,0.26995645863570394,1.4919236417033774,2.3454281567489113,1.3411764705882347,-0.3438395415472779,-0.5,-0.36602540378443876,0.0,0.9285714285714286,0.1470311027332716
1.0,0.6,1.0,0.8,-0.9492017416545718,0.25844346549192365,1.474600870827286,0.22352941176470578,-0.6590257879656161,-0.577350269189626,0.0,0.0,0.9642857142857143,0.09362236883443328
1.0,0.8,2.0,0.8,-1.0362844702467344,-0.9750367107195301,0.25544267053701014,-0.6294117647058821,-0.7163323782234957,-0.5000000000000001,0.3660254037844388,0.0,1.0,0.0653471567703428
