tahun,bulan,kuartal,wilayah_enc,harga_lag1,harga_lag2,harga_lag3,harga_rolling3,harga_lag12,sin_bulan,cos_bulan,is_lebaran_month,tren_index,harga_rolling12
-1.0,-0.8,-1.0,-1.0,-0.01308139534883721,0.004310344827586207,0.03669724770642202,-0.008801955990220047,0.2886002886002886,0.49999999999999994,0.3660254037844388,0.0,-1.0,0.17881508078994615
-1.0,-0.6,-1.0,-1.0,-0.01308139534883721,0.004310344827586207,0.03669724770642202,-0.008801955990220047,0.2886002886002886,0.5773502691896257,1.793007356604921e-16,0.0,-0.9642857142857143,0.17881508078994615
-1.0,-0.4,0.0,-1.0,-0.01308139534883721,0.004310344827586207,0.03669724770642202,-0.008801955990220047,0.2886002886002886,0.5,-0.3660254037844383,0.0,-0.9285714285714286,0.17881508078994615
-1.0,-0.2,0.0,-1.0,-0.01308139534883721,0.004310344827586207,0.03669724770642202,-0.008801955990220047,0.2886002886002886,0.2886751345948128,-0.6339745962155612,1.0,-0.8928571428571429,0.17881508078994615
-1.0,0.0,0.0,-1.0,-0.01308139534883721,0.004310344827586207,0.03669724770642202,-0.008801955990220047,1.5873015873015872,0.0,-0.7320508075688771,0.0,-0.8571428571428571,0.17881508078994615
-1.0,0.2,1.0,-1.0,-0.01308139534883721,0.004310344827586207,0.03669724770642202,-0.008801955990220047,0.2886002886002886,-0.2886751345948128,-0.6339745962155612,0.0,-0.8214285714285714,0.0710951526032316
-1.0,0.4,1.0,-1.0,-0.10901162790697674,0.004310344827586207,0.03669724770642202,-0.04107579462102688,0.2886002886002886,-0.5,-0.36602540378443876,0.0,-0.7857142857142857,0.06319569120287254
-1.0,0.6,1.0,-1.0,1.1497093023255813,-0.09051724137931035,0.03669724770642202,0.35012224938875236,0.31457431457431456,-0.577350269189626,0.0,0.0,-0.75,0.15894673847995155
-1.0,0.8,2.0,-1.0,-0.10901162790697674,1.153735632183908,-0.056457304163726185,0.31784841075794557,0.2886002886002886,-0.5000000000000001,0.3660254037844388,0.0,-0.7142857142857143,0.14889287851585822
-1.0,1.0,2.0,-1.0,-0.10901162790697674,-0.09051724137931035,1.1658433309809457,0.31784841075794557,0.2886002886002886,-0.2886751345948132,0.6339745962155612,0.0,-0.6785714285714286,0.14099341711549915
-1.0,1.2,2.0,-1.0,-0.10901162790697674,-0.09051724137931035,-0.056457304163726185,-0.10562347188264055,0.2886002886002886,-2.1211504774498138e-16,0.7320508075688774,0.0,-0.6428571428571429,0.13309395571514007
-0.5,-1.0,-1.0,-1.0,-0.10901162790697674,-0.09051724137931035,-0.056457304163726185,-0.10562347188264055,0.2886002886002886,0.2886751345948128,0.6339745962155615,0.0,-0.6071428571428571,0.12519449431478102
-0.5,-0.8,-1.0,-1.0,-0.10901162790697674,-0.09051724137931035,-0.056457304163726185,-0.10562347188264055,0.2886002886002886,0.49999999999999994,0.3660254037844388,0.0,-0.5714285714285714,0.11729503291442195
-0.5,-0.6,-1.0,-1.0,0.2311046511627907,-0.09051724137931035,-0.056457304163726185,0.008801955990220047,0.2886002886002886,0.5773502691896257,1.793007356604921e-16,0.0,-0.5357142857142857,0.13740275284260867
-0.5,-0.4,0.0,-1.0,0.15843023255813954,0.24568965517241378,-0.056457304163726185,0.09877750611246998,0.2886002886002886,0.5,-0.3660254037844383,0.0,-0.5,0.15152603231597844
-0.5,-0.2,0.0,-1.0,0.32703488372093026,0.17385057471264367,0.273817925194072,0.24547677261613743,0.2886002886002886,0.2886751345948128,-0.6339745962155612,1.0,-0.4642857142857143,0.17953321364452424
-0.5,0.0,0.0,-1.0,0.42296511627906974,0.34051724137931033,0.20324629498941427,0.3100244498777511,0.2886002886002886,0.0,-0.7320508075688771,0.0,-0.42857142857142855,0.21543985637342908
-0.5,0.2,1.0,-1.0,0.42296511627906974,0.4353448275862069,0.3669724770642202,0.3990220048899754,0.19336219336219337,-0.2886751345948128,-0.6339745962155612,0.0,-0.39285714285714285,0.2513464991023339
-0.5,0.4,1.0,-1.0,0.42296511627906974,0.4353448275862069,0.4601270289343684,0.43129584352078226,1.443001443001443,-0.5,-0.36602540378443876,0.0,-0.35714285714285715,0.29515260323159787
-0.5,0.6,1.0,-1.0,0.5218023255813954,0.4353448275862069,0.4601270289343684,0.464547677261613,0.19336219336219337,-0.577350269189626,0.0,0.0,-0.32142857142857145,0.24344703770197487
-0.5,0.8,2.0,-1.0,0.5218023255813954,0.5330459770114943,0.4601270289343684,0.4977995110024454,0.19336219336219337,-0.5000000000000001,0.3660254037844388,0.0,-0.2857142857142857,0.29539198084979
-0.5,1.0,2.0,-1.0,0.42296511627906974,0.5330459770114943,0.5561044460127029,0.4977995110024454,0.19336219336219337,-0.2886751345948132,0.6339745962155612,0.0,-0.25,0.3391980849790539
-0.5,1.2,2.0,-1.0,0.6177325581395349,0.4353448275862069,0.5561044460127029,0.5300733496332523,0.19336219336219337,-2.1211504774498138e-16,0.7320508075688774,0.0,-0.21428571428571427,0.39904248952722976
0.0,-1.0,-1.0,-1.0,0.6177325581395349,0.6278735632183908,0.4601270289343684,0.562347188264059,0.19336219336219337,0.2886751345948128,0.6339745962155615,0.0,-0.17857142857142858,0.45888689407540395
0.0,-0.8,-1.0,-1.0,0.6177325581395349,0.6278735632183908,0.6492589978828511,0.6278728606356967,0.5310245310245311,0.49999999999999994,0.3660254037844388,0.0,-0.14285714285714285,0.5187312986235781
0.0,-0.6,-1.0,-1.0,0.6177325581395349,0.6278735632183908,0.6492589978828511,0.6278728606356967,0.4588744588744589,0.5773502691896257,1.793007356604921e-16,0.0,-0.10714285714285714,0.5505685218432083
0.0,-0.4,0.0,-1.0,0.6409883720930233,0.6278735632183908,0.6492589978828511,0.6356968215158928,0.6262626262626263,0.5,-0.3660254037844383,0.0,-0.07142857142857142,0.5903052064631957
0.0,-0.2,0.0,-1.0,2.457848837209302,0.6508620689655172,0.6492589978828511,1.2547677261613694,0.7215007215007215,0.2886751345948128,-0.6339745962155612,1.0,-0.03571428571428571,0.7657690005984434
0.0,0.0,0.0,-1.0,2.457848837209302,2.44683908045977,0.6718419195483416,1.873838630806846,0.7215007215007215,0.0,-0.7320508075688771,0.0,0.0,0.9333333333333339
0.0,0.2,1.0,-1.0,2.457848837209302,2.44683908045977,2.4361326746647847,2.4850855745721265,0.7215007215007215,-0.2886751345948128,-0.6339745962155612,0.0,0.03571428571428571,1.1008976660682226
0.0,0.4,1.0,-1.0,1.004360465116279,2.44683908045977,2.4361326746647847,1.9960880195599011,0.8196248196248196,-0.5,-0.36602540378443876,0.0,0.07142857142857142,1.148773189706763
0.0,0.6,1.0,-1.0,1.004360465116279,1.0100574712643677,2.4361326746647847,1.5070904645476775,0.8196248196248196,-0.577350269189626,0.0,0.0,0.10714285714285714,1.1885098743267504
0.0,0.8,2.0,-1.0,1.004360465116279,1.0100574712643677,1.0247000705716303,1.018092909535452,0.7215007215007215,-0.5000000000000001,0.3660254037844388,0.0,0.14285714285714285,1.228246558946738
0.0,1.0,2.0,-1.0,0.8851744186046512,1.0100574712643677,1.0247000705716303,0.977995110024449,0.9148629148629148,-0.2886751345948132,0.6339745962155612,0.0,0.17857142857142858,1.2663076002393772
0.0,1.2,2.0,-1.0,0.9084302325581395,0.8922413793103449,1.0247000705716303,0.9457212713936421,0.9148629148629148,-2.1211504774498138e-16,0.7320508075688774,0.0,0.21428571428571427,1.290245362058648
0.5,-1.0,-1.0,-1.0,0.9084302325581395,0.9152298850574713,0.9089625970359916,0.9134474327628354,0.9148629148629148,0.2886751345948128,0.6339745962155615,0.0,0.25,1.3141831238779174
0.5,-0.8,-1.0,-1.0,0.9084302325581395,0.9152298850574713,0.9315455187014821,0.9212713936430316,0.9148629148629148,0.49999999999999994,0.3660254037844388,0.0,0.2857142857142857,1.3381208856971867
0.5,-0.6,-1.0,-1.0,1.1031976744186047,0.9152298850574713,0.9315455187014821,0.9867970660146691,0.937950937950938,0.5773502691896257,1.793007356604921e-16,0.0,0.32142857142857145,1.378096947935368
0.5,-0.4,0.0,-1.0,1.1031976744186047,1.1077586206896552,0.9315455187014821,1.0523227383863083,2.7417027417027415,0.5,-0.3660254037844383,1.0,0.35714285714285715,1.4161579892280072
0.5,-0.2,0.0,-1.0,1.004360465116279,1.1077586206896552,1.1206774876499648,1.084596577017115,2.7417027417027415,0.2886751345948128,-0.6339745962155612,0.0,0.39285714285714285,1.2964691801316572
0.5,0.0,0.0,-1.0,1.004360465116279,1.0100574712643677,1.1206774876499648,1.0513447432762828,2.7417027417027415,0.0,-0.7320508075688771,0.0,0.42857142857142855,1.1767803710353089
0.5,0.2,1.0,-1.0,0.9084302325581395,1.0100574712643677,1.0247000705716303,0.9858190709046452,1.2987012987012987,-0.2886751345948128,-0.6339745962155612,0.0,0.4642857142857143,1.0491921005385996
0.5,0.4,1.0,-1.0,1.9258720930232558,0.9152298850574713,1.0247000705716303,1.2958435207823964,1.2987012987012987,-0.5,-0.36602540378443876,0.0,0.5,1.1250748055056858
0.5,0.6,1.0,-1.0,1.1031976744186047,1.9209770114942528,0.9315455187014821,1.329095354523227,1.2987012987012987,-0.577350269189626,0.0,0.0,0.5357142857142857,1.133213644524237
0.5,0.8,2.0,-1.0,1.1031976744186047,1.1077586206896552,1.9195483415666903,1.3946210268948647,1.1803751803751803,-0.5000000000000001,0.3660254037844388,0.0,0.5714285714285714,1.1413524835427882
0.5,1.0,2.0,-1.0,1.1031976744186047,1.1077586206896552,1.1206774876499648,1.1178484107579458,1.2034632034632036,-0.2886751345948132,0.6339745962155612,0.0,0.6071428571428571,1.1593058049072407
0.5,1.2,2.0,-1.0,1.1031976744186047,1.1077586206896552,1.1206774876499648,1.1178484107579458,1.2034632034632036,-2.1211504774498138e-16,0.7320508075688774,0.0,0.6428571428571429,1.1753441053261526
1.0,-1.0,-1.0,-1.0,1.0537790697674418,1.1077586206896552,1.1206774876499648,1.1012224938875297,1.2034632034632036,0.2886751345948128,0.6339745962155615,0.0,0.6785714285714286,1.1873129862357863
1.0,-0.8,-1.0,-1.0,1.0537790697674418,1.0589080459770115,1.1206774876499648,1.084596577017115,1.3968253968253967,0.49999999999999994,0.3660254037844388,0.0,0.7142857142857143,1.199281867145422
1.0,-0.6,-1.0,-1.0,1.0537790697674418,1.0589080459770115,1.0726887791107975,1.067970660146699,1.3968253968253967,0.5773502691896257,1.793007356604921e-16,0.0,0.75,1.1952124476361454
1.0,-0.4,0.0,-1.0,1.0537790697674418,1.0589080459770115,1.0726887791107975,1.067970660146699,1.2987012987012987,0.5,-0.3660254037844383,1.0,0.7857142857142857,1.1911430281268707
1.0,-0.2,0.0,-1.0,1.1031976744186047,1.0589080459770115,1.0726887791107975,1.084596577017115,1.2987012987012987,0.2886751345948128,-0.6339745962155612,0.0,0.8214285714285714,1.199281867145422
1.0,0.0,0.0,-1.0,0.9084302325581395,1.1077586206896552,1.0726887791107975,1.0356968215158922,1.2034632034632036,0.0,-0.7320508075688771,0.0,0.8571428571428571,1.1913824057450628
1.0,0.2,1.0,-1.0,0.9084302325581395,0.9152298850574713,1.1206774876499648,0.9867970660146691,2.2135642135642137,-0.2886751345948128,-0.6339745962155612,0.0,0.8928571428571429,1.1913824057450628
1.0,0.4,1.0,-1.0,1.1031976744186047,0.9152298850574713,0.9315455187014821,0.9867970660146691,1.3968253968253967,-0.5,-0.36602540378443876,0.0,0.9285714285714286,1.1236385397965296
1.0,0.6,1.0,-1.0,1.1031976744186047,1.1077586206896552,0.9315455187014821,1.0523227383863083,1.3968253968253967,-0.577350269189626,0.0,0.0,0.9642857142857143,1.1236385397965296
1.0,0.8,2.0,-1.0,1.1031976744186047,1.1077586206896552,1.1206774876499648,1.1178484107579458,1.3968253968253967,-0.5000000000000001,0.3660254037844388,0.0,1.0,1.1236385397965296
-1.0,-0.8,-1.0,-0.8,-1.126453488372093,-1.096264367816092,-1.0444601270289344,-1.1325183374083125,-0.8888888888888888,0.49999999999999994,0.3660254037844388,0.0,-1.0,-1.0312387791741473
-1.0,-0.6,-1.0,-0.8,-1.126453488372093,-1.096264367816092,-1.0444601270289344,-1.1325183374083125,-0.8167388167388168,0.5773502691896257,1.793007356604921e-16,0.0,-0.9642857142857143,-1.0252543387193294
-1.0,-0.4,0.0,-0.8,-1.126453488372093,-1.096264367816092,-1.0444601270289344,-1.1325183374083125,-0.8167388167388168,0.5,-0.3660254037844383,0.0,-0.9285714285714286,-1.0252543387193294
-1.0,-0.2,0.0,-0.8,-1.126453488372093,-1.096264367816092,-1.0444601270289344,-1.1325183374083125,-0.8167388167388168,0.2886751345948128,-0.6339745962155612,1.0,-0.8928571428571429,-1.0252543387193294
-1.0,0.0,0.0,-0.8,-1.126453488372093,-1.096264367816092,-1.0444601270289344,-1.1325183374083125,-0.7445887445887446,0.0,-0.7320508075688771,0.0,-0.8571428571428571,-1.0252543387193294
-1.0,0.2,1.0,-0.8,-1.126453488372093,-1.096264367816092,-1.0444601270289344,-1.1325183374083125,-0.8167388167388168,-0.2886751345948128,-0.6339745962155612,0.0,-0.8214285714285714,-1.0312387791741473
-1.0,0.4,1.0,-0.8,-1.126453488372093,-1.096264367816092,-1.0444601270289344,-1.1325183374083125,-0.8167388167388168,-0.5,-0.36602540378443876,0.0,-0.7857142857142857,-1.0312387791741473
-1.0,0.6,1.0,-0.8,-1.126453488372093,-1.096264367816092,-1.0444601270289344,-1.1325183374083125,-0.8167388167388168,-0.577350269189626,0.0,0.0,-0.75,-1.0312387791741473
-1.0,0.8,2.0,-0.8,-1.126453488372093,-1.096264367816092,-1.0444601270289344,-1.1325183374083125,-0.8167388167388168,-0.5000000000000001,0.3660254037844388,0.0,-0.7142857142857143,-1.0312387791741473
-1.0,1.0,2.0,-0.8,-1.126453488372093,-1.096264367816092,-1.0444601270289344,-1.1325183374083125,-0.8167388167388168,-0.2886751345948132,0.6339745962155612,0.0,-0.6785714285714286,-1.0312387791741473
-1.0,1.2,2.0,-0.8,-1.1991279069767442,-1.096264367816092,-1.0444601270289344,-1.1569682151589242,-0.8167388167388168,-2.1211504774498138e-16,0.7320508075688774,0.0,-0.6428571428571429,-1.037223219628965
-0.5,-1.0,-1.0,-0.8,-1.1991279069767442,-1.168103448275862,-1.0444601270289344,-1.1814180929095348,-0.8167388167388168,0.2886751345948128,0.6339745962155615,0.0,-0.6071428571428571,-1.0432076600837819
-0.5,-0.8,-1.0,-0.8,-1.1991279069767442,-1.168103448275862,-1.1150317572335922,-1.2058679706601463,-0.8167388167388168,0.49999999999999994,0.3660254037844388,0.0,-0.5714285714285714,-1.0491921005385996
-0.5,-0.6,-1.0,-0.8,-1.1991279069767442,-1.168103448275862,-1.1150317572335922,-1.2058679706601463,-0.8167388167388168,0.5773502691896257,1.793007356604921e-16,0.0,-0.5357142857142857,-1.0551765409934173
-0.5,-0.4,0.0,-0.8,-1.126453488372093,-1.168103448275862,-1.1150317572335922,-1.1814180929095348,-0.8167388167388168,0.5,-0.3660254037844383,0.0,-0.5,-1.0551765409934173
-0.5,-0.2,0.0,-0.8,-1.2718023255813953,-1.096264367816092,-1.1150317572335922,-1.2058679706601463,-0.8167388167388168,0.2886751345948128,-0.6339745962155612,1.0,-0.4642857142857143,-1.067145421903052
-0.5,0.0,0.0,-0.8,-1.2718023255813953,-1.2399425287356323,-1.0444601270289344,-1.230317848410758,-0.8167388167388168,0.0,-0.7320508075688771,0.0,-0.42857142857142855,-1.0791143028126868
-0.5,0.2,1.0,-0.8,-1.2718023255813953,-1.2399425287356323,-1.18560338743825,-1.27921760391198,-0.8167388167388168,-0.2886751345948128,-0.6339745962155612,0.0,-0.39285714285714285,-1.0910831837223223
-0.5,0.4,1.0,-0.8,-1.379360465116279,-1.2399425287356323,-1.18560338743825,-1.315403422982885,-0.8167388167388168,-0.5,-0.36602540378443876,0.0,-0.35714285714285715,-1.111909036505087
-0.5,0.6,1.0,-0.8,-1.379360465116279,-1.346264367816092,-1.18560338743825,-1.3515892420537892,-0.8167388167388168,-0.577350269189626,0.0,0.0,-0.32142857142857145,-1.132734889287852
-0.5,0.8,2.0,-0.8,-1.379360465116279,-1.346264367816092,-1.2900494001411433,-1.387775061124694,-0.8167388167388168,-0.5000000000000001,0.3660254037844388,0.0,-0.2857142857142857,-1.1535607420706167
-0.5,1.0,2.0,-0.8,-1.379360465116279,-1.346264367816092,-1.2900494001411433,-1.387775061124694,-0.8888888888888888,-0.2886751345948132,0.6339745962155612,0.0,-0.25,-1.1743865948533816
-0.5,1.2,2.0,-0.8,-1.1991279069767442,-1.346264367816092,-1.2900494001411433,-1.3271393643031784,-0.8888888888888888,-2.1211504774498138e-16,0.7320508075688774,0.0,-0.21428571428571427,-1.1743865948533816
0.0,-1.0,-1.0,-0.8,-1.0537790697674418,-1.168103448275862,-1.2900494001411433,-1.2176039119804398,-0.8888888888888888,0.2886751345948128,0.6339745962155615,0.0,-0.17857142857142858,-1.162417713943746
0.0,-0.8,-1.0,-0.8,-1.0537790697674418,-1.0244252873563218,-1.1150317572335922,-1.108068459657701,-0.8888888888888888,0.49999999999999994,0.3660254037844388,0.0,-0.14285714285714285,-1.1504488330341114
0.0,-0.6,-1.0,-0.8,-1.0537790697674418,-1.0244252873563218,-0.9738884968242767,-1.059168704156479,-0.8167388167388168,0.5773502691896257,1.793007356604921e-16,0.0,-0.10714285714285714,-1.1384799521244766
0.0,-0.4,0.0,-0.8,-1.0537790697674418,-1.0244252873563218,-0.9738884968242767,-1.059168704156479,-0.961038961038961,0.5,-0.3660254037844383,0.0,-0.07142857142857142,-1.132495511669659
0.0,-0.2,0.0,-0.8,-1.0537790697674418,-1.0244252873563218,-0.9738884968242767,-1.059168704156479,-0.961038961038961,0.2886751345948128,-0.6339745962155612,1.0,-0.03571428571428571,-1.1145421903052064
0.0,0.0,0.0,-0.8,-1.0537790697674418,-1.0244252873563218,-0.9738884968242767,-1.059168704156479,-0.961038961038961,0.0,-0.7320508075688771,0.0,0.0,-1.0965888689407541
0.0,0.2,1.0,-0.8,-1.0537790697674418,-1.0244252873563218,-0.9738884968242767,-1.059168704156479,-1.0678210678210678,-0.2886751345948128,-0.6339745962155612,0.0,0.03571428571428571,-1.0786355475763016
0.0,0.4,1.0,-0.8,-1.0159883720930232,-1.0244252873563218,-0.9738884968242767,-1.0464547677261609,-1.0678210678210678,-0.5,-0.36602540378443876,0.0,0.07142857142857142,-1.0487133453022146
0.0,0.6,1.0,-0.8,-0.9433139534883721,-0.9870689655172413,-0.9738884968242767,-1.009290953545232,-1.0678210678210678,-0.577350269189626,0.0,0.0,0.10714285714285714,-1.0128067025733096
0.0,0.8,2.0,-0.8,-1.0159883720930232,-0.9152298850574713,-0.9371912491178547,-0.9965770171149139,-1.0678210678210678,-0.5000000000000001,0.3660254037844388,0.0,0.14285714285714285,-0.9828845002992217
0.0,1.0,2.0,-0.8,-1.0159883720930232,-0.9870689655172413,-0.8666196189131969,-0.9965770171149139,-0.8888888888888888,-0.2886751345948132,0.6339745962155612,0.0,0.17857142857142858,-0.9529622980251347
0.0,1.2,2.0,-0.8,-0.9811046511627907,-0.9870689655172413,-0.9371912491178547,-1.009290953545232,-0.7445887445887446,-2.1211504774498138e-16,0.7320508075688774,0.0,0.21428571428571427,-0.9350089766606823
0.5,-1.0,-1.0,-0.8,-0.9084302325581395,-0.9525862068965517,-0.9371912491178547,-0.9731051344743271,-0.7445887445887446,0.2886751345948128,0.6339745962155615,0.0,0.25,-0.9230400957510475
0.5,-0.8,-1.0,-0.8,-0.8648255813953488,-0.8807471264367817,-0.903316866619619,-0.9222493887530563,-0.7445887445887446,0.49999999999999994,0.3660254037844388,0.0,0.2857142857142857,-0.9074805505685216
0.5,-0.6,-1.0,-0.8,-0.5450581395348837,-0.8376436781609196,-0.8327452364149612,-0.7755501222493888,-0.7445887445887446,0.5773502691896257,1.793007356604921e-16,0.0,0.32142857142857145,-0.8655894673847998
0.5,-0.4,0.0,-0.8,-0.5072674418604651,-0.521551724137931,-0.7904022582921666,-0.6405867970660147,-0.7445887445887446,0.5,-0.3660254037844383,1.0,0.35714285714285715,-0.8205864751645718
0.5,-0.2,0.0,-0.8,-0.5072674418604651,-0.48419540229885055,-0.4798870853916726,-0.5202933985330075,-0.7445887445887446,0.2886751345948128,-0.6339745962155612,0.0,0.39285714285714285,-0.7755834829443446
0.5,0.0,0.0,-0.8,-0.5072674418604651,-0.48419540229885055,-0.44318983768525055,-0.5075794621026893,-0.7445887445887446,0.0,-0.7320508075688771,0.0,0.42857142857142855,-0.7305804907241176
0.5,0.2,1.0,-0.8,-0.43459302325581395,-0.48419540229885055,-0.44318983768525055,-0.4831295843520778,-0.7070707070707071,-0.2886751345948128,-0.6339745962155612,0.0,0.4642857142857143,-0.6795930580490727
0.5,0.4,1.0,-0.8,-0.43459302325581395,-0.41235632183908044,-0.44318983768525055,-0.4586797066014672,-0.6349206349206349,-0.5,-0.36602540378443876,0.0,0.5,-0.6317175344105324
0.5,0.6,1.0,-0.8,-0.32703488372093026,-0.41235632183908044,-0.3726182074805928,-0.3980440097799507,-0.7070707070707071,-0.577350269189626,0.0,0.0,0.5357142857142857,-0.5809694793536805
0.5,0.8,2.0,-0.8,-0.10901162790697674,-0.30603448275862066,-0.3726182074805928,-0.28850855745721293,-0.7070707070707071,-0.5000000000000001,0.3660254037844388,0.0,0.5714285714285714,-0.5062836624775583
0.5,1.0,2.0,-0.8,-0.21656976744186046,-0.09051724137931035,-0.2681721947776994,-0.2151589242053792,-0.6724386724386724,-0.2886751345948132,0.6339745962155612,0.0,0.6071428571428571,-0.4404548174745664
0.5,1.2,2.0,-0.8,-0.43459302325581395,-0.1968390804597701,-0.056457304163726185,-0.25134474327628326,-0.6002886002886003,-2.1211504774498138e-16,0.7320508075688774,0.0,0.6428571428571429,-0.3954518252543384
1.0,-1.0,-1.0,-0.8,-0.1816860465116279,-0.41235632183908044,-0.16090331686661963,-0.2757946210268948,-0.556998556998557,0.2886751345948128,0.6339745962155615,0.0,0.6785714285714286,-0.33560742070616423
1.0,-0.8,-1.0,-0.8,-0.2543604651162791,-0.16235632183908047,-0.3726182074805928,-0.28850855745721293,-0.23953823953823955,0.49999999999999994,0.3660254037844388,0.0,0.7142857142857143,-0.2853381208856975
1.0,-0.6,-1.0,-0.8,-0.036337209302325583,-0.23419540229885058,-0.12702893436838392,-0.1545232273838636,-0.20202020202020202,0.5773502691896257,1.793007356604921e-16,0.0,0.75,-0.24344703770197487
1.0,-0.4,0.0,-0.8,-0.036337209302325583,-0.01867816091954023,-0.19760056457304165,-0.10562347188264055,-0.20202020202020202,0.5,-0.3660254037844383,1.0,0.7857142857142857,-0.20466786355475763
1.0,-0.2,0.0,-0.8,-0.8793604651162791,-0.01867816091954023,0.014114326040931546,-0.31589242053789696,-0.20202020202020202,0.2886751345948128,-0.6339745962155612,0.0,0.8214285714285714,-0.23530819868342281
1.0,0.0,0.0,-0.8,-0.036337209302325583,-0.8520114942528736,0.014114326040931546,-0.31589242053789696,-0.12987012987012986,0.0,-0.7320508075688771,0.0,0.8571428571428571,-0.19652902453620558
1.0,0.2,1.0,-0.8,-0.10901162790697674,-0.01867816091954023,-0.8045165843330981,-0.3403422982885085,-0.12987012987012986,-0.2886751345948128,-0.6339745962155612,0.0,0.8928571428571429,-0.16971873129862386
1.0,0.4,1.0,-0.8,-0.10901162790697674,-0.09051724137931035,0.014114326040931546,-0.08117359413202989,-0.023088023088023088,-0.5,-0.36602540378443876,0.0,0.9285714285714286,-0.14290843806104128
1.0,0.6,1.0,-0.8,-0.10901162790697674,-0.09051724137931035,-0.056457304163726185,-0.10562347188264055,0.19336219336219337,-0.577350269189626,0.0,0.0,0.9642857142857143,-0.12495511669658887
1.0,0.8,2.0,-0.8,-0.10901162790697674,-0.09051724137931035,-0.056457304163726185,-0.10562347188264055,0.08658008658008658,-0.5000000000000001,0.3660254037844388,0.0,1.0,-0.12495511669658887
-1.0,-0.8,-1.0,-0.6,0.036337209302325583,0.05316091954022988,0.08468595624558928,0.04107579462102688,0.0,0.49999999999999994,0.3660254037844388,0.0,-1.0,0.06941950927588326
-1.0,-0.6,-1.0,-0.6,-0.059593023255813955,0.05316091954022988,0.08468595624558928,0.008801955990220047,0.0,0.5773502691896257,1.793007356604921e-16,0.0,-0.9642857142857143,0.08952722920406998
-1.0,-0.4,0.0,-0.6,-0.059593023255813955,-0.041666666666666664,0.08468595624558928,-0.02347188264058679,0.0,0.5,-0.3660254037844383,0.0,-0.9285714285714286,0.10963494913225669
-1.0,-0.2,0.0,-0.6,-0.059593023255813955,-0.041666666666666664,-0.008468595624558928,-0.05574572127139363,0.0,0.2886751345948128,-0.6339745962155612,1.0,-0.8928571428571429,0.1297426690604434
-1.0,0.0,0.0,-0.6,-0.059593023255813955,-0.041666666666666664,-0.008468595624558928,-0.05574572127139363,0.8196248196248196,0.0,-0.7320508075688771,0.0,-0.8571428571428571,0.14985038898863012
-1.0,0.2,1.0,-0.6,-0.059593023255813955,-0.041666666666666664,-0.008468595624558928,-0.05574572127139363,0.4329004329004329,-0.2886751345948128,-0.6339745962155612,0.0,-0.8214285714285714,0.10197486535008976
-1.0,0.4,1.0,-0.6,-0.059593023255813955,-0.041666666666666664,-0.008468595624558928,-0.05574572127139363,0.4329004329004329,-0.5,-0.36602540378443876,0.0,-0.7857142857142857,0.08617594254937164
-1.0,0.6,1.0,-0.6,-0.059593023255813955,-0.041666666666666664,-0.008468595624558928,-0.05574572127139363,0.4329004329004329,-0.577350269189626,0.0,0.0,-0.75,0.0703770197486535
-1.0,0.8,2.0,-0.6,-0.059593023255813955,-0.041666666666666664,-0.008468595624558928,-0.05574572127139363,0.33766233766233766,-0.5000000000000001,0.3660254037844388,0.0,-0.7142857142857143,0.05457809694793537
-1.0,1.0,2.0,-0.6,-0.059593023255813955,-0.041666666666666664,-0.008468595624558928,-0.05574572127139363,0.33766233766233766,-0.2886751345948132,0.6339745962155612,0.0,-0.6785714285714286,0.0466786355475763
-1.0,1.2,2.0,-0.6,-0.059593023255813955,-0.041666666666666664,-0.008468595624558928,-0.05574572127139363,0.33766233766233766,-2.1211504774498138e-16,0.7320508075688774,0.0,-0.6428571428571429,0.03877917414721724
-0.5,-1.0,-1.0,-0.6,-0.059593023255813955,-0.041666666666666664,-0.008468595624558928,-0.05574572127139363,0.33766233766233766,0.2886751345948128,0.6339745962155615,0.0,-0.6071428571428571,0.03087971274685817
-0.5,-0.8,-1.0,-0.6,-0.059593023255813955,-0.041666666666666664,-0.008468595624558928,-0.05574572127139363,0.24242424242424243,0.49999999999999994,0.3660254037844388,0.0,-0.5714285714285714,0.022980251346499104
-0.5,-0.6,-1.0,-0.6,0.13226744186046513,-0.041666666666666664,-0.008468595624558928,0.008801955990220047,0.24242424242424243,0.5773502691896257,1.793007356604921e-16,0.0,-0.5357142857142857,0.03877917414721724
-0.5,-0.4,0.0,-0.6,0.036337209302325583,0.14798850574712644,-0.008468595624558928,0.04107579462102688,0.24242424242424243,0.5,-0.3660254037844383,0.0,-0.5,0.0466786355475763
-0.5,-0.2,0.0,-0.6,-0.059593023255813955,0.05316091954022988,0.17784050811573748,0.04107579462102688,0.24242424242424243,0.2886751345948128,-0.6339745962155612,1.0,-0.4642857142857143,0.0466786355475763
-0.5,0.0,0.0,-0.6,0.7136627906976745,-0.041666666666666664,0.08468595624558928,0.23667481662591738,0.24242424242424243,0.0,-0.7320508075688771,0.0,-0.42857142857142855,0.11035308198683479
-0.5,0.2,1.0,-0.6,0.7136627906976745,0.7227011494252874,-0.008468595624558928,0.464547677261613,0.24242424242424243,-0.2886751345948128,-0.6339745962155612,0.0,-0.39285714285714285,0.1740275284260916
-0.5,0.4,1.0,-0.6,0.5218023255813954,0.7227011494252874,0.7424135497529993,0.6601466992665035,0.24242424242424243,-0.5,-0.36602540378443876,0.0,-0.35714285714285715,0.22190305206463196
-0.5,0.6,1.0,-0.6,0.5218023255813954,0.5330459770114943,0.7424135497529993,0.5955990220048898,0.24242424242424243,-0.577350269189626,0.0,0.0,-0.32142857142857145,0.2697785757031723
-0.5,0.8,2.0,-0.6,0.5218023255813954,0.5330459770114943,0.5561044460127029,0.5310513447432761,0.24242424242424243,-0.5000000000000001,0.3660254037844388,0.0,-0.2857142857142857,0.317654099341711
-0.5,1.0,2.0,-0.6,0.5218023255813954,0.5330459770114943,0.5561044460127029,0.5310513447432761,0.24242424242424243,-0.2886751345948132,0.6339745962155612,0.0,-0.25,0.3655296229802513
-0.5,1.2,2.0,-0.6,0.5218023255813954,0.5330459770114943,0.5561044460127029,0.5310513447432761,0.24242424242424243,-2.1211504774498138e-16,0.7320508075688774,0.0,-0.21428571428571427,0.4134051466187917
0.0,-1.0,-1.0,-0.6,-0.059593023255813955,0.5330459770114943,0.5561044460127029,0.33545232273838566,0.24242424242424243,0.2886751345948128,0.6339745962155615,0.0,-0.17857142857142858,0.4134051466187917
0.0,-0.8,-1.0,-0.6,-0.059593023255813955,-0.041666666666666664,0.5561044460127029,0.13985330073349686,0.4329004329004329,0.49999999999999994,0.3660254037844388,0.0,-0.14285714285714285,0.4134051466187917
0.0,-0.6,-1.0,-0.6,-0.059593023255813955,-0.041666666666666664,-0.008468595624558928,-0.05574572127139363,0.33766233766233766,0.5773502691896257,1.793007356604921e-16,0.0,-0.10714285714285714,0.3976062238180736
0.0,-0.4,0.0,-0.6,0.6177325581395349,-0.041666666666666664,-0.008468595624558928,0.1721271393643037,0.24242424242424243,0.5,-0.3660254037844383,0.0,-0.07142857142857142,0.44548174745661223
0.0,-0.2,0.0,-0.6,0.6671511627906976,0.6278735632183908,-0.008468595624558928,0.4166259168704155,1.0101010101010102,0.2886751345948128,-0.6339745962155612,1.0,-0.03571428571428571,0.5053261520047881
0.0,0.0,0.0,-0.6,0.6671511627906976,0.6767241379310345,0.6492589978828511,0.6611246943765273,1.0101010101010102,0.0,-0.7320508075688771,0.0,0.0,0.5014961101137038
0.0,0.2,1.0,-0.6,0.6671511627906976,0.6767241379310345,0.6972477064220184,0.6777506112469436,0.8196248196248196,-0.2886751345948128,-0.6339745962155612,0.0,0.03571428571428571,0.49766606822262116
0.0,0.4,1.0,-0.6,1.0537790697674418,0.6767241379310345,0.6972477064220184,0.8078239608801948,0.8196248196248196,-0.5,-0.36602540378443876,0.0,0.07142857142857142,0.541472172351885
0.0,0.6,1.0,-0.6,1.004360465116279,1.0589080459770115,0.6972477064220184,0.9212713936430316,0.8196248196248196,-0.577350269189626,0.0,0.0,0.10714285714285714,0.5812088569718725
0.0,0.8,2.0,-0.6,1.004360465116279,1.0100574712643677,1.0726887791107975,1.0347188264058682,0.8196248196248196,-0.5000000000000001,0.3660254037844388,0.0,0.14285714285714285,0.6209455415918618
0.0,1.0,2.0,-0.6,0.8125,1.0100574712643677,1.0247000705716303,0.9535452322738384,0.8196248196248196,-0.2886751345948132,0.6339745962155612,0.0,0.17857142857142858,0.6448833034111311
0.0,1.2,2.0,-0.6,0.8125,0.8204022988505747,1.0247000705716303,0.8889975550122247,0.24242424242424243,-2.1211504774498138e-16,0.7320508075688774,0.0,0.21428571428571427,0.6688210652304004
0.5,-1.0,-1.0,-0.6,0.8125,0.8204022988505747,0.8383909668313339,0.824449877750611,0.24242424242424243,0.2886751345948128,0.6339745962155615,0.0,0.25,0.74063435068821
0.5,-0.8,-1.0,-0.6,0.8125,0.8204022988505747,0.8383909668313339,0.824449877750611,0.24242424242424243,0.49999999999999994,0.3660254037844388,0.0,0.2857142857142857,0.8124476361460198
0.5,-0.6,-1.0,-0.6,0.7136627906976745,0.8204022988505747,0.8383909668313339,0.7911980440097803,0.9148629148629148,0.5773502691896257,1.793007356604921e-16,0.0,0.32142857142857145,0.8761220825852782
0.5,-0.4,0.0,-0.6,0.7136627906976745,0.7227011494252874,0.8383909668313339,0.7579462102689478,0.963924963924964,0.5,-0.3660254037844383,1.0,0.35714285714285715,0.8840215439856374
0.5,-0.2,0.0,-0.6,0.7136627906976745,0.7227011494252874,0.7424135497529993,0.7246943765281172,0.963924963924964,0.2886751345948128,-0.6339745962155612,0.0,0.39285714285714285,0.88785158587672
0.5,0.0,0.0,-0.6,0.7136627906976745,0.7227011494252874,0.7424135497529993,0.7246943765281172,0.963924963924964,0.0,-0.7320508075688771,0.0,0.42857142857142855,0.8916816277678042
0.5,0.2,1.0,-0.6,0.7136627906976745,0.7227011494252874,0.7424135497529993,0.7246943765281172,1.3477633477633477,-0.2886751345948128,-0.6339745962155612,0.0,0.4642857142857143,0.8955116696588868
0.5,0.4,1.0,-0.6,0.7136627906976745,0.7227011494252874,0.7424135497529993,0.7246943765281172,1.2987012987012987,-0.5,-0.36602540378443876,0.0,0.5,0.8675044883303411
0.5,0.6,1.0,-0.6,0.7136627906976745,0.7227011494252874,0.7424135497529993,0.7246943765281172,1.2987012987012987,-0.577350269189626,0.0,0.0,0.5357142857142857,0.8435667265110718
0.5,0.8,2.0,-0.6,0.7136627906976745,0.7227011494252874,0.7424135497529993,0.7246943765281172,1.1082251082251082,-0.5000000000000001,0.3660254037844388,0.0,0.5714285714285714,0.8196289646918008
0.5,1.0,2.0,-0.6,0.7136627906976745,0.7227011494252874,0.7424135497529993,0.7246943765281172,1.1082251082251082,-0.2886751345948132,0.6339745962155612,0.0,0.6071428571428571,0.8114901256732495
0.5,1.2,2.0,-0.6,0.7136627906976745,0.7227011494252874,0.7424135497529993,0.7246943765281172,1.1082251082251082,-2.1211504774498138e-16,0.7320508075688774,0.0,0.6428571428571429,0.8033512866546983
1.0,-1.0,-1.0,-0.6,0.7136627906976745,0.7227011494252874,0.7424135497529993,0.7246943765281172,1.1082251082251082,0.2886751345948128,0.6339745962155615,0.0,0.6785714285714286,0.7952124476361455
1.0,-0.8,-1.0,-0.6,0.7136627906976745,0.7227011494252874,0.7424135497529993,0.7246943765281172,1.0101010101010102,0.49999999999999994,0.3660254037844388,0.0,0.7142857142857143,0.7870736086175942
1.0,-0.6,-1.0,-0.6,0.7136627906976745,0.7227011494252874,0.7424135497529993,0.7246943765281172,1.0101010101010102,0.5773502691896257,1.793007356604921e-16,0.0,0.75,0.7870736086175942
1.0,-0.4,0.0,-0.6,0.7136627906976745,0.7227011494252874,0.7424135497529993,0.7246943765281172,1.0101010101010102,0.5,-0.3660254037844383,1.0,0.7857142857142857,0.7870736086175942
1.0,-0.2,0.0,-0.6,0.8590116279069767,0.7227011494252874,0.7424135497529993,0.7735941320293402,1.0101010101010102,0.2886751345948128,-0.6339745962155612,0.0,0.8214285714285714,0.7990424895272298
1.0,0.0,0.0,-0.6,0.6177325581395349,0.8663793103448276,0.7424135497529993,0.7413202933985333,1.0101010101010102,0.0,-0.7320508075688771,0.0,0.8571428571428571,0.7911430281268707
1.0,0.2,1.0,-0.6,0.6177325581395349,0.6278735632183908,0.8835568101623148,0.7090464547677265,1.0101010101010102,-0.2886751345948128,-0.6339745962155612,0.0,0.8928571428571429,0.7832435667265116
1.0,0.4,1.0,-0.6,0.6177325581395349,0.6278735632183908,0.6492589978828511,0.6278728606356967,1.0101010101010102,-0.5,-0.36602540378443876,0.0,0.9285714285714286,0.7753441053261526
1.0,0.6,1.0,-0.6,0.6177325581395349,0.6278735632183908,0.6492589978828511,0.6278728606356967,1.0101010101010102,-0.577350269189626,0.0,0.0,0.9642857142857143,0.7674446439257935
1.0,0.8,2.0,-0.6,0.6177325581395349,0.6278735632183908,0.6492589978828511,0.6278728606356967,1.0101010101010102,-0.5000000000000001,0.3660254037844388,0.0,1.0,0.7595451825254345
-1.0,-0.8,-1.0,-0.4,-0.7630813953488372,-0.7370689655172413,-0.6916019760056458,-0.765770171149144,-0.455988455988456,0.49999999999999994,0.3660254037844388,0.0,-1.0,-0.6271693596648716
-1.0,-0.6,-1.0,-0.4,-0.7630813953488372,-0.7370689655172413,-0.6916019760056458,-0.765770171149144,-0.455988455988456,0.5773502691896257,1.793007356604921e-16,0.0,-0.9642857142857143,-0.6271693596648716
-1.0,-0.4,0.0,-0.4,-0.7630813953488372,-0.7370689655172413,-0.6916019760056458,-0.765770171149144,-0.455988455988456,0.5,-0.3660254037844383,0.0,-0.9285714285714286,-0.6271693596648716
-1.0,-0.2,0.0,-0.4,-0.7630813953488372,-0.7370689655172413,-0.6916019760056458,-0.765770171149144,-0.455988455988456,0.2886751345948128,-0.6339745962155612,1.0,-0.8928571428571429,-0.6271693596648716
-1.0,0.0,0.0,-0.4,-0.7630813953488372,-0.7370689655172413,-0.6916019760056458,-0.765770171149144,0.08658008658008658,0.0,-0.7320508075688771,0.0,-0.8571428571428571,-0.6271693596648716
-1.0,0.2,1.0,-0.4,-0.7630813953488372,-0.7370689655172413,-0.6916019760056458,-0.765770171149144,-0.455988455988456,-0.2886751345948128,-0.6339745962155612,0.0,-0.8214285714285714,-0.6721723518850987
-1.0,0.4,1.0,-0.4,-0.8357558139534884,-0.7370689655172413,-0.6916019760056458,-0.7902200488997556,-0.455988455988456,-0.5,-0.36602540378443876,0.0,-0.7857142857142857,-0.6781567923399165
-1.0,0.6,1.0,-0.4,-0.47238372093023256,-0.8089080459770115,-0.6916019760056458,-0.6924205378973103,-0.455988455988456,-0.577350269189626,0.0,0.0,-0.75,-0.6542190305206463
-1.0,0.8,2.0,-0.4,-0.8357558139534884,-0.44971264367816094,-0.7621736062103035,-0.7168704156479219,-0.455988455988456,-0.5000000000000001,0.3660254037844388,0.0,-0.7142857142857143,-0.6602034709754641
-1.0,1.0,2.0,-0.4,-0.8357558139534884,-0.8089080459770115,-0.40931545518701484,-0.7168704156479219,-0.455988455988456,-0.2886751345948132,0.6339745962155612,0.0,-0.6785714285714286,-0.666187911430281
-1.0,1.2,2.0,-0.4,-0.8357558139534884,-0.8089080459770115,-0.7621736062103035,-0.8391198044009778,-0.455988455988456,-2.1211504774498138e-16,0.7320508075688774,0.0,-0.6428571428571429,-0.6721723518850987
-0.5,-1.0,-1.0,-0.4,-0.8357558139534884,-0.8089080459770115,-0.7621736062103035,-0.8391198044009778,-0.455988455988456,0.2886751345948128,0.6339745962155615,0.0,-0.6071428571428571,-0.6781567923399165
-0.5,-0.8,-1.0,-0.4,-0.8357558139534884,-0.8089080459770115,-0.7621736062103035,-0.8391198044009778,-0.455988455988456,0.49999999999999994,0.3660254037844388,0.0,-0.5714285714285714,-0.6841412327947334
-0.5,-0.6,-1.0,-0.4,-0.8357558139534884,-0.8089080459770115,-0.7621736062103035,-0.8391198044009778,-0.455988455988456,0.5773502691896257,1.793007356604921e-16,0.0,-0.5357142857142857,-0.6901256732495512
-0.5,-0.4,0.0,-0.4,-0.8357558139534884,-0.8089080459770115,-0.7621736062103035,-0.8391198044009778,-0.455988455988456,0.5,-0.3660254037844383,0.0,-0.5,-0.6961101137043689
-0.5,-0.2,0.0,-0.4,-0.8357558139534884,-0.8089080459770115,-0.7621736062103035,-0.8391198044009778,-0.455988455988456,0.2886751345948128,-0.6339745962155612,1.0,-0.4642857142857143,-0.7020945541591859
-0.5,0.0,0.0,-0.4,-0.8357558139534884,-0.8089080459770115,-0.7621736062103035,-0.8391198044009778,-0.455988455988456,0.0,-0.7320508075688771,0.0,-0.42857142857142855,-0.7080789946140036
-0.5,0.2,1.0,-0.4,-0.8357558139534884,-0.8089080459770115,-0.7621736062103035,-0.8391198044009778,-0.5281385281385281,-0.2886751345948128,-0.6339745962155612,0.0,-0.39285714285714285,-0.7140634350688213
-0.5,0.4,1.0,-0.4,-0.43459302325581395,-0.8089080459770115,-0.7621736062103035,-0.7041564792176037,-0.1673881673881674,-0.5,-0.36602540378443876,0.0,-0.35714285714285715,-0.6810293237582289
-0.5,0.6,1.0,-0.4,-0.43459302325581395,-0.41235632183908044,-0.7621736062103035,-0.5691931540342297,-0.5281385281385281,-0.577350269189626,0.0,0.0,-0.32142857142857145,-0.6779174147217235
-0.5,0.8,2.0,-0.4,-0.43459302325581395,-0.41235632183908044,-0.3726182074805928,-0.43422982885085565,-0.5281385281385281,-0.5000000000000001,0.3660254037844388,0.0,-0.2857142857142857,-0.6448833034111311
-0.5,1.0,2.0,-0.4,-0.43459302325581395,-0.41235632183908044,-0.3726182074805928,-0.43422982885085565,-0.5281385281385281,-0.2886751345948132,0.6339745962155612,0.0,-0.25,-0.6118491921005386
-0.5,1.2,2.0,-0.4,-0.43459302325581395,-0.41235632183908044,-0.3726182074805928,-0.43422982885085565,-0.5281385281385281,-2.1211504774498138e-16,0.7320508075688774,0.0,-0.21428571428571427,-0.5788150807899461
0.0,-1.0,-1.0,-0.4,-0.43459302325581395,-0.41235632183908044,-0.3726182074805928,-0.43422982885085565,-0.5281385281385281,0.2886751345948128,0.6339745962155615,0.0,-0.17857142857142858,-0.5457809694793537
0.0,-0.8,-1.0,-0.4,-0.43459302325581395,-0.41235632183908044,-0.3726182074805928,-0.43422982885085565,-0.5281385281385281,0.49999999999999994,0.3660254037844388,0.0,-0.14285714285714285,-0.5127468581687612
0.0,-0.6,-1.0,-0.4,-0.43459302325581395,-0.41235632183908044,-0.3726182074805928,-0.43422982885085565,-0.5281385281385281,0.5773502691896257,1.793007356604921e-16,0.0,-0.10714285714285714,-0.4797127468581688
0.0,-0.4,0.0,-0.4,-0.28924418604651164,-0.41235632183908044,-0.3726182074805928,-0.38533007334963343,-0.5281385281385281,0.5,-0.3660254037844383,0.0,-0.07142857142857142,-0.43470975463794165
0.0,-0.2,0.0,-0.4,0.3997093023255814,-0.2686781609195402,-0.3726182074805928,-0.10464547677261668,-0.5281385281385281,0.2886751345948128,-0.6339745962155612,1.0,-0.03571428571428571,-0.332974266906044
0.0,0.0,0.0,-0.4,0.3997093023255814,0.41235632183908044,-0.23147494707127736,0.17603911980440093,-0.5281385281385281,0.0,-0.7320508075688771,0.0,0.0,-0.23123877917414723
0.0,0.2,1.0,-0.4,0.3997093023255814,0.41235632183908044,0.43754410726887794,0.40782396088019546,-0.12987012987012986,-0.2886751345948128,-0.6339745962155612,0.0,0.03571428571428571,-0.12950329144225042
0.0,0.4,1.0,-0.4,0.2543604651162791,0.41235632183908044,0.43754410726887794,0.35892420537897246,-0.12987012987012986,-0.5,-0.36602540378443876,0.0,0.07142857142857142,-0.07277079593057993
0.0,0.6,1.0,-0.4,0.10901162790697674,0.2686781609195402,0.43754410726887794,0.261124694376528,-0.12987012987012986,-0.577350269189626,0.0,0.0,0.10714285714285714,-0.02800718132854578
0.0,0.8,2.0,-0.4,0.10901162790697674,0.125,0.2964008468595625,0.16332518337408367,-0.12987012987012986,-0.5000000000000001,0.3660254037844388,0.0,0.14285714285714285,0.016756433273488372
0.0,1.0,2.0,-0.4,0.10901162790697674,0.125,0.155257586450247,0.1144254278728606,-0.12987012987012986,-0.2886751345948132,0.6339745962155612,0.0,0.17857142857142858,0.061520047875524196
0.0,1.2,2.0,-0.4,0.10901162790697674,0.125,0.155257586450247,0.1144254278728606,-0.12987012987012986,-2.1211504774498138e-16,0.7320508075688774,0.0,0.21428571428571427,0.10628366247755835
0.5,-1.0,-1.0,-0.4,0.10901162790697674,0.125,0.155257586450247,0.1144254278728606,-0.12987012987012986,0.2886751345948128,0.6339745962155615,0.0,0.25,0.1510472770795925
0.5,-0.8,-1.0,-0.4,0.10901162790697674,0.125,0.155257586450247,0.1144254278728606,-0.12987012987012986,0.49999999999999994,0.3660254037844388,0.0,0.2857142857142857,0.19581089168162832
0.5,-0.6,-1.0,-0.4,0.10901162790697674,0.125,0.155257586450247,0.1144254278728606,0.01443001443001443,0.5773502691896257,1.793007356604921e-16,0.0,0.32142857142857145,0.24057450628366248
0.5,-0.4,0.0,-0.4,0.10901162790697674,0.125,0.155257586450247,0.1144254278728606,0.6984126984126984,0.5,-0.3660254037844383,1.0,0.35714285714285715,0.2733692399760628
0.5,-0.2,0.0,-0.4,0.14680232558139536,0.125,0.155257586450247,0.12713936430317788,0.6984126984126984,0.2886751345948128,-0.6339745962155612,0.0,0.39285714285714285,0.252543387193298
0.5,0.0,0.0,-0.4,0.14680232558139536,0.16235632183908047,0.155257586450247,0.13985330073349686,0.6984126984126984,0.0,-0.7320508075688771,0.0,0.42857142857142855,0.23171753441053317
0.5,0.2,1.0,-0.4,0.14680232558139536,0.16235632183908047,0.19195483415666903,0.15256723716381415,0.5541125541125541,-0.2886751345948128,-0.6339745962155612,0.0,0.4642857142857143,0.21089168162776836
0.5,0.4,1.0,-0.4,0.14680232558139536,0.16235632183908047,0.19195483415666903,0.15256723716381415,0.4098124098124098,-0.5,-0.36602540378443876,0.0,0.5,0.2020347097546374
0.5,0.6,1.0,-0.4,0.14680232558139536,0.16235632183908047,0.19195483415666903,0.15256723716381415,0.4098124098124098,-0.577350269189626,0.0,0.0,0.5357142857142857,0.2051466187911436
0.5,0.8,2.0,-0.4,0.14680232558139536,0.16235632183908047,0.19195483415666903,0.15256723716381415,0.4098124098124098,-0.5000000000000001,0.3660254037844388,0.0,0.5714285714285714,0.20825852782764812
0.5,1.0,2.0,-0.4,0.14680232558139536,0.16235632183908047,0.19195483415666903,0.15256723716381415,0.4098124098124098,-0.2886751345948132,0.6339745962155612,0.0,0.6071428571428571,0.21137043686415263
0.5,1.2,2.0,-0.4,0.14680232558139536,0.16235632183908047,0.19195483415666903,0.15256723716381415,0.4098124098124098,-2.1211504774498138e-16,0.7320508075688774,0.0,0.6428571428571429,0.21448234590065884
1.0,-1.0,-1.0,-0.4,0.14680232558139536,0.16235632183908047,0.19195483415666903,0.15256723716381415,0.4098124098124098,0.2886751345948128,0.6339745962155615,0.0,0.6785714285714286,0.21759425493716336
1.0,-0.8,-1.0,-0.4,0.14680232558139536,0.16235632183908047,0.19195483415666903,0.15256723716381415,0.4098124098124098,0.49999999999999994,0.3660254037844388,0.0,0.7142857142857143,0.2207061639736679
1.0,-0.6,-1.0,-0.4,0.14680232558139536,0.16235632183908047,0.19195483415666903,0.15256723716381415,0.4098124098124098,0.5773502691896257,1.793007356604921e-16,0.0,0.75,0.22381807301017412
1.0,-0.4,0.0,-0.4,0.14680232558139536,0.16235632183908047,0.19195483415666903,0.15256723716381415,0.44733044733044736,0.5,-0.3660254037844383,1.0,0.7857142857142857,0.22692998204667864
1.0,-0.2,0.0,-0.4,0.14680232558139536,0.16235632183908047,0.19195483415666903,0.15256723716381415,0.44733044733044736,0.2886751345948128,-0.6339745962155612,0.0,0.8214285714285714,0.22692998204667864
1.0,0.0,0.0,-0.4,0.14680232558139536,0.16235632183908047,0.19195483415666903,0.15256723716381415,0.44733044733044736,0.0,-0.7320508075688771,0.0,0.8571428571428571,0.22692998204667864
1.0,0.2,1.0,-0.4,0.14680232558139536,0.16235632183908047,0.19195483415666903,0.15256723716381415,0.44733044733044736,-0.2886751345948128,-0.6339745962155612,0.0,0.8928571428571429,0.22692998204667864
1.0,0.4,1.0,-0.4,0.14680232558139536,0.16235632183908047,0.19195483415666903,0.15256723716381415,0.44733044733044736,-0.5,-0.36602540378443876,0.0,0.9285714285714286,0.22692998204667864
1.0,0.6,1.0,-0.4,0.14680232558139536,0.16235632183908047,0.19195483415666903,0.15256723716381415,0.44733044733044736,-0.577350269189626,0.0,0.0,0.9642857142857143,0.22692998204667864
1.0,0.8,2.0,-0.4,0.14680232558139536,0.16235632183908047,0.19195483415666903,0.15256723716381415,0.44733044733044736,-0.5000000000000001,0.3660254037844388,0.0,1.0,0.22692998204667864
-1.0,-0.8,-1.0,-0.2,-0.4171511627906977,-0.39511494252873564,-0.35568101623147497,-0.4166259168704155,-0.09523809523809523,0.49999999999999994,0.3660254037844388,0.0,-1.0,-0.25110712148414094
-1.0,-0.6,-1.0,-0.2,-0.4171511627906977,-0.39511494252873564,-0.35568101623147497,-0.4166259168704155,-0.09523809523809523,0.5773502691896257,1.793007356604921e-16,0.0,-0.9642857142857143,-0.25254338719329716
-1.0,-0.4,0.0,-0.2,-0.4171511627906977,-0.39511494252873564,-0.35568101623147497,-0.4166259168704155,-0.09523809523809523,0.5,-0.3660254037844383,0.0,-0.9285714285714286,-0.25397965290245333
-1.0,-0.2,0.0,-0.2,-0.4171511627906977,-0.39511494252873564,-0.35568101623147497,-0.4166259168704155,-0.09523809523809523,0.2886751345948128,-0.6339745962155612,1.0,-0.8928571428571429,-0.25541591861160956
-1.0,0.0,0.0,-0.2,-0.4171511627906977,-0.39511494252873564,-0.35568101623147497,-0.4166259168704155,0.6897546897546898,0.0,-0.7320508075688771,0.0,-0.8571428571428571,-0.25685218432076573
-1.0,0.2,1.0,-0.2,-0.4171511627906977,-0.39511494252873564,-0.35568101623147497,-0.4166259168704155,-0.07215007215007214,-0.2886751345948128,-0.6339745962155612,0.0,-0.8214285714285714,-0.3233991621783366
-1.0,0.4,1.0,-0.2,-0.39098837209302323,-0.39511494252873564,-0.35568101623147497,-0.40782396088019546,-0.08658008658008658,-0.5,-0.36602540378443876,0.0,-0.7857142857142857,-0.32459605026929983
-1.0,0.6,1.0,-0.2,-0.42296511627906974,-0.3692528735632184,-0.35568101623147497,-0.4097799511002441,-0.09523809523809523,-0.577350269189626,0.0,0.0,-0.75,-0.32722920406941924
-1.0,0.8,2.0,-0.2,-0.4316860465116279,-0.40086206896551724,-0.3302752293577982,-0.4146699266503669,-0.11255411255411256,-0.5000000000000001,0.3660254037844388,0.0,-0.7142857142857143,-0.3298623578695395
-1.0,1.0,2.0,-0.2,-0.4316860465116279,-0.40948275862068967,-0.3613267466478476,-0.42836185819070893,-0.11255411255411256,-0.2886751345948132,0.6339745962155612,0.0,-0.6785714285714286,-0.3310592459605027
-1.0,1.2,2.0,-0.2,-0.4316860465116279,-0.40948275862068967,-0.3697953422724065,-0.43129584352078226,-0.11255411255411256,-2.1211504774498138e-16,0.7320508075688774,0.0,-0.6428571428571429,-0.3322561340514659
-0.5,-1.0,-1.0,-0.2,-0.4316860465116279,-0.40948275862068967,-0.3697953422724065,-0.43129584352078226,-0.11255411255411256,0.2886751345948128,0.6339745962155615,0.0,-0.6071428571428571,-0.33345302214242994
-0.5,-0.8,-1.0,-0.2,-0.4316860465116279,-0.40948275862068967,-0.3697953422724065,-0.43129584352078226,-0.11255411255411256,0.49999999999999994,0.3660254037844388,0.0,-0.5714285714285714,-0.3346499102333932
-0.5,-0.6,-1.0,-0.2,-0.17296511627906977,-0.40948275862068967,-0.3697953422724065,-0.34425427872860653,-0.11255411255411256,0.5773502691896257,1.793007356604921e-16,0.0,-0.5357142857142857,-0.31454219030520647
-0.5,-0.4,0.0,-0.2,-0.16424418604651161,-0.15373563218390804,-0.3697953422724065,-0.2542787286063566,-0.11255411255411256,0.5,-0.3660254037844383,0.0,-0.5,-0.29371633752244164
-0.5,-0.2,0.0,-0.2,-0.19040697674418605,-0.14511494252873564,-0.11856033874382499,-0.17310513447432757,-0.11255411255411256,0.2886751345948128,-0.6339745962155612,1.0,-0.4642857142857143,-0.27504488330341115
-0.5,0.0,0.0,-0.2,0.10901162790697674,-0.17097701149425287,-0.11009174311926606,-0.07823960880195653,-0.11255411255411256,0.0,-0.7320508075688771,0.0,-0.42857142857142855,-0.23171753441053233
-0.5,0.2,1.0,-0.2,0.10901162790697674,0.125,-0.13549752999294284,0.013691931540342863,-0.08658008658008658,-0.2886751345948128,-0.6339745962155612,0.0,-0.39285714285714285,-0.18839018551765438
-0.5,0.4,1.0,-0.2,0.22238372093023256,0.125,0.155257586450247,0.15256723716381415,-0.11832611832611832,-0.5,-0.36602540378443876,0.0,-0.35714285714285715,-0.1378815080789946
-0.5,0.6,1.0,-0.2,0.2311046511627907,0.23706896551724138,0.155257586450247,0.19364303178484102,-0.12698412698412698,-0.577350269189626,0.0,0.0,-0.32142857142857145,-0.08402154398563734
-0.5,0.8,2.0,-0.2,0.19040697674418605,0.24568965517241378,0.26534932956951307,0.22102689486552504,-0.12698412698412698,-0.5000000000000001,0.3660254037844388,0.0,-0.2857142857142857,-0.03279473369240032
-0.5,1.0,2.0,-0.2,0.19040697674418605,0.20545977011494254,0.273817925194072,0.21026894865525722,-0.12698412698412698,-0.2886751345948132,0.6339745962155612,0.0,-0.25,0.018432076600838378
-0.5,1.2,2.0,-0.2,0.17296511627906977,0.20545977011494254,0.23429781227946367,0.19070904645476766,-0.12698412698412698,-2.1211504774498138e-16,0.7320508075688774,0.0,-0.21428571428571427,0.06822262118491922
0.0,-1.0,-1.0,-0.2,0.17296511627906977,0.1882183908045977,0.23429781227946367,0.18484107579462097,-0.12698412698412698,0.2886751345948128,0.6339745962155615,0.0,-0.17857142857142858,0.11801316576900005
0.0,-0.8,-1.0,-0.2,0.14098837209302326,0.1882183908045977,0.2173606210303458,0.16821515892420477,0.12987012987012986,0.49999999999999994,0.3660254037844388,0.0,-0.14285714285714285,0.1651705565529623
0.0,-0.6,-1.0,-0.2,0.14098837209302326,0.15660919540229884,0.2173606210303458,0.15745721271393695,0.13852813852813853,0.5773502691896257,1.793007356604921e-16,0.0,-0.10714285714285714,0.1910233393177738
0.0,-0.4,0.0,-0.2,0.26308139534883723,0.15660919540229884,0.1863091037402964,0.18777506112469433,0.11255411255411256,0.5,-0.3660254037844383,0.0,-0.07142857142857142,0.22621184919210055
0.0,-0.2,0.0,-0.2,0.6409883720930233,0.27729885057471265,0.1863091037402964,0.3559902200488991,0.4098124098124098,0.2886751345948128,-0.6339745962155612,1.0,-0.03571428571428571,0.2946738479952119
0.0,0.0,0.0,-0.2,0.6409883720930233,0.6508620689655172,0.3048694424841214,0.5242053789731056,0.4098124098124098,0.0,-0.7320508075688771,0.0,0.0,0.3384799521244758
0.0,0.2,1.0,-0.2,0.6409883720930233,0.6508620689655172,0.6718419195483416,0.6513447432762834,0.5223665223665224,-0.2886751345948128,-0.6339745962155612,0.0,0.03571428571428571,0.38228605625373974
0.0,0.4,1.0,-0.2,0.7398255813953488,0.6508620689655172,0.6718419195483416,0.6845965770171142,0.5310245310245311,-0.5,-0.36602540378443876,0.0,0.07142857142857142,0.42489527229204127
0.0,0.6,1.0,-0.2,0.7136627906976745,0.7485632183908046,0.6718419195483416,0.7090464547677265,0.4906204906204906,-0.577350269189626,0.0,0.0,0.10714285714285714,0.46463195691202874
0.0,0.8,2.0,-0.2,0.6409883720930233,0.7227011494252874,0.7678193366266761,0.7090464547677265,0.4906204906204906,-0.5000000000000001,0.3660254037844388,0.0,0.14285714285714285,0.5017354877318976
0.0,1.0,2.0,-0.2,0.6409883720930233,0.6508620689655172,0.7424135497529993,0.6757946210268941,0.4733044733044733,-0.2886751345948132,0.6339745962155612,0.0,0.17857142857142858,0.5388390185517649
0.0,1.2,2.0,-0.2,0.626453488372093,0.6508620689655172,0.6718419195483416,0.6464547677261606,0.4733044733044733,-2.1211504774498138e-16,0.7320508075688774,0.0,0.21428571428571427,0.5761819269898258
0.5,-1.0,-1.0,-0.2,0.626453488372093,0.6364942528735632,0.6718419195483416,0.6415647921760395,0.44155844155844154,0.2886751345948128,0.6339745962155615,0.0,0.25,0.6135248354278869
0.5,-0.8,-1.0,-0.2,0.6351744186046512,0.6364942528735632,0.6577275935074101,0.63960880195599,0.44155844155844154,0.49999999999999994,0.3660254037844388,0.0,0.2857142857142857,0.6542190305206463
0.5,-0.6,-1.0,-0.2,0.6351744186046512,0.6451149425287356,0.6577275935074101,0.6425427872860634,0.5627705627705628,0.5773502691896257,1.793007356604921e-16,0.0,0.32142857142857145,0.6949132256134057
0.5,-0.4,0.0,-0.2,0.5857558139534884,0.6451149425287356,0.666196189131969,0.6288508557457205,0.937950937950938,0.5,-0.3660254037844383,1.0,0.35714285714285715,0.7214841412327953
0.5,-0.2,0.0,-0.2,0.6584302325581395,0.5962643678160919,0.666196189131969,0.6366748166259167,0.937950937950938,0.2886751345948128,-0.6339745962155612,0.0,0.39285714285714285,0.7229204069419515
0.5,0.0,0.0,-0.2,1.0392441860465116,0.6681034482758621,0.6182074805928017,0.7726161369193146,0.937950937950938,0.0,-0.7320508075688771,0.0,0.42857142857142855,0.7557151406343501
0.5,0.2,1.0,-0.2,0.6351744186046512,1.0445402298850575,0.6887791107974595,0.7892420537897308,1.0360750360750361,-0.2886751345948128,-0.6339745962155612,0.0,0.4642857142857143,0.7552363853979659
0.5,0.4,1.0,-0.2,0.626453488372093,0.6451149425287356,1.058574453069866,0.7784841075794613,1.0101010101010102,-0.5,-0.36602540378443876,0.0,0.5,0.7459006582884505
0.5,0.6,1.0,-0.2,0.6177325581395349,0.6364942528735632,0.666196189131969,0.6366748166259167,0.937950937950938,-0.577350269189626,0.0,0.0,0.5357142857142857,0.7380011968880915
0.5,0.8,2.0,-0.2,0.6002906976744186,0.6278735632183908,0.6577275935074101,0.6249388753056233,0.937950937950938,-0.5000000000000001,0.3660254037844388,0.0,0.5714285714285714,0.7346499102333932
0.5,1.0,2.0,-0.2,0.5944767441860465,0.610632183908046,0.6492589978828511,0.6141809290953538,0.9235209235209235,-0.2886751345948132,0.6339745962155612,0.0,0.6071428571428571,0.7308198683423105
0.5,1.2,2.0,-0.2,0.6002906976744186,0.6048850574712644,0.6323218066337333,0.608312958435207,0.9235209235209235,-2.1211504774498138e-16,0.7320508075688774,0.0,0.6428571428571429,0.7286654697785763
1.0,-1.0,-1.0,-0.2,0.5857558139534884,0.610632183908046,0.6266760762173607,0.603422982885086,0.9321789321789322,0.2886751345948128,0.6339745962155615,0.0,0.6785714285714286,0.725314183123878
1.0,-0.8,-1.0,-0.2,0.5625,0.5962643678160919,0.6323218066337333,0.5926650366748164,0.9321789321789322,0.49999999999999994,0.3660254037844388,0.0,0.7142857142857143,0.719329742669061
1.0,-0.6,-1.0,-0.2,0.5450581395348837,0.5732758620689655,0.6182074805928017,0.5740831295843525,0.8831168831168831,0.5773502691896257,1.793007356604921e-16,0.0,0.75,0.7119090365050862
1.0,-0.4,0.0,-0.2,0.5130813953488372,0.5560344827586207,0.5956245589273113,0.5496332518337401,0.9552669552669553,0.5,-0.3660254037844383,1.0,0.7857142857142857,0.7059245960502692
1.0,-0.2,0.0,-0.2,0.6584302325581395,0.5244252873563219,0.5786873676781934,0.5819070904645469,1.3333333333333333,0.2886751345948128,-0.6339745962155612,0.0,0.8214285714285714,0.7059245960502692
1.0,0.0,0.0,-0.2,0.6991279069767442,0.6681034482758621,0.547635850388144,0.6337408312958434,0.9321789321789322,0.0,-0.7320508075688771,0.0,0.8571428571428571,0.6779174147217235
1.0,0.2,1.0,-0.2,0.6409883720930233,0.7083333333333334,0.6887791107974595,0.6767726161369197,0.9235209235209235,-0.2886751345948128,-0.6339745962155612,0.0,0.8928571428571429,0.6783961699581095
1.0,0.4,1.0,-0.2,0.6584302325581395,0.6508620689655172,0.7282992237120678,0.6767726161369197,0.9148629148629148,-0.5,-0.36602540378443876,0.0,0.9285714285714286,0.681029323758228
1.0,0.6,1.0,-0.2,0.6584302325581395,0.6681034482758621,0.6718419195483416,0.6630806845965769,0.8975468975468975,-0.577350269189626,0.0,0.0,0.9642857142857143,0.6843806104129264
1.0,0.8,2.0,-0.2,0.6351744186046512,0.6681034482758621,0.6887791107974595,0.6611246943765273,0.8917748917748918,-0.5000000000000001,0.3660254037844388,0.0,1.0,0.6872531418312388
-1.0,-1.0,-1.0,0.0,-0.5101744186046512,-0.4870689655172414,-0.44036697247706424,-0.5085574572127141,-0.5050505050505051,0.2886751345948128,0.6339745962155615,0.0,-1.0357142857142858,-0.43303411131059244
-1.0,-0.8,-1.0,0.0,-0.5101744186046512,-0.4870689655172414,-0.44601270289343686,-0.5105134474327627,-0.3463203463203463,0.49999999999999994,0.3660254037844388,0.0,-1.0,-0.408138839018552
-1.0,-0.6,-1.0,0.0,-0.5450581395348837,-0.4870689655172414,-0.44601270289343686,-0.522249388753056,-0.34054834054834054,0.5773502691896257,1.793007356604921e-16,0.0,-0.9642857142857143,-0.3992818671454219
-1.0,-0.4,0.0,0.0,-0.5508720930232558,-0.521551724137931,-0.44601270289343686,-0.5359413202933981,-0.35209235209235207,0.5,-0.3660254037844383,0.0,-0.9285714285714286,-0.39138240574506283
-1.0,-0.2,0.0,0.0,-0.5508720930232558,-0.5272988505747126,-0.4798870853916726,-0.549633251833741,-0.35209235209235207,0.2886751345948128,-0.6339745962155612,1.0,-0.8928571428571429,-0.3825254338719327
-1.0,0.0,0.0,0.0,-0.5508720930232558,-0.5272988505747126,-0.4855328158080452,-0.5515892420537896,0.3347763347763348,0.0,-0.7320508075688771,0.0,-0.8571428571428571,-0.3736684619988034
-1.0,0.2,1.0,0.0,-0.5508720930232558,-0.5272988505747126,-0.4855328158080452,-0.5515892420537896,-0.12121212121212122,-0.2886751345948128,-0.6339745962155612,0.0,-0.8214285714285714,-0.4217833632555359
-1.0,0.4,1.0,0.0,-0.5363372093023255,-0.5272988505747126,-0.4855328158080452,-0.5466992665036676,-0.1471861471861472,-0.5,-0.36602540378443876,0.0,-0.7857142857142857,-0.43087971274685816
-1.0,0.6,1.0,0.0,-0.5363372093023255,-0.5129310344827587,-0.4855328158080452,-0.5418092909535448,-0.15007215007215008,-0.577350269189626,0.0,0.0,-0.75,-0.43782166367444614
-1.0,0.8,2.0,0.0,-0.5363372093023255,-0.5129310344827587,-0.47141848976711365,-0.5369193154034229,-0.19913419913419914,-0.5000000000000001,0.3660254037844388,0.0,-0.7142857142857143,-0.444524236983842
-1.0,1.0,2.0,0.0,-0.5276162790697675,-0.5129310344827587,-0.47141848976711365,-0.5339853300733495,-0.2049062049062049,-0.2886751345948132,0.6339745962155612,0.0,-0.6785714285714286,-0.4464392579293833
-1.0,1.2,2.0,0.0,-0.5421511627906976,-0.5043103448275862,-0.47141848976711365,-0.5359413202933981,-0.2049062049062049,-2.1211504774498138e-16,0.7320508075688774,0.0,-0.6428571428571429,-0.4490724117295036
-0.5,-1.0,-1.0,0.0,-0.46656976744186046,-0.5186781609195402,-0.4629498941425547,-0.5124694376528113,-0.2049062049062049,0.2886751345948128,0.6339745962155615,0.0,-0.6071428571428571,-0.44548174745661306
-0.5,-0.8,-1.0,0.0,-0.46656976744186046,-0.44396551724137934,-0.47706422018348627,-0.49193154034229786,-0.23953823953823955,0.49999999999999994,0.3660254037844388,0.0,-0.5714285714285714,-0.4418910831837226
-0.5,-0.6,-1.0,0.0,-0.3328488372093023,-0.44396551724137934,-0.4036697247706422,-0.4215158924205375,-0.2453102453102453,0.5773502691896257,1.793007356604921e-16,0.0,-0.5357142857142857,-0.4244165170556553
-0.5,-0.4,0.0,0.0,-0.46075581395348836,-0.3117816091954023,-0.4036697247706422,-0.4195599022004889,-0.2453102453102453,0.5,-0.3660254037844383,0.0,-0.5,-0.41699581089168136
-0.5,-0.2,0.0,0.0,-0.4491279069767442,-0.4382183908045977,-0.273817925194072,-0.4136919315403422,-0.2453102453102453,0.2886751345948128,-0.6339745962155612,1.0,-0.4642857142857143,-0.40861759425493716
-0.5,0.0,0.0,0.0,-0.050872093023255814,-0.4267241379310345,-0.3980239943542696,-0.3188264058679703,-0.2453102453102453,0.0,-0.7320508075688771,0.0,-0.42857142857142855,-0.3674446439257927
-0.5,0.2,1.0,0.0,-0.050872093023255814,-0.033045977011494254,-0.38673253352152437,-0.18092909535452376,-0.23088023088023088,-0.2886751345948128,-0.6339745962155612,0.0,-0.39285714285714285,-0.326271693596649
-0.5,0.4,1.0,0.0,-0.07703488372093023,-0.033045977011494254,0.0,-0.05574572127139363,-0.23088023088023088,-0.5,-0.36602540378443876,0.0,-0.35714285714285715,-0.288450029922202
-0.5,0.6,1.0,0.0,-0.07703488372093023,-0.05890804597701149,0.0,-0.06454767726161367,-0.23088023088023088,-0.577350269189626,0.0,0.0,-0.32142857142857145,-0.2506283662477558
-0.5,0.8,2.0,0.0,-0.08284883720930232,-0.05890804597701149,-0.025405786873676783,-0.07530562347188319,-0.2222222222222222,-0.5000000000000001,0.3660254037844388,0.0,-0.2857142857142857,-0.2132854578096948
-0.5,1.0,2.0,0.0,-0.06540697674418605,-0.06465517241379311,-0.025405786873676783,-0.07139364303178425,-0.23665223665223664,-0.2886751345948132,0.6339745962155612,0.0,-0.25,-0.17522441651705564
-0.5,1.2,2.0,0.0,-0.059593023255813955,-0.04741379310344827,-0.031051517290049402,-0.06552567237163755,-0.16161616161616163,-2.1211504774498138e-16,0.7320508075688774,0.0,-0.21428571428571427,-0.13548773189706734
0.0,-1.0,-1.0,0.0,-0.3502906976744186,-0.041666666666666664,-0.014114326040931546,-0.15550122249388748,-0.16161616161616163,0.2886751345948128,0.6339745962155615,0.0,-0.17857142857142858,-0.12591262716935994
0.0,-0.8,-1.0,0.0,-0.35319767441860467,-0.3290229885057471,-0.008468595624558928,-0.252322738386308,-0.02886002886002886,0.49999999999999994,0.3660254037844388,0.0,-0.14285714285714285,-0.11657690005984468
0.0,-0.6,-1.0,0.0,-0.35319767441860467,-0.33189655172413796,-0.29075511644318985,-0.35110024449877714,-0.15584415584415584,0.5773502691896257,1.793007356604921e-16,0.0,-0.10714285714285714,-0.11825254338719302
0.0,-0.4,0.0,0.0,-0.027616279069767442,-0.33189655172413796,-0.29357798165137616,-0.2425427872860632,-0.1443001443001443,0.5,-0.3660254037844383,0.0,-0.07142857142857142,-0.08258527827648116
0.0,-0.2,0.0,0.0,0.036337209302325583,-0.010057471264367816,-0.29357798165137616,-0.11149144254278726,0.2510822510822511,0.2886751345948128,-0.6339745962155612,1.0,-0.03571428571428571,-0.04260921603829986
0.0,0.0,0.0,0.0,0.036337209302325583,0.05316091954022988,0.022582921665490474,0.019559902200489563,0.2510822510822511,0.0,-0.7320508075688771,0.0,0.0,-0.03542788749251889
0.0,0.2,1.0,0.0,0.036337209302325583,0.05316091954022988,0.08468595624558928,0.04107579462102688,0.22510822510822512,-0.2886751345948128,-0.6339745962155612,0.0,0.03571428571428571,-0.028246558946737922
0.0,0.4,1.0,0.0,0.42877906976744184,0.05316091954022988,0.08468595624558928,0.17310513447432757,0.22510822510822512,-0.5,-0.36602540378443876,0.0,0.07142857142857142,0.0134051466187917
0.0,0.6,1.0,0.0,0.4113372093023256,0.4410919540229885,0.08468595624558928,0.2992665036674816,0.21933621933621933,-0.577350269189626,0.0,0.0,0.10714285714285714,0.05362058647516513
0.0,0.8,2.0,0.0,0.4055232558139535,0.4238505747126437,0.46577275935074103,0.4234718826405861,0.23665223665223664,-0.5000000000000001,0.3660254037844388,0.0,0.14285714285714285,0.09383602633153856
0.0,1.0,2.0,0.0,0.30959302325581395,0.41810344827586204,0.4488355681016232,0.3833740831295848,0.24242424242424243,-0.2886751345948132,0.6339745962155612,0.0,0.17857142857142858,0.12471573907839673
0.0,1.2,2.0,0.0,0.30959302325581395,0.3232758620689655,0.44318983768525055,0.3491442542787285,-0.046176046176046176,-2.1211504774498138e-16,0.7320508075688774,0.0,0.21428571428571427,0.15511669658886895
0.5,-1.0,-1.0,0.0,0.32122093023255816,0.3232758620689655,0.35003528581510235,0.3207823960880189,-0.049062049062049064,0.2886751345948128,0.6339745962155615,0.0,0.25,0.2104129263913824
0.5,-0.8,-1.0,0.0,0.32122093023255816,0.33477011494252873,0.35003528581510235,0.32469437652811783,-0.049062049062049064,0.49999999999999994,0.3660254037844388,0.0,0.2857142857142857,0.265948533812088
0.5,-0.6,-1.0,0.0,0.27761627906976744,0.33477011494252873,0.3613267466478476,0.31393643031784835,0.2741702741702742,0.5773502691896257,1.793007356604921e-16,0.0,0.32142857142857145,0.31789347695990483
0.5,-0.4,0.0,0.0,0.2747093023255814,0.2916666666666667,0.3613267466478476,0.2982885085574577,0.33766233766233766,0.5,-0.3660254037844383,1.0,0.35714285714285715,0.3427887492519444
0.5,-0.2,0.0,0.0,0.28924418604651164,0.28879310344827586,0.31898376852505295,0.28753056234718816,0.33766233766233766,0.2886751345948128,-0.6339745962155612,0.0,0.39285714285714285,0.3636146020347092
0.5,0.0,0.0,0.0,0.2921511627906977,0.3031609195402299,0.31616090331686664,0.292420537897311,0.33766233766233766,0.0,-0.7320508075688771,0.0,0.42857142857142855,0.38467983243566783
0.5,0.2,1.0,0.0,0.31540697674418605,0.30603448275862066,0.3302752293577982,0.30611246943765213,0.7272727272727273,-0.2886751345948128,-0.6339745962155612,0.0,0.4642857142857143,0.40766008378216695
0.5,0.4,1.0,0.0,0.32994186046511625,0.3290229885057471,0.3330980945659845,0.319804400977995,0.70995670995671,-0.5,-0.36602540378443876,0.0,0.5,0.39952124476361406
0.5,0.6,1.0,0.0,0.3386627906976744,0.34339080459770116,0.35568101623147497,0.33545232273838566,0.7041847041847041,-0.577350269189626,0.0,0.0,0.5357142857142857,0.3935368043087971
0.5,0.8,2.0,0.0,0.3328488372093023,0.35201149425287354,0.3697953422724065,0.3413202933985323,0.6089466089466089,-0.5000000000000001,0.3660254037844388,0.0,0.5714285714285714,0.38755236385398023
0.5,1.0,2.0,0.0,0.3328488372093023,0.34626436781609193,0.37826393789696544,0.3422982885085579,0.6089466089466089,-0.2886751345948132,0.6339745962155612,0.0,0.6071428571428571,0.3894673847995207
0.5,1.2,2.0,0.0,0.32994186046511625,0.34626436781609193,0.3726182074805928,0.3393643031784846,0.6204906204906205,-2.1211504774498138e-16,0.7320508075688774,0.0,0.6428571428571429,0.3911430281268707
1.0,-1.0,-1.0,0.0,0.41424418604651164,0.34339080459770116,0.3726182074805928,0.3667481662591686,0.6204906204906205,0.2886751345948128,0.6339745962155615,0.0,0.6785714285714286,0.39880311190903595
1.0,-0.8,-1.0,0.0,-0.21656976744186046,0.4267241379310345,0.3697953422724065,0.18190709046454762,0.5772005772005772,0.49999999999999994,0.3660254037844388,0.0,0.7142857142857143,0.35451825254338776
1.0,-0.6,-1.0,0.0,0.31540697674418605,-0.1968390804597701,0.4516584333098095,0.17701711491442482,0.5743145743145743,0.5773502691896257,1.793007356604921e-16,0.0,0.75,0.3576301615798923
1.0,-0.4,0.0,0.0,0.3125,0.3290229885057471,-0.16090331686661963,0.14278728606357022,0.5887445887445888,0.5,-0.3660254037844383,1.0,0.7857142857142857,0.3607420706163968
1.0,-0.2,0.0,0.0,0.3851744186046512,0.3261494252873563,0.35568101623147497,0.34523227383863125,0.5916305916305916,0.2886751345948128,-0.6339745962155612,0.0,0.8214285714285714,0.36864153201675587
1.0,0.0,0.0,0.0,0.20203488372093023,0.39798850574712646,0.35285815102328866,0.30709046454767774,0.6147186147186147,0.0,-0.7320508075688771,0.0,0.8571428571428571,0.36122082585278276
1.0,0.2,1.0,0.0,0.25726744186046513,0.21695402298850575,0.4234297812279464,0.28850855745721204,0.6291486291486291,-0.2886751345948128,-0.6339745962155612,0.0,0.8928571428571429,0.3564332734889282
1.0,0.4,1.0,0.0,0.25726744186046513,0.27155172413793105,0.2455892731122089,0.24547677261613743,0.6378066378066378,-0.5,-0.36602540378443876,0.0,0.9285714285714286,0.3504488330341113
1.0,0.6,1.0,0.0,0.25726744186046513,0.27155172413793105,0.2992237120677488,0.2640586797066014,0.6320346320346321,-0.577350269189626,0.0,0.0,0.9642857142857143,0.3437462597247163
1.0,0.8,2.0,0.0,0.251453488372093,0.27155172413793105,0.2992237120677488,0.2621026894865519,0.6320346320346321,-0.5000000000000001,0.3660254037844388,0.0,1.0,0.3370436864153196
-1.0,-0.8,-1.0,0.2,-0.9171511627906976,-0.889367816091954,-0.8242766407904023,-0.9154034229828848,-0.70995670995671,0.49999999999999994,0.3660254037844388,0.0,-1.0,-0.8696588868940754
-1.0,-0.6,-1.0,0.2,-1.0218023255813953,-0.889367816091954,-0.8412138320395202,-0.9564792176039117,-0.6926406926406926,0.5773502691896257,1.793007356604921e-16,0.0,-0.9642857142857143,-0.8698982645122684
-1.0,-0.4,0.0,0.2,-0.9723837209302325,-0.992816091954023,-0.8412138320395202,-0.9750611246943766,-0.7012987012987013,0.5,-0.3660254037844383,0.0,-0.9285714285714286,-0.8675044883303411
-1.0,-0.2,0.0,0.2,-0.9898255813953488,-0.9439655172413793,-0.9428369795342273,-0.9995110024449873,-1.2496392496392497,0.2886751345948128,-0.6339745962155612,1.0,-0.8928571428571429,-0.865828845002992
-1.0,0.0,0.0,0.2,-0.9898255813953488,-0.9612068965517241,-0.89484827099506,-0.9887530562347185,-0.2886002886002886,0.0,-0.7320508075688771,0.0,-0.8571428571428571,-0.8186714542190305
-1.0,0.2,1.0,0.2,-0.6177325581395349,-0.9612068965517241,-0.9117854622441779,-0.869437652811736,-0.6089466089466089,-0.2886751345948128,-0.6339745962155612,0.0,-0.8214285714285714,-0.8205864751645718
-1.0,0.4,1.0,0.2,-1.0276162790697674,-0.5933908045977011,-0.9117854622441779,-0.8821515892420533,-0.6002886002886003,-0.5,-0.36602540378443876,0.0,-0.7857142857142857,-0.8296828246558949
-1.0,0.6,1.0,0.2,-0.9781976744186046,-0.9985632183908046,-0.5504587155963303,-0.8782396088019561,-0.6002886002886003,-0.577350269189626,0.0,0.0,-0.75,-0.8354278874925197
-1.0,0.8,2.0,0.2,-1.0479651162790697,-0.9497126436781609,-0.9484827099505999,-1.022982885085574,-0.5916305916305916,-0.5000000000000001,0.3660254037844388,0.0,-0.7142857142857143,-0.8469180131657693
-1.0,1.0,2.0,0.2,-1.0159883720930232,-1.0186781609195403,-0.9004940014114327,-1.0190709046454767,-0.5916305916305916,-0.2886751345948132,0.6339745962155612,0.0,-0.6785714285714286,-0.8564931178934767
-1.0,1.2,2.0,0.2,-0.9840116279069767,-0.9870689655172413,-0.9682427664079041,-1.0210268948655254,-0.6089466089466089,-2.1211504774498138e-16,0.7320508075688774,0.0,-0.6428571428571429,-0.8634350688210655
-0.5,-1.0,-1.0,0.2,-0.9840116279069767,-0.9554597701149425,-0.9371912491178547,-0.9995110024449873,-0.6089466089466089,0.2886751345948128,0.6339745962155615,0.0,-0.6071428571428571,-0.8689407540394973
-0.5,-0.8,-1.0,0.2,-0.9840116279069767,-0.9554597701149425,-0.9061397318278053,-0.9887530562347185,-0.7128427128427128,0.49999999999999994,0.3660254037844388,0.0,-0.5714285714285714,-0.8744464392579291
-0.5,-0.6,-1.0,0.2,-1.0159883720930232,-0.9554597701149425,-0.9061397318278053,-0.9995110024449873,-0.6637806637806638,0.5773502691896257,1.793007356604921e-16,0.0,-0.5357142857142857,-0.873967684021544
-0.5,-0.4,0.0,0.2,-1.007267441860465,-0.9870689655172413,-0.9061397318278053,-1.0073349633251834,-0.6810966810966811,0.5,-0.3660254037844383,0.0,-0.5,-0.8768402154398564
-0.5,-0.2,0.0,0.2,-1.0159883720930232,-0.978448275862069,-0.9371912491178547,-1.018092909535452,-0.6810966810966811,0.2886751345948128,-0.6339745962155612,1.0,-0.4642857142857143,-0.8789946140035907
-0.5,0.0,0.0,0.2,-0.998546511627907,-0.9870689655172413,-0.9287226534932957,-1.0122249388753053,-0.3116883116883117,0.0,-0.7320508075688771,0.0,-0.42857142857142855,-0.8797127468581688
-0.5,0.2,1.0,0.2,-0.998546511627907,-0.9698275862068966,-0.9371912491178547,-1.009290953545232,-0.7186147186147186,-0.2886751345948128,-0.6339745962155612,0.0,-0.39285714285714285,-0.9110712148414121
-0.5,0.4,1.0,0.2,-0.9258720930232558,-0.9698275862068966,-0.9202540578687368,-0.9789731051344738,-0.6695526695526696,-0.5,-0.36602540378443876,0.0,-0.35714285714285715,-0.9026929982046679
-0.5,0.6,1.0,0.2,-0.9258720930232558,-0.8979885057471264,-0.9202540578687368,-0.9545232273838631,-0.7388167388167388,-0.577350269189626,0.0,0.0,-0.32142857142857145,-0.8983842010771993
-0.5,0.8,2.0,0.2,-0.9258720930232558,-0.8979885057471264,-0.8496824276640791,-0.9300733496332516,-0.7070707070707071,-0.5000000000000001,0.3660254037844388,0.0,-0.2857142857142857,-0.8883303411131059
-0.5,1.0,2.0,0.2,-0.9171511627906976,-0.8979885057471264,-0.8496824276640791,-0.9271393643031782,-0.6753246753246753,-0.2886751345948132,0.6339745962155612,0.0,-0.25,-0.8801915020945539
-0.5,1.2,2.0,0.2,-0.9055232558139535,-0.889367816091954,-0.8496824276640791,-0.9202933985330067,-0.6753246753246753,-2.1211504774498138e-16,0.7320508075688774,0.0,-0.21428571428571427,-0.873728306403351
0.0,-1.0,-1.0,0.2,-0.8997093023255814,-0.8778735632183908,-0.8412138320395202,-0.9114914425427867,-0.6753246753246753,0.2886751345948128,0.6339745962155615,0.0,-0.17857142857142858,-0.866786355475763
0.0,-0.8,-1.0,0.2,-0.9084302325581395,-0.8721264367816092,-0.8299223712067749,-0.9085574572127134,-0.7070707070707071,0.49999999999999994,0.3660254037844388,0.0,-0.14285714285714285,-0.8605625374027531
0.0,-0.6,-1.0,0.2,-0.9811046511627907,-0.8807471264367817,-0.8242766407904023,-0.9339853300733496,-0.6984126984126984,0.5773502691896257,1.793007356604921e-16,0.0,-0.10714285714285714,-0.8576900059844408
0.0,-0.4,0.0,0.2,-0.8444767441860465,-0.9525862068965517,-0.8327452364149612,-0.9154034229828848,-0.7070707070707071,0.5,-0.3660254037844383,0.0,-0.07142857142857142,-0.844284859365649
0.0,-0.2,0.0,0.2,-0.7543604651162791,-0.8175287356321839,-0.903316866619619,-0.8635696821515892,-0.6897546897546898,0.2886751345948128,-0.6339745962155612,1.0,-0.03571428571428571,-0.8227408737283062
0.0,0.0,0.0,0.2,-0.7543604651162791,-0.728448275862069,-0.7706422018348624,-0.7872860635696822,-0.6897546897546898,0.0,-0.7320508075688771,0.0,0.0,-0.8026331538001195
0.0,0.2,1.0,0.2,-0.7543604651162791,-0.728448275862069,-0.6831333803810868,-0.756968215158924,-0.6176046176046176,-0.2886751345948128,-0.6339745962155612,0.0,0.03571428571428571,-0.7825254338719327
0.0,0.4,1.0,0.2,-0.8473837209302325,-0.728448275862069,-0.6831333803810868,-0.7882640586797061,-0.6176046176046176,-0.5,-0.36602540378443876,0.0,0.07142857142857142,-0.7760622381807298
0.0,0.6,1.0,0.2,-0.876453488372093,-0.8204022988505747,-0.6831333803810868,-0.829339853300733,-0.6176046176046176,-0.577350269189626,0.0,0.0,0.10714285714285714,-0.7719928186714542
0.0,0.8,2.0,0.2,-0.815406976744186,-0.8491379310344828,-0.7734650670430487,-0.8498777506112464,-0.6089466089466089,-0.5000000000000001,0.3660254037844388,0.0,0.14285714285714285,-0.762896469180132
0.0,1.0,2.0,0.2,-0.7078488372093024,-0.7887931034482759,-0.8016937191249118,-0.8029339853300729,-0.5974025974025974,-0.2886751345948132,0.6339745962155612,0.0,0.17857142857142858,-0.7456612806702576
0.0,1.2,2.0,0.2,-0.7078488372093024,-0.6824712643678161,-0.7424135497529993,-0.7462102689486553,-0.5916305916305916,-2.1211504774498138e-16,0.7320508075688774,0.0,0.21428571428571427,-0.7293836026331535
0.5,-1.0,-1.0,0.2,-0.7078488372093024,-0.6824712643678161,-0.6379675370501059,-0.7100244498777504,-0.6002886002886003,0.2886751345948128,0.6339745962155615,0.0,0.25,-0.7135846798324353
0.5,-0.8,-1.0,0.2,-0.7165697674418605,-0.6824712643678161,-0.6379675370501059,-0.7129584352078238,-0.6724386724386724,0.49999999999999994,0.3660254037844388,0.0,0.2857142857142857,-0.6977857570317173
0.5,-0.6,-1.0,0.2,-0.7165697674418605,-0.6910919540229885,-0.6379675370501059,-0.7158924205378971,-0.5367965367965368,0.5773502691896257,1.793007356604921e-16,0.0,0.32142857142857145,-0.6760023937761822
0.5,-0.4,0.0,0.2,-0.7165697674418605,-0.6910919540229885,-0.6464361326746648,-0.7188264058679704,-0.44733044733044736,0.5,-0.3660254037844383,1.0,0.35714285714285715,-0.6654697785757029
0.5,-0.2,0.0,0.2,-0.6700581395348837,-0.6910919540229885,-0.6464361326746648,-0.703178484107579,-0.44733044733044736,0.2886751345948128,-0.6339745962155612,0.0,0.39285714285714285,-0.6585278276481149
0.5,0.0,0.0,0.2,-0.4375,-0.6451149425287356,-0.6464361326746648,-0.6092909535452318,-0.44733044733044736,0.0,-0.7320508075688771,0.0,0.42857142857142855,-0.6324356672651105
0.5,0.2,1.0,0.2,-0.6438953488372093,-0.41522988505747127,-0.6012702893436839,-0.5848410757946212,-0.5396825396825397,-0.2886751345948128,-0.6339745962155612,0.0,0.4642857142857143,-0.6233393177737881
0.5,0.4,1.0,0.2,-0.6351744186046512,-0.6192528735632183,-0.37544107268877913,-0.5731051344743278,-0.5685425685425686,-0.5,-0.36602540378443876,0.0,0.5,-0.6058647516457208
0.5,0.6,1.0,0.2,-0.6293604651162791,-0.610632183908046,-0.5758645024700071,-0.6376528117359415,-0.5079365079365079,-0.577350269189626,0.0,0.0,0.5357142857142857,-0.585517654099342
0.5,0.8,2.0,0.2,-0.5886627906976745,-0.6048850574712644,-0.5673959068454482,-0.6190709046454766,-0.40115440115440115,-0.5000000000000001,0.3660254037844388,0.0,0.5714285714285714,-0.5668461998803115
0.5,1.0,2.0,0.2,-0.5944767441860465,-0.5646551724137931,-0.5617501764290755,-0.6053789731051346,-0.40115440115440115,-0.2886751345948132,0.6339745962155612,0.0,0.6071428571428571,-0.5575104727707962
0.5,1.2,2.0,0.2,-0.5886627906976745,-0.5704022988505747,-0.5222300635144672,-0.5916870415647917,-0.40115440115440115,-2.1211504774498138e-16,0.7320508075688774,0.0,0.6428571428571429,-0.547695990424895
1.0,-1.0,-1.0,0.2,-0.5886627906976745,-0.5646551724137931,-0.5278757939308398,-0.5916870415647917,-0.4098124098124098,0.2886751345948128,0.6339745962155615,0.0,0.6785714285714286,-0.5378815080789946
1.0,-0.8,-1.0,0.2,-0.5886627906976745,-0.5646551724137931,-0.5222300635144672,-0.5897310513447431,-0.4098124098124098,0.49999999999999994,0.3660254037844388,0.0,0.7142857142857143,-0.5273488928785162
1.0,-0.6,-1.0,0.2,-0.6119186046511628,-0.5646551724137931,-0.5222300635144672,-0.5975550122249385,-0.4098124098124098,0.5773502691896257,1.793007356604921e-16,0.0,0.75,-0.518731298623579
1.0,-0.4,0.0,0.2,-0.6119186046511628,-0.5876436781609196,-0.5222300635144672,-0.6053789731051346,-0.36363636363636365,0.5,-0.3660254037844383,1.0,0.7857142857142857,-0.5101137043686418
1.0,-0.2,0.0,0.2,-0.5072674418604651,-0.5876436781609196,-0.5448129851799577,-0.5779951100244497,-0.13275613275613277,0.2886751345948128,-0.6339745962155612,0.0,0.8214285714285714,-0.4967085577498501
1.0,0.0,0.0,0.2,-0.45494186046511625,-0.48419540229885055,-0.5448129851799577,-0.5251833740831294,-0.33766233766233766,0.0,-0.7320508075688771,0.0,0.8571428571428571,-0.4981448234590063
1.0,0.2,1.0,0.2,-0.45494186046511625,-0.4324712643678161,-0.44318983768525055,-0.47237163814180916,-0.329004329004329,-0.2886751345948128,-0.6339745962155612,0.0,0.8928571428571429,-0.4825852782764811
1.0,0.4,1.0,0.2,-0.5101744186046512,-0.4324712643678161,-0.392378263937897,-0.4733496332518339,-0.32323232323232326,-0.5,-0.36602540378443876,0.0,0.9285714285714286,-0.47229204069419484
1.0,0.6,1.0,0.2,-0.5188953488372093,-0.4870689655172414,-0.392378263937897,-0.4948655256723712,-0.2828282828282828,-0.577350269189626,0.0,0.0,0.9642857142857143,-0.4631956912028725
1.0,0.8,2.0,0.2,-0.4956395348837209,-0.4956896551724138,-0.44601270289343686,-0.5085574572127141,-0.2886002886002886,-0.5000000000000001,0.3660254037844388,0.0,1.0,-0.4555356074207064
-1.0,-0.8,-1.0,0.4,-0.23401162790697674,-0.21408045977011494,-0.17784050811573748,-0.23178484107579456,-0.15584415584415584,0.49999999999999994,0.3660254037844388,0.0,-1.0,-0.17594254937163376
-1.0,-0.6,-1.0,0.4,-0.28343023255813954,-0.21408045977011494,-0.17784050811573748,-0.24841075794620993,-0.15584415584415584,0.5773502691896257,1.793007356604921e-16,0.0,-0.9642857142857143,-0.16134051466187885
-1.0,-0.4,0.0,0.4,-0.28343023255813954,-0.2629310344827586,-0.17784050811573748,-0.2650366748166261,-0.15584415584415584,0.5,-0.3660254037844383,0.0,-0.9285714285714286,-0.14673847995212475
-1.0,-0.2,0.0,0.4,-0.28343023255813954,-0.2629310344827586,-0.22582921665490474,-0.2816625916870415,-0.15584415584415584,0.2886751345948128,-0.6339745962155612,1.0,-0.8928571428571429,-0.13213644524236984
-1.0,0.0,0.0,0.4,-0.28343023255813954,-0.2629310344827586,-0.22582921665490474,-0.2816625916870415,0.4906204906204906,0.0,-0.7320508075688771,0.0,-0.8571428571428571,-0.11753441053261492
-1.0,0.2,1.0,0.4,-0.28343023255813954,-0.2629310344827586,-0.22582921665490474,-0.2816625916870415,0.09812409812409813,-0.2886751345948128,-0.6339745962155612,0.0,-0.8214285714285714,-0.15655296229802512
-1.0,0.4,1.0,0.4,-0.1933139534883721,-0.2629310344827586,-0.22582921665490474,-0.25134474327628326,0.15295815295815296,-0.5,-0.36602540378443876,0.0,-0.7857142857142857,-0.15559545182525406
-1.0,0.6,1.0,0.4,-0.1555232558139535,-0.17385057471264367,-0.22582921665490474,-0.20831295843520775,0.11544011544011544,-0.577350269189626,0.0,0.0,-0.75,-0.15607420706164002
-1.0,0.8,2.0,0.4,-0.1555232558139535,-0.13649425287356323,-0.13832039520112915,-0.16528117359413141,0.06926406926406926,-0.5000000000000001,0.3660254037844388,0.0,-0.7142857142857143,-0.15344105326151977
-1.0,1.0,2.0,0.4,-0.1555232558139535,-0.13649425287356323,-0.10162314749470713,-0.15256723716381415,0.06926406926406926,-0.2886751345948132,0.6339745962155612,0.0,-0.6785714285714286,-0.1469778575703169
-1.0,1.2,2.0,0.4,-0.17296511627906977,-0.13649425287356323,-0.10162314749470713,-0.15843520782396084,0.06926406926406926,-2.1211504774498138e-16,0.7320508075688774,0.0,-0.6428571428571429,-0.14195092758827021
-0.5,-1.0,-1.0,0.4,-0.17296511627906977,-0.15373563218390804,-0.10162314749470713,-0.16430317848410753,0.06926406926406926,0.2886751345948128,0.6339745962155615,0.0,-0.6071428571428571,-0.13692399760622354
-0.5,-0.8,-1.0,0.4,-0.17296511627906977,-0.15373563218390804,-0.11856033874382499,-0.17017114914425424,0.020202020202020204,0.49999999999999994,0.3660254037844388,0.0,-0.5714285714285714,-0.13189706762417686
-0.5,-0.6,-1.0,0.4,0.07412790697674419,-0.15373563218390804,-0.11856033874382499,-0.08704156479217659,0.020202020202020204,0.5773502691896257,1.793007356604921e-16,0.0,-0.5357142857142857,-0.10245362058647572
-0.5,-0.4,0.0,0.4,0.024709302325581394,0.09051724137931035,-0.11856033874382499,-0.02053789731051344,0.020202020202020204,0.5,-0.3660254037844383,0.0,-0.5,-0.07707959305804851
-0.5,-0.2,0.0,0.4,-0.02180232558139535,0.041666666666666664,0.1213832039520113,0.030317848410757367,0.020202020202020204,0.2886751345948128,-0.6339745962155612,1.0,-0.4642857142857143,-0.05553560742070561
-0.5,0.0,0.0,0.4,0.42296511627906974,-0.004310344827586207,0.07339449541284404,0.14767726161369132,0.020202020202020204,0.0,-0.7320508075688771,0.0,-0.42857142857142855,0.002633153800120246
-0.5,0.2,1.0,0.4,0.42296511627906974,0.4353448275862069,0.028228652081863093,0.2816625916870415,0.10966810966810966,-0.2886751345948128,-0.6339745962155612,0.0,-0.39285714285714285,0.0608019150209461
-0.5,0.4,1.0,0.4,0.4258720930232558,0.4353448275862069,0.4601270289343684,0.43227383863080615,0.1471861471861472,-0.5,-0.36602540378443876,0.0,-0.35714285714285715,0.11178934769599098
-0.5,0.6,1.0,0.4,0.4433139534883721,0.4382183908045977,0.4601270289343684,0.4391198044009784,0.1471861471861472,-0.577350269189626,0.0,0.0,-0.32142857142857145,0.16110113704368587
-0.5,0.8,2.0,0.4,0.4258720930232558,0.45545977011494254,0.4629498941425547,0.4400977995110023,0.1471861471861472,-0.5000000000000001,0.3660254037844388,0.0,-0.2857142857142857,0.2089766606822262
-0.5,1.0,2.0,0.4,0.4258720930232558,0.4382183908045977,0.4798870853916726,0.4400977995110023,0.12987012987012986,-0.2886751345948132,0.6339745962155612,0.0,-0.25,0.25685218432076656
-0.5,1.2,2.0,0.4,0.4258720930232558,0.4382183908045977,0.4629498941425547,0.43422982885085565,0.12987012987012986,-2.1211504774498138e-16,0.7320508075688774,0.0,-0.21428571428571427,0.30616397366846143
0.0,-1.0,-1.0,0.4,0.0625,0.4382183908045977,0.4629498941425547,0.31198044009779885,0.12987012987012986,0.2886751345948128,0.6339745962155615,0.0,-0.17857142857142858,0.32555356074207004
0.0,-0.8,-1.0,0.4,0.19622093023255813,0.07902298850574713,0.4629498941425547,0.23471882640586791,0.37518037518037517,0.49999999999999994,0.3660254037844388,0.0,-0.14285714285714285,0.3559545182525439
0.0,-0.6,-1.0,0.4,0.19622093023255813,0.21120689655172414,0.11009174311926606,0.15745721271393695,0.32611832611832614,0.5773502691896257,1.793007356604921e-16,0.0,-0.10714285714285714,0.3660083782166373
0.0,-0.4,0.0,0.4,0.5218023255813954,0.21120689655172414,0.2399435426958363,0.31198044009779885,0.27994227994227994,0.5,-0.3660254037844383,0.0,-0.07142857142857142,0.40694195092758884
0.0,-0.2,0.0,0.4,0.7398255813953488,0.5330459770114943,0.2399435426958363,0.4948655256723721,0.7215007215007215,0.2886751345948128,-0.6339745962155612,1.0,-0.03571428571428571,0.4696588868940754
0.0,0.0,0.0,0.4,0.7398255813953488,0.7485632183908046,0.5561044460127029,0.6777506112469436,0.7215007215007215,0.0,-0.7320508075688771,0.0,0.0,0.495751047277079
0.0,0.2,1.0,0.4,0.7398255813953488,0.7485632183908046,0.7678193366266761,0.7511002444987773,0.7243867243867244,-0.2886751345948128,-0.6339745962155612,0.0,0.03571428571428571,0.5218432076600843
0.0,0.4,1.0,0.4,0.9084302325581395,0.7485632183908046,0.7678193366266761,0.8078239608801948,0.7417027417027418,-0.5,-0.36602540378443876,0.0,0.07142857142857142,0.5615798922800718
0.0,0.6,1.0,0.4,0.9927325581395349,0.9152298850574713,0.7678193366266761,0.8929095354523219,0.7243867243867244,-0.577350269189626,0.0,0.0,0.10714285714285714,0.6068222621184919
0.0,0.8,2.0,0.4,1.0188953488372092,0.9985632183908046,0.9315455187014821,0.9867970660146691,0.7243867243867244,-0.5000000000000001,0.3660254037844388,0.0,0.14285714285714285,0.6556552962298026
0.0,1.0,2.0,0.4,0.9811046511627907,1.0244252873563218,1.013408609738885,1.0112469437652813,0.7243867243867244,-0.2886751345948132,0.6339745962155612,0.0,0.17857142857142858,0.7013764213046085
0.0,1.2,2.0,0.4,0.9694767441860465,0.9870689655172413,1.0388143966125618,1.0034229828850854,0.36363636363636365,-2.1211504774498138e-16,0.7320508075688774,0.0,0.21428571428571427,0.7461400359066427
0.5,-1.0,-1.0,0.4,0.9462209302325582,0.9755747126436781,1.0021171489061398,0.9789731051344747,0.4963924963924964,0.2886751345948128,0.6339745962155615,0.0,0.25,0.8189108318372227
0.5,-0.8,-1.0,0.4,1.0188953488372092,0.9525862068965517,0.9908256880733946,0.9916870415647919,0.4963924963924964,0.49999999999999994,0.3660254037844388,0.0,0.2857142857142857,0.8866546977857576
0.5,-0.6,-1.0,0.4,0.9927325581395349,1.0244252873563218,0.9682427664079041,0.999511002444988,0.8196248196248196,0.5773502691896257,1.793007356604921e-16,0.0,0.32142857142857145,0.9522441651705565
0.5,-0.4,0.0,0.4,0.9811046511627907,0.9985632183908046,1.0388143966125618,1.0112469437652813,1.0360750360750361,0.5,-0.3660254037844383,1.0,0.35714285714285715,0.9900658288450036
0.5,-0.2,0.0,0.4,0.9811046511627907,0.9870689655172413,1.013408609738885,0.9985330073349624,1.0360750360750361,0.2886751345948128,-0.6339745962155612,0.0,0.39285714285714285,1.0099341711549965
0.5,0.0,0.0,0.4,0.9811046511627907,0.9870689655172413,1.0021171489061398,0.9946210268948652,1.0360750360750361,0.0,-0.7320508075688771,0.0,0.42857142857142855,1.029802513464991
0.5,0.2,1.0,0.4,1.1031976744186047,0.9870689655172413,1.0021171489061398,1.0356968215158922,1.2034632034632036,-0.2886751345948128,-0.6339745962155612,0.0,0.4642857142857143,1.059724715739079
0.5,0.4,1.0,0.4,1.126453488372093,1.1077586206896552,1.0021171489061398,1.084596577017115,1.2871572871572872,-0.5,-0.36602540378443876,0.0,0.5,1.0776780371035313
0.5,0.6,1.0,0.4,1.1031976744186047,1.1307471264367817,1.1206774876499648,1.125672371638142,1.3131313131313131,-0.577350269189626,0.0,0.0,0.5357142857142857,1.086774386594853
0.5,0.8,2.0,0.4,1.0770348837209303,1.1077586206896552,1.1432604093154553,1.116870415647922,1.2756132756132756,-0.5000000000000001,0.3660254037844388,0.0,0.5714285714285714,1.0915619389587075
0.5,1.0,2.0,0.4,1.0188953488372092,1.081896551724138,1.1206774876499648,1.0806845965770162,1.2640692640692641,-0.2886751345948132,0.6339745962155612,0.0,0.6071428571428571,1.0946738479952118
0.5,1.2,2.0,0.4,1.004360465116279,1.0244252873563218,1.095271700776288,1.0474327628361855,1.240981240981241,-2.1211504774498138e-16,0.7320508075688774,0.0,0.6428571428571429,1.0975463794135243
1.0,-1.0,-1.0,0.4,1.004360465116279,1.0100574712643677,1.0388143966125618,1.0229828850855749,1.3131313131313131,0.2886751345948128,0.6339745962155615,0.0,0.6785714285714286,1.1023339317773788
1.0,-0.8,-1.0,0.4,1.004360465116279,1.0100574712643677,1.0247000705716303,1.018092909535452,1.2871572871572872,0.49999999999999994,0.3660254037844388,0.0,0.7142857142857143,1.1011370436864147
1.0,-0.6,-1.0,0.4,0.9927325581395349,1.0100574712643677,1.0247000705716303,1.0141809290953547,1.2756132756132756,0.5773502691896257,1.793007356604921e-16,0.0,0.75,1.1011370436864147
1.0,-0.4,0.0,0.4,1.0305232558139534,0.9985632183908046,1.0247000705716303,1.0229828850855749,1.2756132756132756,0.5,-0.3660254037844383,1.0,0.7857142857142857,1.1052064631956913
1.0,-0.2,0.0,0.4,1.1031976744186047,1.035919540229885,1.013408609738885,1.0562347188264056,1.2756132756132756,0.2886751345948128,-0.6339745962155612,0.0,0.8214285714285714,1.1152603231597846
1.0,0.0,0.0,0.4,0.9811046511627907,1.1077586206896552,1.050105857445307,1.0523227383863083,1.3968253968253967,0.0,-0.7320508075688771,0.0,0.8571428571428571,1.1152603231597846
1.0,0.2,1.0,0.4,0.9811046511627907,0.9870689655172413,1.1206774876499648,1.0356968215158922,1.41991341991342,-0.2886751345948128,-0.6339745962155612,0.0,0.8928571428571429,1.1052064631956913
1.0,0.4,1.0,0.4,0.9811046511627907,0.9870689655172413,1.0021171489061398,0.9946210268948652,1.3968253968253967,-0.5,-0.36602540378443876,0.0,0.9285714285714286,1.0932375822860556
1.0,0.6,1.0,0.4,0.9811046511627907,0.9870689655172413,1.0021171489061398,0.9946210268948652,1.3708513708513708,-0.577350269189626,0.0,0.0,0.9642857142857143,1.0831837223219623
1.0,0.8,2.0,0.4,0.9811046511627907,0.9870689655172413,1.0021171489061398,0.9946210268948652,1.3131313131313131,-0.5000000000000001,0.3660254037844388,0.0,1.0,1.0752842609216033
-1.0,-1.0,-1.0,0.6,-0.7456395348837209,-0.7169540229885057,-0.6718419195483416,-0.7462102689486553,-0.227994227994228,0.2886751345948128,0.6339745962155615,0.0,-1.0357142857142858,-0.6748055056852181
-1.0,-0.8,-1.0,0.6,-0.7456395348837209,-0.7198275862068966,-0.6718419195483416,-0.7471882640586792,-0.5396825396825397,0.49999999999999994,0.3660254037844388,0.0,-1.0,-0.6922800718132854
-1.0,-0.6,-1.0,0.6,-0.748546511627907,-0.7198275862068966,-0.6746647847565279,-0.7491442542787287,-0.5339105339105339,0.5773502691896257,1.793007356604921e-16,0.0,-0.9642857142857143,-0.6841412327947334
-1.0,-0.4,0.0,0.6,-0.7601744186046512,-0.7227011494252874,-0.6746647847565279,-0.7540342298288506,-0.5339105339105339,0.5,-0.3660254037844383,0.0,-0.9285714285714286,-0.6774386594853384
-1.0,-0.2,0.0,0.6,-0.7427325581395349,-0.7341954022988506,-0.6774876499647142,-0.7530562347188259,-0.9783549783549783,0.2886751345948128,-0.6339745962155612,1.0,-0.8928571428571429,-0.6692998204667864
-1.0,0.0,0.0,0.6,-0.6177325581395349,-0.7169540229885057,-0.6887791107974595,-0.7090464547677257,-0.04040404040404041,0.0,-0.7320508075688771,0.0,-0.8571428571428571,-0.6140035906642729
-1.0,0.2,1.0,0.6,-0.8357558139534884,-0.5933908045977011,-0.6718419195483416,-0.734474327628362,-0.4357864357864358,-0.2886751345948128,-0.6339745962155612,0.0,-0.8214285714285714,-0.6544584081388393
-1.0,0.4,1.0,0.6,-0.7340116279069767,-0.8089080459770115,-0.5504587155963303,-0.7315403422982886,-0.455988455988456,-0.5,-0.36602540378443876,0.0,-0.7857142857142857,-0.6537402752842612
-1.0,0.6,1.0,0.6,-0.6555232558139535,-0.7083333333333334,-0.7621736062103035,-0.7442542787286058,-0.44733044733044736,-0.577350269189626,0.0,0.0,-0.75,-0.6448833034111311
-1.0,0.8,2.0,0.6,-0.7311046511627907,-0.6307471264367817,-0.6633733239237827,-0.7090464547677257,-0.4357864357864358,-0.5000000000000001,0.3660254037844388,0.0,-0.7142857142857143,-0.6429682824655898
-1.0,1.0,2.0,0.6,-0.7252906976744186,-0.7054597701149425,-0.5871559633027523,-0.7061124694376524,-0.4357864357864358,-0.2886751345948132,0.6339745962155612,0.0,-0.6785714285714286,-0.6415320167564336
-1.0,1.2,2.0,0.6,-0.7311046511627907,-0.6997126436781609,-0.6605504587155964,-0.7315403422982886,-0.43867243867243866,-2.1211504774498138e-16,0.7320508075688774,0.0,-0.6428571428571429,-0.6405745062836625
-0.5,-1.0,-1.0,0.6,-0.7194767441860465,-0.7054597701149425,-0.6549047282992237,-0.7276283618581905,-0.43867243867243866,0.2886751345948128,0.6339745962155615,0.0,-0.6071428571428571,-0.6384201077199282
-0.5,-0.8,-1.0,0.6,-0.7194767441860465,-0.6939655172413793,-0.6605504587155964,-0.7256723716381419,-0.44155844155844154,0.49999999999999994,0.3660254037844388,0.0,-0.5714285714285714,-0.6362657091561938
-0.5,-0.6,-1.0,0.6,-0.6438953488372093,-0.6939655172413793,-0.6492589978828511,-0.6963325183374084,-0.4531024531024531,0.5773502691896257,1.793007356604921e-16,0.0,-0.5357142857142857,-0.6276481149012567
-0.5,-0.4,0.0,0.6,-0.6468023255813954,-0.6192528735632183,-0.6492589978828511,-0.6718826405867969,-0.4357864357864358,0.5,-0.3660254037844383,0.0,-0.5,-0.6183123877917415
-0.5,-0.2,0.0,0.6,-0.6468023255813954,-0.6221264367816092,-0.5758645024700071,-0.6474327628361853,-0.3116883116883117,0.2886751345948128,-0.6339745962155612,1.0,-0.4642857142857143,-0.6104129263913824
-0.5,0.0,0.0,0.6,-0.4752906976744186,-0.6221264367816092,-0.5786873676781934,-0.5907090464547678,-0.5281385281385281,0.0,-0.7320508075688771,0.0,-0.42857142857142855,-0.5986834230999398
-0.5,0.2,1.0,0.6,-0.3502906976744186,-0.4525862068965517,-0.5786873676781934,-0.49095354523227397,-0.42712842712842713,-0.2886751345948128,-0.6339745962155612,0.0,-0.39285714285714285,-0.5587073608617594
-0.5,0.4,1.0,0.6,-0.40261627906976744,-0.3290229885057471,-0.41213832039520115,-0.40880195599022023,-0.3492063492063492,-0.5,-0.36602540378443876,0.0,-0.35714285714285715,-0.5314183123877917
-0.5,0.6,1.0,0.6,-0.3938953488372093,-0.3807471264367816,-0.29075511644318985,-0.3814180929095353,-0.42424242424242425,-0.577350269189626,0.0,0.0,-0.32142857142857145,-0.5098743267504489
-0.5,0.8,2.0,0.6,-0.39098837209302323,-0.37212643678160917,-0.3415666901905434,-0.39511002444987736,-0.4184704184704185,-0.5000000000000001,0.3660254037844388,0.0,-0.2857142857142857,-0.48186714542190306
-0.5,1.0,2.0,0.6,-0.3938953488372093,-0.3692528735632184,-0.3330980945659845,-0.39217603911980403,-0.42424242424242425,-0.2886751345948132,0.6339745962155612,0.0,-0.25,-0.4545780969479354
-0.5,1.2,2.0,0.6,-0.376453488372093,-0.37212643678160917,-0.3302752293577982,-0.3863080684596573,-0.4126984126984127,-2.1211504774498138e-16,0.7320508075688774,0.0,-0.21428571428571427,-0.42537402752842635
0.0,-1.0,-1.0,0.6,-0.3793604651162791,-0.35488505747126436,-0.3330980945659845,-0.3823960880195601,-0.4126984126984127,0.2886751345948128,0.6339745962155615,0.0,-0.17857142857142858,-0.3973668461998806
0.0,-0.8,-1.0,0.6,-0.3328488372093023,-0.3577586206896552,-0.31616090331686664,-0.3618581907090466,-0.33766233766233766,0.49999999999999994,0.3660254037844388,0.0,-0.14285714285714285,-0.3655296229802513
0.0,-0.6,-1.0,0.6,-0.9811046511627907,-0.3117816091954023,-0.31898376852505295,-0.5652811735941315,-0.34054834054834054,0.5773502691896257,1.793007356604921e-16,0.0,-0.10714285714285714,-0.39329742669060413
0.0,-0.4,0.0,0.6,-0.26308139534883723,-0.9525862068965517,-0.273817925194072,-0.5261613691931541,-0.34054834054834054,0.5,-0.3660254037844383,0.0,-0.07142857142857142,-0.3616995810891679
0.0,-0.2,0.0,0.6,0.01308139534883721,-0.24281609195402298,-0.903316866619619,-0.4097799511002441,-0.17027417027417027,0.2886751345948128,-0.6339745962155612,1.0,-0.03571428571428571,-0.3073608617594255
0.0,0.0,0.0,0.6,0.01308139534883721,0.03017241379310345,-0.20606916019760058,-0.07530562347188319,-0.046176046176046176,0.0,-0.7320508075688771,0.0,0.0,-0.26714542190305207
0.0,0.2,1.0,0.6,0.01308139534883721,0.03017241379310345,0.062103034580098804,0.017603911980440094,-0.09812409812409813,-0.2886751345948128,-0.6339745962155612,0.0,0.03571428571428571,-0.23722321962896498
0.0,0.4,1.0,0.6,0.19622093023255813,0.03017241379310345,0.062103034580098804,0.07921760391198042,-0.08946608946608947,-0.5,-0.36602540378443876,0.0,0.07142857142857142,-0.18791143028126842
0.0,0.6,1.0,0.6,0.19040697674418605,0.21120689655172414,0.062103034580098804,0.13887530562347128,-0.08658008658008658,-0.577350269189626,0.0,0.0,0.10714285714285714,-0.13979652902453593
0.0,0.8,2.0,0.6,0.17587209302325582,0.20545977011494254,0.2399435426958363,0.19364303178484102,-0.08946608946608947,-0.5000000000000001,0.3660254037844388,0.0,0.14285714285714285,-0.09311789347696046
0.0,1.0,2.0,0.6,0.16715116279069767,0.1910919540229885,0.23429781227946367,0.18386308068459709,-0.07215007215007214,-0.2886751345948132,0.6339745962155612,0.0,0.17857142857142858,-0.04691801316576844
0.0,1.2,2.0,0.6,0.1613372093023256,0.1824712643678161,0.22018348623853212,0.17408312958435146,-0.07503607503607504,-2.1211504774498138e-16,0.7320508075688774,0.0,0.21428571428571427,-0.002633153800120246
0.5,-1.0,-1.0,0.6,0.1613372093023256,0.17672413793103448,0.2117148906139732,0.16919315403423035,-0.02886002886002886,0.2886751345948128,0.6339745962155615,0.0,0.25,0.04189108318372176
0.5,-0.8,-1.0,0.6,0.20494186046511628,0.17672413793103448,0.20606916019760058,0.18190709046454762,-0.6724386724386724,0.49999999999999994,0.3660254037844388,0.0,0.2857142857142857,0.08617594254937164
0.5,-0.6,-1.0,0.6,0.20494186046511628,0.21982758620689655,0.20606916019760058,0.19657701711491438,0.04040404040404041,0.5773502691896257,1.793007356604921e-16,0.0,0.32142857142857145,0.18384201077199283
0.5,-0.4,0.0,0.6,0.19912790697674418,0.21982758620689655,0.24841213832039521,0.20929095354523164,0.31457431457431456,0.5,-0.3660254037844383,1.0,0.35714285714285715,0.22190305206463196
0.5,-0.2,0.0,0.6,0.2369186046511628,0.21408045977011494,0.24841213832039521,0.22004889975550115,0.31457431457431456,0.2886751345948128,-0.6339745962155612,0.0,0.39285714285714285,0.24033512866547033
0.5,0.0,0.0,0.6,0.08284883720930232,0.2514367816091954,0.2427664079040226,0.1789731051344743,0.31457431457431456,0.0,-0.7320508075688771,0.0,0.42857142857142855,0.24608019150209512
0.5,0.2,1.0,0.6,0.2601744186046512,0.09913793103448276,0.2794636556104446,0.1995110024449877,0.4963924963924964,-0.2886751345948128,-0.6339745962155612,0.0,0.4642857142857143,0.26642728904847396
0.5,0.4,1.0,0.6,0.2805232558139535,0.2744252873563218,0.12985179957657023,0.21418092909535447,0.4906204906204906,-0.5,-0.36602540378443876,0.0,0.5,0.2733692399760628
0.5,0.6,1.0,0.6,0.251453488372093,0.29454022988505746,0.3020465772759351,0.27090464547677195,0.47619047619047616,-0.577350269189626,0.0,0.0,0.5357142857142857,0.27839616995810945
0.5,0.8,2.0,0.6,0.24273255813953487,0.26580459770114945,0.32180663373323926,0.2650366748166253,0.4675324675324675,-0.5000000000000001,0.3660254037844388,0.0,0.5714285714285714,0.28390185517654043
0.5,1.0,2.0,0.6,0.2369186046511628,0.257183908045977,0.29357798165137616,0.25036674816625853,0.46176046176046176,-0.2886751345948132,0.6339745962155612,0.0,0.6071428571428571,0.2896469180131652
0.5,1.2,2.0,0.6,0.21075581395348839,0.2514367816091954,0.28510938602681724,0.23667481662591738,0.46176046176046176,-2.1211504774498138e-16,0.7320508075688774,0.0,0.6428571428571429,0.29371633752244164
1.0,-1.0,-1.0,0.6,0.19912790697674418,0.22557471264367815,0.2794636556104446,0.22200488997555062,0.5050505050505051,0.2886751345948128,0.6339745962155615,0.0,0.6785714285714286,0.2968282465589462
1.0,-0.8,-1.0,0.6,0.1933139534883721,0.21408045977011494,0.25405786873676783,0.2073349633251839,0.5050505050505051,0.49999999999999994,0.3660254037844388,0.0,0.7142857142857143,0.2958707360861759
1.0,-0.6,-1.0,0.6,0.21075581395348839,0.20833333333333334,0.2427664079040226,0.2073349633251839,0.49927849927849927,0.5773502691896257,1.793007356604921e-16,0.0,0.75,0.2963494913225619
1.0,-0.4,0.0,0.6,0.20784883720930233,0.22557471264367815,0.23712067748764998,0.21026894865525722,0.5367965367965368,0.5,-0.3660254037844383,1.0,0.7857142857142857,0.29706762417714
1.0,-0.2,0.0,0.6,0.2688953488372093,0.22270114942528735,0.25405786873676783,0.23569682151589177,0.3838383838383838,0.2886751345948128,-0.6339745962155612,0.0,0.8214285714285714,0.2997007779772586
1.0,0.0,0.0,0.6,0.2747093023255814,0.28304597701149425,0.2512350035285815,0.2572127139364308,0.5598845598845599,0.0,-0.7320508075688771,0.0,0.8571428571428571,0.3154997007779767
1.0,0.2,1.0,0.6,0.26308139534883723,0.28879310344827586,0.310515172900494,0.2757946210268948,0.5800865800865801,-0.2886751345948128,-0.6339745962155612,0.0,0.8928571428571429,0.3157390783961705
1.0,0.4,1.0,0.6,0.25726744186046513,0.27729885057471265,0.31616090331686664,0.27188264058679756,0.5512265512265512,-0.5,-0.36602540378443876,0.0,0.9285714285714286,0.31382405745062836
1.0,0.6,1.0,0.6,0.26308139534883723,0.27155172413793105,0.3048694424841214,0.2679706601466986,0.5425685425685426,-0.577350269189626,0.0,0.0,0.9642857142857143,0.3147815679233986
1.0,0.8,2.0,0.6,0.26308139534883723,0.27729885057471265,0.2992237120677488,0.2679706601466986,0.5367965367965368,-0.5000000000000001,0.3660254037844388,0.0,1.0,0.3164572112507486
-1.0,-0.8,-1.0,0.8,-0.690406976744186,-0.6652298850574713,-0.621030345800988,-0.6924205378973103,-0.6724386724386724,0.49999999999999994,0.3660254037844388,0.0,-1.0,-0.6853381208856975
-1.0,-0.6,-1.0,0.8,-0.690406976744186,-0.6652298850574713,-0.621030345800988,-0.6924205378973103,-0.6724386724386724,0.5773502691896257,1.793007356604921e-16,0.0,-0.9642857142857143,-0.6614003590664272
-1.0,-0.4,0.0,0.8,-0.690406976744186,-0.6652298850574713,-0.621030345800988,-0.6924205378973103,-0.6724386724386724,0.5,-0.3660254037844383,0.0,-0.9285714285714286,-0.6374625972471571
-1.0,-0.2,0.0,0.8,-0.690406976744186,-0.6652298850574713,-0.621030345800988,-0.6924205378973103,-0.6724386724386724,0.2886751345948128,-0.6339745962155612,1.0,-0.8928571428571429,-0.6135248354278877
-1.0,0.0,0.0,0.8,-0.690406976744186,-0.6652298850574713,-0.621030345800988,-0.6924205378973103,0.049062049062049064,0.0,-0.7320508075688771,0.0,-0.8571428571428571,-0.5895870736086176
-1.0,0.2,1.0,0.8,-0.690406976744186,-0.6652298850574713,-0.621030345800988,-0.6924205378973103,-0.6724386724386724,-0.2886751345948128,-0.6339745962155612,0.0,-0.8214285714285714,-0.6254937163375225
-1.0,0.4,1.0,0.8,-0.690406976744186,-0.6652298850574713,-0.621030345800988,-0.6924205378973103,-0.39826839826839827,-0.5,-0.36602540378443876,0.0,-0.7857142857142857,-0.6015559545182523
-1.0,0.6,1.0,0.8,-0.690406976744186,-0.6652298850574713,-0.621030345800988,-0.6924205378973103,-0.3838383838383838,-0.577350269189626,0.0,0.0,-0.75,-0.6003590664272891
-1.0,0.8,2.0,0.8,-0.690406976744186,-0.6652298850574713,-0.621030345800988,-0.6924205378973103,-0.3838383838383838,-0.5000000000000001,0.3660254037844388,0.0,-0.7142857142857143,-0.6003590664272891
-1.0,1.0,2.0,0.8,-0.690406976744186,-0.6652298850574713,-0.621030345800988,-0.6924205378973103,-0.3838383838383838,-0.2886751345948132,0.6339745962155612,0.0,-0.6785714285714286,-0.6003590664272891
-1.0,1.2,2.0,0.8,-0.690406976744186,-0.6652298850574713,-0.621030345800988,-0.6924205378973103,-0.3838383838383838,-2.1211504774498138e-16,0.7320508075688774,0.0,-0.6428571428571429,-0.6003590664272891
-0.5,-1.0,-1.0,0.8,-0.690406976744186,-0.6652298850574713,-0.621030345800988,-0.6924205378973103,-0.3838383838383838,0.2886751345948128,0.6339745962155615,0.0,-0.6071428571428571,-0.6003590664272891
-0.5,-0.8,-1.0,0.8,-0.690406976744186,-0.6652298850574713,-0.621030345800988,-0.6924205378973103,-0.3838383838383838,0.49999999999999994,0.3660254037844388,0.0,-0.5714285714285714,-0.6003590664272891
-0.5,-0.6,-1.0,0.8,-0.690406976744186,-0.6652298850574713,-0.621030345800988,-0.6924205378973103,-0.3838383838383838,0.5773502691896257,1.793007356604921e-16,0.0,-0.5357142857142857,-0.6003590664272891
-0.5,-0.4,0.0,0.8,-0.690406976744186,-0.6652298850574713,-0.621030345800988,-0.6924205378973103,-0.3838383838383838,0.5,-0.3660254037844383,0.0,-0.5,-0.6003590664272891
-0.5,-0.2,0.0,0.8,-0.7630813953488372,-0.6652298850574713,-0.621030345800988,-0.7168704156479219,-0.3838383838383838,0.2886751345948128,-0.6339745962155612,1.0,-0.4642857142857143,-0.6063435068821068
-0.5,0.0,0.0,0.8,-0.7630813953488372,-0.7370689655172413,-0.621030345800988,-0.7413202933985326,-0.3838383838383838,0.0,-0.7320508075688771,0.0,-0.42857142857142855,-0.6123279473369238
-0.5,0.2,1.0,0.8,-0.7630813953488372,-0.7370689655172413,-0.6916019760056458,-0.765770171149144,-0.3838383838383838,-0.2886751345948128,-0.6339745962155612,0.0,-0.39285714285714285,-0.6183123877917415
-0.5,0.4,1.0,0.8,-0.501453488372093,-0.7370689655172413,-0.6916019760056458,-0.6777506112469436,-0.3838383838383838,-0.5,-0.36602540378443876,0.0,-0.35714285714285715,-0.6027528426092164
-0.5,0.6,1.0,0.8,-0.501453488372093,-0.47844827586206895,-0.6916019760056458,-0.5897310513447431,-0.3838383838383838,-0.577350269189626,0.0,0.0,-0.32142857142857145,-0.5871932974266904
-0.5,0.8,2.0,0.8,-0.5741279069767442,-0.47844827586206895,-0.43754410726887794,-0.5261613691931541,-0.3838383838383838,-0.5000000000000001,0.3660254037844388,0.0,-0.2857142857142857,-0.577618192698983
-0.5,1.0,2.0,0.8,-0.5741279069767442,-0.5502873563218391,-0.43754410726887794,-0.5506112469437648,-0.3838383838383838,-0.2886751345948132,0.6339745962155612,0.0,-0.25,-0.5680430879712747
-0.5,1.2,2.0,0.8,-0.5741279069767442,-0.5502873563218391,-0.5081157374735357,-0.5750611246943763,-0.3838383838383838,-2.1211504774498138e-16,0.7320508075688774,0.0,-0.21428571428571427,-0.5584679832435665
0.0,-1.0,-1.0,0.8,-0.5741279069767442,-0.5502873563218391,-0.5081157374735357,-0.5750611246943763,-0.3838383838383838,0.2886751345948128,0.6339745962155615,0.0,-0.17857142857142858,-0.548892878515859
0.0,-0.8,-1.0,0.8,-0.5741279069767442,-0.5502873563218391,-0.5081157374735357,-0.5750611246943763,-0.3838383838383838,0.49999999999999994,0.3660254037844388,0.0,-0.14285714285714285,-0.5393177737881508
0.0,-0.6,-1.0,0.8,-0.5741279069767442,-0.5502873563218391,-0.5081157374735357,-0.5750611246943763,-0.3838383838383838,0.5773502691896257,1.793007356604921e-16,0.0,-0.10714285714285714,-0.5297426690604425
0.0,-0.4,0.0,0.8,-0.5741279069767442,-0.5502873563218391,-0.5081157374735357,-0.5750611246943763,-0.455988455988456,0.5,-0.3660254037844383,0.0,-0.07142857142857142,-0.5201675643327351
0.0,-0.2,0.0,0.8,-0.5741279069767442,-0.5502873563218391,-0.5081157374735357,-0.5750611246943763,-0.455988455988456,0.2886751345948128,-0.6339745962155612,1.0,-0.03571428571428571,-0.5046080191502091
0.0,0.0,0.0,0.8,-0.5741279069767442,-0.5502873563218391,-0.5081157374735357,-0.5750611246943763,-0.455988455988456,0.0,-0.7320508075688771,0.0,0.0,-0.489048473967684
0.0,0.2,1.0,0.8,-0.5741279069767442,-0.5502873563218391,-0.5081157374735357,-0.5750611246943763,-0.19624819624819625,-0.2886751345948128,-0.6339745962155612,0.0,0.03571428571428571,-0.47348892878515886
0.0,0.4,1.0,0.8,0.32703488372093026,-0.5502873563218391,-0.5081157374735357,-0.27188264058679673,-0.19624819624819625,-0.5,-0.36602540378443876,0.0,0.07142857142857142,-0.4052663076002397
0.0,0.6,1.0,0.8,0.32703488372093026,0.34051724137931033,-0.5081157374735357,0.031295843520782955,-0.2683982683982684,-0.577350269189626,0.0,0.0,0.10714285714285714,-0.33704368641532045
0.0,0.8,2.0,0.8,0.32703488372093026,0.34051724137931033,0.3669724770642202,0.33447432762836177,-0.2683982683982684,-0.5000000000000001,0.3660254037844388,0.0,0.14285714285714285,-0.2628366247755835
0.0,1.0,2.0,0.8,0.32703488372093026,0.34051724137931033,0.3669724770642202,0.33447432762836177,-0.2683982683982684,-0.2886751345948132,0.6339745962155612,0.0,0.17857142857142858,-0.18862956313584653
0.0,1.2,2.0,0.8,0.32703488372093026,0.34051724137931033,0.3669724770642202,0.33447432762836177,-0.2683982683982684,-2.1211504774498138e-16,0.7320508075688774,0.0,0.21428571428571427,-0.1144225014961104
0.5,-1.0,-1.0,0.8,0.32703488372093026,0.34051724137931033,0.3669724770642202,0.33447432762836177,-0.2683982683982684,0.2886751345948128,0.6339745962155615,0.0,0.25,-0.04021543985637343
0.5,-0.8,-1.0,0.8,0.32703488372093026,0.34051724137931033,0.3669724770642202,0.33447432762836177,-0.2683982683982684,0.49999999999999994,0.3660254037844388,0.0,0.2857142857142857,0.0339916217833627
0.5,-0.6,-1.0,0.8,0.32703488372093026,0.34051724137931033,0.3669724770642202,0.33447432762836177,-0.2683982683982684,0.5773502691896257,1.793007356604921e-16,0.0,0.32142857142857145,0.1081986834231005
0.5,-0.4,0.0,0.8,0.32703488372093026,0.34051724137931033,0.3669724770642202,0.33447432762836177,-0.2683982683982684,0.5,-0.3660254037844383,1.0,0.35714285714285715,0.18240574506283663
0.5,-0.2,0.0,0.8,0.32703488372093026,0.34051724137931033,0.3669724770642202,0.33447432762836177,-0.2683982683982684,0.2886751345948128,-0.6339745962155612,0.0,0.39285714285714285,0.25661280670257275
0.5,0.0,0.0,0.8,0.6177325581395349,0.34051724137931033,0.3669724770642202,0.43227383863080615,-0.2683982683982684,0.0,-0.7320508075688771,0.0,0.42857142857142855,0.3547576301615799
0.5,0.2,1.0,0.8,0.32703488372093026,0.6278735632183908,0.3669724770642202,0.43227383863080615,0.6262626262626263,-0.2886751345948128,-0.6339745962155612,0.0,0.4642857142857143,0.428964691801316
0.5,0.4,1.0,0.8,0.32703488372093026,0.34051724137931033,0.6492589978828511,0.43227383863080615,0.6262626262626263,-0.5,-0.36602540378443876,0.0,0.5,0.428964691801316
0.5,0.6,1.0,0.8,0.32703488372093026,0.34051724137931033,0.3669724770642202,0.33447432762836177,0.6262626262626263,-0.577350269189626,0.0,0.0,0.5357142857142857,0.428964691801316
0.5,0.8,2.0,0.8,0.32703488372093026,0.34051724137931033,0.3669724770642202,0.33447432762836177,0.6262626262626263,-0.5000000000000001,0.3660254037844388,0.0,0.5714285714285714,0.428964691801316
0.5,1.0,2.0,0.8,0.32703488372093026,0.34051724137931033,0.3669724770642202,0.33447432762836177,0.6262626262626263,-0.2886751345948132,0.6339745962155612,0.0,0.6071428571428571,0.428964691801316
0.5,1.2,2.0,0.8,0.32703488372093026,0.34051724137931033,0.3669724770642202,0.33447432762836177,0.6262626262626263,-2.1211504774498138e-16,0.7320508075688774,0.0,0.6428571428571429,0.428964691801316
1.0,-1.0,-1.0,0.8,0.32703488372093026,0.34051724137931033,0.3669724770642202,0.33447432762836177,0.6262626262626263,0.2886751345948128,0.6339745962155615,0.0,0.6785714285714286,0.428964691801316
1.0,-0.8,-1.0,0.8,0.32703488372093026,0.34051724137931033,0.3669724770642202,0.33447432762836177,0.6262626262626263,0.49999999999999994,0.3660254037844388,0.0,0.7142857142857143,0.428964691801316
1.0,-0.6,-1.0,0.8,0.32703488372093026,0.34051724137931033,0.3669724770642202,0.33447432762836177,0.6262626262626263,0.5773502691896257,1.793007356604921e-16,0.0,0.75,0.428964691801316
1.0,-0.4,0.0,0.8,0.32703488372093026,0.34051724137931033,0.3669724770642202,0.33447432762836177,0.6262626262626263,0.5,-0.3660254037844383,1.0,0.7857142857142857,0.428964691801316
1.0,-0.2,0.0,0.8,0.32703488372093026,0.34051724137931033,0.3669724770642202,0.33447432762836177,0.9148629148629148,0.2886751345948128,-0.6339745962155612,0.0,0.8214285714285714,0.428964691801316
1.0,0.0,0.0,0.8,0.32703488372093026,0.34051724137931033,0.3669724770642202,0.33447432762836177,0.6262626262626263,0.0,-0.7320508075688771,0.0,0.8571428571428571,0.4050269299820467
1.0,0.2,1.0,0.8,0.32703488372093026,0.34051724137931033,0.3669724770642202,0.33447432762836177,0.6262626262626263,-0.2886751345948128,-0.6339745962155612,0.0,0.8928571428571429,0.4050269299820467
1.0,0.4,1.0,0.8,0.32703488372093026,0.34051724137931033,0.3669724770642202,0.33447432762836177,0.6262626262626263,-0.5,-0.36602540378443876,0.0,0.9285714285714286,0.4050269299820467
1.0,0.6,1.0,0.8,0.32703488372093026,0.34051724137931033,0.3669724770642202,0.33447432762836177,0.6262626262626263,-0.577350269189626,0.0,0.0,0.9642857142857143,0.4050269299820467
1.0,0.8,2.0,0.8,0.32703488372093026,0.34051724137931033,0.3669724770642202,0.33447432762836177,0.6262626262626263,-0.5000000000000001,0.3660254037844388,0.0,1.0,0.4050269299820467
