tahun,bulan,kuartal,wilayah_enc,harga_lag1,harga_lag2,harga_lag3,harga_rolling3,harga_lag12,sin_bulan,cos_bulan,is_lebaran_month,tren_index,harga_rolling12
-1.0,-0.8,-1.0,-1.0,-0.8197530864197531,-0.7560975609756098,-0.7142857142857143,-0.782608695652174,-0.026785714285714284,0.49999999999999994,0.3660254037844388,0.0,-1.0,-0.5041984732824432
-1.0,-0.6,-1.0,-1.0,-0.7506172839506173,-0.7560975609756098,-0.7142857142857143,-0.7600644122383254,-0.044642857142857144,0.5773502691896257,1.793007356604921e-16,0.0,-0.9642857142857143,-0.508015267175573
-1.0,-0.4,0.0,-1.0,-0.7703703703703704,-0.6878048780487804,-0.7142857142857143,-0.7439613526570048,-0.044642857142857144,0.5,-0.3660254037844383,0.0,-0.9285714285714286,-0.5118320610687026
-1.0,-0.2,0.0,-1.0,-0.7209876543209877,-0.7073170731707317,-0.6476190476190476,-0.7117552334943641,-0.044642857142857144,0.2886751345948128,-0.6339745962155612,1.0,-0.8928571428571429,-0.5118320610687026
-1.0,0.0,0.0,-1.0,-0.7209876543209877,-0.6585365853658537,-0.6666666666666666,-0.7020933977455718,-0.044642857142857144,0.0,-0.7320508075688771,0.0,-0.8571428571428571,-0.5118320610687026
-1.0,0.2,1.0,-1.0,-0.7209876543209877,-0.6585365853658537,-0.6190476190476191,-0.6859903381642513,-0.044642857142857144,-0.2886751345948128,-0.6339745962155612,0.0,-0.8214285714285714,-0.5118320610687026
-1.0,0.4,1.0,-1.0,-0.7407407407407407,-0.6585365853658537,-0.6190476190476191,-0.6924315619967795,-0.0625,-0.5,-0.36602540378443876,0.0,-0.7857142857142857,-0.5133587786259546
-1.0,0.6,1.0,-1.0,-0.7209876543209877,-0.6780487804878049,-0.6190476190476191,-0.6924315619967795,-0.07142857142857142,-0.577350269189626,0.0,0.0,-0.75,-0.5118320610687026
-1.0,0.8,2.0,-1.0,-0.7407407407407407,-0.6585365853658537,-0.638095238095238,-0.6988727858293075,-0.07142857142857142,-0.5000000000000001,0.3660254037844388,0.0,-0.7142857142857143,-0.5110687022900767
-1.0,1.0,2.0,-1.0,-0.7407407407407407,-0.6780487804878049,-0.6190476190476191,-0.6988727858293075,-0.13392857142857142,-0.2886751345948132,0.6339745962155612,0.0,-0.6785714285714286,-0.5103053435114508
-1.0,1.2,2.0,-1.0,-0.7209876543209877,-0.6780487804878049,-0.638095238095238,-0.6988727858293075,-0.13392857142857142,-2.1211504774498138e-16,0.7320508075688774,0.0,-0.6428571428571429,-0.5026717557251911
-0.5,-1.0,-1.0,-1.0,-0.7012345679012346,-0.6585365853658537,-0.638095238095238,-0.6859903381642513,-0.13392857142857142,0.2886751345948128,0.6339745962155615,0.0,-0.6071428571428571,-0.49351145038167965
-0.5,-0.8,-1.0,-1.0,-0.7012345679012346,-0.6390243902439025,-0.6190476190476191,-0.673107890499195,-0.07142857142857142,0.49999999999999994,0.3660254037844388,0.0,-0.5714285714285714,-0.48435114503816823
-0.5,-0.6,-1.0,-1.0,-0.6518518518518519,-0.6390243902439025,-0.6,-0.6505636070853461,-0.08928571428571429,0.5773502691896257,1.793007356604921e-16,0.0,-0.5357142857142857,-0.4767175572519088
-0.5,-0.4,0.0,-1.0,-0.671604938271605,-0.5902439024390244,-0.6,-0.6409017713365538,-0.044642857142857144,0.5,-0.3660254037844383,0.0,-0.5,-0.46908396946564934
-0.5,-0.2,0.0,-1.0,-0.6518518518518519,-0.6097560975609756,-0.5523809523809524,-0.6247987117552336,-0.044642857142857144,0.2886751345948128,-0.6339745962155612,1.0,-0.4642857142857143,-0.4637404580152675
-0.5,0.0,0.0,-1.0,-0.6024691358024692,-0.5902439024390244,-0.5714285714285714,-0.6086956521739131,-0.044642857142857144,0.0,-0.7320508075688771,0.0,-0.42857142857142855,-0.454580152671756
-0.5,0.2,1.0,-1.0,-0.6024691358024692,-0.5414634146341464,-0.5523809523809524,-0.5861513687600646,-0.0625,-0.2886751345948128,-0.6339745962155612,0.0,-0.39285714285714285,-0.4454198473282446
-0.5,0.4,1.0,-1.0,-0.5432098765432098,-0.5414634146341464,-0.5047619047619047,-0.5507246376811594,-0.044642857142857144,-0.5,-0.36602540378443876,0.0,-0.35714285714285715,-0.4301526717557257
-0.5,0.6,1.0,-1.0,-0.5432098765432098,-0.48292682926829267,-0.5047619047619047,-0.5314009661835749,-0.0625,-0.577350269189626,0.0,0.0,-0.32142857142857145,-0.4164122137404585
-0.5,0.8,2.0,-1.0,-0.454320987654321,-0.48292682926829267,-0.44761904761904764,-0.4830917874396135,-0.0625,-0.5000000000000001,0.3660254037844388,0.0,-0.2857142857142857,-0.3942748091603057
-0.5,1.0,2.0,-1.0,-0.4444444444444444,-0.3951219512195122,-0.44761904761904764,-0.45088566827697274,-0.044642857142857144,-0.2886751345948132,0.6339745962155612,0.0,-0.25,-0.3713740458015271
-0.5,1.2,2.0,-1.0,-0.17777777777777778,-0.3853658536585366,-0.3619047619047619,-0.33172302737520154,-0.026785714285714284,-2.1211504774498138e-16,0.7320508075688774,0.0,-0.21428571428571427,-0.3293893129770998
0.0,-1.0,-1.0,-1.0,0.16790123456790124,-0.12195121951219512,-0.3523809523809524,-0.12882447665056385,-0.026785714285714284,0.2886751345948128,0.6339745962155615,0.0,-0.17857142857142858,-0.2622137404580156
0.0,-0.8,-1.0,-1.0,0.4641975308641975,0.21951219512195122,-0.09523809523809523,0.16747181964573293,0.017857142857142856,0.49999999999999994,0.3660254037844388,0.0,-0.14285714285714285,-0.17213740458015309
0.0,-0.6,-1.0,-1.0,0.4641975308641975,0.5121951219512195,0.23809523809523808,0.37681159420289856,0.0,0.5773502691896257,1.793007356604921e-16,0.0,-0.10714285714285714,-0.0858778625954205
0.0,-0.4,0.0,-1.0,0.19753086419753085,0.5121951219512195,0.5238095238095238,0.3864734299516908,0.017857142857142856,0.5,-0.3660254037844383,0.0,-0.07142857142857142,-0.01870229007633632
0.0,-0.2,0.0,-1.0,1.6987654320987655,0.24878048780487805,0.5238095238095238,0.7890499194847018,0.0625,0.2886751345948128,-0.6339745962155612,1.0,-0.03571428571428571,0.16297709923664097
0.0,0.0,0.0,-1.0,1.6987654320987655,1.7317073170731707,0.26666666666666666,1.1916264090177136,0.0625,0.0,-0.7320508075688771,0.0,0.0,0.34083969465648806
0.0,0.2,1.0,-1.0,1.6987654320987655,1.7317073170731707,1.7142857142857142,1.681159420289855,0.11607142857142858,-0.2886751345948128,-0.6339745962155612,0.0,0.03571428571428571,0.5187022900763352
0.0,0.4,1.0,-1.0,1.2839506172839505,1.7317073170731707,1.7142857142857142,1.5458937198067633,0.11607142857142858,-0.5,-0.36602540378443876,0.0,0.07142857142857142,0.6599236641221371
0.0,0.6,1.0,-1.0,1.1851851851851851,1.3219512195121952,1.7142857142857142,1.3784219001610303,0.19642857142857142,-0.577350269189626,0.0,0.0,0.10714285714285714,0.7935114503816786
0.0,0.8,2.0,-1.0,1.0765432098765433,1.224390243902439,1.3142857142857143,1.1755233494363926,0.20535714285714285,-0.5000000000000001,0.3660254037844388,0.0,0.14285714285714285,0.911832061068702
0.0,1.0,2.0,-1.0,1.0271604938271606,1.1170731707317074,1.2190476190476192,1.0917874396135265,0.44642857142857145,-0.2886751345948132,0.6339745962155612,0.0,0.17857142857142858,1.0255725190839688
0.0,1.2,2.0,-1.0,0.908641975308642,1.0682926829268293,1.1142857142857143,1.0016103059581318,0.7589285714285714,-2.1211504774498138e-16,0.7320508075688774,0.0,0.21428571428571427,1.1095419847328236
0.5,-1.0,-1.0,-1.0,0.8296296296296296,0.9512195121951219,1.0666666666666667,0.92109500805153,1.0267857142857142,0.2886751345948128,0.6339745962155615,0.0,0.25,1.1606870229007629
0.5,-0.8,-1.0,-1.0,0.7604938271604939,0.8731707317073171,0.9523809523809523,0.8341384863123996,1.0267857142857142,0.49999999999999994,0.3660254037844388,0.0,0.2857142857142857,1.1835877862595414
0.5,-0.6,-1.0,-1.0,0.7604938271604939,0.8048780487804879,0.8761904761904762,0.7858293075684383,0.7857142857142857,0.5773502691896257,1.793007356604921e-16,0.0,0.32142857142857145,1.20648854961832
0.5,-0.4,0.0,-1.0,0.691358024691358,0.8048780487804879,0.8095238095238095,0.7407407407407405,2.142857142857143,0.5,-0.3660254037844383,1.0,0.35714285714285715,1.2446564885496174
0.5,-0.2,0.0,-1.0,0.691358024691358,0.7365853658536585,0.8095238095238095,0.7181964573268923,2.142857142857143,0.2886751345948128,-0.6339745962155612,0.0,0.39285714285714285,1.16679389312977
0.5,0.0,0.0,-1.0,0.691358024691358,0.7365853658536585,0.7428571428571429,0.6956521739130435,2.142857142857143,0.0,-0.7320508075688771,0.0,0.42857142857142855,1.0889312977099228
0.5,0.2,1.0,-1.0,0.6419753086419753,0.7365853658536585,0.7428571428571429,0.6795491143317233,1.7678571428571428,-0.2886751345948128,-0.6339745962155612,0.0,0.4642857142857143,1.007251908396946
0.5,0.4,1.0,-1.0,0.6123456790123457,0.6878048780487804,0.7428571428571429,0.6537842190016101,1.6785714285714286,-0.5,-0.36602540378443876,0.0,0.5,0.9553435114503813
0.5,0.6,1.0,-1.0,0.5333333333333333,0.6585365853658537,0.6952380952380952,0.6022544283413851,1.5803571428571428,-0.577350269189626,0.0,0.0,0.5357142857142857,0.9049618320610684
0.5,0.8,2.0,-1.0,0.5135802469135803,0.5804878048780487,0.6666666666666666,0.5603864734299517,1.5357142857142858,-0.5000000000000001,0.3660254037844388,0.0,0.5714285714285714,0.861450381679389
0.5,1.0,2.0,-1.0,0.3160493827160494,0.5609756097560976,0.5904761904761905,0.463768115942029,1.4285714285714286,-0.2886751345948132,0.6339745962155612,0.0,0.6071428571428571,0.8064885496183203
0.5,1.2,2.0,-1.0,0.28641975308641976,0.36585365853658536,0.5714285714285714,0.3832528180354265,1.3571428571428572,-2.1211504774498138e-16,0.7320508075688774,0.0,0.6428571428571429,0.7583969465648852
1.0,-1.0,-1.0,-1.0,0.26666666666666666,0.33658536585365856,0.38095238095238093,0.3027375201288247,1.2946428571428572,0.2886751345948128,0.6339745962155615,0.0,0.6785714285714286,0.7148854961832058
1.0,-0.8,-1.0,-1.0,0.26666666666666666,0.3170731707317073,0.3523809523809524,0.2866344605475038,1.2946428571428572,0.49999999999999994,0.3660254037844388,0.0,0.7142857142857143,0.6767175572519076
1.0,-0.6,-1.0,-1.0,0.3160493827160494,0.3170731707317073,0.3333333333333333,0.29629629629629606,1.2321428571428572,0.5773502691896257,1.793007356604921e-16,0.0,0.75,0.6423664122137397
1.0,-0.4,0.0,-1.0,0.3851851851851852,0.36585365853658536,0.3333333333333333,0.33494363929146515,1.2321428571428572,0.5,-0.3660254037844383,1.0,0.7857142857142857,0.6187022900763356
1.0,-0.2,0.0,-1.0,0.3851851851851852,0.43414634146341463,0.38095238095238093,0.37359098228663423,1.2321428571428572,0.2886751345948128,-0.6339745962155612,0.0,0.8214285714285714,0.5950381679389308
1.0,0.0,0.0,-1.0,0.3654320987654321,0.43414634146341463,0.44761904761904764,0.38969404186795514,1.1875,0.0,-0.7320508075688771,0.0,0.8571428571428571,0.5698473282442743
1.0,0.2,1.0,-1.0,0.3654320987654321,0.4146341463414634,0.44761904761904764,0.3832528180354265,1.1607142857142858,-0.2886751345948128,-0.6339745962155612,0.0,0.8928571428571429,0.5484732824427474
1.0,0.4,1.0,-1.0,0.2962962962962963,0.4146341463414634,0.42857142857142855,0.35426731078904966,1.0892857142857142,-0.5,-0.36602540378443876,0.0,0.9285714285714286,0.5240458015267171
1.0,0.6,1.0,-1.0,0.3160493827160494,0.3463414634146341,0.42857142857142855,0.33816425120772947,1.0714285714285714,-0.577350269189626,0.0,0.0,0.9642857142857143,0.5072519083969459
1.0,0.8,2.0,-1.0,0.3160493827160494,0.36585365853658536,0.3619047619047619,0.3220611916264092,0.8928571428571429,-0.5000000000000001,0.3660254037844388,0.0,1.0,0.491984732824427
-1.0,-0.8,-1.0,-0.8,-0.8197530864197531,-0.7560975609756098,-0.7142857142857143,-0.782608695652174,-0.044642857142857144,0.49999999999999994,0.3660254037844388,0.0,-1.0,-0.540839694656489
-1.0,-0.6,-1.0,-0.8,-0.7703703703703704,-0.7560975609756098,-0.7142857142857143,-0.7665056360708533,-0.044642857142857144,0.5773502691896257,1.793007356604921e-16,0.0,-0.9642857142857143,-0.5446564885496188
-1.0,-0.4,0.0,-0.8,-0.7703703703703704,-0.7073170731707317,-0.7142857142857143,-0.7504025764895331,-0.044642857142857144,0.5,-0.3660254037844383,0.0,-0.9285714285714286,-0.5484732824427484
-1.0,-0.2,0.0,-0.8,-0.691358024691358,-0.7073170731707317,-0.6666666666666666,-0.7085346215780998,-0.044642857142857144,0.2886751345948128,-0.6339745962155612,1.0,-0.8928571428571429,-0.5461832061068705
-1.0,0.0,0.0,-0.8,-0.691358024691358,-0.6292682926829268,-0.6666666666666666,-0.6827697262479873,-0.15178571428571427,0.0,-0.7320508075688771,0.0,-0.8571428571428571,-0.5438931297709927
-1.0,0.2,1.0,-0.8,-0.691358024691358,-0.6292682926829268,-0.5904761904761905,-0.6570048309178744,-0.15178571428571427,-0.2886751345948128,-0.6339745962155612,0.0,-0.8214285714285714,-0.5324427480916033
-1.0,0.4,1.0,-0.8,-0.7209876543209877,-0.6292682926829268,-0.5904761904761905,-0.6666666666666666,-0.13392857142857142,-0.5,-0.36602540378443876,0.0,-0.7857142857142857,-0.5232824427480919
-1.0,0.6,1.0,-0.8,-0.7901234567901234,-0.6585365853658537,-0.5904761904761905,-0.6988727858293075,-0.13392857142857142,-0.577350269189626,0.0,0.0,-0.75,-0.520992366412214
-1.0,0.8,2.0,-0.8,-0.7407407407407407,-0.7268292682926829,-0.6190476190476191,-0.714975845410628,-0.13392857142857142,-0.5000000000000001,0.3660254037844388,0.0,-0.7142857142857143,-0.5148854961832066
-1.0,1.0,2.0,-0.8,-0.7407407407407407,-0.6780487804878049,-0.6857142857142857,-0.7214170692431563,-0.13392857142857142,-0.2886751345948132,0.6339745962155612,0.0,-0.6785714285714286,-0.5087786259541989
-1.0,1.2,2.0,-0.8,-0.691358024691358,-0.6780487804878049,-0.638095238095238,-0.6892109500805151,-0.13392857142857142,-2.1211504774498138e-16,0.7320508075688774,0.0,-0.6428571428571429,-0.49885496183206157
-0.5,-1.0,-1.0,-0.8,-0.7209876543209877,-0.6292682926829268,-0.638095238095238,-0.6827697262479873,-0.13392857142857142,0.2886751345948128,0.6339745962155615,0.0,-0.6071428571428571,-0.4912213740458018
-0.5,-0.8,-1.0,-0.8,-0.7209876543209877,-0.6585365853658537,-0.5904761904761905,-0.6763285024154589,-0.08928571428571429,0.49999999999999994,0.3660254037844388,0.0,-0.5714285714285714,-0.48358778625954235
-0.5,-0.6,-1.0,-0.8,-0.7209876543209877,-0.6585365853658537,-0.6190476190476191,-0.6859903381642513,-0.08928571428571429,0.5773502691896257,1.793007356604921e-16,0.0,-0.5357142857142857,-0.4797709923664125
-0.5,-0.4,0.0,-0.8,-0.7209876543209877,-0.6585365853658537,-0.6190476190476191,-0.6859903381642513,-0.017857142857142856,0.5,-0.3660254037844383,0.0,-0.5,-0.47595419847328296
-0.5,-0.2,0.0,-0.8,-0.671604938271605,-0.6585365853658537,-0.6190476190476191,-0.6698872785829306,-0.017857142857142856,0.2886751345948128,-0.6339745962155612,1.0,-0.4642857142857143,-0.47442748091603093
-0.5,0.0,0.0,-0.8,-0.6222222222222222,-0.6097560975609756,-0.6190476190476191,-0.6376811594202898,-0.017857142857142856,0.0,-0.7320508075688771,0.0,-0.42857142857142855,-0.46908396946564934
-0.5,0.2,1.0,-0.8,-0.6222222222222222,-0.5609756097560976,-0.5714285714285714,-0.6054750402576491,-0.044642857142857144,-0.2886751345948128,-0.6339745962155612,0.0,-0.39285714285714285,-0.4637404580152675
-0.5,0.4,1.0,-0.8,-0.4740740740740741,-0.5609756097560976,-0.5238095238095238,-0.5410628019323671,-0.10714285714285714,-0.5,-0.36602540378443876,0.0,-0.35714285714285715,-0.4446564885496187
-0.5,0.6,1.0,-0.8,-0.4740740740740741,-0.4146341463414634,-0.5238095238095238,-0.4927536231884058,-0.0625,-0.577350269189626,0.0,0.0,-0.32142857142857145,-0.42022900763358806
-0.5,0.8,2.0,-0.8,-0.4740740740740741,-0.4146341463414634,-0.38095238095238093,-0.4444444444444444,-0.0625,-0.5000000000000001,0.3660254037844388,0.0,-0.2857142857142857,-0.3996183206106873
-0.5,1.0,2.0,-0.8,-0.37530864197530867,-0.4146341463414634,-0.38095238095238093,-0.41223832528180365,-0.017857142857142856,-0.2886751345948132,0.6339745962155612,0.0,-0.25,-0.3713740458015271
-0.5,1.2,2.0,-0.8,-0.2271604938271605,-0.3170731707317073,-0.38095238095238093,-0.33172302737520154,-0.044642857142857144,-2.1211504774498138e-16,0.7320508075688774,0.0,-0.21428571428571427,-0.3354961832061072
0.0,-1.0,-1.0,-0.8,0.3160493827160494,-0.17073170731707318,-0.2857142857142857,-0.07407407407407383,-0.044642857142857144,0.2886751345948128,0.6339745962155615,0.0,-0.17857142857142858,-0.255343511450382
0.0,-0.8,-1.0,-0.8,0.5135802469135803,0.36585365853658536,-0.14285714285714285,0.21578099838969428,-0.044642857142857144,0.49999999999999994,0.3660254037844388,0.0,-0.14285714285714285,-0.1599236641221376
0.0,-0.6,-1.0,-0.8,0.5135802469135803,0.5609756097560976,0.38095238095238093,0.45732689210950106,-0.044642857142857144,0.5773502691896257,1.793007356604921e-16,0.0,-0.10714285714285714,-0.06450381679389357
0.0,-0.4,0.0,-0.8,-0.02962962962962963,0.5609756097560976,0.5714285714285714,0.3446054750402574,0.0,0.5,-0.3660254037844383,0.0,-0.07142857142857142,-0.011068702290076556
0.0,-0.2,0.0,-0.8,0.8098765432098766,0.024390243902439025,0.5714285714285714,0.4412238325281801,0.044642857142857144,0.2886751345948128,-0.6339745962155612,1.0,-0.03571428571428571,0.10343511450381657
0.0,0.0,0.0,-0.8,0.8098765432098766,0.8536585365853658,0.047619047619047616,0.5378421900161028,0.044642857142857144,0.0,-0.7320508075688771,0.0,0.0,0.21412213740457947
0.0,0.2,1.0,-0.8,0.8098765432098766,0.8536585365853658,0.8571428571428571,0.8115942028985508,0.17857142857142858,-0.2886751345948128,-0.6339745962155612,0.0,0.03571428571428571,0.324809160305343
0.0,0.4,1.0,-0.8,0.691358024691358,0.8536585365853658,0.8571428571428571,0.7729468599033816,0.17857142857142858,-0.5,-0.36602540378443876,0.0,0.07142857142857142,0.41488549618320586
0.0,0.6,1.0,-0.8,0.6617283950617284,0.7365853658536585,0.8571428571428571,0.7246376811594203,0.17857142857142858,-0.577350269189626,0.0,0.0,0.10714285714285714,0.5026717557251901
0.0,0.8,2.0,-0.8,0.11851851851851852,0.7073170731707317,0.7428571428571429,0.49919484702093375,0.26785714285714285,-0.5000000000000001,0.3660254037844388,0.0,0.14285714285714285,0.5484732824427474
0.0,1.0,2.0,-0.8,0.14814814814814814,0.17073170731707318,0.7142857142857143,0.3220611916264092,0.4017857142857143,-0.2886751345948132,0.6339745962155612,0.0,0.17857142857142858,0.5889312977099234
0.0,1.2,2.0,-0.8,0.19753086419753085,0.2,0.19047619047619047,0.17069243156199654,0.8928571428571429,-2.1211504774498138e-16,0.7320508075688774,0.0,0.21428571428571427,0.621755725190839
0.5,-1.0,-1.0,-0.8,0.19753086419753085,0.24878048780487805,0.21904761904761905,0.19645732689210973,1.0714285714285714,0.2886751345948128,0.6339745962155615,0.0,0.25,0.6125954198473275
0.5,-0.8,-1.0,-0.8,0.2962962962962963,0.24878048780487805,0.26666666666666666,0.24476650563607108,1.0714285714285714,0.49999999999999994,0.3660254037844388,0.0,0.2857142857142857,0.5958015267175569
0.5,-0.6,-1.0,-0.8,0.11851851851851852,0.3463414634146341,0.26666666666666666,0.2190016103059579,0.5803571428571429,0.5773502691896257,1.793007356604921e-16,0.0,0.32142857142857145,0.5652671755725186
0.5,-0.4,0.0,-0.8,0.3654320987654321,0.17073170731707318,0.3619047619047619,0.2737520128824479,1.3392857142857142,0.5,-0.3660254037844383,1.0,0.35714285714285715,0.5958015267175569
0.5,-0.2,0.0,-0.8,0.4148148148148148,0.4146341463414634,0.19047619047619047,0.31239935587761697,1.3392857142857142,0.2886751345948128,-0.6339745962155612,0.0,0.39285714285714285,0.5652671755725186
0.5,0.0,0.0,-0.8,0.4148148148148148,0.4634146341463415,0.42857142857142855,0.40901771336553966,1.3392857142857142,0.0,-0.7320508075688771,0.0,0.42857142857142855,0.5347328244274802
0.5,0.2,1.0,-0.8,0.21728395061728395,0.4634146341463415,0.47619047619047616,0.3607085346215783,1.2321428571428572,-0.2886751345948128,-0.6339745962155612,0.0,0.4642857142857143,0.48893129770992294
0.5,0.4,1.0,-0.8,0.19753086419753085,0.2682926829268293,0.47619047619047616,0.2898550724637681,1.2053571428571428,-0.5,-0.36602540378443876,0.0,0.5,0.45076335877862544
0.5,0.6,1.0,-0.8,0.09876543209876543,0.24878048780487805,0.2857142857142857,0.18679549114331748,0.7142857142857143,-0.577350269189626,0.0,0.0,0.5357142857142857,0.4072519083969461
0.5,0.8,2.0,-0.8,0.0691358024691358,0.15121951219512195,0.26666666666666666,0.1384863123993561,0.7410714285714286,-0.5000000000000001,0.3660254037844388,0.0,0.5714285714285714,0.4034351145038165
0.5,1.0,2.0,-0.8,0.0691358024691358,0.12195121951219512,0.17142857142857143,0.0966183574879227,0.7857142857142857,-0.2886751345948132,0.6339745962155612,0.0,0.6071428571428571,0.39732824427480845
0.5,1.2,2.0,-0.8,0.0691358024691358,0.12195121951219512,0.14285714285714285,0.08695652173913043,0.7857142857142857,-2.1211504774498138e-16,0.7320508075688774,0.0,0.6428571428571429,0.3874045801526715
1.0,-1.0,-1.0,-0.8,0.0691358024691358,0.12195121951219512,0.14285714285714285,0.08695652173913043,0.875,0.2886751345948128,0.6339745962155615,0.0,0.6785714285714286,0.37748091603053385
1.0,-0.8,-1.0,-0.8,0.3160493827160494,0.12195121951219512,0.14285714285714285,0.16747181964573293,0.7142857142857143,0.49999999999999994,0.3660254037844388,0.0,0.7142857142857143,0.37900763358778555
1.0,-0.6,-1.0,-0.8,0.09876543209876543,0.36585365853658536,0.14285714285714285,0.1771336553945252,0.9375,0.5773502691896257,1.793007356604921e-16,0.0,0.75,0.37748091603053385
1.0,-0.4,0.0,-0.8,0.09876543209876543,0.15121951219512195,0.38095238095238093,0.18679549114331748,0.9821428571428571,0.5,-0.3660254037844383,1.0,0.7857142857142857,0.3568702290076331
1.0,-0.2,0.0,-0.8,0.14814814814814814,0.15121951219512195,0.17142857142857143,0.13204508856682745,0.9821428571428571,0.2886751345948128,-0.6339745962155612,0.0,0.8214285714285714,0.33625954198473235
1.0,0.0,0.0,-0.8,0.14814814814814814,0.2,0.17142857142857143,0.1481481481481484,0.8035714285714286,0.0,-0.7320508075688771,0.0,0.8571428571428571,0.3156488549618316
1.0,0.2,1.0,-0.8,0.19753086419753085,0.2,0.21904761904761905,0.18035426731078882,0.7857142857142857,-0.2886751345948128,-0.6339745962155612,0.0,0.8928571428571429,0.3141221374045799
1.0,0.4,1.0,-0.8,0.19753086419753085,0.24878048780487805,0.21904761904761905,0.19645732689210973,0.6964285714285714,-0.5,-0.36602540378443876,0.0,0.9285714285714286,0.3141221374045799
1.0,0.6,1.0,-0.8,0.19753086419753085,0.24878048780487805,0.26666666666666666,0.21256038647342995,0.6696428571428571,-0.577350269189626,0.0,0.0,0.9642857142857143,0.321755725190839
1.0,0.8,2.0,-0.8,0.19753086419753085,0.24878048780487805,0.26666666666666666,0.21256038647342995,0.6696428571428571,-0.5000000000000001,0.3660254037844388,0.0,1.0,0.33167938931297664
-1.0,-0.8,-1.0,-0.6,-1.0469135802469136,-0.9804878048780488,-0.9238095238095239,-1.001610305958132,-0.29464285714285715,0.49999999999999994,0.3660254037844388,0.0,-1.0,-0.7438931297709929
-1.0,-0.6,-1.0,-0.6,-0.8,-0.9804878048780488,-0.9333333333333333,-0.924315619967794,-0.29464285714285715,0.5773502691896257,1.793007356604921e-16,0.0,-0.9642857142857143,-0.7286259541984736
-1.0,-0.4,0.0,-0.6,-0.8395061728395061,-0.7365853658536585,-0.9333333333333333,-0.8566827697262481,-0.29464285714285715,0.5,-0.3660254037844383,0.0,-0.9285714285714286,-0.7164122137404585
-1.0,-0.2,0.0,-0.6,-0.8395061728395061,-0.775609756097561,-0.6952380952380952,-0.7890499194847022,-0.29464285714285715,0.2886751345948128,-0.6339745962155612,1.0,-0.8928571428571429,-0.704198473282443
-1.0,0.0,0.0,-0.6,-0.8395061728395061,-0.775609756097561,-0.7333333333333333,-0.8019323671497585,-0.29464285714285715,0.0,-0.7320508075688771,0.0,-0.8571428571428571,-0.6919847328244279
-1.0,0.2,1.0,-0.6,-0.8395061728395061,-0.775609756097561,-0.7333333333333333,-0.8019323671497585,-0.29464285714285715,-0.2886751345948128,-0.6339745962155612,0.0,-0.8214285714285714,-0.6797709923664127
-1.0,0.4,1.0,-0.6,-0.8395061728395061,-0.775609756097561,-0.7333333333333333,-0.8019323671497585,-0.29464285714285715,-0.5,-0.36602540378443876,0.0,-0.7857142857142857,-0.6675572519083972
-1.0,0.6,1.0,-0.6,-0.8197530864197531,-0.775609756097561,-0.7333333333333333,-0.7954911433172301,-0.29464285714285715,-0.577350269189626,0.0,0.0,-0.75,-0.6538167938931301
-1.0,0.8,2.0,-0.6,-0.7901234567901234,-0.7560975609756098,-0.7333333333333333,-0.77938808373591,-0.29464285714285715,-0.5000000000000001,0.3660254037844388,0.0,-0.7142857142857143,-0.637786259541985
-1.0,1.0,2.0,-0.6,-0.7012345679012346,-0.7268292682926829,-0.7142857142857143,-0.7342995169082126,-0.33035714285714285,-0.2886751345948132,0.6339745962155612,0.0,-0.6785714285714286,-0.6148854961832064
-1.0,1.2,2.0,-0.6,-0.691358024691358,-0.6390243902439025,-0.6857142857142857,-0.6924315619967795,-0.3392857142857143,-2.1211504774498138e-16,0.7320508075688774,0.0,-0.6428571428571429,-0.5881679389312982
-0.5,-1.0,-1.0,-0.6,-0.671604938271605,-0.6292682926829268,-0.6,-0.6537842190016104,-0.3392857142857143,0.2886751345948128,0.6339745962155615,0.0,-0.6071428571428571,-0.5591603053435118
-0.5,-0.8,-1.0,-0.6,-0.671604938271605,-0.6097560975609756,-0.5904761904761905,-0.6441223832528181,-0.11607142857142858,0.49999999999999994,0.3660254037844388,0.0,-0.5714285714285714,-0.5301526717557254
-0.5,-0.6,-1.0,-0.6,-0.671604938271605,-0.6097560975609756,-0.5714285714285714,-0.6376811594202898,-0.15178571428571427,0.5773502691896257,1.793007356604921e-16,0.0,-0.5357142857142857,-0.5202290076335881
-0.5,-0.4,0.0,-0.6,-0.671604938271605,-0.6097560975609756,-0.5714285714285714,-0.6376811594202898,-0.15178571428571427,0.5,-0.3660254037844383,0.0,-0.5,-0.5072519083969469
-0.5,-0.2,0.0,-0.6,-0.5728395061728395,-0.6097560975609756,-0.5714285714285714,-0.6054750402576491,-0.15178571428571427,0.2886751345948128,-0.6339745962155612,1.0,-0.4642857142857143,-0.4866412213740461
-0.5,0.0,0.0,-0.6,-0.6024691358024692,-0.5121951219512195,-0.5714285714285714,-0.5829307568438002,-0.15178571428571427,0.0,-0.7320508075688771,0.0,-0.42857142857142855,-0.4683206106870232
-0.5,0.2,1.0,-0.6,-0.6024691358024692,-0.5414634146341464,-0.47619047619047616,-0.5603864734299517,-0.15178571428571427,-0.2886751345948128,-0.6339745962155612,0.0,-0.39285714285714285,-0.4500000000000003
-0.5,0.4,1.0,-0.6,-0.4740740740740741,-0.5414634146341464,-0.5047619047619047,-0.5281803542673109,-0.13392857142857142,-0.5,-0.36602540378443876,0.0,-0.35714285714285715,-0.4217557251908401
-0.5,0.6,1.0,-0.6,-0.4049382716049383,-0.4146341463414634,-0.5047619047619047,-0.463768115942029,-0.10714285714285714,-0.577350269189626,0.0,0.0,-0.32142857142857145,-0.38969465648855
-0.5,0.8,2.0,-0.6,-0.3950617283950617,-0.3463414634146341,-0.38095238095238093,-0.3961352657004831,-0.026785714285714284,-0.5000000000000001,0.3660254037844388,0.0,-0.2857142857142857,-0.35916030534351195
-0.5,1.0,2.0,-0.6,-0.2962962962962963,-0.33658536585365856,-0.3142857142857143,-0.33816425120772947,-0.017857142857142856,-0.2886751345948132,0.6339745962155612,0.0,-0.25,-0.32786259541984775
-0.5,1.2,2.0,-0.6,-0.05925925925925926,-0.23902439024390243,-0.3047619047619048,-0.22544283413848654,0.0,-2.1211504774498138e-16,0.7320508075688774,0.0,-0.21428571428571427,-0.2790076335877868
0.0,-1.0,-1.0,-0.6,0.3654320987654321,-0.004878048780487805,-0.20952380952380953,0.022544283413848867,0.0,0.2886751345948128,0.6339745962155615,0.0,-0.17857142857142858,-0.1988549618320616
0.0,-0.8,-1.0,-0.6,0.4444444444444444,0.4146341463414634,0.01904761904761905,0.2640901771336556,0.0,0.49999999999999994,0.3660254037844388,0.0,-0.14285714285714285,-0.11259541984732868
0.0,-0.6,-1.0,-0.6,0.4444444444444444,0.4926829268292683,0.42857142857142855,0.42834138486312423,0.0,0.5773502691896257,1.793007356604921e-16,0.0,-0.10714285714285714,-0.026335877862596082
0.0,-0.4,0.0,-0.6,0.11851851851851852,0.4926829268292683,0.5047619047619047,0.34782608695652173,0.08928571428571429,0.5,-0.3660254037844383,0.0,-0.07142857142857142,0.03473282442748069
0.0,-0.2,0.0,-0.6,0.3160493827160494,0.17073170731707318,0.5047619047619047,0.3059581320450883,0.0625,0.2886751345948128,-0.6339745962155612,1.0,-0.03571428571428571,0.10343511450381657
0.0,0.0,0.0,-0.6,0.3160493827160494,0.36585365853658536,0.19047619047619047,0.2640901771336556,0.0625,0.0,-0.7320508075688771,0.0,0.0,0.1744274809160303
0.0,0.2,1.0,-0.6,0.3160493827160494,0.36585365853658536,0.38095238095238093,0.3285024154589372,0.17857142857142858,-0.2886751345948128,-0.6339745962155612,0.0,0.03571428571428571,0.245419847328244
0.0,0.4,1.0,-0.6,1.3728395061728396,0.36585365853658536,0.38095238095238093,0.6731078904991946,0.24107142857142858,-0.5,-0.36602540378443876,0.0,0.07142857142857142,0.388167938931297
0.0,0.6,1.0,-0.6,1.2345679012345678,1.4097560975609755,0.38095238095238093,0.972624798711755,0.25,-0.577350269189626,0.0,0.0,0.10714285714285714,0.5148854961832056
0.0,0.8,2.0,-0.6,0.6814814814814815,1.273170731707317,1.4,1.0917874396135265,0.3392857142857143,-0.5000000000000001,0.3660254037844388,0.0,0.14285714285714285,0.5980916030534348
0.0,1.0,2.0,-0.6,0.6814814814814815,0.7268292682926829,1.2666666666666666,0.86634460547504,0.5535714285714286,-0.2886751345948132,0.6339745962155612,0.0,0.17857142857142858,0.6736641221374042
0.0,1.2,2.0,-0.6,0.4839506172839506,0.7268292682926829,0.7333333333333333,0.6215780998389696,0.9375,-2.1211504774498138e-16,0.7320508075688774,0.0,0.21428571428571427,0.7156488549618313
0.5,-1.0,-1.0,-0.6,0.454320987654321,0.5317073170731708,0.7333333333333333,0.5475040257648951,1.0089285714285714,0.2886751345948128,0.6339745962155615,0.0,0.25,0.7225190839694648
0.5,-0.8,-1.0,-0.6,0.4839506172839506,0.5024390243902439,0.5428571428571428,0.4830917874396135,1.0089285714285714,0.49999999999999994,0.3660254037844388,0.0,0.2857142857142857,0.7255725190839689
0.5,-0.6,-1.0,-0.6,0.454320987654321,0.5317073170731708,0.5142857142857142,0.47342995169082125,0.7142857142857143,0.5773502691896257,1.793007356604921e-16,0.0,0.32142857142857145,0.7263358778625951
0.5,-0.4,0.0,-0.6,0.3654320987654321,0.5024390243902439,0.5428571428571428,0.4444444444444444,0.8928571428571429,0.5,-0.3660254037844383,1.0,0.35714285714285715,0.7454198473282435
0.5,-0.2,0.0,-0.6,0.30617283950617286,0.4146341463414634,0.5142857142857142,0.3864734299516908,0.8928571428571429,0.2886751345948128,-0.6339745962155612,0.0,0.39285714285714285,0.744656488549618
0.5,0.0,0.0,-0.6,0.30617283950617286,0.35609756097560974,0.42857142857142855,0.33816425120772947,0.8928571428571429,0.0,-0.7320508075688771,0.0,0.42857142857142855,0.7438931297709919
0.5,0.2,1.0,-0.6,0.30617283950617286,0.35609756097560974,0.37142857142857144,0.3188405797101449,1.8482142857142858,-0.2886751345948128,-0.6339745962155612,0.0,0.4642857142857143,0.7431297709923657
0.5,0.4,1.0,-0.6,0.30617283950617286,0.35609756097560974,0.37142857142857144,0.3188405797101449,1.7232142857142858,-0.5,-0.36602540378443876,0.0,0.5,0.6606870229007626
0.5,0.6,1.0,-0.6,0.30617283950617286,0.35609756097560974,0.37142857142857144,0.3188405797101449,1.2232142857142858,-0.577350269189626,0.0,0.0,0.5357142857142857,0.5889312977099234
0.5,0.8,2.0,-0.6,0.26666666666666666,0.35609756097560974,0.37142857142857144,0.3059581320450883,1.2232142857142858,-0.5000000000000001,0.3660254037844388,0.0,0.5714285714285714,0.5568702290076333
0.5,1.0,2.0,-0.6,0.26666666666666666,0.3170731707317073,0.37142857142857144,0.29307568438003245,1.0446428571428572,-0.2886751345948132,0.6339745962155612,0.0,0.6071428571428571,0.5248091603053432
0.5,1.2,2.0,-0.6,0.2074074074074074,0.3170731707317073,0.3333333333333333,0.2608695652173913,1.0178571428571428,-2.1211504774498138e-16,0.7320508075688774,0.0,0.6428571428571429,0.5034351145038163
1.0,-1.0,-1.0,-0.6,0.2074074074074074,0.25853658536585367,0.3333333333333333,0.24154589371980675,1.0446428571428572,0.2886751345948128,0.6339745962155615,0.0,0.6785714285714286,0.48435114503816723
1.0,-0.8,-1.0,-0.6,0.2074074074074074,0.25853658536585367,0.2761904761904762,0.2222222222222222,1.0178571428571428,0.49999999999999994,0.3660254037844388,0.0,0.7142857142857143,0.46297709923664093
1.0,-0.6,-1.0,-0.6,0.16790123456790124,0.25853658536585367,0.2761904761904762,0.20933977455716563,0.9375,0.5773502691896257,1.793007356604921e-16,0.0,0.75,0.4408396946564878
1.0,-0.4,0.0,-0.6,0.16790123456790124,0.21951219512195122,0.2761904761904762,0.19645732689210973,0.8839285714285714,0.5,-0.3660254037844383,1.0,0.7857142857142857,0.425572519083969
1.0,-0.2,0.0,-0.6,0.19753086419753085,0.21951219512195122,0.23809523809523808,0.1932367149758454,0.8839285714285714,0.2886751345948128,-0.6339745962155612,0.0,0.8214285714285714,0.4171755725190837
1.0,0.0,0.0,-0.6,0.23703703703703705,0.24878048780487805,0.23809523809523808,0.21578099838969428,0.8839285714285714,0.0,-0.7320508075688771,0.0,0.8571428571428571,0.4118320610687018
1.0,0.2,1.0,-0.6,0.19753086419753085,0.28780487804878047,0.26666666666666666,0.22544283413848654,0.8839285714285714,-0.2886751345948128,-0.6339745962155612,0.0,0.8928571428571429,0.4034351145038165
1.0,0.4,1.0,-0.6,0.19753086419753085,0.24878048780487805,0.3047619047619048,0.22544283413848654,0.8839285714285714,-0.5,-0.36602540378443876,0.0,0.9285714285714286,0.3950381679389306
1.0,0.6,1.0,-0.6,0.16790123456790124,0.24878048780487805,0.26666666666666666,0.2028985507246377,0.8482142857142857,-0.577350269189626,0.0,0.0,0.9642857142857143,0.3843511450381675
1.0,0.8,2.0,-0.6,0.19753086419753085,0.21951219512195122,0.26666666666666666,0.2028985507246377,0.8482142857142857,-0.5000000000000001,0.3660254037844388,0.0,1.0,0.37900763358778555
-1.0,-0.8,-1.0,-0.4,-1.2345679012345678,-1.1658536585365853,-1.1142857142857143,-1.1884057971014492,-0.5089285714285714,0.49999999999999994,0.3660254037844388,0.0,-1.0,-0.9530534351145041
-1.0,-0.6,-1.0,-0.4,-1.1358024691358024,-1.1658536585365853,-1.1142857142857143,-1.1561996779388084,-0.5089285714285714,0.5773502691896257,1.793007356604921e-16,0.0,-0.9642857142857143,-0.9454198473282447
-1.0,-0.4,0.0,-0.4,-1.1753086419753087,-1.0682926829268293,-1.1142857142857143,-1.136876006441224,-0.5089285714285714,0.5,-0.3660254037844383,0.0,-0.9285714285714286,-0.940839694656489
-1.0,-0.2,0.0,-0.4,-1.1753086419753087,-1.1073170731707318,-1.019047619047619,-1.1175523349436394,-0.5089285714285714,0.2886751345948128,-0.6339745962155612,1.0,-0.8928571428571429,-0.9362595419847333
-1.0,0.0,0.0,-0.4,-1.1753086419753087,-1.1073170731707318,-1.0571428571428572,-1.1304347826086956,-0.5089285714285714,0.0,-0.7320508075688771,0.0,-0.8571428571428571,-0.9316793893129776
-1.0,0.2,1.0,-0.4,-1.1753086419753087,-1.1073170731707318,-1.0571428571428572,-1.1304347826086956,-0.5089285714285714,-0.2886751345948128,-0.6339745962155612,0.0,-0.8214285714285714,-0.9270992366412218
-1.0,0.4,1.0,-0.4,-1.1753086419753087,-1.1073170731707318,-1.0571428571428572,-1.1304347826086956,-0.5089285714285714,-0.5,-0.36602540378443876,0.0,-0.7857142857142857,-0.9225190839694661
-1.0,0.6,1.0,-0.4,-1.1753086419753087,-1.1073170731707318,-1.0571428571428572,-1.1304347826086956,-0.5089285714285714,-0.577350269189626,0.0,0.0,-0.75,-0.9179389312977104
-1.0,0.8,2.0,-0.4,-1.125925925925926,-1.1073170731707318,-1.0571428571428572,-1.114331723027375,-0.5089285714285714,-0.5000000000000001,0.3660254037844388,0.0,-0.7142857142857143,-0.9095419847328248
-1.0,1.0,2.0,-0.4,-1.0962962962962963,-1.0585365853658537,-1.0571428571428572,-1.0885668276972627,-0.5089285714285714,-0.2886751345948132,0.6339745962155612,0.0,-0.6785714285714286,-0.8988549618320613
-1.0,1.2,2.0,-0.4,-1.0469135802469136,-1.0292682926829269,-1.0095238095238095,-1.0466988727858293,-0.5089285714285714,-2.1211504774498138e-16,0.7320508075688774,0.0,-0.6428571428571429,-0.8843511450381683
-0.5,-1.0,-1.0,-0.4,-1.037037037037037,-0.9804878048780488,-0.9809523809523809,-1.0177133655394524,-0.5089285714285714,0.2886751345948128,0.6339745962155615,0.0,-0.6071428571428571,-0.8690839694656491
-0.5,-0.8,-1.0,-0.4,-1.037037037037037,-0.9707317073170731,-0.9333333333333333,-0.9983896940418678,-0.41964285714285715,0.49999999999999994,0.3660254037844388,0.0,-0.5714285714285714,-0.8538167938931303
-0.5,-0.6,-1.0,-0.4,-1.037037037037037,-0.9707317073170731,-0.9238095238095239,-0.9951690821256038,-0.45535714285714285,0.5773502691896257,1.793007356604921e-16,0.0,-0.5357142857142857,-0.8461832061068705
-0.5,-0.4,0.0,-0.4,-1.037037037037037,-0.9707317073170731,-0.9238095238095239,-0.9951690821256038,-0.45535714285714285,0.5,-0.3660254037844383,0.0,-0.5,-0.8354961832061073
-0.5,-0.2,0.0,-0.4,-1.0271604938271606,-0.9707317073170731,-0.9238095238095239,-0.9919484702093398,-0.45535714285714285,0.2886751345948128,-0.6339745962155612,1.0,-0.4642857142857143,-0.824045801526718
-0.5,0.0,0.0,-0.4,-0.9679012345679012,-0.9609756097560975,-0.9238095238095239,-0.969404186795491,-0.45535714285714285,0.0,-0.7320508075688771,0.0,-0.42857142857142855,-0.808015267175573
-0.5,0.2,1.0,-0.4,-0.9679012345679012,-0.9024390243902439,-0.9142857142857143,-0.9468599033816425,-0.45535714285714285,-0.2886751345948128,-0.6339745962155612,0.0,-0.39285714285714285,-0.7919847328244279
-0.5,0.4,1.0,-0.4,-0.9185185185185185,-0.9024390243902439,-0.8571428571428571,-0.9114331723027373,-0.45535714285714285,-0.5,-0.36602540378443876,0.0,-0.35714285714285715,-0.772137404580153
-0.5,0.6,1.0,-0.4,-0.7901234567901234,-0.8536585365853658,-0.8571428571428571,-0.8534621578099838,-0.4107142857142857,-0.577350269189626,0.0,0.0,-0.32142857142857145,-0.7423664122137408
-0.5,0.8,2.0,-0.4,-0.6814814814814815,-0.7268292682926829,-0.8095238095238095,-0.7600644122383254,-0.38392857142857145,-0.5000000000000001,0.3660254037844388,0.0,-0.2857142857142857,-0.7080152671755728
-0.5,1.0,2.0,-0.4,-0.6814814814814815,-0.6195121951219512,-0.6857142857142857,-0.6827697262479873,-0.3392857142857143,-0.2886751345948132,0.6339745962155612,0.0,-0.25,-0.6759541984732829
-0.5,1.2,2.0,-0.4,-0.582716049382716,-0.6195121951219512,-0.580952380952381,-0.6151368760064413,-0.33035714285714285,-2.1211504774498138e-16,0.7320508075688774,0.0,-0.21428571428571427,-0.6400763358778628
0.0,-1.0,-1.0,-0.4,-0.16790123456790124,-0.5219512195121951,-0.580952380952381,-0.4476650563607084,-0.33035714285714285,0.2886751345948128,0.6339745962155615,0.0,-0.17857142857142858,-0.572900763358779
0.0,-0.8,-1.0,-0.4,-0.0691358024691358,-0.11219512195121951,-0.4857142857142857,-0.2479871175523347,-0.33035714285714285,0.49999999999999994,0.3660254037844388,0.0,-0.14285714285714285,-0.4980916030534354
0.0,-0.6,-1.0,-0.4,-0.0691358024691358,-0.014634146341463415,-0.08571428571428572,-0.08051529790660249,-0.33035714285714285,0.5773502691896257,1.793007356604921e-16,0.0,-0.10714285714285714,-0.4232824427480921
0.0,-0.4,0.0,-0.4,-0.04938271604938271,-0.014634146341463415,0.009523809523809525,-0.04186795491143341,-0.32142857142857145,0.5,-0.3660254037844383,0.0,-0.07142857142857142,-0.34694656488549647
0.0,-0.2,0.0,-0.4,1.1555555555555554,0.004878048780487805,0.009523809523809525,0.357487922705314,-0.26785714285714285,0.2886751345948128,-0.6339745962155612,1.0,-0.03571428571428571,-0.17824427480916083
0.0,0.0,0.0,-0.4,1.1555555555555554,1.1951219512195121,0.02857142857142857,0.7568438003220614,-0.26785714285714285,0.0,-0.7320508075688771,0.0,0.0,-0.014122137404580595
0.0,0.2,1.0,-0.4,1.1555555555555554,1.1951219512195121,1.1904761904761905,1.1497584541062802,-0.22321428571428573,-0.2886751345948128,-0.6339745962155612,0.0,0.03571428571428571,0.14999999999999933
0.0,0.4,1.0,-0.4,0.908641975308642,1.1951219512195121,1.1904761904761905,1.0692431561996778,-0.10714285714285714,-0.5,-0.36602540378443876,0.0,0.07142857142857142,0.2912213740458013
0.0,0.6,1.0,-0.4,0.0,0.9512195121951219,1.1904761904761905,0.6924315619967791,-0.008928571428571428,-0.577350269189626,0.0,0.0,0.10714285714285714,0.3522900763358774
0.0,0.8,2.0,-0.4,-0.3950617283950617,0.05365853658536585,0.9523809523809523,0.18679549114331748,-0.008928571428571428,-0.5000000000000001,0.3660254037844388,0.0,0.14285714285714285,0.37442748091602984
0.0,1.0,2.0,-0.4,-0.3950617283950617,-0.33658536585365856,0.0761904761904762,-0.23832528180354243,0.08035714285714286,-0.2886751345948132,0.6339745962155612,0.0,0.17857142857142858,0.39656488549618296
0.0,1.2,2.0,-0.4,-0.3950617283950617,-0.33658536585365856,-0.3047619047619048,-0.3671497584541063,0.45535714285714285,-2.1211504774498138e-16,0.7320508075688774,0.0,0.21428571428571427,0.41106870229007564
0.5,-1.0,-1.0,-0.4,-0.3950617283950617,-0.33658536585365856,-0.3047619047619048,-0.3671497584541063,0.5446428571428571,0.2886751345948128,0.6339745962155615,0.0,0.25,0.3935114503816789
0.5,-0.8,-1.0,-0.4,-0.2765432098765432,-0.33658536585365856,-0.3047619047619048,-0.3285024154589372,0.5446428571428571,0.49999999999999994,0.3660254037844388,0.0,0.2857142857142857,0.37748091603053385
0.5,-0.6,-1.0,-0.4,-0.2765432098765432,-0.21951219512195122,-0.3047619047619048,-0.2898550724637681,0.5625,0.5773502691896257,1.793007356604921e-16,0.0,0.32142857142857145,0.3614503816793888
0.5,-0.4,0.0,-0.4,-0.2765432098765432,-0.21951219512195122,-0.19047619047619047,-0.25120772946859904,1.6517857142857142,0.5,-0.3660254037844383,1.0,0.35714285714285715,0.3438931297709921
0.5,-0.2,0.0,-0.4,-0.2765432098765432,-0.21951219512195122,-0.19047619047619047,-0.25120772946859904,1.6517857142857142,0.2886751345948128,-0.6339745962155612,0.0,0.39285714285714285,0.23320610687022852
0.5,0.0,0.0,-0.4,-0.2765432098765432,-0.21951219512195122,-0.19047619047619047,-0.25120772946859904,1.6517857142857142,0.0,-0.7320508075688771,0.0,0.42857142857142855,0.12251908396946497
0.5,0.2,1.0,-0.4,-0.2765432098765432,-0.21951219512195122,-0.19047619047619047,-0.25120772946859904,1.4285714285714286,-0.2886751345948128,-0.6339745962155612,0.0,0.4642857142857143,0.011832061068702066
0.5,0.4,1.0,-0.4,-0.24691358024691357,-0.21951219512195122,-0.19047619047619047,-0.24154589371980675,0.6071428571428571,-0.5,-0.36602540378443876,0.0,0.5,-0.07748091603053456
0.5,0.6,1.0,-0.4,-0.2765432098765432,-0.1902439024390244,-0.19047619047619047,-0.24154589371980675,0.25,-0.577350269189626,0.0,0.0,0.5357142857142857,-0.09885496183206151
0.5,0.8,2.0,-0.4,-0.24691358024691357,-0.21951219512195122,-0.1619047619047619,-0.2318840579710145,0.25,-0.5000000000000001,0.3660254037844388,0.0,0.5714285714285714,-0.08740458015267219
0.5,1.0,2.0,-0.4,-0.19753086419753085,-0.1902439024390244,-0.19047619047619047,-0.21578099838969428,0.25,-0.2886751345948132,0.6339745962155612,0.0,0.6071428571428571,-0.07213740458015333
0.5,1.2,2.0,-0.4,-0.19753086419753085,-0.14146341463414633,-0.1619047619047619,-0.19001610305958108,0.25,-2.1211504774498138e-16,0.7320508075688774,0.0,0.6428571428571429,-0.056870229007633805
1.0,-1.0,-1.0,-0.4,-0.19753086419753085,-0.14146341463414633,-0.11428571428571428,-0.17391304347826086,0.35714285714285715,0.2886751345948128,0.6339745962155615,0.0,0.6785714285714286,-0.041603053435114945
1.0,-0.8,-1.0,-0.4,-0.19753086419753085,-0.14146341463414633,-0.11428571428571428,-0.17391304347826086,0.35714285714285715,0.49999999999999994,0.3660254037844388,0.0,0.7142857142857143,-0.035496183206107534
1.0,-0.6,-1.0,-0.4,-0.19753086419753085,-0.14146341463414633,-0.11428571428571428,-0.17391304347826086,0.35714285714285715,0.5773502691896257,1.793007356604921e-16,0.0,0.75,-0.029389312977099454
1.0,-0.4,0.0,-0.4,-0.19753086419753085,-0.14146341463414633,-0.11428571428571428,-0.17391304347826086,0.35714285714285715,0.5,-0.3660254037844383,1.0,0.7857142857142857,-0.023282442748092044
1.0,-0.2,0.0,-0.4,-0.17777777777777778,-0.14146341463414633,-0.11428571428571428,-0.16747181964573293,0.35714285714285715,0.2886751345948128,-0.6339745962155612,0.0,0.8214285714285714,-0.01564885496183228
1.0,0.0,0.0,-0.4,-0.07901234567901234,-0.12195121951219512,-0.11428571428571428,-0.12882447665056385,0.35714285714285715,0.0,-0.7320508075688771,0.0,0.8571428571428571,-0.0003816793893134214
1.0,0.2,1.0,-0.4,-0.07901234567901234,-0.024390243902439025,-0.09523809523809523,-0.09017713365539476,0.38392857142857145,-0.2886751345948128,-0.6339745962155612,0.0,0.8928571428571429,0.014885496183205438
1.0,0.4,1.0,-0.4,-0.07901234567901234,-0.024390243902439025,0.0,-0.057971014492753624,0.35714285714285715,-0.5,-0.36602540378443876,0.0,0.9285714285714286,0.027862595419847102
1.0,0.6,1.0,-0.4,-0.02962962962962963,-0.024390243902439025,0.0,-0.04186795491143341,0.38392857142857145,-0.577350269189626,0.0,0.0,0.9642857142857143,0.04694656488549551
1.0,0.8,2.0,-0.4,0.0,0.024390243902439025,0.0,-0.016103059581320217,0.42857142857142855,-0.5000000000000001,0.3660254037844388,0.0,1.0,0.06603053435114459
-1.0,-0.8,-1.0,-0.2,-1.0962962962962963,-1.0292682926829269,-0.9904761904761905,-1.0563607085346214,-0.36607142857142855,0.49999999999999994,0.3660254037844388,0.0,-1.0,-0.8141221374045804
-1.0,-0.6,-1.0,-0.2,-0.9876543209876543,-1.0292682926829269,-0.9809523809523809,-1.0177133655394524,-0.36607142857142855,0.5773502691896257,1.793007356604921e-16,0.0,-0.9642857142857143,-0.8072519083969468
-1.0,-0.4,0.0,-0.2,-0.9975308641975309,-0.9219512195121952,-0.9809523809523809,-0.9855072463768116,-0.375,0.5,-0.3660254037844383,0.0,-0.9285714285714286,-0.8011450381679394
-1.0,-0.2,0.0,-0.2,-0.9975308641975309,-0.9317073170731708,-0.8761904761904762,-0.9533011272141708,-0.375,0.2886751345948128,-0.6339745962155612,1.0,-0.8928571428571429,-0.7942748091603058
-1.0,0.0,0.0,-0.2,-0.9975308641975309,-0.9317073170731708,-0.8857142857142857,-0.9565217391304348,-0.35714285714285715,0.0,-0.7320508075688771,0.0,-0.8571428571428571,-0.7874045801526722
-1.0,0.2,1.0,-0.2,-0.9975308641975309,-0.9317073170731708,-0.8857142857142857,-0.9565217391304348,-0.36607142857142855,-0.2886751345948128,-0.6339745962155612,0.0,-0.8214285714285714,-0.7820610687022903
-1.0,0.4,1.0,-0.2,-0.9777777777777777,-0.9317073170731708,-0.8857142857142857,-0.9500805152979065,-0.36607142857142855,-0.5,-0.36602540378443876,0.0,-0.7857142857142857,-0.7744274809160309
-1.0,0.6,1.0,-0.2,-0.9679012345679012,-0.9121951219512195,-0.8857142857142857,-0.9404186795491142,-0.36607142857142855,-0.577350269189626,0.0,0.0,-0.75,-0.7660305343511453
-1.0,0.8,2.0,-0.2,-0.9185185185185185,-0.9024390243902439,-0.8666666666666667,-0.9146537842190017,-0.38392857142857145,-0.5000000000000001,0.3660254037844388,0.0,-0.7142857142857143,-0.7538167938931302
-1.0,1.0,2.0,-0.2,-0.8691358024691358,-0.8536585365853658,-0.8571428571428571,-0.8792270531400966,-0.39285714285714285,-0.2886751345948132,0.6339745962155612,0.0,-0.6785714285714286,-0.7362595419847331
-1.0,1.2,2.0,-0.2,-0.8395061728395061,-0.8048780487804879,-0.8095238095238095,-0.8373590982286636,-0.38392857142857145,-2.1211504774498138e-16,0.7320508075688774,0.0,-0.6428571428571429,-0.7156488549618323
-0.5,-1.0,-1.0,-0.2,-0.8296296296296296,-0.775609756097561,-0.7619047619047619,-0.8083735909822868,-0.38392857142857145,0.2886751345948128,0.6339745962155615,0.0,-0.6071428571428571,-0.6950381679389316
-0.5,-0.8,-1.0,-0.2,-0.8296296296296296,-0.7658536585365854,-0.7333333333333333,-0.7954911433172301,-0.2857142857142857,0.49999999999999994,0.3660254037844388,0.0,-0.5714285714285714,-0.6744274809160308
-0.5,-0.6,-1.0,-0.2,-0.8,-0.7658536585365854,-0.7238095238095238,-0.782608695652174,-0.29464285714285715,0.5773502691896257,1.793007356604921e-16,0.0,-0.5357142857142857,-0.6599236641221378
-0.5,-0.4,0.0,-0.2,-0.8,-0.7365853658536585,-0.7238095238095238,-0.7729468599033816,-0.29464285714285715,0.5,-0.3660254037844383,0.0,-0.5,-0.6446564885496185
-0.5,-0.2,0.0,-0.2,-0.7604938271604939,-0.7365853658536585,-0.6952380952380952,-0.7504025764895331,-0.29464285714285715,0.2886751345948128,-0.6339745962155612,1.0,-0.4642857142857143,-0.6263358778625957
-0.5,0.0,0.0,-0.2,-0.7209876543209877,-0.697560975609756,-0.6952380952380952,-0.7246376811594203,-0.29464285714285715,0.0,-0.7320508075688771,0.0,-0.42857142857142855,-0.6049618320610691
-0.5,0.2,1.0,-0.2,-0.7209876543209877,-0.6585365853658537,-0.6571428571428571,-0.6988727858293075,-0.2767857142857143,-0.2886751345948128,-0.6339745962155612,0.0,-0.39285714285714285,-0.5835877862595424
-0.5,0.4,1.0,-0.2,-0.6320987654320988,-0.6585365853658537,-0.6190476190476191,-0.6570048309178744,-0.26785714285714285,-0.5,-0.36602540378443876,0.0,-0.35714285714285715,-0.5568702290076339
-0.5,0.6,1.0,-0.2,-0.582716049382716,-0.5707317073170731,-0.6190476190476191,-0.611916264090177,-0.22321428571428573,-0.577350269189626,0.0,0.0,-0.32142857142857145,-0.5270992366412217
-0.5,0.8,2.0,-0.2,-0.4839506172839506,-0.5219512195121951,-0.5333333333333333,-0.5346215780998389,-0.17857142857142858,-0.5000000000000001,0.3660254037844388,0.0,-0.2857142857142857,-0.49351145038167965
-0.5,1.0,2.0,-0.2,-0.4345679012345679,-0.424390243902439,-0.4857142857142857,-0.47020933977455726,-0.15178571428571427,-0.2886751345948132,0.6339745962155612,0.0,-0.25,-0.4599236641221379
-0.5,1.2,2.0,-0.2,-0.17777777777777778,-0.375609756097561,-0.3904761904761905,-0.33816425120772947,-0.14285714285714285,-2.1211504774498138e-16,0.7320508075688774,0.0,-0.21428571428571427,-0.4087786259541988
0.0,-1.0,-1.0,-0.2,0.0691358024691358,-0.12195121951219512,-0.34285714285714286,-0.15780998389694065,-0.14285714285714285,0.2886751345948128,0.6339745962155615,0.0,-0.17857142857142858,-0.339312977099237
0.0,-0.8,-1.0,-0.2,0.25679012345679014,0.12195121951219512,-0.09523809523809523,0.06763285024154589,-0.11607142857142858,0.49999999999999994,0.3660254037844388,0.0,-0.14285714285714285,-0.255343511450382
0.0,-0.6,-1.0,-0.2,0.25679012345679014,0.3073170731707317,0.14285714285714285,0.20933977455716563,-0.11607142857142858,0.5773502691896257,1.793007356604921e-16,0.0,-0.10714285714285714,-0.17366412213740479
0.0,-0.4,0.0,-0.2,-0.16790123456790124,0.3073170731707317,0.3238095238095238,0.13204508856682745,-0.08035714285714286,0.5,-0.3660254037844383,0.0,-0.07142857142857142,-0.12480916030534417
0.0,-0.2,0.0,-0.2,1.3530864197530865,-0.11219512195121951,0.3238095238095238,0.4895330112721415,-0.044642857142857144,0.2886751345948128,-0.6339745962155612,1.0,-0.03571428571428571,0.03854961832061024
0.0,0.0,0.0,-0.2,1.3530864197530865,1.3902439024390243,-0.08571428571428572,0.8470209339774555,-0.044642857142857144,0.0,-0.7320508075688771,0.0,0.0,0.1988549618320606
0.0,0.2,1.0,-0.2,1.3530864197530865,1.3902439024390243,1.380952380952381,1.3429951690821256,0.03571428571428571,-0.2886751345948128,-0.6339745962155612,0.0,0.03571428571428571,0.35916030534351095
0.0,0.4,1.0,-0.2,1.0074074074074073,1.3902439024390243,1.380952380952381,1.2302737520128826,0.08035714285714286,-0.5,-0.36602540378443876,0.0,0.07142857142857142,0.4858778625954196
0.0,0.6,1.0,-0.2,0.6024691358024692,1.048780487804878,1.380952380952381,0.9855072463768116,0.16964285714285715,-0.577350269189626,0.0,0.0,0.10714285714285714,0.5774809160305341
0.0,0.8,2.0,-0.2,0.1580246913580247,0.6487804878048781,1.0476190476190477,0.5958132045088564,0.21428571428571427,-0.5000000000000001,0.3660254037844388,0.0,0.14285714285714285,0.6270992366412209
0.0,1.0,2.0,-0.2,0.1580246913580247,0.2097560975609756,0.6571428571428571,0.3188405797101449,0.44642857142857145,-0.2886751345948132,0.6339745962155612,0.0,0.17857142857142858,0.6729007633587781
0.0,1.2,2.0,-0.2,0.07901234567901234,0.2097560975609756,0.22857142857142856,0.1481481481481484,0.6696428571428571,-2.1211504774498138e-16,0.7320508075688774,0.0,0.21428571428571427,0.6927480916030527
0.5,-1.0,-1.0,-0.2,0.14814814814814814,0.13170731707317074,0.22857142857142856,0.14492753623188406,0.8392857142857143,0.2886751345948128,0.6339745962155615,0.0,0.25,0.6988549618320608
0.5,-0.8,-1.0,-0.2,0.12839506172839507,0.2,0.1523809523809524,0.13526570048309178,0.8392857142857143,0.49999999999999994,0.3660254037844388,0.0,0.2857142857142857,0.6889312977099231
0.5,-0.6,-1.0,-0.2,0.12839506172839507,0.18048780487804877,0.21904761904761905,0.151368760064412,0.45535714285714285,0.5773502691896257,1.793007356604921e-16,0.0,0.32142857142857145,0.6790076335877855
0.5,-0.4,0.0,-0.2,0.11851851851851852,0.18048780487804877,0.2,0.14170692431561974,1.8303571428571428,0.5,-0.3660254037844383,1.0,0.35714285714285715,0.7011450381679386
0.5,-0.2,0.0,-0.2,0.09876543209876543,0.17073170731707318,0.2,0.13204508856682745,1.8303571428571428,0.2886751345948128,-0.6339745962155612,0.0,0.39285714285714285,0.6041984732824422
0.5,0.0,0.0,-0.2,0.19753086419753085,0.15121951219512195,0.19047619047619047,0.15458937198067632,1.8303571428571428,0.0,-0.7320508075688771,0.0,0.42857142857142855,0.5148854961832056
0.5,0.2,1.0,-0.2,0.10864197530864197,0.24878048780487805,0.17142857142857143,0.151368760064412,1.5178571428571428,-0.2886751345948128,-0.6339745962155612,0.0,0.4642857142857143,0.41870229007633536
0.5,0.4,1.0,-0.2,0.09876543209876543,0.16097560975609757,0.26666666666666666,0.151368760064412,1.1517857142857142,-0.5,-0.36602540378443876,0.0,0.5,0.34847328244274783
0.5,0.6,1.0,-0.2,0.04938271604938271,0.15121951219512195,0.18095238095238095,0.10305958132045065,0.75,-0.577350269189626,0.0,0.0,0.5357142857142857,0.30572519083969396
0.5,0.8,2.0,-0.2,0.04938271604938271,0.1024390243902439,0.17142857142857143,0.0837359098228661,0.75,-0.5000000000000001,0.3660254037844388,0.0,0.5714285714285714,0.2973282442748087
0.5,1.0,2.0,-0.2,0.02962962962962963,0.1024390243902439,0.12380952380952381,0.06119162640901795,0.6785714285714286,-0.2886751345948132,0.6339745962155612,0.0,0.6071428571428571,0.28740458015267106
0.5,1.2,2.0,-0.2,0.019753086419753086,0.08292682926829269,0.12380952380952381,0.05152979066022568,0.7410714285714286,-2.1211504774498138e-16,0.7320508075688774,0.0,0.6428571428571429,0.28282442748091535
1.0,-1.0,-1.0,-0.2,-0.03950617283950617,0.07317073170731707,0.10476190476190476,0.022544283413848867,0.7232142857142857,0.2886751345948128,0.6339745962155615,0.0,0.6785714285714286,0.2683206106870227
1.0,-0.8,-1.0,-0.2,-0.019753086419753086,0.014634146341463415,0.09523809523809523,0.006441223832527946,0.7232142857142857,0.49999999999999994,0.3660254037844388,0.0,0.7142857142857143,0.25687022900763334
1.0,-0.6,-1.0,-0.2,-0.019753086419753086,0.03414634146341464,0.0380952380952381,-0.006441223832527946,0.7142857142857143,0.5773502691896257,1.793007356604921e-16,0.0,0.75,0.245419847328244
1.0,-0.4,0.0,-0.2,0.0,0.03414634146341464,0.05714285714285714,0.006441223832527946,0.6964285714285714,0.5,-0.3660254037844383,1.0,0.7857142857142857,0.23625954198473256
1.0,-0.2,0.0,-0.2,0.009876543209876543,0.05365853658536585,0.05714285714285714,0.016103059581320217,0.7857142857142857,0.2886751345948128,-0.6339745962155612,0.0,0.8214285714285714,0.229389312977099
1.0,0.0,0.0,-0.2,0.02962962962962963,0.06341463414634146,0.0761904761904762,0.032206119162641135,0.7053571428571429,0.0,-0.7320508075688771,0.0,0.8571428571428571,0.21641221374045733
1.0,0.2,1.0,-0.2,0.04938271604938271,0.08292682926829269,0.08571428571428572,0.04830917874396135,0.6964285714285714,-0.2886751345948128,-0.6339745962155612,0.0,0.8928571428571429,0.2118320610687016
1.0,0.4,1.0,-0.2,0.03950617283950617,0.1024390243902439,0.10476190476190476,0.057971014492753624,0.6517857142857143,-0.5,-0.36602540378443876,0.0,0.9285714285714286,0.20725190839694588
1.0,0.6,1.0,-0.2,0.04938271604938271,0.09268292682926829,0.12380952380952381,0.06441223832528158,0.6517857142857143,-0.577350269189626,0.0,0.0,0.9642857142857143,0.20725190839694588
1.0,0.8,2.0,-0.2,0.04938271604938271,0.1024390243902439,0.11428571428571428,0.06441223832528158,0.6339285714285714,-0.5000000000000001,0.3660254037844388,0.0,1.0,0.20725190839694588
-1.0,-1.0,-1.0,0.0,-1.125925925925926,-1.0585365853658537,-1.0,-1.0789049919484703,-0.35714285714285715,0.2886751345948128,0.6339745962155615,0.0,-1.0357142857142858,-0.8316793893129775
-1.0,-0.8,-1.0,0.0,-1.125925925925926,-1.0585365853658537,-1.0095238095238095,-1.0821256038647342,-0.375,0.49999999999999994,0.3660254037844388,0.0,-1.0,-0.8362595419847332
-1.0,-0.6,-1.0,0.0,-0.9481481481481482,-1.0585365853658537,-1.0095238095238095,-1.0241545893719808,-0.38392857142857145,0.5773502691896257,1.793007356604921e-16,0.0,-0.9642857142857143,-0.8255725190839697
-1.0,-0.4,0.0,0.0,-0.9580246913580247,-0.8829268292682927,-1.0095238095238095,-0.969404186795491,-0.38392857142857145,0.5,-0.3660254037844383,0.0,-0.9285714285714286,-0.8148854961832066
-1.0,-0.2,0.0,0.0,-0.9580246913580247,-0.8926829268292683,-0.8380952380952381,-0.9146537842190017,-0.38392857142857145,0.2886751345948128,-0.6339745962155612,1.0,-0.8928571428571429,-0.8041984732824431
-1.0,0.0,0.0,0.0,-0.9580246913580247,-0.8926829268292683,-0.8476190476190476,-0.9178743961352657,-0.39285714285714285,0.0,-0.7320508075688771,0.0,-0.8571428571428571,-0.7935114503816796
-1.0,0.2,1.0,0.0,-0.9580246913580247,-0.8926829268292683,-0.8476190476190476,-0.9178743961352657,-0.39285714285714285,-0.2886751345948128,-0.6339745962155612,0.0,-0.8214285714285714,-0.7820610687022903
-1.0,0.4,1.0,0.0,-0.9580246913580247,-0.8926829268292683,-0.8476190476190476,-0.9178743961352657,-0.39285714285714285,-0.5,-0.36602540378443876,0.0,-0.7857142857142857,-0.770610687022901
-1.0,0.6,1.0,0.0,-0.9481481481481482,-0.8926829268292683,-0.8476190476190476,-0.9146537842190017,-0.4017857142857143,-0.577350269189626,0.0,0.0,-0.75,-0.7583969465648859
-1.0,0.8,2.0,0.0,-0.928395061728395,-0.8829268292682927,-0.8476190476190476,-0.9049919484702095,-0.4017857142857143,-0.5000000000000001,0.3660254037844388,0.0,-0.7142857142857143,-0.7438931297709929
-1.0,1.0,2.0,0.0,-0.8395061728395061,-0.8634146341463415,-0.8380952380952381,-0.8663446054750403,-0.4107142857142857,-0.2886751345948132,0.6339745962155612,0.0,-0.6785714285714286,-0.7225190839694658
-1.0,1.2,2.0,0.0,-0.8296296296296296,-0.775609756097561,-0.819047619047619,-0.8276972624798713,-0.4107142857142857,-2.1211504774498138e-16,0.7320508075688774,0.0,-0.6428571428571429,-0.6996183206106873
-0.5,-1.0,-1.0,0.0,-0.8197530864197531,-0.7658536585365854,-0.7333333333333333,-0.7922705314009661,-0.4107142857142857,0.2886751345948128,0.6339745962155615,0.0,-0.6071428571428571,-0.6759541984732829
-0.5,-0.8,-1.0,0.0,-0.8197530864197531,-0.7560975609756098,-0.7238095238095238,-0.7858293075684379,-0.25,0.49999999999999994,0.3660254037844388,0.0,-0.5714285714285714,-0.6522900763358783
-0.5,-0.6,-1.0,0.0,-0.7901234567901234,-0.7560975609756098,-0.7142857142857143,-0.7729468599033816,-0.25892857142857145,0.5773502691896257,1.793007356604921e-16,0.0,-0.5357142857142857,-0.6400763358778628
-0.5,-0.4,0.0,0.0,-0.7802469135802469,-0.7268292682926829,-0.7142857142857143,-0.7600644122383254,-0.25892857142857145,0.5,-0.3660254037844383,0.0,-0.5,-0.6263358778625957
-0.5,-0.2,0.0,0.0,-0.7111111111111111,-0.7170731707317073,-0.6857142857142857,-0.7246376811594203,-0.25892857142857145,0.2886751345948128,-0.6339745962155612,1.0,-0.4642857142857143,-0.607251908396947
-0.5,0.0,0.0,0.0,-0.7209876543209877,-0.6487804878048781,-0.6761904761904762,-0.7020933977455718,-0.25892857142857145,0.0,-0.7320508075688771,0.0,-0.42857142857142855,-0.588931297709924
-0.5,0.2,1.0,0.0,-0.7209876543209877,-0.6585365853658537,-0.6095238095238096,-0.6827697262479873,-0.25892857142857145,-0.2886751345948128,-0.6339745962155612,0.0,-0.39285714285714285,-0.5706106870229012
-0.5,0.4,1.0,0.0,-0.6123456790123457,-0.6585365853658537,-0.6190476190476191,-0.6505636070853461,-0.25,-0.5,-0.36602540378443876,0.0,-0.35714285714285715,-0.5438931297709927
-0.5,0.6,1.0,0.0,-0.562962962962963,-0.551219512195122,-0.6190476190476191,-0.5990338164251208,-0.23214285714285715,-0.577350269189626,0.0,0.0,-0.32142857142857145,-0.5141221374045805
-0.5,0.8,2.0,0.0,-0.5432098765432098,-0.5024390243902439,-0.5142857142857142,-0.5410628019323671,-0.15178571428571427,-0.5000000000000001,0.3660254037844388,0.0,-0.2857142857142857,-0.48435114503816823
-0.5,1.0,2.0,0.0,-0.4740740740740741,-0.48292682926829267,-0.4666666666666667,-0.49597423510466976,-0.14285714285714285,-0.2886751345948132,0.6339745962155612,0.0,-0.25,-0.45610687022900803
-0.5,1.2,2.0,0.0,-0.19753086419753085,-0.4146341463414634,-0.44761904761904764,-0.37681159420289856,-0.13392857142857142,-2.1211504774498138e-16,0.7320508075688774,0.0,-0.21428571428571427,-0.4072519083969471
0.0,-1.0,-1.0,0.0,0.1580246913580247,-0.14146341463414633,-0.38095238095238093,-0.1481481481481484,-0.13392857142857142,0.2886751345948128,0.6339745962155615,0.0,-0.17857142857142858,-0.33167938931297763
0.0,-0.8,-1.0,0.0,0.2962962962962963,0.2097560975609756,-0.11428571428571428,0.10305958132045065,-0.10714285714285714,0.49999999999999994,0.3660254037844388,0.0,-0.14285714285714285,-0.2454198473282447
0.0,-0.6,-1.0,0.0,0.2962962962962963,0.3463414634146341,0.22857142857142856,0.2640901771336556,-0.09821428571428571,0.5773502691896257,1.793007356604921e-16,0.0,-0.10714285714285714,-0.16145038167938996
0.0,-0.4,0.0,0.0,-0.11851851851851852,0.3463414634146341,0.3619047619047619,0.17391304347826086,-0.03571428571428571,0.5,-0.3660254037844383,0.0,-0.07142857142857142,-0.11030534351145081
0.0,-0.2,0.0,0.0,0.7506172839506173,-0.06341463414634146,0.3619047619047619,0.3220611916264092,-0.044642857142857144,0.2886751345948128,-0.6339745962155612,1.0,-0.03571428571428571,0.0026717557251906172
0.0,0.0,0.0,0.0,0.7506172839506173,0.7951219512195122,-0.0380952380952381,0.4702093397745569,-0.044642857142857144,0.0,-0.7320508075688771,0.0,0.0,0.11641221374045756
0.0,0.2,1.0,0.0,0.7506172839506173,0.7951219512195122,0.8,0.7536231884057971,0.05357142857142857,-0.2886751345948128,-0.6339745962155612,0.0,0.03571428571428571,0.23015267175572449
0.0,0.4,1.0,0.0,1.2246913580246914,0.7951219512195122,0.8,0.9082125603864735,0.09821428571428571,-0.5,-0.36602540378443876,0.0,0.07142857142857142,0.372137404580152
0.0,0.6,1.0,0.0,0.8098765432098766,1.2634146341463415,0.8,0.927536231884058,0.11607142857142858,-0.577350269189626,0.0,0.0,0.10714285714285714,0.4782442748091598
0.0,0.8,2.0,0.0,0.4740740740740741,0.8536585365853658,1.2571428571428571,0.8373590982286632,0.17857142857142858,-0.5000000000000001,0.3660254037844388,0.0,0.14285714285714285,0.5568702290076333
0.0,1.0,2.0,0.0,0.4246913580246914,0.5219512195121951,0.8571428571428571,0.5764895330112719,0.42857142857142855,-0.2886751345948132,0.6339745962155612,0.0,0.17857142857142858,0.6263358778625947
0.0,1.2,2.0,0.0,0.30617283950617286,0.47317073170731705,0.5333333333333333,0.4122383252818033,0.75,-2.1211504774498138e-16,0.7320508075688774,0.0,0.21428571428571427,0.6652671755725184
0.5,-1.0,-1.0,0.0,0.30617283950617286,0.35609756097560974,0.4857142857142857,0.357487922705314,0.875,0.2886751345948128,0.6339745962155615,0.0,0.25,0.6767175572519076
0.5,-0.8,-1.0,0.0,0.3160493827160494,0.35609756097560974,0.37142857142857144,0.3220611916264092,0.875,0.49999999999999994,0.3660254037844388,0.0,0.2857142857142857,0.67824427480916
0.5,-0.6,-1.0,0.0,0.2765432098765432,0.36585365853658536,0.37142857142857144,0.31239935587761697,0.5,0.5773502691896257,1.793007356604921e-16,0.0,0.32142857142857145,0.6767175572519076
0.5,-0.4,0.0,0.0,0.2074074074074074,0.32682926829268294,0.38095238095238093,0.28019323671497587,1.2857142857142858,0.5,-0.3660254037844383,1.0,0.35714285714285715,0.7019083969465642
0.5,-0.2,0.0,0.0,0.1580246913580247,0.25853658536585367,0.34285714285714286,0.22866344605475017,1.2857142857142858,0.2886751345948128,-0.6339745962155612,0.0,0.39285714285714285,0.6561068702290069
0.5,0.0,0.0,0.0,-0.08888888888888889,0.2097560975609756,0.2761904761904762,0.1095008051529793,1.2857142857142858,0.0,-0.7320508075688771,0.0,0.42857142857142855,0.5912213740458012
0.5,0.2,1.0,0.0,0.12839506172839507,-0.03414634146341464,0.22857142857142856,0.0837359098228661,1.7142857142857142,-0.2886751345948128,-0.6339745962155612,0.0,0.4642857142857143,0.5431297709923661
0.5,0.4,1.0,0.0,0.11851851851851852,0.18048780487804877,-0.009523809523809525,0.07085346215781022,1.3392857142857142,-0.5,-0.36602540378443876,0.0,0.5,0.45763358778625907
0.5,0.6,1.0,0.0,0.08888888888888889,0.17073170731707318,0.2,0.12882447665056385,1.0357142857142858,-0.577350269189626,0.0,0.0,0.5357142857142857,0.40190839694656416
0.5,0.8,2.0,0.0,0.07901234567901234,0.14146341463414633,0.19047619047619047,0.11272141706924292,0.9910714285714286,-0.5000000000000001,0.3660254037844388,0.0,0.5714285714285714,0.37137404580152644
0.5,1.0,2.0,0.0,0.0691358024691358,0.13170731707317074,0.1619047619047619,0.0966183574879227,0.8839285714285714,-0.2886751345948132,0.6339745962155612,0.0,0.6071428571428571,0.3438931297709921
0.5,1.2,2.0,0.0,0.02962962962962963,0.12195121951219512,0.1523809523809524,0.07729468599033816,0.8839285714285714,-2.1211504774498138e-16,0.7320508075688774,0.0,0.6428571428571429,0.32251908396946516
1.0,-1.0,-1.0,0.0,0.09876543209876543,0.08292682926829269,0.14285714285714285,0.0837359098228661,0.8928571428571429,0.2886751345948128,0.6339745962155615,0.0,0.6785714285714286,0.3064885496183201
1.0,-0.8,-1.0,0.0,-0.17777777777777778,0.15121951219512195,0.10476190476190476,0.0032206119162643244,0.8571428571428571,0.49999999999999994,0.3660254037844388,0.0,0.7142857142857143,0.2683206106870227
1.0,-0.6,-1.0,0.0,0.0691358024691358,-0.12195121951219512,0.17142857142857143,0.016103059581320217,0.7946428571428571,0.5773502691896257,1.793007356604921e-16,0.0,0.75,0.25229007633587763
1.0,-0.4,0.0,0.0,0.03950617283950617,0.12195121951219512,-0.09523809523809523,-0.0032206119162643244,0.75,0.5,-0.3660254037844383,1.0,0.7857142857142857,0.23931297709923594
1.0,-0.2,0.0,0.0,0.05925925925925926,0.09268292682926829,0.14285714285714285,0.07407407407407383,0.5267857142857143,0.2886751345948128,-0.6339745962155612,0.0,0.8214285714285714,0.23167938931297685
1.0,0.0,0.0,0.0,0.05925925925925926,0.11219512195121951,0.11428571428571428,0.07085346215781022,0.7232142857142857,0.0,-0.7320508075688771,0.0,0.8571428571428571,0.24312977099236616
1.0,0.2,1.0,0.0,0.05925925925925926,0.11219512195121951,0.13333333333333333,0.07729468599033816,0.7142857142857143,-0.2886751345948128,-0.6339745962155612,0.0,0.8928571428571429,0.23778625954198426
1.0,0.4,1.0,0.0,0.0691358024691358,0.11219512195121951,0.13333333333333333,0.08051529790660249,0.6875,-0.5,-0.36602540378443876,0.0,0.9285714285714286,0.2339694656488547
1.0,0.6,1.0,0.0,0.05925925925925926,0.12195121951219512,0.13333333333333333,0.08051529790660249,0.6785714285714286,-0.577350269189626,0.0,0.0,0.9642857142857143,0.23167938931297685
1.0,0.8,2.0,0.0,0.07901234567901234,0.11219512195121951,0.14285714285714285,0.08695652173913043,0.6696428571428571,-0.5000000000000001,0.3660254037844388,0.0,1.0,0.23167938931297685
-1.0,-0.8,-1.0,0.2,-1.1358024691358024,-1.0682926829268293,-1.0380952380952382,-1.098228663446055,-0.38392857142857145,0.49999999999999994,0.3660254037844388,0.0,-1.0,-0.8553435114503819
-1.0,-0.6,-1.0,0.2,-1.0666666666666667,-1.0682926829268293,-1.019047619047619,-1.069243156199678,-0.38392857142857145,0.5773502691896257,1.793007356604921e-16,0.0,-0.9642857142857143,-0.853053435114504
-1.0,-0.4,0.0,0.2,-1.05679012345679,-1.0,-1.019047619047619,-1.0434782608695652,-0.36607142857142855,0.5,-0.3660254037844383,0.0,-0.9285714285714286,-0.8500000000000003
-1.0,-0.2,0.0,0.2,-1.05679012345679,-0.9902439024390244,-0.9523809523809523,-1.0177133655394524,-0.5357142857142857,0.2886751345948128,-0.6339745962155612,1.0,-0.8928571428571429,-0.8484732824427483
-1.0,0.0,0.0,0.2,-1.05679012345679,-0.9902439024390244,-0.9428571428571428,-1.0144927536231885,-0.38392857142857145,0.0,-0.7320508075688771,0.0,-0.8571428571428571,-0.8324427480916033
-1.0,0.2,1.0,0.2,-1.037037037037037,-0.9902439024390244,-0.9428571428571428,-1.00805152979066,-0.375,-0.2886751345948128,-0.6339745962155612,0.0,-0.8214285714285714,-0.8278625954198475
-1.0,0.4,1.0,0.2,-1.0666666666666667,-0.9707317073170731,-0.9428571428571428,-1.0112721417069244,-0.39285714285714285,-0.5,-0.36602540378443876,0.0,-0.7857142857142857,-0.8263358778625959
-1.0,0.6,1.0,0.2,-1.0469135802469136,-1.0,-0.9238095238095239,-1.00805152979066,-0.42857142857142855,-0.577350269189626,0.0,0.0,-0.75,-0.8217557251908402
-1.0,0.8,2.0,0.2,-1.0074074074074073,-0.9804878048780488,-0.9523809523809523,-0.9983896940418678,-0.4375,-0.5000000000000001,0.3660254037844388,0.0,-0.7142857142857143,-0.8110687022900767
-1.0,1.0,2.0,0.2,-0.9876543209876543,-0.9414634146341463,-0.9333333333333333,-0.9726247987117553,-0.4375,-0.2886751345948132,0.6339745962155612,0.0,-0.6785714285714286,-0.7980916030534354
-1.0,1.2,2.0,0.2,-0.9580246913580247,-0.9219512195121952,-0.8952380952380953,-0.9436392914653785,-0.41964285714285715,-2.1211504774498138e-16,0.7320508075688774,0.0,-0.6428571428571429,-0.7828244274809165
-0.5,-1.0,-1.0,0.2,-0.9382716049382716,-0.8926829268292683,-0.8761904761904762,-0.9210950080515297,-0.41964285714285715,0.2886751345948128,0.6339745962155615,0.0,-0.6071428571428571,-0.7675572519083973
-0.5,-0.8,-1.0,0.2,-0.9382716049382716,-0.8731707317073171,-0.8476190476190476,-0.9049919484702095,-0.35714285714285715,0.49999999999999994,0.3660254037844388,0.0,-0.5714285714285714,-0.7522900763358781
-0.5,-0.6,-1.0,0.2,-0.9185185185185185,-0.8731707317073171,-0.8285714285714286,-0.8921095008051528,-0.3482142857142857,0.5773502691896257,1.793007356604921e-16,0.0,-0.5357142857142857,-0.7408396946564888
-0.5,-0.4,0.0,0.2,-0.8888888888888888,-0.8536585365853658,-0.8285714285714286,-0.8760064412238326,-0.3482142857142857,0.5,-0.3660254037844383,0.0,-0.5,-0.7278625954198478
-0.5,-0.2,0.0,0.2,-0.8493827160493828,-0.824390243902439,-0.8095238095238095,-0.8470209339774558,-0.3482142857142857,0.2886751345948128,-0.6339745962155612,1.0,-0.4642857142857143,-0.7118320610687028
-0.5,0.0,0.0,0.2,-0.7802469135802469,-0.7853658536585366,-0.780952380952381,-0.8019323671497585,-0.33035714285714285,0.0,-0.7320508075688771,0.0,-0.42857142857142855,-0.6904580152671759
-0.5,0.2,1.0,0.2,-0.7802469135802469,-0.7170731707317073,-0.7428571428571429,-0.7665056360708533,-0.35714285714285715,-0.2886751345948128,-0.6339745962155612,0.0,-0.39285714285714285,-0.6706106870229013
-0.5,0.4,1.0,0.2,-0.7012345679012346,-0.7170731707317073,-0.6761904761904762,-0.718196457326892,-0.3392857142857143,-0.5,-0.36602540378443876,0.0,-0.35714285714285715,-0.6423664122137407
-0.5,0.6,1.0,0.2,-0.671604938271605,-0.6390243902439025,-0.6761904761904762,-0.6827697262479873,-0.30357142857142855,-0.577350269189626,0.0,0.0,-0.32142857142857145,-0.6133587786259547
-0.5,0.8,2.0,0.2,-0.6419753086419753,-0.6097560975609756,-0.6,-0.6376811594202898,-0.2857142857142857,-0.5000000000000001,0.3660254037844388,0.0,-0.2857142857142857,-0.5851145038167942
-0.5,1.0,2.0,0.2,-0.5728395061728395,-0.5804878048780487,-0.5714285714285714,-0.5958132045088568,-0.25892857142857145,-0.2886751345948132,0.6339745962155612,0.0,-0.25,-0.5530534351145041
-0.5,1.2,2.0,0.2,-0.25679012345679014,-0.5121951219512195,-0.5428571428571428,-0.460547504025765,-0.24107142857142858,-2.1211504774498138e-16,0.7320508075688774,0.0,-0.21428571428571427,-0.49885496183206157
0.0,-1.0,-1.0,0.2,-0.019753086419753086,-0.2,-0.47619047619047616,-0.25764895330112697,-0.24107142857142858,0.2886751345948128,0.6339745962155615,0.0,-0.17857142857142858,-0.42786259541984784
0.0,-0.8,-1.0,0.2,0.16790123456790124,0.03414634146341464,-0.17142857142857143,-0.016103059581320217,-0.22321428571428573,0.49999999999999994,0.3660254037844388,0.0,-0.14285714285714285,-0.34236641221374076
0.0,-0.6,-1.0,0.2,0.3160493827160494,0.21951219512195122,0.05714285714285714,0.17069243156199654,-0.19642857142857142,0.5773502691896257,1.793007356604921e-16,0.0,-0.10714285714285714,-0.2469465648854967
0.0,-0.4,0.0,0.2,-0.2765432098765432,0.36585365853658536,0.23809523809523808,0.08695652173913043,-0.16071428571428573,0.5,-0.3660254037844383,0.0,-0.07142857142857142,-0.19961832061068743
0.0,-0.2,0.0,0.2,1.2049382716049384,-0.21951219512195122,0.38095238095238093,0.4251207729468599,-0.09821428571428571,0.2886751345948128,-0.6339745962155612,1.0,-0.03571428571428571,-0.04083969465648877
0.0,0.0,0.0,0.2,1.2049382716049384,1.2439024390243902,-0.19047619047619047,0.714975845410628,-0.09821428571428571,0.0,-0.7320508075688771,0.0,0.0,0.11259541984732802
0.0,0.2,1.0,0.2,1.2049382716049384,1.2439024390243902,1.2380952380952381,1.1980676328502415,-0.026785714285714284,-0.2886751345948128,-0.6339745962155612,0.0,0.03571428571428571,0.26603053435114477
0.0,0.4,1.0,0.2,0.9679012345679012,1.2439024390243902,1.2380952380952381,1.1207729468599035,0.0,-0.5,-0.36602540378443876,0.0,0.07142857142857142,0.3950381679389306
0.0,0.6,1.0,0.2,0.4740740740740741,1.0097560975609756,1.2380952380952381,0.882447665056361,0.026785714285714284,-0.577350269189626,0.0,0.0,0.10714285714285714,0.4835877862595417
0.0,0.8,2.0,0.2,0.19753086419753085,0.5219512195121951,1.0095238095238095,0.5539452495974238,0.08928571428571429,-0.5000000000000001,0.3660254037844388,0.0,0.14285714285714285,0.5484732824427474
0.0,1.0,2.0,0.2,0.05925925925925926,0.24878048780487805,0.5333333333333333,0.25764895330112697,0.375,-0.2886751345948132,0.6339745962155612,0.0,0.17857142857142858,0.5973282442748087
0.0,1.2,2.0,0.2,0.04938271604938271,0.11219512195121951,0.26666666666666666,0.11916264090177157,0.5892857142857143,-2.1211504774498138e-16,0.7320508075688774,0.0,0.21428571428571427,0.6209923664122134
0.5,-1.0,-1.0,0.2,0.0691358024691358,0.1024390243902439,0.13333333333333333,0.07729468599033816,0.7589285714285714,0.2886751345948128,0.6339745962155615,0.0,0.25,0.627862595419847
0.5,-0.8,-1.0,0.2,0.11851851851851852,0.12195121951219512,0.12380952380952381,0.0966183574879227,0.8928571428571429,0.49999999999999994,0.3660254037844388,0.0,0.2857142857142857,0.6240458015267168
0.5,-0.6,-1.0,0.2,0.16790123456790124,0.17073170731707318,0.14285714285714285,0.13526570048309178,0.35714285714285715,0.5773502691896257,1.793007356604921e-16,0.0,0.32142857142857145,0.6125954198473275
0.5,-0.4,0.0,0.2,0.14814814814814814,0.21951219512195122,0.19047619047619047,0.16103059581320428,1.6964285714285714,0.5,-0.3660254037844383,1.0,0.35714285714285715,0.6454198473282438
0.5,-0.2,0.0,0.2,0.14814814814814814,0.2,0.23809523809523808,0.17069243156199654,1.6964285714285714,0.2886751345948128,-0.6339745962155612,0.0,0.39285714285714285,0.5637404580152668
0.5,0.0,0.0,0.2,0.0691358024691358,0.2,0.21904761904761905,0.1384863123993561,1.6964285714285714,0.0,-0.7320508075688771,0.0,0.42857142857142855,0.47595419847328196
0.5,0.2,1.0,0.2,0.10864197530864197,0.12195121951219512,0.21904761904761905,0.12560386473429952,1.4821428571428572,-0.2886751345948128,-0.6339745962155612,0.0,0.4642857142857143,0.39122137404580104
0.5,0.4,1.0,0.2,0.1382716049382716,0.16097560975609757,0.14285714285714285,0.1223832528180352,1.0357142857142858,-0.5,-0.36602540378443876,0.0,0.5,0.32709923664122087
0.5,0.6,1.0,0.2,0.12839506172839507,0.1902439024390244,0.18095238095238095,0.14170692431561974,0.7857142857142857,-0.577350269189626,0.0,0.0,0.5357142857142857,0.3003816793893127
0.5,0.8,2.0,0.2,0.08888888888888889,0.18048780487804877,0.20952380952380953,0.13526570048309178,0.6607142857142857,-0.5000000000000001,0.3660254037844388,0.0,0.5714285714285714,0.2919847328244268
0.5,1.0,2.0,0.2,0.0691358024691358,0.14146341463414633,0.2,0.11272141706924292,0.6517857142857143,-0.2886751345948132,0.6339745962155612,0.0,0.6071428571428571,0.292748091603053
0.5,1.2,2.0,0.2,0.04938271604938271,0.12195121951219512,0.1619047619047619,0.08695652173913043,0.6696428571428571,-2.1211504774498138e-16,0.7320508075688774,0.0,0.6428571428571429,0.292748091603053
1.0,-1.0,-1.0,0.2,0.04938271604938271,0.1024390243902439,0.14285714285714285,0.07407407407407383,0.7142857142857143,0.2886751345948128,0.6339745962155615,0.0,0.6785714285714286,0.2912213740458013
1.0,-0.8,-1.0,0.2,0.04938271604938271,0.1024390243902439,0.12380952380952381,0.06763285024154589,0.7589285714285714,0.49999999999999994,0.3660254037844388,0.0,0.7142857142857143,0.28587786259541936
1.0,-0.6,-1.0,0.2,0.0691358024691358,0.1024390243902439,0.12380952380952381,0.07407407407407383,0.7410714285714286,0.5773502691896257,1.793007356604921e-16,0.0,0.75,0.2782442748091596
1.0,-0.4,0.0,0.2,0.0691358024691358,0.12195121951219512,0.12380952380952381,0.08051529790660249,0.7410714285714286,0.5,-0.3660254037844383,1.0,0.7857142857142857,0.2721374045801522
1.0,-0.2,0.0,0.2,0.09876543209876543,0.12195121951219512,0.14285714285714285,0.0966183574879227,0.6696428571428571,0.2886751345948128,-0.6339745962155612,0.0,0.8214285714285714,0.2683206106870227
1.0,0.0,0.0,0.2,0.10864197530864197,0.15121951219512195,0.14285714285714285,0.1095008051529793,0.7053571428571429,0.0,-0.7320508075688771,0.0,0.8571428571428571,0.271374045801526
1.0,0.2,1.0,0.2,0.03950617283950617,0.16097560975609757,0.17142857142857143,0.09983896940418703,0.7321428571428571,-0.2886751345948128,-0.6339745962155612,0.0,0.8928571428571429,0.26603053435114477
1.0,0.4,1.0,0.2,0.03950617283950617,0.09268292682926829,0.18095238095238095,0.08051529790660249,0.7232142857142857,-0.5,-0.36602540378443876,0.0,0.9285714285714286,0.25839694656488504
1.0,0.6,1.0,0.2,0.03950617283950617,0.09268292682926829,0.11428571428571428,0.057971014492753624,0.6875,-0.577350269189626,0.0,0.0,0.9642857142857143,0.2515267175572514
1.0,0.8,2.0,0.2,0.04938271604938271,0.09268292682926829,0.11428571428571428,0.06119162640901795,0.6696428571428571,-0.5000000000000001,0.3660254037844388,0.0,1.0,0.24847328244274738
-1.0,-0.8,-1.0,0.4,-1.0074074074074073,-0.9414634146341463,-0.8857142857142857,-0.9629629629629631,-0.24107142857142858,0.49999999999999994,0.3660254037844388,0.0,-1.0,-0.7072519083969471
-1.0,-0.6,-1.0,0.4,-0.8395061728395061,-0.9414634146341463,-0.8952380952380953,-0.9114331723027373,-0.24107142857142858,0.5773502691896257,1.793007356604921e-16,0.0,-0.9642857142857143,-0.6996183206106873
-1.0,-0.4,0.0,0.4,-0.8592592592592593,-0.775609756097561,-0.8952380952380953,-0.863123993558776,-0.24107142857142858,0.5,-0.3660254037844383,0.0,-0.9285714285714286,-0.6935114503816798
-1.0,-0.2,0.0,0.4,-0.8888888888888888,-0.7951219512195122,-0.7333333333333333,-0.824476650563607,-0.24107142857142858,0.2886751345948128,-0.6339745962155612,1.0,-0.8928571428571429,-0.68969465648855
-1.0,0.0,0.0,0.4,-0.8888888888888888,-0.824390243902439,-0.7523809523809524,-0.8405797101449275,-0.26785714285714285,0.0,-0.7320508075688771,0.0,-0.8571428571428571,-0.68587786259542
-1.0,0.2,1.0,0.4,-0.8888888888888888,-0.824390243902439,-0.780952380952381,-0.8502415458937198,-0.26785714285714285,-0.2886751345948128,-0.6339745962155612,0.0,-0.8214285714285714,-0.6797709923664127
-1.0,0.4,1.0,0.4,-0.8888888888888888,-0.824390243902439,-0.780952380952381,-0.8502415458937198,-0.2767857142857143,-0.5,-0.36602540378443876,0.0,-0.7857142857142857,-0.6736641221374049
-1.0,0.6,1.0,0.4,-0.8790123456790123,-0.824390243902439,-0.780952380952381,-0.8470209339774558,-0.2767857142857143,-0.577350269189626,0.0,0.0,-0.75,-0.6660305343511456
-1.0,0.8,2.0,0.4,-0.8493827160493828,-0.8146341463414634,-0.780952380952381,-0.8341384863123993,-0.2767857142857143,-0.5000000000000001,0.3660254037844388,0.0,-0.7142857142857143,-0.6561068702290079
-1.0,1.0,2.0,0.4,-0.7703703703703704,-0.7853658536585366,-0.7714285714285715,-0.7954911433172301,-0.29464285714285715,-0.2886751345948132,0.6339745962155612,0.0,-0.6785714285714286,-0.6400763358778628
-1.0,1.2,2.0,0.4,-0.7604938271604939,-0.7073170731707317,-0.7428571428571429,-0.7568438003220611,-0.30357142857142855,-2.1211504774498138e-16,0.7320508075688774,0.0,-0.6428571428571429,-0.62175572519084
-0.5,-1.0,-1.0,0.4,-0.7308641975308642,-0.697560975609756,-0.6666666666666666,-0.718196457326892,-0.30357142857142855,0.2886751345948128,0.6339745962155615,0.0,-0.6071428571428571,-0.6003816793893133
-0.5,-0.8,-1.0,0.4,-0.7308641975308642,-0.6682926829268293,-0.6571428571428571,-0.7053140096618358,-0.15178571428571427,0.49999999999999994,0.3660254037844388,0.0,-0.5714285714285714,-0.5790076335877867
-0.5,-0.6,-1.0,0.4,-0.6814814814814815,-0.6682926829268293,-0.6285714285714286,-0.6795491143317229,-0.16964285714285715,0.5773502691896257,1.793007356604921e-16,0.0,-0.5357142857142857,-0.5667938931297712
-0.5,-0.4,0.0,0.4,-0.671604938271605,-0.6195121951219512,-0.6285714285714286,-0.6602254428341384,-0.19642857142857142,0.5,-0.3660254037844383,0.0,-0.5,-0.5522900763358782
-0.5,-0.2,0.0,0.4,-0.6024691358024692,-0.6097560975609756,-0.580952380952381,-0.6183574879227053,-0.19642857142857142,0.2886751345948128,-0.6339745962155612,1.0,-0.4642857142857143,-0.5301526717557254
-0.5,0.0,0.0,0.4,-0.6222222222222222,-0.5414634146341464,-0.5714285714285714,-0.5990338164251208,-0.19642857142857142,0.0,-0.7320508075688771,0.0,-0.42857142857142855,-0.5095419847328247
-0.5,0.2,1.0,0.4,-0.6222222222222222,-0.5609756097560976,-0.5047619047619047,-0.5829307568438002,-0.19642857142857142,-0.2886751345948128,-0.6339745962155612,0.0,-0.39285714285714285,-0.48893129770992394
-0.5,0.4,1.0,0.4,-0.5234567901234568,-0.5609756097560976,-0.5238095238095238,-0.5571658615136877,-0.1875,-0.5,-0.36602540378443876,0.0,-0.35714285714285715,-0.46068702290076374
-0.5,0.6,1.0,0.4,-0.4641975308641975,-0.4634146341463415,-0.5238095238095238,-0.5056360708534621,-0.16071428571428573,-0.577350269189626,0.0,0.0,-0.32142857142857145,-0.42862595419847366
-0.5,0.8,2.0,0.4,-0.4246913580246914,-0.40487804878048783,-0.42857142857142855,-0.4412238325281805,-0.08928571428571429,-0.5000000000000001,0.3660254037844388,0.0,-0.2857142857142857,-0.39580152671755775
-0.5,1.0,2.0,0.4,-0.345679012345679,-0.36585365853658536,-0.37142857142857144,-0.3832528180354268,-0.08035714285714286,-0.2886751345948132,0.6339745962155612,0.0,-0.25,-0.3629770992366415
-0.5,1.2,2.0,0.4,-0.1382716049382716,-0.28780487804878047,-0.3333333333333333,-0.27697262479871154,-0.05357142857142857,-2.1211504774498138e-16,0.7320508075688774,0.0,-0.21428571428571427,-0.3148854961832064
0.0,-1.0,-1.0,0.4,0.19753086419753085,-0.08292682926829269,-0.2571428571428571,-0.07407407407407383,-0.05357142857142857,0.2886751345948128,0.6339745962155615,0.0,-0.17857142857142858,-0.24312977099236682
0.0,-0.8,-1.0,0.4,0.5037037037037037,0.24878048780487805,-0.05714285714285714,0.2028985507246377,-0.008928571428571428,0.49999999999999994,0.3660254037844388,0.0,-0.14285714285714285,-0.14770992366412278
0.0,-0.6,-1.0,0.4,0.5037037037037037,0.551219512195122,0.26666666666666666,0.4122383252818033,0.0,0.5773502691896257,1.793007356604921e-16,0.0,-0.10714285714285714,-0.056106870229008295
0.0,-0.4,0.0,0.4,0.05925925925925926,0.551219512195122,0.5619047619047619,0.3671497584541063,0.0625,0.5,-0.3660254037844383,0.0,-0.07142857142857142,0.0003816793893127549
0.0,-0.2,0.0,0.4,0.8,0.11219512195121951,0.5619047619047619,0.463768115942029,0.044642857142857144,0.2886751345948128,-0.6339745962155612,1.0,-0.03571428571428571,0.1087786259541978
0.0,0.0,0.0,0.4,0.8,0.8439024390243902,0.13333333333333333,0.5603864734299517,0.044642857142857144,0.0,-0.7320508075688771,0.0,0.0,0.21870229007633518
0.0,0.2,1.0,0.4,0.8,0.8439024390243902,0.8476190476190476,0.8019323671497585,0.13392857142857142,-0.2886751345948128,-0.6339745962155612,0.0,0.03571428571428571,0.32862595419847257
0.0,0.4,1.0,0.4,1.451851851851852,0.8439024390243902,0.8476190476190476,1.0144927536231885,0.1875,-0.5,-0.36602540378443876,0.0,0.07142857142857142,0.48129770992366383
0.0,0.6,1.0,0.4,1.1358024691358024,1.4878048780487805,0.8476190476190476,1.1239935587761678,0.22321428571428573,-0.577350269189626,0.0,0.0,0.10714285714285714,0.6049618320610685
0.0,0.8,2.0,0.4,0.6814814814814815,1.175609756097561,1.4761904761904763,1.0853462157809985,0.29464285714285715,-0.5000000000000001,0.3660254037844388,0.0,0.14285714285714285,0.6904580152671749
0.0,1.0,2.0,0.4,0.6024691358024692,0.7268292682926829,1.1714285714285715,0.8083735909822864,0.48214285714285715,-0.2886751345948132,0.6339745962155612,0.0,0.17857142857142858,0.7637404580152665
0.0,1.2,2.0,0.4,0.454320987654321,0.6487804878048781,0.7333333333333333,0.5861513687600641,0.7857142857142857,-2.1211504774498138e-16,0.7320508075688774,0.0,0.21428571428571427,0.8095419847328237
0.5,-1.0,-1.0,0.4,0.4740740740740741,0.5024390243902439,0.6571428571428571,0.5185185185185183,1.0625,0.2886751345948128,0.6339745962155615,0.0,0.25,0.8309160305343506
0.5,-0.8,-1.0,0.4,0.5135802469135803,0.5219512195121951,0.5142857142857142,0.4895330112721415,1.0625,0.49999999999999994,0.3660254037844388,0.0,0.2857142857142857,0.8316793893129768
0.5,-0.6,-1.0,0.4,0.5234567901234568,0.5609756097560976,0.5333333333333333,0.5120772946859904,0.6607142857142857,0.5773502691896257,1.793007356604921e-16,0.0,0.32142857142857145,0.8332061068702284
0.5,-0.4,0.0,0.4,0.4641975308641975,0.5707317073170731,0.5714285714285714,0.5088566827697261,1.3303571428571428,0.5,-0.3660254037844383,1.0,0.35714285714285715,0.8645038167938923
0.5,-0.2,0.0,0.4,0.4641975308641975,0.5121951219512195,0.580952380952381,0.4927536231884058,1.3303571428571428,0.2886751345948128,-0.6339745962155612,0.0,0.39285714285714285,0.8385496183206104
0.5,0.0,0.0,0.4,0.4641975308641975,0.5121951219512195,0.5238095238095238,0.47342995169082125,1.3303571428571428,0.0,-0.7320508075688771,0.0,0.42857142857142855,0.8125954198473277
0.5,0.2,1.0,0.4,0.5037037037037037,0.5121951219512195,0.5238095238095238,0.48631239935587783,1.9196428571428572,-0.2886751345948128,-0.6339745962155612,0.0,0.4642857142857143,0.7896946564885491
0.5,0.4,1.0,0.4,0.4839506172839506,0.551219512195122,0.5238095238095238,0.4927536231884058,1.6339285714285714,-0.5,-0.36602540378443876,0.0,0.5,0.7148854961832058
0.5,0.6,1.0,0.4,0.4740740740740741,0.5317073170731708,0.5619047619047619,0.49597423510467015,1.2232142857142858,-0.577350269189626,0.0,0.0,0.5357142857142857,0.6637404580152667
0.5,0.8,2.0,0.4,0.4148148148148148,0.5219512195121951,0.5428571428571428,0.4669887278582933,1.1517857142857142,-0.5000000000000001,0.3660254037844388,0.0,0.5714285714285714,0.6431297709923659
0.5,1.0,2.0,0.4,0.3358024691358025,0.4634146341463415,0.5333333333333333,0.418679549114332,1.0178571428571428,-0.2886751345948132,0.6339745962155612,0.0,0.6071428571428571,0.6225190839694651
0.5,1.2,2.0,0.4,0.30617283950617286,0.3853658536585366,0.47619047619047616,0.363929146537842,1.0357142857142858,-2.1211504774498138e-16,0.7320508075688774,0.0,0.6428571428571429,0.6110687022900758
1.0,-1.0,-1.0,0.4,0.12839506172839507,0.35609756097560974,0.4,0.27053140096618356,1.0714285714285714,0.2886751345948128,0.6339745962155615,0.0,0.6785714285714286,0.5843511450381677
1.0,-0.8,-1.0,0.4,0.12839506172839507,0.18048780487804877,0.37142857142857144,0.2028985507246377,1.0803571428571428,0.49999999999999994,0.3660254037844388,0.0,0.7142857142857143,0.5545801526717554
1.0,-0.6,-1.0,0.4,0.30617283950617286,0.18048780487804877,0.2,0.2028985507246377,1.0267857142857142,0.5773502691896257,1.793007356604921e-16,0.0,0.75,0.5377862595419842
1.0,-0.4,0.0,0.4,0.30617283950617286,0.35609756097560974,0.2,0.2608695652173913,1.0267857142857142,0.5,-0.3660254037844383,1.0,0.7857142857142857,0.5255725190839687
1.0,-0.2,0.0,0.4,0.3358024691358025,0.35609756097560974,0.37142857142857144,0.3285024154589372,1.0267857142857142,0.2886751345948128,-0.6339745962155612,0.0,0.8214285714285714,0.5156488549618318
1.0,0.0,0.0,0.4,0.345679012345679,0.3853658536585366,0.37142857142857144,0.3413848631239938,1.0625,0.0,-0.7320508075688771,0.0,0.8571428571428571,0.5064885496183203
1.0,0.2,1.0,0.4,0.32592592592592595,0.3951219512195122,0.4,0.34782608695652173,1.0446428571428572,-0.2886751345948128,-0.6339745962155612,0.0,0.8928571428571429,0.49274809160305316
1.0,0.4,1.0,0.4,0.32592592592592595,0.375609756097561,0.4095238095238095,0.3446054750402574,1.0357142857142858,-0.5,-0.36602540378443876,0.0,0.9285714285714286,0.4805343511450377
1.0,0.6,1.0,0.4,0.345679012345679,0.375609756097561,0.3904761904761905,0.3446054750402574,0.9821428571428571,-0.577350269189626,0.0,0.0,0.9642857142857143,0.47061068702290004
1.0,0.8,2.0,0.4,0.345679012345679,0.3951219512195122,0.3904761904761905,0.35104669887278606,0.9107142857142857,-0.5000000000000001,0.3660254037844388,0.0,1.0,0.4652671755725188
-1.0,-1.0,-1.0,0.6,-0.9679012345679012,-0.9121951219512195,-0.8571428571428571,-0.930756843800322,-0.44642857142857145,0.2886751345948128,0.6339745962155615,0.0,-1.0357142857142858,-0.7080152671755728
-1.0,-0.8,-1.0,0.6,-0.9679012345679012,-0.9024390243902439,-0.8666666666666667,-0.930756843800322,-0.23214285714285715,0.49999999999999994,0.3660254037844388,0.0,-1.0,-0.6927480916030537
-1.0,-0.6,-1.0,0.6,-0.8888888888888888,-0.9024390243902439,-0.8571428571428571,-0.9017713365539451,-0.23214285714285715,0.5773502691896257,1.793007356604921e-16,0.0,-0.9642857142857143,-0.68969465648855
-1.0,-0.4,0.0,0.6,-0.8888888888888888,-0.824390243902439,-0.8571428571428571,-0.8760064412238326,-0.24107142857142858,0.5,-0.3660254037844383,0.0,-0.9285714285714286,-0.6866412213740463
-1.0,-0.2,0.0,0.6,-0.8592592592592593,-0.824390243902439,-0.780952380952381,-0.8405797101449275,-0.26785714285714285,0.2886751345948128,-0.6339745962155612,1.0,-0.8928571428571429,-0.6805343511450386
-1.0,0.0,0.0,0.6,-1.0074074074074073,-0.7951219512195122,-0.780952380952381,-0.8792270531400966,-0.25,0.0,-0.7320508075688771,0.0,-0.8571428571428571,-0.6835877862595422
-1.0,0.2,1.0,0.6,-0.8790123456790123,-0.9414634146341463,-0.7523809523809524,-0.8760064412238326,-0.25,-0.2886751345948128,-0.6339745962155612,0.0,-0.8214285714285714,-0.6782442748091607
-1.0,0.4,1.0,0.6,-0.8790123456790123,-0.8146341463414634,-0.8952380952380953,-0.8824476650563606,-0.25,-0.5,-0.36602540378443876,0.0,-0.7857142857142857,-0.6729007633587791
-1.0,0.6,1.0,0.6,-0.8888888888888888,-0.8146341463414634,-0.7714285714285715,-0.8438003220611915,-0.25892857142857145,-0.577350269189626,0.0,0.0,-0.75,-0.6683206106870234
-1.0,0.8,2.0,0.6,-0.8691358024691358,-0.824390243902439,-0.7714285714285715,-0.8405797101449275,-0.26785714285714285,-0.5000000000000001,0.3660254037844388,0.0,-0.7142857142857143,-0.6614503816793897
-1.0,1.0,2.0,0.6,-0.8296296296296296,-0.8048780487804879,-0.780952380952381,-0.824476650563607,-0.2767857142857143,-0.2886751345948132,0.6339745962155612,0.0,-0.6785714285714286,-0.6507633587786263
-1.0,1.2,2.0,0.6,-0.8,-0.7658536585365854,-0.7619047619047619,-0.7954911433172301,-0.26785714285714285,-2.1211504774498138e-16,0.7320508075688774,0.0,-0.6428571428571429,-0.6370229007633591
-0.5,-1.0,-1.0,0.6,-0.7901234567901234,-0.7365853658536585,-0.7238095238095238,-0.7697262479871176,-0.26785714285714285,0.2886751345948128,0.6339745962155615,0.0,-0.6071428571428571,-0.623282442748092
-0.5,-0.8,-1.0,0.6,-0.7901234567901234,-0.7268292682926829,-0.6952380952380952,-0.7568438003220611,-0.19642857142857142,0.49999999999999994,0.3660254037844388,0.0,-0.5714285714285714,-0.6095419847328248
-0.5,-0.6,-1.0,0.6,-0.7703703703703704,-0.7268292682926829,-0.6857142857142857,-0.7471819645732688,-0.19642857142857142,0.5773502691896257,1.793007356604921e-16,0.0,-0.5357142857142857,-0.6003816793893133
-0.5,-0.4,0.0,0.6,-0.7604938271604939,-0.7073170731707317,-0.6857142857142857,-0.7375201288244765,-0.16964285714285715,0.5,-0.3660254037844383,0.0,-0.5,-0.5904580152671761
-0.5,-0.2,0.0,0.6,-0.7209876543209877,-0.697560975609756,-0.6666666666666666,-0.714975845410628,-0.30357142857142855,0.2886751345948128,-0.6339745962155612,1.0,-0.4642857142857143,-0.5797709923664126
-0.5,0.0,0.0,0.6,-0.6814814814814815,-0.6585365853658537,-0.6571428571428571,-0.6859903381642513,-0.1875,0.0,-0.7320508075688771,0.0,-0.42857142857142855,-0.5545801526717561
-0.5,0.2,1.0,0.6,-0.6222222222222222,-0.6195121951219512,-0.6190476190476191,-0.6409017713365538,-0.1875,-0.2886751345948128,-0.6339745962155612,0.0,-0.39285714285714285,-0.5347328244274812
-0.5,0.4,1.0,0.6,-0.5925925925925926,-0.5609756097560976,-0.580952380952381,-0.5990338164251208,-0.19642857142857142,-0.5,-0.36602540378443876,0.0,-0.35714285714285715,-0.5125954198473287
-0.5,0.6,1.0,0.6,-0.5728395061728395,-0.5317073170731708,-0.5238095238095238,-0.5636070853462156,-0.17857142857142858,-0.577350269189626,0.0,0.0,-0.32142857142857145,-0.4881679389312981
-0.5,0.8,2.0,0.6,-0.5333333333333333,-0.5121951219512195,-0.49523809523809526,-0.5346215780998389,-0.14285714285714285,-0.5000000000000001,0.3660254037844388,0.0,-0.2857142857142857,-0.4622137404580158
-0.5,1.0,2.0,0.6,-0.4641975308641975,-0.47317073170731705,-0.47619047619047616,-0.4927536231884058,-0.11607142857142858,-0.2886751345948132,0.6339745962155612,0.0,-0.25,-0.43396946564885525
-0.5,1.2,2.0,0.6,-0.2271604938271605,-0.40487804878048783,-0.4380952380952381,-0.3800322061191625,-0.10714285714285714,-2.1211504774498138e-16,0.7320508075688774,0.0,-0.21428571428571427,-0.38969465648855
0.0,-1.0,-1.0,0.6,0.09876543209876543,-0.17073170731707318,-0.37142857142857144,-0.17391304347826086,-0.10714285714285714,0.2886751345948128,0.6339745962155615,0.0,-0.17857142857142858,-0.3209923664122141
0.0,-0.8,-1.0,0.6,0.35555555555555557,0.15121951219512195,-0.14285714285714285,0.09339774557165838,-0.08928571428571429,0.49999999999999994,0.3660254037844388,0.0,-0.14285714285714285,-0.23244274809160337
0.0,-0.6,-1.0,0.6,0.3160493827160494,0.40487804878048783,0.17142857142857143,0.27053140096618356,-0.08035714285714286,0.5773502691896257,1.793007356604921e-16,0.0,-0.10714285714285714,-0.1484732824427483
0.0,-0.4,0.0,0.6,0.019753086419753086,0.36585365853658536,0.41904761904761906,0.24476650563607108,-0.044642857142857144,0.5,-0.3660254037844383,0.0,-0.07142857142857142,-0.08816793893129837
0.0,-0.2,0.0,0.6,1.3234567901234568,0.07317073170731707,0.38095238095238093,0.5603864734299517,-0.008928571428571428,0.2886751345948128,-0.6339745962155612,1.0,-0.03571428571428571,0.06984732824427413
0.0,0.0,0.0,0.6,1.3234567901234568,1.3609756097560977,0.09523809523809523,0.8888888888888888,0.044642857142857144,0.0,-0.7320508075688771,0.0,0.0,0.22480916030534326
0.0,0.2,1.0,0.6,1.3234567901234568,1.3609756097560977,1.3523809523809525,1.3140096618357489,0.07142857142857142,-0.2886751345948128,-0.6339745962155612,0.0,0.03571428571428571,0.375190839694656
0.0,0.4,1.0,0.6,1.254320987654321,1.3609756097560977,1.3523809523809525,1.2914653784219,0.08928571428571429,-0.5,-0.36602540378443876,0.0,0.07142857142857142,0.5179389312977096
0.0,0.6,1.0,0.6,0.7802469135802469,1.2926829268292683,1.3523809523809525,1.1143317230273755,0.125,-0.577350269189626,0.0,0.0,0.10714285714285714,0.6225190839694651
0.0,0.8,2.0,0.6,0.5530864197530864,0.824390243902439,1.2857142857142858,0.8631239935587764,0.1875,-0.5000000000000001,0.3660254037844388,0.0,0.14285714285714285,0.7064885496183199
0.0,1.0,2.0,0.6,0.4345679012345679,0.6,0.8285714285714286,0.5958132045088564,0.4017857142857143,-0.2886751345948132,0.6339745962155612,0.0,0.17857142857142858,0.775954198473282
0.0,1.2,2.0,0.6,0.3160493827160494,0.48292682926829267,0.6095238095238096,0.4444444444444444,0.6964285714285714,-2.1211504774498138e-16,0.7320508075688774,0.0,0.21428571428571427,0.8179389312977096
0.5,-1.0,-1.0,0.6,0.32592592592592595,0.36585365853658536,0.49523809523809526,0.3703703703703706,0.9285714285714286,0.2886751345948128,0.6339745962155615,0.0,0.25,0.8354961832061063
0.5,-0.8,-1.0,0.6,0.3358024691358025,0.375609756097561,0.38095238095238093,0.33816425120772947,0.8928571428571429,0.49999999999999994,0.3660254037844388,0.0,0.2857142857142857,0.8339694656488547
0.5,-0.6,-1.0,0.6,0.32592592592592595,0.3853658536585366,0.3904761904761905,0.3413848631239938,0.625,0.5773502691896257,1.793007356604921e-16,0.0,0.32142857142857145,0.8347328244274802
0.5,-0.4,0.0,0.6,0.345679012345679,0.375609756097561,0.4,0.34782608695652173,1.8035714285714286,0.5,-0.3660254037844383,1.0,0.35714285714285715,0.8599236641221366
0.5,-0.2,0.0,0.6,0.3358024691358025,0.3951219512195122,0.3904761904761905,0.34782608695652173,1.8035714285714286,0.2886751345948128,-0.6339745962155612,0.0,0.39285714285714285,0.7835877862595417
0.5,0.0,0.0,0.6,0.35555555555555557,0.3853658536585366,0.4095238095238095,0.357487922705314,1.8035714285714286,0.0,-0.7320508075688771,0.0,0.42857142857142855,0.7087786259541977
0.5,0.2,1.0,0.6,0.3654320987654321,0.40487804878048783,0.4,0.363929146537842,1.7410714285714286,-0.2886751345948128,-0.6339745962155612,0.0,0.4642857142857143,0.6347328244274806
0.5,0.4,1.0,0.6,0.30617283950617286,0.4146341463414634,0.41904761904761906,0.35426731078904966,1.3125,-0.5,-0.36602540378443876,0.0,0.5,0.561450381679389
0.5,0.6,1.0,0.6,0.2765432098765432,0.35609756097560974,0.42857142857142855,0.3285024154589372,1.1071428571428572,-0.577350269189626,0.0,0.0,0.5357142857142857,0.5225190839694653
0.5,0.8,2.0,0.6,0.25679012345679014,0.32682926829268294,0.37142857142857144,0.29307568438003245,1.0,-0.5000000000000001,0.3660254037844388,0.0,0.5714285714285714,0.49961832061068673
0.5,1.0,2.0,0.6,0.21728395061728395,0.3073170731707317,0.34285714285714286,0.2640901771336556,0.8928571428571429,-0.2886751345948132,0.6339745962155612,0.0,0.6071428571428571,0.48282442748091553
0.5,1.2,2.0,0.6,0.19753086419753085,0.2682926829268293,0.3238095238095238,0.23832528180354243,0.9017857142857143,-2.1211504774498138e-16,0.7320508075688774,0.0,0.6428571428571429,0.4736641221374041
1.0,-1.0,-1.0,0.6,0.19753086419753085,0.24878048780487805,0.2857142857142857,0.2190016103059579,0.9107142857142857,0.2886751345948128,0.6339745962155615,0.0,0.6785714285714286,0.4637404580152665
1.0,-0.8,-1.0,0.6,0.17777777777777778,0.24878048780487805,0.26666666666666666,0.206119162640902,0.9017857142857143,0.49999999999999994,0.3660254037844388,0.0,0.7142857142857143,0.45152671755725166
1.0,-0.6,-1.0,0.6,0.16790123456790124,0.22926829268292684,0.26666666666666666,0.19645732689210973,0.9196428571428571,0.5773502691896257,1.793007356604921e-16,0.0,0.75,0.43931297709923617
1.0,-0.4,0.0,0.6,0.17777777777777778,0.21951219512195122,0.24761904761904763,0.19001610305958108,0.9107142857142857,0.5,-0.3660254037844383,1.0,0.7857142857142857,0.42633587786259514
1.0,-0.2,0.0,0.6,0.18765432098765433,0.22926829268292684,0.23809523809523808,0.1932367149758454,0.9285714285714286,0.2886751345948128,-0.6339745962155612,0.0,0.8214285714285714,0.41488549618320586
1.0,0.0,0.0,0.6,0.2074074074074074,0.23902439024390243,0.24761904761904763,0.206119162640902,0.9375,0.0,-0.7320508075688771,0.0,0.8571428571428571,0.4034351145038165
1.0,0.2,1.0,0.6,0.2074074074074074,0.25853658536585367,0.2571428571428571,0.21578099838969428,0.8839285714285714,-0.2886751345948128,-0.6339745962155612,0.0,0.8928571428571429,0.39122137404580104
1.0,0.4,1.0,0.6,0.21728395061728395,0.25853658536585367,0.2761904761904762,0.22544283413848654,0.8571428571428571,-0.5,-0.36602540378443876,0.0,0.9285714285714286,0.3843511450381675
1.0,0.6,1.0,0.6,0.2271604938271605,0.2682926829268293,0.2761904761904762,0.2318840579710145,0.8392857142857143,-0.577350269189626,0.0,0.0,0.9642857142857143,0.3805343511450379
1.0,0.8,2.0,0.6,0.23703703703703705,0.2780487804878049,0.2857142857142857,0.24154589371980675,0.8035714285714286,-0.5000000000000001,0.3660254037844388,0.0,1.0,0.37900763358778555
-1.0,-0.8,-1.0,0.8,-1.2839506172839505,-1.2146341463414634,-1.1904761904761905,-1.2463768115942029,-0.3125,0.49999999999999994,0.3660254037844388,0.0,-1.0,-0.8996183206106875
-1.0,-0.6,-1.0,0.8,-1.165432098765432,-1.2146341463414634,-1.161904761904762,-1.1980676328502415,-0.35714285714285715,0.5773502691896257,1.793007356604921e-16,0.0,-0.9642857142857143,-0.9110687022900767
-1.0,-0.4,0.0,0.8,-1.1851851851851851,-1.0975609756097562,-1.161904761904762,-1.1658615136876007,-0.375,0.5,-0.3660254037844383,0.0,-0.9285714285714286,-0.9202290076335883
-1.0,-0.2,0.0,0.8,-1.1851851851851851,-1.1170731707317074,-1.0476190476190477,-1.1336553945249597,-0.375,0.2886751345948128,-0.6339745962155612,1.0,-0.8928571428571429,-0.9278625954198477
-1.0,0.0,0.0,0.8,-1.1851851851851851,-1.1170731707317074,-1.0666666666666667,-1.1400966183574879,-0.375,0.0,-0.7320508075688771,0.0,-0.8571428571428571,-0.9354961832061071
-1.0,0.2,1.0,0.8,-1.1851851851851851,-1.1170731707317074,-1.0666666666666667,-1.1400966183574879,-0.44642857142857145,-0.2886751345948128,-0.6339745962155612,0.0,-0.8214285714285714,-0.9431297709923668
-1.0,0.4,1.0,0.8,-1.1358024691358024,-1.1170731707317074,-1.0666666666666667,-1.1239935587761674,-0.44642857142857145,-0.5,-0.36602540378443876,0.0,-0.7857142857142857,-0.940839694656489
-1.0,0.6,1.0,0.8,-1.165432098765432,-1.0682926829268293,-1.0666666666666667,-1.1175523349436394,-0.5535714285714286,-0.577350269189626,0.0,0.0,-0.75,-0.940839694656489
-1.0,0.8,2.0,0.8,-1.165432098765432,-1.0975609756097562,-1.019047619047619,-1.1111111111111112,-0.5535714285714286,-0.5000000000000001,0.3660254037844388,0.0,-0.7142857142857143,-0.9316793893129776
-1.0,1.0,2.0,0.8,-0.9679012345679012,-1.0975609756097562,-1.0476190476190477,-1.0563607085346214,-0.5803571428571429,-0.2886751345948132,0.6339745962155612,0.0,-0.6785714285714286,-0.9072519083969469
-1.0,1.2,2.0,0.8,-0.9382716049382716,-0.9024390243902439,-1.0476190476190477,-0.9822866344605476,-0.5535714285714286,-2.1211504774498138e-16,0.7320508075688774,0.0,-0.6428571428571429,-0.8782442748091606
-0.5,-1.0,-1.0,0.8,-0.9382716049382716,-0.8731707317073171,-0.8571428571428571,-0.9082125603864735,-0.5535714285714286,0.2886751345948128,0.6339745962155615,0.0,-0.6071428571428571,-0.8515267175572524
-0.5,-0.8,-1.0,0.8,-0.9382716049382716,-0.8731707317073171,-0.8285714285714286,-0.8985507246376812,-0.44642857142857145,0.49999999999999994,0.3660254037844388,0.0,-0.5714285714285714,-0.8248091603053439
-0.5,-0.6,-1.0,0.8,-0.8691358024691358,-0.8731707317073171,-0.8285714285714286,-0.8760064412238326,-0.4642857142857143,0.5773502691896257,1.793007356604921e-16,0.0,-0.5357142857142857,-0.8019083969465652
-0.5,-0.4,0.0,0.8,-0.8691358024691358,-0.8048780487804879,-0.8285714285714286,-0.8534621578099838,-0.4642857142857143,0.5,-0.3660254037844383,0.0,-0.5,-0.7774809160305346
-0.5,-0.2,0.0,0.8,-0.8691358024691358,-0.8048780487804879,-0.7619047619047619,-0.8309178743961353,-0.4642857142857143,0.2886751345948128,-0.6339745962155612,1.0,-0.4642857142857143,-0.7530534351145043
-0.5,0.0,0.0,0.8,-0.7901234567901234,-0.8048780487804879,-0.7619047619047619,-0.8051529790660225,-0.4642857142857143,0.0,-0.7320508075688771,0.0,-0.42857142857142855,-0.7225190839694658
-0.5,0.2,1.0,0.8,-0.7901234567901234,-0.7268292682926829,-0.7619047619047619,-0.77938808373591,-0.41964285714285715,-0.2886751345948128,-0.6339745962155612,0.0,-0.39285714285714285,-0.6919847328244279
-0.5,0.4,1.0,0.8,-0.7703703703703704,-0.7268292682926829,-0.6857142857142857,-0.7471819645732688,-0.44642857142857145,-0.5,-0.36602540378443876,0.0,-0.35714285714285715,-0.6637404580152677
-0.5,0.6,1.0,0.8,-0.7703703703703704,-0.7073170731707317,-0.6857142857142857,-0.7407407407407408,-0.44642857142857145,-0.577350269189626,0.0,0.0,-0.32142857142857145,-0.6332061068702293
-0.5,0.8,2.0,0.8,-0.7407407407407407,-0.7073170731707317,-0.6666666666666666,-0.7246376811594203,-0.26785714285714285,-0.5000000000000001,0.3660254037844388,0.0,-0.2857142857142857,-0.6003816793893133
-0.5,1.0,2.0,0.8,-0.6222222222222222,-0.6780487804878049,-0.6666666666666666,-0.6763285024154589,-0.24107142857142858,-0.2886751345948132,0.6339745962155612,0.0,-0.25,-0.5736641221374048
-0.5,1.2,2.0,0.8,-0.2271604938271605,-0.5609756097560976,-0.638095238095238,-0.4991948470209341,-0.24107142857142858,-2.1211504774498138e-16,0.7320508075688774,0.0,-0.21428571428571427,-0.5187022900763362
0.0,-1.0,-1.0,0.8,-0.12839506172839507,-0.17073170731707318,-0.5238095238095238,-0.2995169082125604,-0.24107142857142858,0.2886751345948128,0.6339745962155615,0.0,-0.17857142857142858,-0.45610687022900803
0.0,-0.8,-1.0,0.8,0.0,-0.07317073170731707,-0.14285714285714285,-0.0966183574879227,-0.17857142857142858,0.49999999999999994,0.3660254037844388,0.0,-0.14285714285714285,-0.38358778625954226
0.0,-0.6,-1.0,0.8,0.0,0.05365853658536585,-0.047619047619047616,-0.022544283413848867,-0.17857142857142858,0.5773502691896257,1.793007356604921e-16,0.0,-0.10714285714285714,-0.3164122137404584
0.0,-0.4,0.0,0.8,-0.2271604938271605,0.05365853658536585,0.0761904761904762,-0.0547504025764893,-0.17857142857142858,0.5,-0.3660254037844383,0.0,-0.07142857142857142,-0.2667938931297713
0.0,-0.2,0.0,0.8,0.562962962962963,-0.17073170731707318,0.0761904761904762,0.12882447665056385,-0.10714285714285714,0.2886751345948128,-0.6339745962155612,1.0,-0.03571428571428571,-0.15610687022900807
0.0,0.0,0.0,0.8,0.562962962962963,0.6097560975609756,-0.14285714285714285,0.31239935587761697,-0.10714285714285714,0.0,-0.7320508075688771,0.0,0.0,-0.05152671755725257
0.0,0.2,1.0,0.8,0.562962962962963,0.6097560975609756,0.6190476190476191,0.5700483091787439,-0.08928571428571429,-0.2886751345948128,-0.6339745962155612,0.0,0.03571428571428571,0.05305343511450359
0.0,0.4,1.0,0.8,0.8098765432098766,0.6097560975609756,0.6190476190476191,0.6505636070853464,-0.08928571428571429,-0.5,-0.36602540378443876,0.0,0.07142857142857142,0.1751908396946558
0.0,0.6,1.0,0.8,0.3654320987654321,0.8536585365853658,0.6190476190476191,0.5861513687600641,-0.0625,-0.577350269189626,0.0,0.0,0.10714285714285714,0.26297709923664075
0.0,0.8,2.0,0.8,0.21728395061728395,0.4146341463414634,0.8571428571428571,0.47342995169082125,0.044642857142857144,-0.5000000000000001,0.3660254037844388,0.0,0.14285714285714285,0.3370229007633585
0.0,1.0,2.0,0.8,0.0691358024691358,0.2682926829268293,0.42857142857142855,0.2318840579710145,0.4017857142857143,-0.2886751345948132,0.6339745962155612,0.0,0.17857142857142858,0.3904580152671749
0.0,1.2,2.0,0.8,0.0691358024691358,0.12195121951219512,0.2857142857142857,0.13526570048309178,0.49107142857142855,-2.1211504774498138e-16,0.7320508075688774,0.0,0.21428571428571427,0.4133587786259535
0.5,-1.0,-1.0,0.8,0.0691358024691358,0.12195121951219512,0.14285714285714285,0.08695652173913043,0.6071428571428571,0.2886751345948128,0.6339745962155615,0.0,0.25,0.428625954198473
0.5,-0.8,-1.0,0.8,0.0691358024691358,0.12195121951219512,0.14285714285714285,0.08695652173913043,0.6071428571428571,0.49999999999999994,0.3660254037844388,0.0,0.2857142857142857,0.43396946564885425
0.5,-0.6,-1.0,0.8,0.0691358024691358,0.12195121951219512,0.14285714285714285,0.08695652173913043,0.4017857142857143,0.5773502691896257,1.793007356604921e-16,0.0,0.32142857142857145,0.43931297709923617
0.5,-0.4,0.0,0.8,0.019753086419753086,0.12195121951219512,0.14285714285714285,0.07085346215781022,1.1160714285714286,0.5,-0.3660254037844383,1.0,0.35714285714285715,0.4583969465648852
0.5,-0.2,0.0,0.8,0.019753086419753086,0.07317073170731707,0.14285714285714285,0.0547504025764893,1.1160714285714286,0.2886751345948128,-0.6339745962155612,0.0,0.39285714285714285,0.4164122137404575
0.5,0.0,0.0,0.8,0.11851851851851852,0.07317073170731707,0.09523809523809523,0.07085346215781022,1.1160714285714286,0.0,-0.7320508075688771,0.0,0.42857142857142855,0.38206106870228956
0.5,0.2,1.0,0.8,0.0691358024691358,0.17073170731707318,0.09523809523809523,0.08695652173913043,1.3392857142857142,-0.2886751345948128,-0.6339745962155612,0.0,0.4642857142857143,0.3438931297709921
0.5,0.4,1.0,0.8,-0.07901234567901234,0.12195121951219512,0.19047619047619047,0.0547504025764893,0.9375,-0.5,-0.36602540378443876,0.0,0.5,0.27519083969465624
0.5,0.6,1.0,0.8,-0.07901234567901234,-0.024390243902439025,0.14285714285714285,-0.00966183574879227,0.8035714285714286,-0.577350269189626,0.0,0.0,0.5357142857142857,0.2408396946564883
0.5,0.8,2.0,0.8,-0.12839506172839507,-0.024390243902439025,0.0,-0.07407407407407383,0.6696428571428571,-0.5000000000000001,0.3660254037844388,0.0,0.5714285714285714,0.21412213740457947
0.5,1.0,2.0,0.8,-0.07901234567901234,-0.07317073170731707,0.0,-0.07407407407407383,0.6696428571428571,-0.2886751345948132,0.6339745962155612,0.0,0.6071428571428571,0.20267175572519014
0.5,1.2,2.0,0.8,-0.07901234567901234,-0.024390243902439025,-0.047619047619047616,-0.07407407407407383,0.6696428571428571,-2.1211504774498138e-16,0.7320508075688774,0.0,0.6428571428571429,0.19122137404580083
1.0,-1.0,-1.0,0.8,-0.07901234567901234,-0.024390243902439025,0.0,-0.057971014492753624,0.6696428571428571,0.2886751345948128,0.6339745962155615,0.0,0.6785714285714286,0.17977099236641153
1.0,-0.8,-1.0,0.8,-0.07901234567901234,-0.024390243902439025,0.0,-0.057971014492753624,0.6696428571428571,0.49999999999999994,0.3660254037844388,0.0,0.7142857142857143,0.16832061068702223
1.0,-0.6,-1.0,0.8,-0.07901234567901234,-0.024390243902439025,0.0,-0.057971014492753624,0.625,0.5773502691896257,1.793007356604921e-16,0.0,0.75,0.1568702290076329
1.0,-0.4,0.0,0.8,0.019753086419753086,-0.024390243902439025,0.0,-0.025764895330112485,0.625,0.5,-0.3660254037844383,1.0,0.7857142857142857,0.1568702290076329
1.0,-0.2,0.0,0.8,0.019753086419753086,0.07317073170731707,0.0,0.006441223832527946,0.7142857142857143,0.2886751345948128,-0.6339745962155612,0.0,0.8214285714285714,0.1568702290076329
1.0,0.0,0.0,0.8,-0.02962962962962963,0.07317073170731707,0.09523809523809523,0.022544283413848867,0.6696428571428571,0.0,-0.7320508075688771,0.0,0.8571428571428571,0.1454198473282436
1.0,0.2,1.0,0.8,-0.12839506172839507,0.024390243902439025,0.09523809523809523,-0.025764895330112485,0.5357142857142857,-0.2886751345948128,-0.6339745962155612,0.0,0.8928571428571429,0.13015267175572473
1.0,0.4,1.0,0.8,-0.07901234567901234,-0.07317073170731707,0.047619047619047616,-0.057971014492753624,0.5357142857142857,-0.5,-0.36602540378443876,0.0,0.9285714285714286,0.13015267175572473
1.0,0.6,1.0,0.8,-0.07901234567901234,-0.024390243902439025,-0.047619047619047616,-0.07407407407407383,0.49107142857142855,-0.577350269189626,0.0,0.0,0.9642857142857143,0.13015267175572473
1.0,0.8,2.0,0.8,-0.07901234567901234,-0.024390243902439025,0.0,-0.057971014492753624,0.5357142857142857,-0.5000000000000001,0.3660254037844388,0.0,1.0,0.13396946564885429
