tahun,bulan,kuartal,wilayah_enc,harga_lag1,harga_lag2,harga_lag3,harga_rolling3,harga_lag12,sin_bulan,cos_bulan,is_lebaran_month,tren_index,harga_rolling12
-1.0,-0.8,-1.0,-1.0,-0.5106382978723404,-0.6068965517241379,-0.5675675675675675,-0.5027932960893855,-1.345132743362832,0.49999999999999994,0.3660254037844388,0.0,-1.0,-1.0354302241503972
-1.0,-0.6,-1.0,-1.0,-0.14893617021276595,-0.6068965517241379,-0.5675675675675675,-0.376163873370577,-1.2035398230088497,0.5773502691896257,1.793007356604921e-16,0.0,-0.9642857142857143,-0.9052783803326099
-1.0,-0.4,0.0,-1.0,0.14893617021276595,-0.13793103448275862,-0.5675675675675675,-0.1452513966480447,-1.168141592920354,0.5,-0.3660254037844383,0.0,-0.9285714285714286,-0.7462039045553145
-1.0,-0.2,0.0,-1.0,2.9148936170212765,0.2482758620689655,-0.10810810810810811,1.0540037243947853,-1.168141592920354,0.2886751345948128,-0.6339745962155612,1.0,-0.8928571428571429,-0.2140274765003607
-1.0,0.0,0.0,-1.0,2.9148936170212765,3.8344827586206898,0.2702702702702703,2.126629422718808,-0.1415929203539823,0.0,-0.7320508075688771,0.0,-0.8571428571428571,0.3181489515545919
-1.0,0.2,1.0,-1.0,2.9148936170212765,3.8344827586206898,3.7837837837837838,3.094972067039106,-0.1415929203539823,-0.2886751345948128,-0.6339745962155612,0.0,-0.8214285714285714,0.7664497469269712
-1.0,0.4,1.0,-1.0,-0.1276595744680851,3.8344827586206898,3.7837837837837838,2.029795158286779,-0.21238938053097345,-0.5,-0.36602540378443876,0.0,-0.7857142857142857,0.8011569052783811
-1.0,0.6,1.0,-1.0,-0.2127659574468085,-0.1103448275862069,3.7837837837837838,0.9348230912476719,-0.35398230088495575,-0.577350269189626,0.0,0.0,-0.75,0.8300795372378891
-1.0,0.8,2.0,-1.0,-0.2765957446808511,-0.2206896551724138,-0.08108108108108109,-0.18249534450651797,-0.4247787610619469,-0.5000000000000001,0.3660254037844388,0.0,-0.7142857142857143,0.8618944323933486
-1.0,1.0,2.0,-1.0,-0.3617021276595745,-0.30344827586206896,-0.1891891891891892,-0.264432029795158,-0.35398230088495575,-0.2886751345948132,0.6339745962155612,0.0,-0.6785714285714286,0.8879248011569061
-1.0,1.2,2.0,-1.0,-0.3191489361702128,-0.41379310344827586,-0.2702702702702703,-0.3016759776536313,-0.35398230088495575,-2.1211504774498138e-16,0.7320508075688774,0.0,-0.6428571428571429,0.9139551699204636
-0.5,-1.0,-1.0,-1.0,-0.2765957446808511,-0.3586206896551724,-0.3783783783783784,-0.3016759776536313,-0.35398230088495575,0.2886751345948128,0.6339745962155615,0.0,-0.6071428571428571,0.9457700650759219
-0.5,-0.8,-1.0,-1.0,-0.2765957446808511,-0.30344827586206896,-0.32432432432432434,-0.27188081936685315,0.24778761061946902,0.49999999999999994,0.3660254037844388,0.0,-0.5714285714285714,0.9775849602313815
-0.5,-0.6,-1.0,-1.0,-0.2127659574468085,-0.30344827586206896,-0.2702702702702703,-0.2346368715083799,0.7433628318584071,0.5773502691896257,1.793007356604921e-16,0.0,-0.5357142857142857,0.968908170643529
-0.5,-0.4,0.0,-1.0,-0.3191489361702128,-0.2206896551724138,-0.2702702702702703,-0.24953445065176935,5.345132743362832,0.5,-0.3660254037844383,0.0,-0.5,0.9052783803326111
-0.5,-0.2,0.0,-1.0,-0.3617021276595745,-0.3586206896551724,-0.1891891891891892,-0.27932960893854747,5.345132743362832,0.2886751345948128,-0.6339745962155612,1.0,-0.4642857142857143,0.4598698481561822
-0.5,0.0,0.0,-1.0,-0.3829787234042553,-0.41379310344827586,-0.32432432432432434,-0.33891992551210454,5.345132743362832,0.0,-0.7320508075688771,0.0,-0.42857142857142855,0.011569052783804167
-0.5,0.2,1.0,-1.0,-0.3829787234042553,-0.4413793103448276,-0.3783783783783784,-0.36126629422718837,0.2831858407079646,-0.2886751345948128,-0.6339745962155612,0.0,-0.39285714285714285,-0.43673174258857517
-0.5,0.4,1.0,-1.0,-0.3617021276595745,-0.4413793103448276,-0.40540540540540543,-0.36126629422718837,0.1415929203539823,-0.5,-0.36602540378443876,0.0,-0.35714285714285715,-0.4685466377440347
-0.5,0.6,1.0,-1.0,-0.44680851063829785,-0.41379310344827586,-0.40540540540540543,-0.38361266294227214,0.035398230088495575,-0.577350269189626,0.0,0.0,-0.32142857142857145,-0.500361532899493
-0.5,0.8,2.0,-1.0,-0.44680851063829785,-0.5241379310344828,-0.3783783783783784,-0.405959031657356,-0.10619469026548672,-0.5000000000000001,0.3660254037844388,0.0,-0.2857142857142857,-0.5234996384671001
-0.5,1.0,2.0,-1.0,-0.425531914893617,-0.5241379310344828,-0.4864864864864865,-0.42830540037243975,-0.035398230088495575,-0.2886751345948132,0.6339745962155612,0.0,-0.25,-0.5321764280549526
-0.5,1.2,2.0,-1.0,-0.48936170212765956,-0.496551724137931,-0.4864864864864865,-0.44320297951582843,0.035398230088495575,-2.1211504774498138e-16,0.7320508075688774,0.0,-0.21428571428571427,-0.5553145336225597
0.0,-1.0,-1.0,-1.0,-0.48936170212765956,-0.5793103448275863,-0.4594594594594595,-0.4581005586592179,0.035398230088495575,0.2886751345948128,0.6339745962155615,0.0,-0.17857142857142858,-0.5842371655820675
0.0,-0.8,-1.0,-1.0,-0.3404255319148936,-0.5793103448275863,-0.5405405405405406,-0.42830540037243975,0.1415929203539823,0.49999999999999994,0.3660254037844388,0.0,-0.14285714285714285,-0.5929139551699201
0.0,-0.6,-1.0,-1.0,-0.3404255319148936,-0.38620689655172413,-0.5405405405405406,-0.376163873370577,-0.035398230088495575,0.5773502691896257,1.793007356604921e-16,0.0,-0.10714285714285714,-0.6102675343456251
0.0,-0.4,0.0,-1.0,0.06382978723404255,-0.38620689655172413,-0.35135135135135137,-0.18249534450651797,-0.10619469026548672,0.5,-0.3660254037844383,0.0,-0.07142857142857142,-0.55820679681851
0.0,-0.2,0.0,-1.0,0.2765957446808511,0.13793103448275862,-0.35135135135135137,0.0335195530726257,-0.1415929203539823,0.2886751345948128,-0.6339745962155612,1.0,-0.03571428571428571,-0.47143890093998514
0.0,0.0,0.0,-1.0,0.2765957446808511,0.41379310344827586,0.16216216216216217,0.24953445065176935,-0.1415929203539823,0.0,-0.7320508075688771,0.0,0.0,-0.38177874186550975
0.0,0.2,1.0,-1.0,0.2765957446808511,0.41379310344827586,0.43243243243243246,0.3240223463687151,-0.10619469026548672,-0.2886751345948128,-0.6339745962155612,0.0,0.03571428571428571,-0.29211858279103314
0.0,0.4,1.0,-1.0,0.14893617021276595,0.41379310344827586,0.43243243243243246,0.27932960893854747,-0.24778761061946902,-0.5,-0.36602540378443876,0.0,0.07142857142857142,-0.2227042660882132
0.0,0.6,1.0,-1.0,0.14893617021276595,0.2482758620689655,0.43243243243243246,0.2346368715083799,-0.24778761061946902,-0.577350269189626,0.0,0.0,0.10714285714285714,-0.14172089660159032
0.0,0.8,2.0,-1.0,0.10638297872340426,0.2482758620689655,0.2702702702702703,0.17504655493482282,-0.21238938053097345,-0.5000000000000001,0.3660254037844388,0.0,0.14285714285714285,-0.06652205350686828
0.0,1.0,2.0,-1.0,0.06382978723404255,0.19310344827586207,0.2702702702702703,0.1452513966480447,-0.3185840707964602,-0.2886751345948132,0.6339745962155612,0.0,0.17857142857142858,0.0
0.0,1.2,2.0,-1.0,0.10638297872340426,0.13793103448275862,0.21621621621621623,0.13035381750465522,-0.3185840707964602,-2.1211504774498138e-16,0.7320508075688774,0.0,0.21428571428571427,0.08098336948662413
0.5,-1.0,-1.0,-1.0,0.10638297872340426,0.19310344827586207,0.16216216216216217,0.13035381750465522,-0.07079646017699115,0.2886751345948128,0.6339745962155615,0.0,0.25,0.16196673897324698
0.5,-0.8,-1.0,-1.0,0.2127659574468085,0.19310344827586207,0.21621621621621623,0.18249534450651797,-0.07079646017699115,0.49999999999999994,0.3660254037844388,0.0,0.2857142857142857,0.23716558206796903
0.5,-0.6,-1.0,-1.0,0.1702127659574468,0.3310344827586207,0.21621621621621623,0.20484171322160177,0.6017699115044248,0.5773502691896257,1.793007356604921e-16,0.0,0.32142857142857145,0.306579898770789
0.5,-0.4,0.0,-1.0,0.2553191489361702,0.27586206896551724,0.35135135135135137,0.2569832402234637,0.9557522123893806,0.5,-0.3660254037844383,1.0,0.35714285714285715,0.33261026753434647
0.5,-0.2,0.0,-1.0,0.2127659574468085,0.38620689655172413,0.2972972972972973,0.2569832402234637,0.9557522123893806,0.2886751345948128,-0.6339745962155612,0.0,0.39285714285714285,0.32393347794649396
0.5,0.0,0.0,-1.0,0.2127659574468085,0.3310344827586207,0.40540540540540543,0.27188081936685315,0.9557522123893806,0.0,-0.7320508075688771,0.0,0.42857142857142855,0.31525668835864146
0.5,0.2,1.0,-1.0,0.2127659574468085,0.3310344827586207,0.35135135135135137,0.2569832402234637,0.7433628318584071,-0.2886751345948128,-0.6339745962155612,0.0,0.4642857142857143,0.306579898770789
0.5,0.4,1.0,-1.0,0.2553191489361702,0.3310344827586207,0.35135135135135137,0.27188081936685315,0.7433628318584071,-0.5,-0.36602540378443876,0.0,0.5,0.3210412147505423
0.5,0.6,1.0,-1.0,0.3191489361702128,0.38620689655172413,0.35135135135135137,0.3091247672253256,0.672566371681416,-0.577350269189626,0.0,0.0,0.5357142857142857,0.34417932031814935
0.5,0.8,2.0,-1.0,0.2978723404255319,0.4689655172413793,0.40540540540540543,0.33891992551210454,0.6017699115044248,-0.5000000000000001,0.3660254037844388,0.0,0.5714285714285714,0.37020968908170687
0.5,1.0,2.0,-1.0,0.7872340425531915,0.4413793103448276,0.4864864864864865,0.5251396648044693,0.672566371681416,-0.2886751345948132,0.6339745962155612,0.0,0.6071428571428571,0.4685466377440347
0.5,1.2,2.0,-1.0,0.9574468085106383,1.0758620689655172,0.4594594594594595,0.7486033519553073,0.672566371681416,-2.1211504774498138e-16,0.7320508075688774,0.0,0.6428571428571429,0.5842371655820688
1.0,-1.0,-1.0,-1.0,1.553191489361702,1.296551724137931,1.0810810810810811,1.1880819366852882,0.8495575221238938,0.2886751345948128,0.6339745962155615,0.0,0.6785714285714286,0.7809110629067245
1.0,-0.8,-1.0,-1.0,1.446808510638298,2.0689655172413794,1.2972972972972974,1.4189944134078212,0.7787610619469026,0.49999999999999994,0.3660254037844388,0.0,0.7142857142857143,0.9486623282718736
1.0,-0.6,-1.0,-1.0,1.5319148936170213,1.9310344827586208,2.054054054054054,1.6201117318435754,0.9203539823008849,0.5773502691896257,1.793007356604921e-16,0.0,0.75,1.1337671728127263
1.0,-0.4,0.0,-1.0,1.553191489361702,2.0413793103448277,1.9189189189189189,1.6201117318435754,0.8495575221238938,0.5,-0.3660254037844383,1.0,0.7857142857142857,1.3101952277657267
1.0,-0.2,0.0,-1.0,1.6382978723404256,2.0689655172413794,2.027027027027027,1.687150837988827,0.8495575221238938,0.2886751345948128,-0.6339745962155612,0.0,0.8214285714285714,1.5039768618944331
1.0,0.0,0.0,-1.0,1.9787234042553192,2.179310344827586,2.054054054054054,1.8435754189944134,0.8495575221238938,0.0,-0.7320508075688771,0.0,0.8571428571428571,1.7440347071583526
1.0,0.2,1.0,-1.0,2.021276595744681,2.6206896551724137,2.1621621621621623,2.0074487895716953,0.9203539823008849,-0.2886751345948128,-0.6339745962155612,0.0,0.8928571428571429,1.9898770788141718
1.0,0.4,1.0,-1.0,1.6595744680851063,2.6758620689655173,2.5945945945945947,2.0148975791433887,1.0265486725663717,-0.5,-0.36602540378443876,0.0,0.9285714285714286,2.1807664497469266
1.0,0.6,1.0,-1.0,1.6382978723404256,2.206896551724138,2.6486486486486487,1.8957169459962762,0.9911504424778761,-0.577350269189626,0.0,0.0,0.9642857142857143,2.3600867678958797
1.0,0.8,2.0,-1.0,1.5957446808510638,2.179310344827586,2.189189189189189,1.746741154562383,1.8053097345132743,-0.5000000000000001,0.3660254037844388,0.0,1.0,2.5365148228488787
-1.0,-0.8,-1.0,-0.8,-0.574468085106383,-0.6896551724137931,-0.6486486486486487,-0.5698324022346368,-1.6283185840707965,0.49999999999999994,0.3660254037844388,0.0,-1.0,-1.2002892263195946
-1.0,-0.6,-1.0,-0.8,-0.10638297872340426,-0.6896551724137931,-0.6486486486486487,-0.405959031657356,-1.2743362831858407,0.5773502691896257,1.793007356604921e-16,0.0,-0.9642857142857143,-1.0412147505422993
-1.0,-0.4,0.0,-0.8,0.2127659574468085,-0.08275862068965517,-0.6486486486486487,-0.13035381750465522,-1.0973451327433628,0.5,-0.3660254037844383,0.0,-0.9285714285714286,-0.8676789587852495
-1.0,-0.2,0.0,-0.8,1.4893617021276595,0.3310344827586207,-0.05405405405405406,0.5921787709497207,-1.0973451327433628,0.2886751345948128,-0.6339745962155612,1.0,-0.8928571428571429,-0.535068691250903
-1.0,0.0,0.0,-0.8,1.4893617021276595,1.986206896551724,0.35135135135135137,1.1508379888268156,-0.5663716814159292,0.0,-0.7320508075688771,0.0,-0.8571428571428571,-0.20245842371655778
-1.0,0.2,1.0,-0.8,1.4893617021276595,1.986206896551724,1.972972972972973,1.5977653631284916,-0.46017699115044247,-0.2886751345948128,-0.6339745962155612,0.0,-0.8214285714285714,0.08676789587852494
-1.0,0.4,1.0,-0.8,-0.14893617021276595,1.986206896551724,1.972972972972973,1.024208566108008,-0.46017699115044247,-0.5,-0.36602540378443876,0.0,-0.7857142857142857,0.144613159797542
-1.0,0.6,1.0,-0.8,-0.46808510638297873,-0.13793103448275862,1.972972972972973,0.33891992551210454,-0.6371681415929203,-0.577350269189626,0.0,0.0,-0.75,0.15907447577729658
-1.0,0.8,2.0,-0.8,-0.46808510638297873,-0.5517241379310345,-0.10810810810810811,-0.3463687150837989,-0.6371681415929203,-0.5000000000000001,0.3660254037844388,0.0,-0.7142857142857143,0.18799710773680448
-1.0,1.0,2.0,-0.8,-0.574468085106383,-0.5517241379310345,-0.5135135135135135,-0.49534450651769113,-0.46017699115044247,-0.2886751345948132,0.6339745962155612,0.0,-0.6785714285714286,0.20245842371655906
-1.0,1.2,2.0,-0.8,-0.574468085106383,-0.6896551724137931,-0.5135135135135135,-0.5325884543761636,-0.46017699115044247,-2.1211504774498138e-16,0.7320508075688774,0.0,-0.6428571428571429,0.20245842371655906
-0.5,-1.0,-1.0,-0.8,-0.5319148936170213,-0.6896551724137931,-0.6486486486486487,-0.5549348230912474,-0.46017699115044247,0.2886751345948128,0.6339745962155615,0.0,-0.6071428571428571,0.20824295010845986
-0.5,-0.8,-1.0,-0.8,-0.5319148936170213,-0.6344827586206897,-0.6486486486486487,-0.5400372439478588,0.3185840707964602,0.49999999999999994,0.3660254037844388,0.0,-0.5714285714285714,0.21402747650036194
-0.5,-0.6,-1.0,-0.8,-0.5319148936170213,-0.6344827586206897,-0.5945945945945946,-0.5251396648044693,0.8495575221238938,0.5773502691896257,1.793007356604921e-16,0.0,-0.5357142857142857,0.1561822125813449
-0.5,-0.4,0.0,-0.8,-0.574468085106383,-0.6344827586206897,-0.5945945945945946,-0.5400372439478588,2.9734513274336285,0.5,-0.3660254037844383,0.0,-0.5,0.04916847433116456
-0.5,-0.2,0.0,-0.8,-0.5319148936170213,-0.6896551724137931,-0.5945945945945946,-0.5400372439478588,2.9734513274336285,0.2886751345948128,-0.6339745962155612,1.0,-0.4642857142857143,-0.22559652928416485
-0.5,0.0,0.0,-0.8,-0.5319148936170213,-0.6344827586206897,-0.6486486486486487,-0.5400372439478588,2.9734513274336285,0.0,-0.7320508075688771,0.0,-0.42857142857142855,-0.500361532899493
-0.5,0.2,1.0,-0.8,-0.5319148936170213,-0.6344827586206897,-0.5945945945945946,-0.5251396648044693,0.24778761061946902,-0.2886751345948128,-0.6339745962155612,0.0,-0.39285714285714285,-0.7751265365148224
-0.5,0.4,1.0,-0.8,-0.574468085106383,-0.6344827586206897,-0.5945945945945946,-0.5400372439478588,-0.2831858407079646,-0.5,-0.36602540378443876,0.0,-0.35714285714285715,-0.8329718004338394
-0.5,0.6,1.0,-0.8,-0.574468085106383,-0.6896551724137931,-0.5945945945945946,-0.5549348230912474,-0.2831858407079646,-0.577350269189626,0.0,0.0,-0.32142857142857145,-0.8474331164135928
-0.5,0.8,2.0,-0.8,-0.5319148936170213,-0.6896551724137931,-0.6486486486486487,-0.5549348230912474,-0.46017699115044247,-0.5000000000000001,0.3660254037844388,0.0,-0.2857142857142857,-0.8561099060014453
-0.5,1.0,2.0,-0.8,-0.44680851063829785,-0.6344827586206897,-0.6486486486486487,-0.5102420856610798,-0.46017699115044247,-0.2886751345948132,0.6339745962155612,0.0,-0.25,-0.8387563268257403
-0.5,1.2,2.0,-0.8,-0.574468085106383,-0.5241379310344828,-0.5945945945945946,-0.5102420856610798,-0.3893805309734513,-2.1211504774498138e-16,0.7320508075688774,0.0,-0.21428571428571427,-0.8387563268257403
0.0,-1.0,-1.0,-0.8,-0.574468085106383,-0.6896551724137931,-0.4864864864864865,-0.5251396648044693,-0.3893805309734513,0.2886751345948128,0.6339745962155615,0.0,-0.17857142857142858,-0.8445408532176424
0.0,-0.8,-1.0,-0.8,-0.574468085106383,-0.6896551724137931,-0.6486486486486487,-0.5698324022346368,-0.3893805309734513,0.49999999999999994,0.3660254037844388,0.0,-0.14285714285714285,-0.8503253796095445
0.0,-0.6,-1.0,-0.8,-0.574468085106383,-0.6896551724137931,-0.6486486486486487,-0.5698324022346368,-0.46017699115044247,0.5773502691896257,1.793007356604921e-16,0.0,-0.10714285714285714,-0.8561099060014453
0.0,-0.4,0.0,-0.8,-0.2127659574468085,-0.6896551724137931,-0.6486486486486487,-0.44320297951582843,-0.3893805309734513,0.5,-0.3660254037844383,0.0,-0.07142857142857142,-0.806941431670282
0.0,-0.2,0.0,-0.8,-0.2553191489361702,-0.2206896551724138,-0.6486486486486487,-0.3314711359404094,-0.3893805309734513,0.2886751345948128,-0.6339745962155612,1.0,-0.03571428571428571,-0.7693420101229204
0.0,0.0,0.0,-0.8,-0.2553191489361702,-0.27586206896551724,-0.1891891891891892,-0.21973929236499043,-0.3893805309734513,0.0,-0.7320508075688771,0.0,0.0,-0.73174258857556
0.0,0.2,1.0,-0.8,-0.2553191489361702,-0.27586206896551724,-0.24324324324324326,-0.2346368715083799,-0.46017699115044247,-0.2886751345948128,-0.6339745962155612,0.0,0.03571428571428571,-0.6941431670281996
0.0,0.4,1.0,-0.8,-0.1276595744680851,-0.27586206896551724,-0.24324324324324326,-0.18994413407821228,-0.46017699115044247,-0.5,-0.36602540378443876,0.0,0.07142857142857142,-0.6334056399132321
0.0,0.6,1.0,-0.8,-0.1276595744680851,-0.1103448275862069,-0.24324324324324326,-0.1452513966480447,-0.3893805309734513,-0.577350269189626,0.0,0.0,0.10714285714285714,-0.5726681127982647
0.0,0.8,2.0,-0.8,-0.1702127659574468,-0.1103448275862069,-0.08108108108108109,-0.11545623836126656,-0.24778761061946902,-0.5000000000000001,0.3660254037844388,0.0,0.14285714285714285,-0.5234996384671001
0.0,1.0,2.0,-0.8,-0.1702127659574468,-0.16551724137931034,-0.08108108108108109,-0.13035381750465522,-0.46017699115044247,-0.2886751345948132,0.6339745962155612,0.0,0.17857142857142858,-0.48590021691973967
0.0,1.2,2.0,-0.8,-0.23404255319148937,-0.16551724137931034,-0.13513513513513514,-0.16759776536312848,-0.46017699115044247,-2.1211504774498138e-16,0.7320508075688774,0.0,0.21428571428571427,-0.43962400578452554
0.5,-1.0,-1.0,-0.8,-0.2553191489361702,-0.2482758620689655,-0.13513513513513514,-0.19739292364990663,-0.46017699115044247,0.2886751345948128,0.6339745962155615,0.0,0.25,-0.39624005784526306
0.5,-0.8,-1.0,-0.8,-0.3191489361702128,-0.27586206896551724,-0.21621621621621623,-0.24953445065176935,-0.46017699115044247,0.49999999999999994,0.3660254037844388,0.0,0.2857142857142857,-0.3615328994938531
0.5,-0.6,-1.0,-0.8,-0.2127659574468085,-0.3586206896551724,-0.24324324324324326,-0.2420856610800742,0.1415929203539823,0.5773502691896257,1.793007356604921e-16,0.0,0.32142857142857145,-0.3123644251626898
0.5,-0.4,0.0,-0.8,-0.1702127659574468,-0.2206896551724138,-0.32432432432432434,-0.2122905027932961,0.07079646017699115,0.5,-0.3660254037844383,1.0,0.35714285714285715,-0.30657989877078773
0.5,-0.2,0.0,-0.8,-0.14893617021276595,-0.16551724137931034,-0.1891891891891892,-0.15270018621973902,0.07079646017699115,0.2886751345948128,-0.6339745962155612,0.0,0.39285714285714285,-0.29211858279103314
0.5,0.0,0.0,-0.8,-0.14893617021276595,-0.13793103448275862,-0.13513513513513514,-0.13035381750465522,0.07079646017699115,0.0,-0.7320508075688771,0.0,0.42857142857142855,-0.27765726681127983
0.5,0.2,1.0,-0.8,-0.14893617021276595,-0.13793103448275862,-0.10810810810810811,-0.12290502793296089,0.2831858407079646,-0.2886751345948128,-0.6339745962155612,0.0,0.4642857142857143,-0.26319595083152525
0.5,0.4,1.0,-0.8,-0.14893617021276595,-0.13793103448275862,-0.10810810810810811,-0.12290502793296089,0.2831858407079646,-0.5,-0.36602540378443876,0.0,0.5,-0.2660882140274757
0.5,0.6,1.0,-0.8,-0.10638297872340426,-0.13793103448275862,-0.10810810810810811,-0.10800744878957143,0.21238938053097345,-0.577350269189626,0.0,0.0,0.5357142857142857,-0.26319595083152525
0.5,0.8,2.0,-0.8,-0.10638297872340426,-0.08275862068965517,-0.10810810810810811,-0.09310986964618277,0.21238938053097345,-0.5000000000000001,0.3660254037844388,0.0,0.5714285714285714,-0.25451916124367274
0.5,1.0,2.0,-0.8,0.2978723404255319,-0.08275862068965517,-0.05405405405405406,0.06331471135940382,0.10619469026548672,-0.2886751345948132,0.6339745962155612,0.0,0.6071428571428571,-0.19088937093275488
0.5,1.2,2.0,-0.8,0.6170212765957447,0.4413793103448276,-0.05405405405405406,0.31657355679702076,0.07079646017699115,-2.1211504774498138e-16,0.7320508075688774,0.0,0.6428571428571429,-0.07519884309472077
1.0,-1.0,-1.0,-0.8,1.3617021276595744,0.8551724137931035,0.4594594594594595,0.8305400372439481,-0.035398230088495575,0.2886751345948128,0.6339745962155615,0.0,0.6785714285714286,0.144613159797542
1.0,-0.8,-1.0,-0.8,1.2340425531914894,1.8206896551724139,0.8648648648648649,1.1582867783985107,0.1415929203539823,0.49999999999999994,0.3660254037844388,0.0,0.7142857142857143,0.3557483731019523
1.0,-0.6,-1.0,-0.8,1.2553191489361701,1.6551724137931034,1.8108108108108107,1.3817504655493489,0.21238938053097345,0.5773502691896257,1.793007356604921e-16,0.0,0.75,0.5553145336225597
1.0,-0.4,0.0,-0.8,1.3404255319148937,1.6827586206896552,1.6486486486486487,1.3743016759776536,0.24778761061946902,0.5,-0.3660254037844383,1.0,0.7857142857142857,0.7606652205350691
1.0,-0.2,0.0,-0.8,1.4042553191489362,1.793103448275862,1.6756756756756757,1.43389199255121,0.24778761061946902,0.2886751345948128,-0.6339745962155612,0.0,0.8214285714285714,0.9718004338394793
1.0,0.0,0.0,-0.8,1.5957446808510638,1.8758620689655172,1.7837837837837838,1.553072625698324,0.24778761061946902,0.0,-0.7320508075688771,0.0,0.8571428571428571,1.2089660159074485
1.0,0.2,1.0,-0.8,1.6382978723404256,2.1241379310344826,1.864864864864865,1.657355679702048,0.24778761061946902,-0.2886751345948128,-0.6339745962155612,0.0,0.8928571428571429,1.4519161243673182
1.0,0.4,1.0,-0.8,1.4680851063829787,2.179310344827586,2.108108108108108,1.6797020484171317,0.3185840707964602,-0.5,-0.36602540378443876,0.0,0.9285714285714286,1.671728127259581
1.0,0.6,1.0,-0.8,1.3829787234042554,1.9586206896551723,2.1621621621621623,1.6052141527001869,0.3185840707964602,-0.577350269189626,0.0,0.0,0.9642857142857143,1.8741865509761402
1.0,0.8,2.0,-0.8,1.2765957446808511,1.8482758620689654,1.945945945945946,1.4785847299813775,0.9911504424778761,-0.5000000000000001,0.3660254037844388,0.0,1.0,2.0621836587129434
-1.0,-0.8,-1.0,-0.6,-0.14893617021276595,-0.13793103448275862,-0.10810810810810811,-0.12290502793296089,-0.5663716814159292,0.49999999999999994,0.3660254037844388,0.0,-1.0,-0.48590021691973967
-1.0,-0.6,-1.0,-0.6,0.2127659574468085,-0.13793103448275862,-0.10810810810810811,0.003724394785847571,-0.46017699115044247,0.5773502691896257,1.793007356604921e-16,0.0,-0.9642857142857143,-0.3702096890817056
-1.0,-0.4,0.0,-0.6,0.6808510638297872,0.3310344827586207,-0.10810810810810811,0.29422718808193693,-0.46017699115044247,0.5,-0.3660254037844383,0.0,-0.9285714285714286,-0.19956616052060738
-1.0,-0.2,0.0,-0.6,2.021276595744681,0.9379310344827586,0.35135135135135137,1.0540037243947853,-0.46017699115044247,0.2886751345948128,-0.6339745962155612,1.0,-0.8928571428571429,0.1532899493853945
-1.0,0.0,0.0,-0.6,2.021276595744681,2.6758620689655173,0.9459459459459459,1.687150837988827,0.1415929203539823,0.0,-0.7320508075688771,0.0,-0.8571428571428571,0.5061460592913963
-1.0,0.2,1.0,-0.6,2.021276595744681,2.6758620689655173,2.6486486486486487,2.1564245810055866,0.1415929203539823,-0.2886751345948128,-0.6339745962155612,0.0,-0.8214285714285714,0.8098336948662337
-1.0,0.4,1.0,-0.6,0.6808510638297872,2.6758620689655173,2.6486486486486487,1.687150837988827,0.1415929203539823,-0.5,-0.36602540378443876,0.0,-0.7857142857142857,0.9313087490961686
-1.0,0.6,1.0,-0.6,0.3829787234042553,0.9379310344827586,2.6486486486486487,1.1135940409683431,0.1415929203539823,-0.577350269189626,0.0,0.0,-0.75,1.0122921185827916
-1.0,0.8,2.0,-0.6,0.3829787234042553,0.5517241379310345,0.9459459459459459,0.5400372439478588,0.1415929203539823,-0.5000000000000001,0.3660254037844388,0.0,-0.7142857142857143,1.0932754880694142
-1.0,1.0,2.0,-0.6,0.10638297872340426,0.5517241379310345,0.5675675675675675,0.33891992551210454,0.24778761061946902,-0.2886751345948132,0.6339745962155612,0.0,-0.6785714285714286,1.1366594360086768
-1.0,1.2,2.0,-0.6,0.10638297872340426,0.19310344827586207,0.5675675675675675,0.2420856610800742,0.24778761061946902,-2.1211504774498138e-16,0.7320508075688774,0.0,-0.6428571428571429,1.1713665943600868
-0.5,-1.0,-1.0,-0.6,0.1702127659574468,0.19310344827586207,0.21621621621621623,0.16759776536312848,0.24778761061946902,0.2886751345948128,0.6339745962155615,0.0,-0.6071428571428571,1.2147505422993492
-0.5,-0.8,-1.0,-0.6,0.1702127659574468,0.27586206896551724,0.21621621621621623,0.18994413407821228,0.8495575221238938,0.49999999999999994,0.3660254037844388,0.0,-0.5714285714285714,1.2581344902386118
-0.5,-0.6,-1.0,-0.6,0.0425531914893617,0.27586206896551724,0.2972972972972973,0.16759776536312848,1.6283185840707965,0.5773502691896257,1.793007356604921e-16,0.0,-0.5357142857142857,1.234996384671006
-0.5,-0.4,0.0,-0.6,0.0425531914893617,0.1103448275862069,0.2972972972972973,0.12290502793296089,3.8584070796460175,0.5,-0.3660254037844383,0.0,-0.5,1.148228488792481
-0.5,-0.2,0.0,-0.6,-0.0425531914893617,0.1103448275862069,0.13513513513513514,0.048417132216015166,3.8584070796460175,0.2886751345948128,-0.6339745962155612,1.0,-0.4642857142857143,0.8676789587852495
-0.5,0.0,0.0,-0.6,-0.10638297872340426,0.0,0.13513513513513514,-0.003724394785847571,3.8584070796460175,0.0,-0.7320508075688771,0.0,-0.42857142857142855,0.5784526391901668
-0.5,0.2,1.0,-0.6,-0.10638297872340426,-0.08275862068965517,0.02702702702702703,-0.055865921787709494,1.6283185840707965,-0.2886751345948128,-0.6339745962155612,0.0,-0.39285714285714285,0.289226319595084
-0.5,0.4,1.0,-0.6,-0.0425531914893617,-0.08275862068965517,-0.05405405405405406,-0.055865921787709494,1.1327433628318584,-0.5,-0.36602540378443876,0.0,-0.35714285714285715,0.19088937093275488
-0.5,0.6,1.0,-0.6,0.0425531914893617,0.0,-0.05405405405405406,-0.003724394785847571,1.1327433628318584,-0.577350269189626,0.0,0.0,-0.32142857142857145,0.144613159797542
-0.5,0.8,2.0,-0.6,-0.0425531914893617,0.1103448275862069,0.02702702702702703,0.01862197392923623,0.672566371681416,-0.5000000000000001,0.3660254037844388,0.0,-0.2857142857142857,0.08676789587852494
-0.5,1.0,2.0,-0.6,-0.0425531914893617,0.0,0.13513513513513514,0.01862197392923623,0.672566371681416,-0.2886751345948132,0.6339745962155612,0.0,-0.25,0.06652205350686954
-0.5,1.2,2.0,-0.6,-0.10638297872340426,0.0,0.02702702702702703,-0.0335195530726257,0.7787610619469026,-2.1211504774498138e-16,0.7320508075688774,0.0,-0.21428571428571427,0.03759942154736165
0.0,-1.0,-1.0,-0.6,-0.1702127659574468,-0.08275862068965517,0.02702702702702703,-0.0782122905027933,0.7787610619469026,0.2886751345948128,0.6339745962155615,0.0,-0.17857142857142858,-0.008676789587852495
0.0,-0.8,-1.0,-0.6,-0.10638297872340426,-0.16551724137931034,-0.05405405405405406,-0.1005586592178771,0.5663716814159292,0.49999999999999994,0.3660254037844388,0.0,-0.14285714285714285,-0.04627621113521288
0.0,-0.6,-1.0,-0.6,-0.10638297872340426,-0.08275862068965517,-0.13513513513513514,-0.1005586592178771,0.5663716814159292,0.5773502691896257,1.793007356604921e-16,0.0,-0.10714285714285714,-0.06652205350686828
0.0,-0.4,0.0,-0.6,-0.0425531914893617,-0.08275862068965517,-0.05405405405405406,-0.055865921787709494,0.4247787610619469,0.5,-0.3660254037844383,0.0,-0.07142857142857142,-0.07809110629067245
0.0,-0.2,0.0,-0.6,0.0425531914893617,0.0,-0.05405405405405406,-0.003724394785847571,0.3185840707964602,0.2886751345948128,-0.6339745962155612,1.0,-0.03571428571428571,-0.06652205350686828
0.0,0.0,0.0,-0.6,0.0425531914893617,0.1103448275862069,0.02702702702702703,0.048417132216015166,0.3185840707964602,0.0,-0.7320508075688771,0.0,0.0,-0.04627621113521288
0.0,0.2,1.0,-0.6,0.0425531914893617,0.1103448275862069,0.13513513513513514,0.0782122905027933,0.4247787610619469,-0.2886751345948128,-0.6339745962155612,0.0,0.03571428571428571,-0.026030368763557483
0.0,0.4,1.0,-0.6,0.46808510638297873,0.1103448275862069,0.13513513513513514,0.22718808193668555,0.5663716814159292,-0.5,-0.36602540378443876,0.0,0.07142857142857142,0.04338394793926247
0.0,0.6,1.0,-0.6,0.3829787234042553,0.6620689655172414,0.13513513513513514,0.3463687150837989,0.4247787610619469,-0.577350269189626,0.0,0.0,0.10714285714285714,0.08966015907447662
0.0,0.8,2.0,-0.6,0.3829787234042553,0.5517241379310345,0.6756756756756757,0.4655493482309122,0.4247787610619469,-0.5000000000000001,0.3660254037844388,0.0,0.14285714285714285,0.1475054229934924
0.0,1.0,2.0,-0.6,0.3829787234042553,0.5517241379310345,0.5675675675675675,0.43575418994413406,0.3185840707964602,-0.2886751345948132,0.6339745962155612,0.0,0.17857142857142858,0.20535068691250946
0.0,1.2,2.0,-0.6,0.3829787234042553,0.5517241379310345,0.5675675675675675,0.43575418994413406,0.21238938053097345,-2.1211504774498138e-16,0.7320508075688774,0.0,0.21428571428571427,0.271872740419379
0.5,-1.0,-1.0,-0.6,0.3829787234042553,0.5517241379310345,0.5675675675675675,0.43575418994413406,0.3185840707964602,0.2886751345948128,0.6339745962155615,0.0,0.25,0.3470715835140998
0.5,-0.8,-1.0,-0.6,0.3829787234042553,0.5517241379310345,0.5675675675675675,0.43575418994413406,0.3185840707964602,0.49999999999999994,0.3660254037844388,0.0,0.2857142857142857,0.41359363702096935
0.5,-0.6,-1.0,-0.6,0.3829787234042553,0.5517241379310345,0.5675675675675675,0.43575418994413406,0.4247787610619469,0.5773502691896257,1.793007356604921e-16,0.0,0.32142857142857145,0.48011569052783887
0.5,-0.4,0.0,-0.6,0.3829787234042553,0.5517241379310345,0.5675675675675675,0.43575418994413406,0.5663716814159292,0.5,-0.3660254037844383,1.0,0.35714285714285715,0.5379609544468547
0.5,-0.2,0.0,-0.6,0.3829787234042553,0.5517241379310345,0.5675675675675675,0.43575418994413406,0.5663716814159292,0.2886751345948128,-0.6339745962155612,0.0,0.39285714285714285,0.5842371655820688
0.5,0.0,0.0,-0.6,0.3829787234042553,0.5517241379310345,0.5675675675675675,0.43575418994413406,0.5663716814159292,0.0,-0.7320508075688771,0.0,0.42857142857142855,0.6305133767172817
0.5,0.2,1.0,-0.6,0.3829787234042553,0.5517241379310345,0.5675675675675675,0.43575418994413406,1.2743362831858407,-0.2886751345948128,-0.6339745962155612,0.0,0.4642857142857143,0.6767895878524945
0.5,0.4,1.0,-0.6,0.3829787234042553,0.5517241379310345,0.5675675675675675,0.43575418994413406,1.1327433628318584,-0.5,-0.36602540378443876,0.0,0.5,0.6652205350686917
0.5,0.6,1.0,-0.6,0.5319148936170213,0.5517241379310345,0.5675675675675675,0.487895716945996,1.1327433628318584,-0.577350269189626,0.0,0.0,0.5357142857142857,0.6854663774403471
0.5,0.8,2.0,-0.6,0.5957446808510638,0.7448275862068966,0.5675675675675675,0.5623836126629426,1.1327433628318584,-0.5000000000000001,0.3660254037844388,0.0,0.5714285714285714,0.7143890093998563
0.5,1.0,2.0,-0.6,0.6808510638297872,0.8275862068965517,0.7567567567567568,0.6666666666666664,1.1327433628318584,-0.2886751345948132,0.6339745962155612,0.0,0.6071428571428571,0.754880694143167
0.5,1.2,2.0,-0.6,1.2127659574468086,0.9379310344827586,0.8378378378378378,0.9050279329608939,1.1327433628318584,-2.1211504774498138e-16,0.7320508075688774,0.0,0.6428571428571429,0.8676789587852495
1.0,-1.0,-1.0,-0.6,1.5106382978723405,1.6275862068965516,0.9459459459459459,1.2253258845437622,1.1327433628318584,0.2886751345948128,0.6339745962155615,0.0,0.6785714285714286,1.020968908170644
1.0,-0.8,-1.0,-0.6,1.5106382978723405,2.013793103448276,1.6216216216216217,1.5158286778398515,1.1327433628318584,0.49999999999999994,0.3660254037844388,0.0,0.7142857142857143,1.1742588575560384
1.0,-0.6,-1.0,-0.6,1.6382978723404256,2.013793103448276,2.0,1.664804469273743,1.1327433628318584,0.5773502691896257,1.793007356604921e-16,0.0,0.75,1.3449023861171367
1.0,-0.4,0.0,-0.6,1.6382978723404256,2.179310344827586,2.0,1.7094972067039107,1.1327433628318584,0.5,-0.3660254037844383,1.0,0.7857142857142857,1.5155459146782362
1.0,-0.2,0.0,-0.6,1.6808510638297873,2.179310344827586,2.1621621621621623,1.7690875232774668,1.1327433628318584,0.2886751345948128,-0.6339745962155612,0.0,0.8214285714285714,1.6919739696312377
1.0,0.0,0.0,-0.6,2.0425531914893615,2.2344827586206897,2.1621621621621623,1.910614525139665,1.1327433628318584,0.0,-0.7320508075688771,0.0,0.8571428571428571,1.9175704989154025
1.0,0.2,1.0,-0.6,2.106382978723404,2.703448275862069,2.2162162162162162,2.0744878957169464,1.1327433628318584,-0.2886751345948128,-0.6339745962155612,0.0,0.8928571428571429,2.15184381778742
1.0,0.4,1.0,-0.6,2.106382978723404,2.786206896551724,2.675675675675676,2.223463687150838,1.3805309734513274,-0.5,-0.36602540378443876,0.0,0.9285714285714286,2.386117136659437
1.0,0.6,1.0,-0.6,2.106382978723404,2.786206896551724,2.7567567567567566,2.2458100558659218,1.4867256637168142,-0.577350269189626,0.0,0.0,0.9642857142857143,2.600144613159798
1.0,0.8,2.0,-0.6,1.9787234042553192,2.786206896551724,2.7567567567567566,2.201117318435754,1.6283185840707965,-0.5000000000000001,0.3660254037844388,0.0,1.0,2.788141720896601
-1.0,-0.8,-1.0,-0.4,-0.5106382978723404,-0.6068965517241379,-0.5675675675675675,-0.5027932960893855,-1.0265486725663717,0.49999999999999994,0.3660254037844388,0.0,-1.0,-1.0845986984815619
-1.0,-0.6,-1.0,-0.4,-0.48936170212765956,-0.6068965517241379,-0.5675675675675675,-0.49534450651769113,-1.0265486725663717,0.5773502691896257,1.793007356604921e-16,0.0,-0.9642857142857143,-1.0267534345625449
-1.0,-0.4,0.0,-0.4,-0.0425531914893617,-0.5793103448275863,-0.5675675675675675,-0.3314711359404094,-0.9911504424778761,0.5,-0.3660254037844383,0.0,-0.9285714285714286,-0.9081706435285603
-1.0,-0.2,0.0,-0.4,1.5957446808510638,0.0,-0.5405405405405406,0.405959031657356,-0.7433628318584071,0.2886751345948128,-0.6339745962155612,1.0,-0.8928571428571429,-0.569775849602313
-1.0,0.0,0.0,-0.4,1.5957446808510638,2.1241379310344826,0.02702702702702703,1.135940409683427,-0.5309734513274337,0.0,-0.7320508075688771,0.0,-0.8571428571428571,-0.25162689804772237
-1.0,0.2,1.0,-0.4,1.5957446808510638,2.1241379310344826,2.108108108108108,1.7094972067039107,-0.5309734513274337,-0.2886751345948128,-0.6339745962155612,0.0,-0.8214285714285714,0.04916847433116456
-1.0,0.4,1.0,-0.4,-0.14893617021276595,2.1241379310344826,2.108108108108108,1.0986964618249528,-0.6371681415929203,-0.5,-0.36602540378443876,0.0,-0.7857142857142857,0.11279826464208242
-1.0,0.6,1.0,-0.4,-0.3617021276595745,-0.13793103448275862,2.108108108108108,0.4134078212290503,-0.6371681415929203,-0.577350269189626,0.0,0.0,-0.75,0.1561822125813449
-1.0,0.8,2.0,-0.4,-0.3617021276595745,-0.41379310344827586,-0.10810810810810811,-0.27188081936685315,-0.6371681415929203,-0.5000000000000001,0.3660254037844388,0.0,-0.7142857142857143,0.19956616052060738
-1.0,1.0,2.0,-0.4,-0.46808510638297873,-0.41379310344827586,-0.3783783783783784,-0.38361266294227214,-0.35398230088495575,-0.2886751345948132,0.6339745962155612,0.0,-0.6785714285714286,0.22848879248011653
-1.0,1.2,2.0,-0.4,-0.46808510638297873,-0.5517241379310345,-0.3783783783783784,-0.4208566108007446,-0.35398230088495575,-2.1211504774498138e-16,0.7320508075688774,0.0,-0.6428571428571429,0.23427331887201736
-0.5,-1.0,-1.0,-0.4,-0.44680851063829785,-0.5517241379310345,-0.5135135135135135,-0.4506517690875235,-0.35398230088495575,0.2886751345948128,0.6339745962155615,0.0,-0.6071428571428571,0.24295010845986983
-0.5,-0.8,-1.0,-0.4,-0.44680851063829785,-0.5241379310344828,-0.5135135135135135,-0.44320297951582843,-0.3185840707964602,0.49999999999999994,0.3660254037844388,0.0,-0.5714285714285714,0.25162689804772237
-0.5,-0.6,-1.0,-0.4,-0.44680851063829785,-0.5241379310344828,-0.4864864864864865,-0.43575418994413406,0.4247787610619469,0.5773502691896257,1.793007356604921e-16,0.0,-0.5357142857142857,0.25741142443962445
-0.5,-0.4,0.0,-0.4,-0.44680851063829785,-0.5241379310344828,-0.4864864864864865,-0.43575418994413406,3.150442477876106,0.5,-0.3660254037844383,0.0,-0.5,0.20245842371655906
-0.5,-0.2,0.0,-0.4,-0.44680851063829785,-0.5241379310344828,-0.4864864864864865,-0.43575418994413406,3.150442477876106,0.2886751345948128,-0.6339745962155612,1.0,-0.4642857142857143,-0.07519884309472077
-0.5,0.0,0.0,-0.4,-0.44680851063829785,-0.5241379310344828,-0.4864864864864865,-0.43575418994413406,3.150442477876106,0.0,-0.7320508075688771,0.0,-0.42857142857142855,-0.3528561099060006
-0.5,0.2,1.0,-0.4,-0.44680851063829785,-0.5241379310344828,-0.4864864864864865,-0.43575418994413406,0.24778761061946902,-0.2886751345948128,-0.6339745962155612,0.0,-0.39285714285714285,-0.6305133767172805
-0.5,0.4,1.0,-0.4,-0.48936170212765956,-0.5241379310344828,-0.4864864864864865,-0.4506517690875235,-0.10619469026548672,-0.5,-0.36602540378443876,0.0,-0.35714285714285715,-0.6767895878524945
-0.5,0.6,1.0,-0.4,-0.48936170212765956,-0.5793103448275863,-0.4864864864864865,-0.4655493482309122,-0.10619469026548672,-0.577350269189626,0.0,0.0,-0.32142857142857145,-0.6941431670281996
-0.5,0.8,2.0,-0.4,-0.5957446808510638,-0.5793103448275863,-0.5405405405405406,-0.5176908752327749,-0.2831858407079646,-0.5000000000000001,0.3660254037844388,0.0,-0.2857142857142857,-0.7259580621836579
-0.5,1.0,2.0,-0.4,-0.5957446808510638,-0.7172413793103448,-0.5405405405405406,-0.5549348230912474,-0.2831858407079646,-0.2886751345948132,0.6339745962155612,0.0,-0.25,-0.7433116413593629
-0.5,1.2,2.0,-0.4,-0.5957446808510638,-0.7172413793103448,-0.6756756756756757,-0.5921787709497207,-0.24778761061946902,-2.1211504774498138e-16,0.7320508075688774,0.0,-0.21428571428571427,-0.7606652205350678
0.0,-1.0,-1.0,-0.4,-0.5957446808510638,-0.7172413793103448,-0.6756756756756757,-0.5921787709497207,-0.24778761061946902,0.2886751345948128,0.6339745962155615,0.0,-0.17857142857142858,-0.7809110629067245
0.0,-0.8,-1.0,-0.4,-0.5531914893617021,-0.7172413793103448,-0.6756756756756757,-0.5772811918063312,-0.24778761061946902,0.49999999999999994,0.3660254037844388,0.0,-0.14285714285714285,-0.7953723788864778
0.0,-0.6,-1.0,-0.4,-0.5531914893617021,-0.6620689655172414,-0.6756756756756757,-0.5623836126629426,-0.24778761061946902,0.5773502691896257,1.793007356604921e-16,0.0,-0.10714285714285714,-0.8098336948662324
0.0,-0.4,0.0,-0.4,-0.06382978723404255,-0.6620689655172414,-0.6216216216216216,-0.376163873370577,-0.24778761061946902,0.5,-0.3660254037844383,0.0,-0.07142857142857142,-0.7577729573391174
0.0,-0.2,0.0,-0.4,-0.06382978723404255,-0.027586206896551724,-0.6216216216216216,-0.20484171322160177,-0.24778761061946902,0.2886751345948128,-0.6339745962155612,1.0,-0.03571428571428571,-0.7057122198120025
0.0,0.0,0.0,-0.4,-0.06382978723404255,-0.027586206896551724,0.0,-0.0335195530726257,-0.24778761061946902,0.0,-0.7320508075688771,0.0,0.0,-0.6536514822848875
0.0,0.2,1.0,-0.4,-0.06382978723404255,-0.027586206896551724,0.0,-0.0335195530726257,-0.3185840707964602,-0.2886751345948128,-0.6339745962155612,0.0,0.03571428571428571,-0.6015907447577725
0.0,0.4,1.0,-0.4,-0.06382978723404255,-0.027586206896551724,0.0,-0.0335195530726257,-0.3185840707964602,-0.5,-0.36602540378443876,0.0,0.07142857142857142,-0.5437454808387555
0.0,0.6,1.0,-0.4,-0.06382978723404255,-0.027586206896551724,0.0,-0.0335195530726257,-0.49557522123893805,-0.577350269189626,0.0,0.0,0.10714285714285714,-0.48590021691973967
0.0,0.8,2.0,-0.4,-0.06382978723404255,-0.027586206896551724,0.0,-0.0335195530726257,-0.49557522123893805,-0.5000000000000001,0.3660254037844388,0.0,0.14285714285714285,-0.4135936370209681
0.0,1.0,2.0,-0.4,-0.06382978723404255,-0.027586206896551724,0.0,-0.0335195530726257,-0.49557522123893805,-0.2886751345948132,0.6339745962155612,0.0,0.17857142857142858,-0.3412870571221977
0.0,1.2,2.0,-0.4,-0.06382978723404255,-0.027586206896551724,0.0,-0.0335195530726257,-0.49557522123893805,-2.1211504774498138e-16,0.7320508075688774,0.0,0.21428571428571427,-0.26898047722342733
0.5,-1.0,-1.0,-0.4,-0.06382978723404255,-0.027586206896551724,0.0,-0.0335195530726257,-0.4247787610619469,0.2886751345948128,0.6339745962155615,0.0,0.25,-0.1966738973246557
0.5,-0.8,-1.0,-0.4,-0.06382978723404255,-0.027586206896551724,0.0,-0.0335195530726257,-0.4247787610619469,0.49999999999999994,0.3660254037844388,0.0,0.2857142857142857,-0.1301518438177874
0.5,-0.6,-1.0,-0.4,-0.06382978723404255,-0.027586206896551724,0.0,-0.0335195530726257,0.3893805309734513,0.5773502691896257,1.793007356604921e-16,0.0,0.32142857142857145,-0.06362979031091787
0.5,-0.4,0.0,-0.4,-0.06382978723404255,-0.027586206896551724,0.0,-0.0335195530726257,0.3893805309734513,0.5,-0.3660254037844383,1.0,0.35714285714285715,-0.06362979031091787
0.5,-0.2,0.0,-0.4,-0.06382978723404255,-0.027586206896551724,0.0,-0.0335195530726257,0.3893805309734513,0.2886751345948128,-0.6339745962155612,0.0,0.39285714285714285,-0.06362979031091787
0.5,0.0,0.0,-0.4,-0.06382978723404255,-0.027586206896551724,0.0,-0.0335195530726257,0.3893805309734513,0.0,-0.7320508075688771,0.0,0.42857142857142855,-0.06362979031091787
0.5,0.2,1.0,-0.4,-0.06382978723404255,-0.027586206896551724,0.0,-0.0335195530726257,0.3893805309734513,-0.2886751345948128,-0.6339745962155612,0.0,0.4642857142857143,-0.06362979031091787
0.5,0.4,1.0,-0.4,0.1702127659574468,-0.027586206896551724,0.0,0.048417132216015166,0.3893805309734513,-0.5,-0.36602540378443876,0.0,0.5,-0.0318148951554583
0.5,0.6,1.0,-0.4,0.1702127659574468,0.27586206896551724,0.0,0.13035381750465522,0.3893805309734513,-0.577350269189626,0.0,0.0,0.5357142857142857,0.0
0.5,0.8,2.0,-0.4,0.2127659574468085,0.27586206896551724,0.2972972972972973,0.22718808193668555,0.3893805309734513,-0.5000000000000001,0.3660254037844388,0.0,0.5714285714285714,0.03759942154736165
0.5,1.0,2.0,-0.4,0.723404255319149,0.3310344827586207,0.2972972972972973,0.4208566108007446,0.3893805309734513,-0.2886751345948132,0.6339745962155612,0.0,0.6071428571428571,0.144613159797542
0.5,1.2,2.0,-0.4,0.7446808510638298,0.993103448275862,0.35135135135135137,0.6219739292364987,0.3893805309734513,-2.1211504774498138e-16,0.7320508075688774,0.0,0.6428571428571429,0.254519161243674
1.0,-1.0,-1.0,-0.4,1.1702127659574468,1.0206896551724138,1.0,0.9571694599627558,0.3893805309734513,0.2886751345948128,0.6339745962155615,0.0,0.6785714285714286,0.4222704266088218
1.0,-0.8,-1.0,-0.4,1.1702127659574468,1.5724137931034483,1.027027027027027,1.1135940409683431,0.3893805309734513,0.49999999999999994,0.3660254037844388,0.0,0.7142857142857143,0.5900216919739696
1.0,-0.6,-1.0,-0.4,1.2340425531914894,1.5724137931034483,1.5675675675675675,1.2849162011173185,0.3893805309734513,0.5773502691896257,1.793007356604921e-16,0.0,0.75,0.7664497469269712
1.0,-0.4,0.0,-0.4,1.2127659574468086,1.6551724137931034,1.5675675675675675,1.299813780260707,0.3893805309734513,0.5,-0.3660254037844383,1.0,0.7857142857142857,0.9399855386840211
1.0,-0.2,0.0,-0.4,1.3617021276595744,1.6275862068965516,1.6486486486486487,1.3668528864059586,0.3893805309734513,0.2886751345948128,-0.6339745962155612,0.0,0.8214285714285714,1.1337671728127263
1.0,0.0,0.0,-0.4,1.872340425531915,1.8206896551724139,1.6216216216216217,1.5903165735567966,0.3893805309734513,0.0,-0.7320508075688771,0.0,0.8571428571428571,1.3969631236442517
1.0,0.2,1.0,-0.4,1.7659574468085106,2.4827586206896552,1.8108108108108107,1.783985102420857,0.7787610619469026,-0.2886751345948128,-0.6339745962155612,0.0,0.8928571428571429,1.6456977584960235
1.0,0.4,1.0,-0.4,1.7659574468085106,2.3448275862068964,2.4594594594594597,1.9255121042830534,0.7787610619469026,-0.5,-0.36602540378443876,0.0,0.9285714285714286,1.862617498192336
1.0,0.6,1.0,-0.4,1.6595744680851063,2.3448275862068964,2.324324324324324,1.8510242085661086,0.8495575221238938,-0.577350269189626,0.0,0.0,0.9642857142857143,2.0650759219088948
1.0,0.8,2.0,-0.4,1.553191489361702,2.206896551724138,2.324324324324324,1.776536312849162,1.6991150442477876,-0.5000000000000001,0.3660254037844388,0.0,1.0,2.2472885032537975
-1.0,-0.8,-1.0,-0.2,-0.48936170212765956,-0.5793103448275863,-0.5675675675675675,-0.487895716945996,-1.345132743362832,0.49999999999999994,0.3660254037844388,0.0,-1.0,-1.0874909616775121
-1.0,-0.6,-1.0,-0.2,-0.1276595744680851,-0.5793103448275863,-0.5405405405405406,-0.3538175046554932,-1.238938053097345,0.5773502691896257,1.793007356604921e-16,0.0,-0.9642857142857143,-0.9544468546637744
-1.0,-0.4,0.0,-0.2,0.3404255319148936,-0.1103448275862069,-0.5405405405405406,-0.06331471135940382,-1.1327433628318584,0.5,-0.3660254037844383,0.0,-0.9285714285714286,-0.76644974692697
-1.0,-0.2,0.0,-0.2,1.6170212765957446,0.496551724137931,-0.08108108108108109,0.6741154562383616,-1.1327433628318584,0.2886751345948128,-0.6339745962155612,1.0,-0.8928571428571429,-0.4135936370209681
-1.0,0.0,0.0,-0.2,1.6170212765957446,2.1517241379310343,0.5135135135135135,1.2849162011173185,-0.21238938053097345,0.0,-0.7320508075688771,0.0,-0.8571428571428571,-0.06073752711496746
-1.0,0.2,1.0,-0.2,1.6170212765957446,2.1517241379310343,2.135135135135135,1.7318435754189945,-0.24778761061946902,-0.2886751345948128,-0.6339745962155612,0.0,-0.8214285714285714,0.21691973969631237
-1.0,0.4,1.0,-0.2,0.2765957446808511,2.1517241379310343,2.135135135135135,1.2625698324022345,-0.4247787610619469,-0.5,-0.36602540378443876,0.0,-0.7857142857142857,0.31525668835864146
-1.0,0.6,1.0,-0.2,-0.23404255319148937,0.41379310344827586,2.135135135135135,0.6145251396648045,-0.5309734513274337,-0.577350269189626,0.0,0.0,-0.75,0.35864063629790394
-1.0,0.8,2.0,-0.2,-0.40425531914893614,-0.2482758620689655,0.43243243243243246,-0.09310986964618277,-0.6017699115044248,-0.5000000000000001,0.3660254037844388,0.0,-0.7142857142857143,0.38756326825741183
-1.0,1.0,2.0,-0.2,-0.48936170212765956,-0.4689655172413793,-0.21621621621621623,-0.36126629422718837,-0.35398230088495575,-0.2886751345948132,0.6339745962155612,0.0,-0.6785714285714286,0.4107013738250189
-1.0,1.2,2.0,-0.2,-0.48936170212765956,-0.5793103448275863,-0.43243243243243246,-0.4506517690875235,-0.3185840707964602,-2.1211504774498138e-16,0.7320508075688774,0.0,-0.6428571428571429,0.41359363702096935
-0.5,-1.0,-1.0,-0.2,-0.44680851063829785,-0.5793103448275863,-0.5405405405405406,-0.4655493482309122,-0.3185840707964602,0.2886751345948128,0.6339745962155615,0.0,-0.6071428571428571,0.41937816341287143
-0.5,-0.8,-1.0,-0.2,-0.44680851063829785,-0.5241379310344828,-0.5405405405405406,-0.4506517690875235,0.2831858407079646,0.49999999999999994,0.3660254037844388,0.0,-0.5714285714285714,0.42516268980477223
-0.5,-0.6,-1.0,-0.2,-0.3617021276595745,-0.5241379310344828,-0.4864864864864865,-0.405959031657356,1.0619469026548674,0.5773502691896257,1.793007356604921e-16,0.0,-0.5357142857142857,0.3933477946493139
-0.5,-0.4,0.0,-0.2,-0.3829787234042553,-0.41379310344827586,-0.4864864864864865,-0.38361266294227214,3.185840707964602,0.5,-0.3660254037844383,0.0,-0.5,0.2950108459869848
-0.5,-0.2,0.0,-0.2,-0.3617021276595745,-0.4413793103448276,-0.3783783783783784,-0.3538175046554932,3.185840707964602,0.2886751345948128,-0.6339745962155612,1.0,-0.4642857142857143,0.026030368763557483
-0.5,0.0,0.0,-0.2,-0.3829787234042553,-0.41379310344827586,-0.40540540540540543,-0.36126629422718837,3.185840707964602,0.0,-0.7320508075688771,0.0,-0.42857142857142855,-0.24584237165582026
-0.5,0.2,1.0,-0.2,-0.3829787234042553,-0.4413793103448276,-0.3783783783783784,-0.36126629422718837,0.9557522123893806,-0.2886751345948128,-0.6339745962155612,0.0,-0.39285714285714285,-0.517715112075198
-0.5,0.4,1.0,-0.2,-0.425531914893617,-0.4413793103448276,-0.40540540540540543,-0.38361266294227214,0.10619469026548672,-0.5,-0.36602540378443876,0.0,-0.35714285714285715,-0.6131597975415755
-0.5,0.6,1.0,-0.2,-0.48936170212765956,-0.496551724137931,-0.40540540540540543,-0.4208566108007446,-0.17699115044247787,-0.577350269189626,0.0,0.0,-0.32142857142857145,-0.6478669558929854
-0.5,0.8,2.0,-0.2,-0.46808510638297873,-0.5793103448275863,-0.4594594594594595,-0.4506517690875235,-0.3185840707964602,-0.5000000000000001,0.3660254037844388,0.0,-0.2857142857142857,-0.6565437454808379
-0.5,1.0,2.0,-0.2,-0.48936170212765956,-0.5517241379310345,-0.5405405405405406,-0.47299813780260735,-0.3185840707964602,-0.2886751345948132,0.6339745962155612,0.0,-0.25,-0.6565437454808379
-0.5,1.2,2.0,-0.2,-0.44680851063829785,-0.5793103448275863,-0.5135135135135135,-0.4581005586592179,-0.24778761061946902,-2.1211504774498138e-16,0.7320508075688774,0.0,-0.21428571428571427,-0.6507592190889371
0.0,-1.0,-1.0,-0.2,-0.44680851063829785,-0.5241379310344828,-0.5405405405405406,-0.4506517690875235,-0.24778761061946902,0.2886751345948128,0.6339745962155615,0.0,-0.17857142857142858,-0.6507592190889371
0.0,-0.8,-1.0,-0.2,-0.40425531914893614,-0.5241379310344828,-0.4864864864864865,-0.4208566108007446,-0.10619469026548672,0.49999999999999994,0.3660254037844388,0.0,-0.14285714285714285,-0.644974692697035
0.0,-0.6,-1.0,-0.2,-0.40425531914893614,-0.4689655172413793,-0.4864864864864865,-0.405959031657356,-0.1415929203539823,0.5773502691896257,1.793007356604921e-16,0.0,-0.10714285714285714,-0.6507592190889371
0.0,-0.4,0.0,-0.2,0.06382978723404255,-0.4689655172413793,-0.43243243243243246,-0.22718808193668555,-0.10619469026548672,0.5,-0.3660254037844383,0.0,-0.07142857142857142,-0.5900216919739696
0.0,-0.2,0.0,-0.2,0.14893617021276595,0.13793103448275862,-0.43243243243243246,-0.0335195530726257,-0.1415929203539823,0.2886751345948128,-0.6339745962155612,1.0,-0.03571428571428571,-0.5206073752711496
0.0,0.0,0.0,-0.2,0.14893617021276595,0.2482758620689655,0.16216216216216217,0.16014897579143417,-0.1415929203539823,0.0,-0.7320508075688771,0.0,0.0,-0.44830079537237805
0.0,0.2,1.0,-0.2,0.14893617021276595,0.2482758620689655,0.2702702702702703,0.18994413407821228,-0.21238938053097345,-0.2886751345948128,-0.6339745962155612,0.0,0.03571428571428571,-0.3759942154736077
0.0,0.4,1.0,-0.2,0.1276595744680851,0.2482758620689655,0.2702702702702703,0.18249534450651797,-0.3185840707964602,-0.5,-0.36602540378443876,0.0,0.07142857142857142,-0.30079537237888565
0.0,0.6,1.0,-0.2,0.0851063829787234,0.2206896551724138,0.2702702702702703,0.16014897579143417,-0.2831858407079646,-0.577350269189626,0.0,0.0,0.10714285714285714,-0.2227042660882132
0.0,0.8,2.0,-0.2,-0.0425531914893617,0.16551724137931034,0.24324324324324326,0.09310986964618277,-0.3185840707964602,-0.5000000000000001,0.3660254037844388,0.0,0.14285714285714285,-0.1648590021691974
0.0,1.0,2.0,-0.2,-0.10638297872340426,0.0,0.1891891891891892,0.0111731843575419,-0.24778761061946902,-0.2886751345948132,0.6339745962155612,0.0,0.17857142857142858,-0.11279826464208242
0.0,1.2,2.0,-0.2,-0.06382978723404255,-0.08275862068965517,0.02702702702702703,-0.040968342644320026,-0.24778761061946902,-2.1211504774498138e-16,0.7320508075688774,0.0,0.21428571428571427,-0.06073752711496746
0.5,-1.0,-1.0,-0.2,-0.06382978723404255,-0.027586206896551724,-0.05405405405405406,-0.048417132216015166,-0.17699115044247787,0.2886751345948128,0.6339745962155615,0.0,0.25,-0.008676789587852495
0.5,-0.8,-1.0,-0.2,-0.0425531914893617,-0.027586206896551724,0.0,-0.02607076350093137,-0.17699115044247787,0.49999999999999994,0.3660254037844388,0.0,0.2857142857142857,0.040491684743312065
0.5,-0.6,-1.0,-0.2,0.0,0.0,0.0,-0.003724394785847571,0.6017699115044248,0.5773502691896257,1.793007356604921e-16,0.0,0.32142857142857145,0.09544468546637744
0.5,-0.4,0.0,-0.2,0.0,0.05517241379310345,0.02702702702702703,0.01862197392923623,0.7433628318584071,0.5,-0.3660254037844383,1.0,0.35714285714285715,0.08676789587852494
0.5,-0.2,0.0,-0.2,0.0425531914893617,0.05517241379310345,0.08108108108108109,0.048417132216015166,0.7433628318584071,0.2886751345948128,-0.6339745962155612,0.0,0.39285714285714285,0.07230657989877164
0.5,0.0,0.0,-0.2,0.0851063829787234,0.1103448275862069,0.08108108108108109,0.0782122905027933,0.7433628318584071,0.0,-0.7320508075688771,0.0,0.42857142857142855,0.06362979031091913
0.5,0.2,1.0,-0.2,0.2127659574468085,0.16551724137931034,0.13513513513513514,0.15270018621973902,0.7079646017699115,-0.2886751345948128,-0.6339745962155612,0.0,0.4642857142857143,0.07230657989877164
0.5,0.4,1.0,-0.2,0.2127659574468085,0.3310344827586207,0.1891891891891892,0.2122905027932961,0.6371681415929203,-0.5,-0.36602540378443876,0.0,0.5,0.08387563268257453
0.5,0.6,1.0,-0.2,0.2978723404255319,0.3310344827586207,0.35135135135135137,0.28677839851024184,0.4247787610619469,-0.577350269189626,0.0,0.0,0.5357142857142857,0.11279826464208242
0.5,0.8,2.0,-0.2,0.2978723404255319,0.4413793103448276,0.35135135135135137,0.31657355679702076,0.3185840707964602,-0.5000000000000001,0.3660254037844388,0.0,0.5714285714285714,0.15907447577729658
0.5,1.0,2.0,-0.2,0.5531914893617021,0.4413793103448276,0.4594594594594595,0.43575418994413406,0.3893805309734513,-0.2886751345948132,0.6339745962155612,0.0,0.6071428571428571,0.24873463485177194
0.5,1.2,2.0,-0.2,0.8723404255319149,0.7724137931034483,0.4594594594594595,0.6368715083798883,0.3893805309734513,-2.1211504774498138e-16,0.7320508075688774,0.0,0.6428571428571429,0.37599421547360895
1.0,-1.0,-1.0,-0.2,1.297872340425532,1.186206896551724,0.7837837837837838,0.9869646182495347,0.4247787610619469,0.2886751345948128,0.6339745962155615,0.0,0.6785714285714286,0.5610990600144617
1.0,-0.8,-1.0,-0.2,1.3191489361702127,1.7379310344827585,1.1891891891891893,1.2551210428305395,0.49557522123893805,0.49999999999999994,0.3660254037844388,0.0,0.7142857142857143,0.7462039045553145
1.0,-0.6,-1.0,-0.2,1.3191489361702127,1.7655172413793103,1.7297297297297298,1.4115456238361261,0.49557522123893805,0.5773502691896257,1.793007356604921e-16,0.0,0.75,0.9255242227042665
1.0,-0.4,0.0,-0.2,1.3404255319148937,1.7655172413793103,1.7567567567567568,1.4264432029795164,0.5663716814159292,0.5,-0.3660254037844383,1.0,0.7857142857142857,1.1077368040491689
1.0,-0.2,0.0,-0.2,1.4680851063829787,1.793103448275862,1.7567567567567568,1.4785847299813775,0.6371681415929203,0.2886751345948128,-0.6339745962155612,0.0,0.8214285714285714,1.3015184381778742
1.0,0.0,0.0,-0.2,1.851063829787234,1.9586206896551723,1.7837837837837838,1.664804469273743,0.8495575221238938,0.0,-0.7320508075688771,0.0,0.8571428571428571,1.5415762834417936
1.0,0.2,1.0,-0.2,1.7659574468085106,2.4551724137931035,1.945945945945946,1.8137802607076345,0.8495575221238938,-0.2886751345948128,-0.6339745962155612,0.0,0.8928571428571429,1.7527114967462052
1.0,0.4,1.0,-0.2,1.574468085106383,2.3448275862068964,2.4324324324324325,1.8510242085661086,0.9911504424778761,-0.5,-0.36602540378443876,0.0,0.9285714285714286,1.9378163412870566
1.0,0.6,1.0,-0.2,1.5319148936170213,2.0965517241379312,2.324324324324324,1.7392923649906895,0.9911504424778761,-0.577350269189626,0.0,0.0,0.9642857142857143,2.105567606652206
1.0,0.8,2.0,-0.2,1.5106382978723405,2.0413793103448277,2.081081081081081,1.6499068901303544,1.415929203539823,-0.5000000000000001,0.3660254037844388,0.0,1.0,2.270426608821403
-1.0,-1.0,-1.0,0.0,-0.40425531914893614,-0.496551724137931,-0.5945945945945946,-0.44320297951582843,-2.0530973451327434,0.2886751345948128,0.6339745962155615,0.0,-1.0357142857142858,-1.1221981200289222
-1.0,-0.8,-1.0,0.0,-0.40425531914893614,-0.4689655172413793,-0.4594594594594595,-0.3985102420856608,-1.2035398230088497,0.49999999999999994,0.3660254037844388,0.0,-1.0,-0.9689081706435277
-1.0,-0.6,-1.0,0.0,0.02127659574468085,-0.4689655172413793,-0.43243243243243246,-0.2420856610800742,-1.0619469026548674,0.5773502691896257,1.793007356604921e-16,0.0,-0.9642857142857143,-0.8271872740419374
-1.0,-0.4,0.0,0.0,0.5531914893617021,0.08275862068965517,-0.43243243243243246,0.09310986964618277,-0.9911504424778761,0.5,-0.3660254037844383,0.0,-0.9285714285714286,-0.6247288503253796
-1.0,-0.2,0.0,0.0,1.8085106382978724,0.7724137931034483,0.10810810810810811,0.8677839851024206,-0.9911504424778761,0.2886751345948128,-0.6339745962155612,1.0,-0.8928571428571429,-0.25741142443962317
-1.0,0.0,0.0,0.0,1.8085106382978724,2.4,0.7837837837837838,1.4934823091247678,-0.21238938053097345,0.0,-0.7320508075688771,0.0,-0.8571428571428571,0.10990600144613202
-1.0,0.2,1.0,0.0,1.8085106382978724,2.4,2.3783783783783785,1.9329608938547487,-0.24778761061946902,-0.2886751345948128,-0.6339745962155612,0.0,-0.8214285714285714,0.41359363702096935
-1.0,0.4,1.0,0.0,0.0425531914893617,2.4,2.3783783783783785,1.3147113594040973,-0.35398230088495575,-0.5,-0.36602540378443876,0.0,-0.7857142857142857,0.48011569052783887
-1.0,0.6,1.0,0.0,-0.10638297872340426,0.1103448275862069,2.3783783783783785,0.6443202979515826,-0.3893805309734513,-0.577350269189626,0.0,0.0,-0.75,0.5350686912509043
-1.0,0.8,2.0,0.0,-0.14893617021276595,-0.08275862068965517,0.13513513513513514,-0.040968342644320026,-0.3893805309734513,-0.5000000000000001,0.3660254037844388,0.0,-0.7142857142857143,0.5871294287780192
-1.0,1.0,2.0,0.0,-0.3191489361702128,-0.13793103448275862,-0.05405405405405406,-0.16759776536312848,-0.21238938053097345,-0.2886751345948132,0.6339745962155612,0.0,-0.6785714285714286,0.6160520607375272
-1.0,1.2,2.0,0.0,-0.2978723404255319,-0.3586206896551724,-0.10810810810810811,-0.2346368715083799,-0.17699115044247787,-2.1211504774498138e-16,0.7320508075688774,0.0,-0.6428571428571429,0.6334056399132321
-0.5,-1.0,-1.0,0.0,-0.2765957446808511,-0.3310344827586207,-0.32432432432432434,-0.27932960893854747,-0.17699115044247787,0.2886751345948128,0.6339745962155615,0.0,-0.6071428571428571,0.6507592190889371
-0.5,-0.8,-1.0,0.0,-0.2765957446808511,-0.30344827586206896,-0.2972972972972973,-0.264432029795158,0.5309734513274337,0.49999999999999994,0.3660254037844388,0.0,-0.5714285714285714,0.6681127982646421
-0.5,-0.6,-1.0,0.0,-0.3404255319148936,-0.30344827586206896,-0.2702702702702703,-0.27932960893854747,1.415929203539823,0.5773502691896257,1.793007356604921e-16,0.0,-0.5357142857142857,0.6189443239334788
-0.5,-0.4,0.0,0.0,-0.3404255319148936,-0.38620689655172413,-0.2702702702702703,-0.3016759776536313,3.504424778761062,0.5,-0.3660254037844383,0.0,-0.5,0.4974692697035439
-0.5,-0.2,0.0,0.0,-0.3829787234042553,-0.38620689655172413,-0.35135135135135137,-0.33891992551210454,3.504424778761062,0.2886751345948128,-0.6339745962155612,1.0,-0.4642857142857143,0.19956616052060738
-0.5,0.0,0.0,0.0,-0.40425531914893614,-0.4413793103448276,-0.35135135135135137,-0.36126629422718837,3.504424778761062,0.0,-0.7320508075688771,0.0,-0.42857142857142855,-0.10122921185827827
-0.5,0.2,1.0,0.0,-0.40425531914893614,-0.4689655172413793,-0.40540540540540543,-0.38361266294227214,0.5663716814159292,-0.2886751345948128,-0.6339745962155612,0.0,-0.39285714285714285,-0.40202458423716514
-0.5,0.4,1.0,0.0,-0.425531914893617,-0.4689655172413793,-0.43243243243243246,-0.3985102420856608,0.3185840707964602,-0.5,-0.36602540378443876,0.0,-0.35714285714285715,-0.46565437454808306
-0.5,0.6,1.0,0.0,-0.40425531914893614,-0.496551724137931,-0.43243243243243246,-0.3985102420856608,0.24778761061946902,-0.577350269189626,0.0,0.0,-0.32142857142857145,-0.5061460592913951
-0.5,0.8,2.0,0.0,-0.44680851063829785,-0.4689655172413793,-0.4594594594594595,-0.4134078212290503,-0.035398230088495575,-0.5000000000000001,0.3660254037844388,0.0,-0.2857142857142857,-0.5466377440347071
-0.5,1.0,2.0,0.0,-0.44680851063829785,-0.5241379310344828,-0.43243243243243246,-0.4208566108007446,0.0,-0.2886751345948132,0.6339745962155612,0.0,-0.25,-0.5639913232104121
-0.5,1.2,2.0,0.0,-0.425531914893617,-0.5241379310344828,-0.4864864864864865,-0.42830540037243975,0.035398230088495575,-2.1211504774498138e-16,0.7320508075688774,0.0,-0.21428571428571427,-0.5813449023861171
0.0,-1.0,-1.0,0.0,-0.44680851063829785,-0.496551724137931,-0.4864864864864865,-0.42830540037243975,0.035398230088495575,0.2886751345948128,0.6339745962155615,0.0,-0.17857142857142858,-0.6044830079537229
0.0,-0.8,-1.0,0.0,-0.40425531914893614,-0.5241379310344828,-0.4594594594594595,-0.4134078212290503,-0.07079646017699115,0.49999999999999994,0.3660254037844388,0.0,-0.14285714285714285,-0.6218365871294279
0.0,-0.6,-1.0,0.0,-0.40425531914893614,-0.4689655172413793,-0.4864864864864865,-0.405959031657356,-0.07079646017699115,0.5773502691896257,1.793007356604921e-16,0.0,-0.10714285714285714,-0.6305133767172805
0.0,-0.4,0.0,0.0,-0.1276595744680851,-0.4689655172413793,-0.43243243243243246,-0.29422718808193693,-0.1415929203539823,0.5,-0.3660254037844383,0.0,-0.07142857142857142,-0.6015907447577725
0.0,-0.2,0.0,0.0,0.0851063829787234,-0.1103448275862069,-0.43243243243243246,-0.12290502793296089,-0.17699115044247787,0.2886751345948128,-0.6339745962155612,1.0,-0.03571428571428571,-0.5379609544468547
0.0,0.0,0.0,0.0,0.0851063829787234,0.16551724137931034,-0.08108108108108109,0.048417132216015166,-0.17699115044247787,0.0,-0.7320508075688771,0.0,0.0,-0.47143890093998514
0.0,0.2,1.0,0.0,0.0851063829787234,0.16551724137931034,0.1891891891891892,0.12290502793296089,-0.21238938053097345,-0.2886751345948128,-0.6339745962155612,0.0,0.03571428571428571,-0.40491684743311557
0.0,0.4,1.0,0.0,0.10638297872340426,0.16551724137931034,0.1891891891891892,0.13035381750465522,-0.17699115044247787,-0.5,-0.36602540378443876,0.0,0.07142857142857142,-0.3326102675343452
0.0,0.6,1.0,0.0,0.02127659574468085,0.19310344827586207,0.1891891891891892,0.10800744878957143,-0.24778761061946902,-0.577350269189626,0.0,0.0,0.10714285714285714,-0.27476500361532813
0.0,0.8,2.0,0.0,0.0,0.08275862068965517,0.21621621621621623,0.0782122905027933,-0.24778761061946902,-0.5000000000000001,0.3660254037844388,0.0,0.14285714285714285,-0.2140274765003607
0.0,1.0,2.0,0.0,0.0,0.05517241379310345,0.10810810810810811,0.040968342644320026,-0.21238938053097345,-0.2886751345948132,0.6339745962155612,0.0,0.17857142857142858,-0.15328994938539323
0.0,1.2,2.0,0.0,0.0,0.05517241379310345,0.08108108108108109,0.0335195530726257,-0.24778761061946902,-2.1211504774498138e-16,0.7320508075688774,0.0,0.21428571428571427,-0.09544468546637744
0.5,-1.0,-1.0,0.0,0.0425531914893617,0.05517241379310345,0.08108108108108109,0.048417132216015166,-0.17699115044247787,0.2886751345948128,0.6339745962155615,0.0,0.25,-0.028922631959507894
0.5,-0.8,-1.0,0.0,0.0425531914893617,0.1103448275862069,0.08108108108108109,0.06331471135940382,-0.17699115044247787,0.49999999999999994,0.3660254037844388,0.0,0.2857142857142857,0.031814895155459565
0.5,-0.6,-1.0,0.0,0.06382978723404255,0.1103448275862069,0.13513513513513514,0.08566108007448762,0.2831858407079646,0.5773502691896257,1.793007356604921e-16,0.0,0.32142857142857145,0.09544468546637744
0.5,-0.4,0.0,0.0,0.06382978723404255,0.13793103448275862,0.13513513513513514,0.09310986964618277,0.6371681415929203,0.5,-0.3660254037844383,1.0,0.35714285714285715,0.12147505422993492
0.5,-0.2,0.0,0.0,0.06382978723404255,0.13793103448275862,0.16216216216216217,0.1005586592178771,0.6371681415929203,0.2886751345948128,-0.6339745962155612,0.0,0.39285714285714285,0.11858279103398452
0.5,0.0,0.0,0.0,-0.23404255319148937,0.13793103448275862,0.16216216216216217,-0.003724394785847571,0.6371681415929203,0.0,-0.7320508075688771,0.0,0.42857142857142855,0.07519884309472204
0.5,0.2,1.0,0.0,0.1276595744680851,-0.2482758620689655,0.16216216216216217,0.01862197392923623,0.672566371681416,-0.2886751345948128,-0.6339745962155612,0.0,0.4642857142857143,0.08098336948662413
0.5,0.4,1.0,0.0,0.10638297872340426,0.2206896551724138,-0.21621621621621623,0.0335195530726257,0.5309734513274337,-0.5,-0.36602540378443876,0.0,0.5,0.08098336948662413
0.5,0.6,1.0,0.0,0.2127659574468085,0.19310344827586207,0.24324324324324326,0.18994413407821228,0.49557522123893805,-0.577350269189626,0.0,0.0,0.5357142857142857,0.10701373825018161
0.5,0.8,2.0,0.0,0.23404255319148937,0.3310344827586207,0.21621621621621623,0.22718808193668555,0.49557522123893805,-0.5000000000000001,0.3660254037844388,0.0,0.5714285714285714,0.13882863340563992
0.5,1.0,2.0,0.0,0.5319148936170213,0.3586206896551724,0.35135135135135137,0.376163873370577,0.49557522123893805,-0.2886751345948132,0.6339745962155612,0.0,0.6071428571428571,0.21113521330441154
0.5,1.2,2.0,0.0,0.9787234042553191,0.7448275862068966,0.3783783783783784,0.6443202979515826,0.5663716814159292,-2.1211504774498138e-16,0.7320508075688774,0.0,0.6428571428571429,0.34417932031814935
1.0,-1.0,-1.0,0.0,1.3829787234042554,1.3241379310344827,0.7567567567567568,1.0465549348230918,0.5663716814159292,0.2886751345948128,0.6339745962155615,0.0,0.6785714285714286,0.5263919016630517
1.0,-0.8,-1.0,0.0,1.0638297872340425,1.8482758620689654,1.3243243243243243,1.2327746741154557,0.6017699115044248,0.49999999999999994,0.3660254037844388,0.0,0.7142857142857143,0.6652205350686917
1.0,-0.6,-1.0,0.0,1.4042553191489362,1.4344827586206896,1.837837837837838,1.3817504655493489,0.6017699115044248,0.5773502691896257,1.793007356604921e-16,0.0,0.75,0.8474331164135941
1.0,-0.4,0.0,0.0,1.4680851063829787,1.8758620689655172,1.4324324324324325,1.4115456238361261,0.6017699115044248,0.5,-0.3660254037844383,1.0,0.7857142857142857,1.038322487346349
1.0,-0.2,0.0,0.0,1.5106382978723405,1.9586206896551723,1.864864864864865,1.5679702048417128,0.10619469026548672,0.2886751345948128,-0.6339745962155612,0.0,0.8214285714285714,1.234996384671006
1.0,0.0,0.0,0.0,1.7872340425531914,2.013793103448276,1.945945945945946,1.7020484171322154,0.7079646017699115,0.0,-0.7320508075688771,0.0,0.8571428571428571,1.509761388286334
1.0,0.2,1.0,0.0,1.702127659574468,2.372413793103448,2.0,1.783985102420857,0.672566371681416,-0.2886751345948128,-0.6339745962155612,0.0,0.8928571428571429,1.723788864786696
1.0,0.4,1.0,0.0,1.6170212765957446,2.2620689655172415,2.3513513513513513,1.8212290502793296,0.8495575221238938,-0.5,-0.36602540378443876,0.0,0.9285714285714286,1.9291395516992043
1.0,0.6,1.0,0.0,1.5957446808510638,2.1517241379310343,2.2432432432432434,1.7541899441340782,0.8849557522123894,-0.577350269189626,0.0,0.0,0.9642857142857143,2.11713665943601
1.0,0.8,2.0,0.0,1.553191489361702,2.1241379310344826,2.135135135135135,1.7020484171322154,1.3805309734513274,-0.5000000000000001,0.3660254037844388,0.0,1.0,2.2964569775849606
-1.0,-0.8,-1.0,0.2,-0.9574468085106383,-1.186206896551724,-1.162162162162162,-0.9795158286778396,-2.336283185840708,0.49999999999999994,0.3660254037844388,0.0,-1.0,-1.8626174981923347
-1.0,-0.6,-1.0,0.2,-0.5106382978723404,-1.186206896551724,-1.135135135135135,-0.8156424581005587,-2.088495575221239,0.5773502691896257,1.793007356604921e-16,0.0,-0.9642857142857143,-1.700650759219089
-1.0,-0.4,0.0,0.2,0.2127659574468085,-0.6068965517241379,-1.135135135135135,-0.405959031657356,-1.8761061946902655,0.5,-0.3660254037844383,0.0,-0.9285714285714286,-1.4605929139551694
-1.0,-0.2,0.0,0.2,1.5319148936170213,0.3310344827586207,-0.5675675675675675,0.4655493482309122,-1.4867256637168142,0.2886751345948128,-0.6339745962155612,1.0,-0.8928571428571429,-1.0585683297180044
-1.0,0.0,0.0,0.2,1.5319148936170213,2.0413793103448277,0.35135135135135137,1.1806331471135947,-1.0619469026548674,0.0,-0.7320508075688771,0.0,-0.8571428571428571,-0.6883586406362975
-1.0,0.2,1.0,0.2,0.2765957446808511,2.0413793103448277,2.027027027027027,1.2029795158286785,-1.168141592920354,-0.2886751345948128,-0.6339745962155612,0.0,-0.8214285714285714,-0.5234996384671001
-1.0,0.4,1.0,0.2,-0.7872340425531915,0.41379310344827586,2.027027027027027,0.39106145251396646,-1.345132743362832,-0.5,-0.36602540378443876,0.0,-0.7857142857142857,-0.4945770065075922
-1.0,0.6,1.0,0.2,-0.7446808510638298,-0.9655172413793104,0.43243243243243246,-0.405959031657356,-1.345132743362832,-0.577350269189626,0.0,0.0,-0.75,-0.4454085321764276
-1.0,0.8,2.0,0.2,-0.8297872340425532,-0.9103448275862069,-0.918918918918919,-0.7932960893854749,-1.3097345132743363,-0.5000000000000001,0.3660254037844388,0.0,-0.7142857142857143,-0.4078091106290672
-1.0,1.0,2.0,0.2,-0.9574468085106383,-1.0206896551724138,-0.8648648648648649,-0.852886405959032,-1.1327433628318584,-0.2886751345948132,0.6339745962155612,0.0,-0.6785714285714286,-0.39045553145336226
-1.0,1.2,2.0,0.2,-0.851063829787234,-1.186206896551724,-0.972972972972973,-0.8901303538175044,-1.0973451327433628,-2.1211504774498138e-16,0.7320508075688774,0.0,-0.6428571428571429,-0.37310195227765725
-0.5,-1.0,-1.0,0.2,-0.8297872340425532,-1.0482758620689656,-1.135135135135135,-0.8901303538175044,-1.0973451327433628,0.2886751345948128,0.6339745962155615,0.0,-0.6071428571428571,-0.3557483731019523
-0.5,-0.8,-1.0,0.2,-0.8297872340425532,-1.0206896551724138,-1.0,-0.8454376163873368,-0.35398230088495575,0.49999999999999994,0.3660254037844388,0.0,-0.5714285714285714,-0.3383947939262473
-0.5,-0.6,-1.0,0.2,-0.8723404255319149,-1.0206896551724138,-0.972972972972973,-0.852886405959032,0.8495575221238938,0.5773502691896257,1.793007356604921e-16,0.0,-0.5357142857142857,-0.3875632682574106
-0.5,-0.4,0.0,0.2,-0.9361702127659575,-1.0758620689655172,-0.972972972972973,-0.8901303538175044,3.0442477876106193,0.5,-0.3660254037844383,0.0,-0.5,-0.5437454808387555
-0.5,-0.2,0.0,0.2,-0.9148936170212766,-1.1586206896551725,-1.027027027027027,-0.9199255121042833,3.0442477876106193,0.2886751345948128,-0.6339745962155612,1.0,-0.4642857142857143,-0.8763557483731019
-0.5,0.0,0.0,0.2,-0.8936170212765957,-1.1310344827586207,-1.1081081081081081,-0.9273743016759777,0.9557522123893806,0.0,-0.7320508075688771,0.0,-0.42857142857142855,-1.2060737527114966
-0.5,0.2,1.0,0.2,-0.8936170212765957,-1.103448275862069,-1.0810810810810811,-0.9124767225325882,-0.8141592920353983,-0.2886751345948128,-0.6339745962155612,0.0,-0.39285714285714285,-1.3651482284887921
-0.5,0.4,1.0,0.2,-0.9574468085106383,-1.103448275862069,-1.054054054054054,-0.9273743016759777,-0.7433628318584071,-0.5,-0.36602540378443876,0.0,-0.35714285714285715,-1.3882863340563991
-0.5,0.6,1.0,0.2,-0.9787234042553191,-1.186206896551724,-1.054054054054054,-0.9571694599627558,-0.8849557522123894,-0.577350269189626,0.0,0.0,-0.32142857142857145,-1.4201012292118573
-0.5,0.8,2.0,0.2,-1.0,-1.2137931034482758,-1.135135135135135,-0.994413407821229,-1.0973451327433628,-0.5000000000000001,0.3660254037844388,0.0,-0.2857142857142857,-1.4432393347794645
-0.5,1.0,2.0,0.2,-0.9787234042553191,-1.2413793103448276,-1.162162162162162,-1.0018621973929234,-0.9203539823008849,-0.2886751345948132,0.6339745962155612,0.0,-0.25,-1.446131597975415
-0.5,1.2,2.0,0.2,-0.9148936170212766,-1.2137931034482758,-1.1891891891891893,-0.9795158286778396,-0.8849557522123894,-2.1211504774498138e-16,0.7320508075688774,0.0,-0.21428571428571427,-1.4548083875632674
0.0,-1.0,-1.0,0.2,-0.9148936170212766,-1.1310344827586207,-1.162162162162162,-0.9497206703910615,-0.8849557522123894,0.2886751345948128,0.6339745962155615,0.0,-0.17857142857142858,-1.4663774403470715
0.0,-0.8,-1.0,0.2,-0.8723404255319149,-1.1310344827586207,-1.0810810810810811,-0.9124767225325882,-0.9557522123893806,0.49999999999999994,0.3660254037844388,0.0,-0.14285714285714285,-1.4721619667389725
0.0,-0.6,-1.0,0.2,-0.3191489361702128,-1.0758620689655172,-1.0810810810810811,-0.7039106145251397,-1.0619469026548674,0.5773502691896257,1.793007356604921e-16,0.0,-0.10714285714285714,-1.3969631236442517
0.0,-0.4,0.0,0.2,-0.44680851063829785,-0.3586206896551724,-1.027027027027027,-0.5400372439478588,-1.0265486725663717,0.5,-0.3660254037844383,0.0,-0.07142857142857142,-1.330441070137382
0.0,-0.2,0.0,0.2,-0.1702127659574468,-0.5241379310344828,-0.32432432432432434,-0.29422718808193693,-0.9911504424778761,0.2886751345948128,-0.6339745962155612,1.0,-0.03571428571428571,-1.2292118582791025
0.0,0.0,0.0,0.2,-0.1702127659574468,-0.16551724137931034,-0.4864864864864865,-0.2420856610800742,-0.9911504424778761,0.0,-0.7320508075688771,0.0,0.0,-1.1308749096167747
0.0,0.2,1.0,0.2,-0.1702127659574468,-0.16551724137931034,-0.13513513513513514,-0.1452513966480447,-1.0973451327433628,-0.2886751345948128,-0.6339745962155612,0.0,0.03571428571428571,-1.032537960954447
0.0,0.4,1.0,0.2,-0.44680851063829785,-0.16551724137931034,-0.13513513513513514,-0.2420856610800742,-1.1327433628318584,-0.5,-0.36602540378443876,0.0,0.07142857142857142,-0.9631236442516269
0.0,0.6,1.0,0.2,-0.5319148936170213,-0.5241379310344828,-0.13513513513513514,-0.3687150837988827,-1.168141592920354,-0.577350269189626,0.0,0.0,0.10714285714285714,-0.9023861171366594
0.0,0.8,2.0,0.2,-0.574468085106383,-0.6344827586206897,-0.4864864864864865,-0.5102420856610798,-1.1327433628318584,-0.5000000000000001,0.3660254037844388,0.0,0.14285714285714285,-0.8445408532176424
0.0,1.0,2.0,0.2,-0.574468085106383,-0.6896551724137931,-0.5945945945945946,-0.5549348230912474,-1.0265486725663717,-0.2886751345948132,0.6339745962155612,0.0,0.17857142857142858,-0.789587852494577
0.0,1.2,2.0,0.2,-0.5319148936170213,-0.6896551724137931,-0.6486486486486487,-0.5549348230912474,-1.0265486725663717,-2.1211504774498138e-16,0.7320508075688774,0.0,0.21428571428571427,-0.737527114967462
0.5,-1.0,-1.0,0.2,-0.5106382978723404,-0.6344827586206897,-0.6486486486486487,-0.5325884543761636,-0.9557522123893806,0.2886751345948128,0.6339745962155615,0.0,0.25,-0.6825741142443954
0.5,-0.8,-1.0,0.2,-0.46808510638297873,-0.6068965517241379,-0.5945945945945946,-0.49534450651769113,-0.035398230088495575,0.49999999999999994,0.3660254037844388,0.0,0.2857142857142857,-0.62762111352133
0.5,-0.6,-1.0,0.2,-0.44680851063829785,-0.5517241379310345,-0.5675675675675675,-0.4655493482309122,-0.24778761061946902,0.5773502691896257,1.793007356604921e-16,0.0,0.32142857142857145,-0.644974692697035
0.5,-0.4,0.0,0.2,-0.425531914893617,-0.5241379310344828,-0.5135135135135135,-0.43575418994413406,0.21238938053097345,0.5,-0.3660254037844383,1.0,0.35714285714285715,-0.6420824295010846
0.5,-0.2,0.0,0.2,-0.425531914893617,-0.496551724137931,-0.4864864864864865,-0.4208566108007446,0.21238938053097345,0.2886751345948128,-0.6339745962155612,0.0,0.39285714285714285,-0.6767895878524945
0.5,0.0,0.0,0.2,-0.425531914893617,-0.496551724137931,-0.4594594594594595,-0.4134078212290503,0.21238938053097345,0.0,-0.7320508075688771,0.0,0.42857142857142855,-0.7114967462039046
0.5,0.2,1.0,0.2,-0.2978723404255319,-0.496551724137931,-0.4594594594594595,-0.3687150837988827,-0.24778761061946902,-0.2886751345948128,-0.6339745962155612,0.0,0.4642857142857143,-0.7288503253796096
0.5,0.4,1.0,0.2,-0.2978723404255319,-0.3310344827586207,-0.4594594594594595,-0.3240223463687151,-0.3893805309734513,-0.5,-0.36602540378443876,0.0,0.5,-0.7086044830079529
0.5,0.6,1.0,0.2,-0.2553191489361702,-0.3310344827586207,-0.2972972972972973,-0.264432029795158,-0.46017699115044247,-0.577350269189626,0.0,0.0,0.5357142857142857,-0.6710050614605925
0.5,0.8,2.0,0.2,-0.2553191489361702,-0.27586206896551724,-0.2972972972972973,-0.24953445065176935,-0.46017699115044247,-0.5000000000000001,0.3660254037844388,0.0,0.5714285714285714,-0.62762111352133
0.5,1.0,2.0,0.2,0.2127659574468085,-0.27586206896551724,-0.24324324324324326,-0.07076350093109897,-0.3893805309734513,-0.2886751345948132,0.6339745962155612,0.0,0.6071428571428571,-0.5206073752711496
0.5,1.2,2.0,0.2,0.5106382978723404,0.3310344827586207,-0.24324324324324326,0.19739292364990663,-0.35398230088495575,-2.1211504774498138e-16,0.7320508075688774,0.0,0.6428571428571429,-0.3788864786695581
1.0,-1.0,-1.0,0.2,0.9574468085106383,0.7172413793103448,0.35135135135135137,0.6219739292364987,-0.2831858407079646,0.2886751345948128,0.6339745962155615,0.0,0.6785714285714286,-0.17932031814895072
1.0,-0.8,-1.0,0.2,0.9148936170212766,1.296551724137931,0.7297297297297297,0.8677839851024206,-0.24778761061946902,0.49999999999999994,0.3660254037844388,0.0,0.7142857142857143,0.008676789587852495
1.0,-0.6,-1.0,0.2,1.0212765957446808,1.2413793103448276,1.2972972972972974,1.0465549348230918,-0.21238938053097345,0.5773502691896257,1.793007356604921e-16,0.0,0.75,0.20824295010845986
1.0,-0.4,0.0,0.2,1.0851063829787233,1.3793103448275863,1.2432432432432432,1.0912476722532594,-0.21238938053097345,0.5,-0.3660254037844383,1.0,0.7857142857142857,0.41359363702096935
1.0,-0.2,0.0,0.2,1.148936170212766,1.4620689655172414,1.3783783783783783,1.1731843575418994,-0.21238938053097345,0.2886751345948128,-0.6339745962155612,0.0,0.8214285714285714,0.6276211135213313
1.0,0.0,0.0,0.2,1.4680851063829787,1.5448275862068965,1.4594594594594594,1.329608938547486,0.0,0.0,-0.7320508075688771,0.0,0.8571428571428571,0.8850325379609545
1.0,0.2,1.0,0.2,1.1702127659574468,1.9586206896551723,1.5405405405405406,1.3594040968342649,0.0,-0.2886751345948128,-0.6339745962155612,0.0,0.8928571428571429,1.0845986984815619
1.0,0.4,1.0,0.2,1.0,1.5724137931034483,1.945945945945946,1.3072625698324023,0.07079646017699115,-0.5,-0.36602540378443876,0.0,0.9285714285714286,1.2610267534345634
1.0,0.6,1.0,0.2,0.9148936170212766,1.3517241379310345,1.5675675675675675,1.1135940409683431,0.07079646017699115,-0.577350269189626,0.0,0.0,0.9642857142857143,1.4201012292118587
1.0,0.8,2.0,0.2,0.9787234042553191,1.2413793103448276,1.3513513513513513,1.0465549348230918,0.8495575221238938,-0.5000000000000001,0.3660254037844388,0.0,1.0,1.5878524945770078
-1.0,-0.8,-1.0,0.4,-0.44680851063829785,-0.5241379310344828,-0.4864864864864865,-0.43575418994413406,-1.238938053097345,0.49999999999999994,0.3660254037844388,0.0,-1.0,-0.9833694866232823
-1.0,-0.6,-1.0,0.4,-0.02127659574468085,-0.5241379310344828,-0.4864864864864865,-0.28677839851024184,-1.0619469026548674,0.5773502691896257,1.793007356604921e-16,0.0,-0.9642857142857143,-0.8445408532176424
-1.0,-0.4,0.0,0.4,0.3829787234042553,0.027586206896551724,-0.4864864864864865,0.003724394785847571,-1.0265486725663717,0.5,-0.3660254037844383,0.0,-0.9285714285714286,-0.6652205350686904
-1.0,-0.2,0.0,0.4,2.4468085106382977,0.5517241379310345,0.05405405405405406,1.0167597765363128,-1.0265486725663717,0.2886751345948128,-0.6339745962155612,1.0,-0.8928571428571429,-0.20824295010845986
-1.0,0.0,0.0,0.4,2.4468085106382977,3.2275862068965515,0.5675675675675675,1.8808193668528859,-0.24778761061946902,0.0,-0.7320508075688771,0.0,-0.8571428571428571,0.24873463485177194
-1.0,0.2,1.0,0.4,2.4468085106382977,3.2275862068965515,3.189189189189189,2.6033519553072626,-0.24778761061946902,-0.2886751345948128,-0.6339745962155612,0.0,-0.8214285714285714,0.6420824295010846
-1.0,0.4,1.0,0.4,0.0,3.2275862068965515,3.189189189189189,1.746741154562383,-0.2831858407079646,-0.5,-0.36602540378443876,0.0,-0.7857142857142857,0.702819956616052
-1.0,0.6,1.0,0.4,-0.19148936170212766,0.05517241379310345,3.189189189189189,0.823091247672253,-0.35398230088495575,-0.577350269189626,0.0,0.0,-0.75,0.7404193781634137
-1.0,0.8,2.0,0.4,-0.1702127659574468,-0.19310344827586207,0.08108108108108109,-0.09310986964618277,-0.35398230088495575,-0.5000000000000001,0.3660254037844388,0.0,-0.7142857142857143,0.7866955892986266
-1.0,1.0,2.0,0.4,-0.3617021276595745,-0.16551724137931034,-0.16216216216216217,-0.21973929236499043,-0.24778761061946902,-0.2886751345948132,0.6339745962155612,0.0,-0.6785714285714286,0.806941431670282
-1.0,1.2,2.0,0.4,-0.2978723404255319,-0.41379310344827586,-0.13513513513513514,-0.2569832402234637,-0.24778761061946902,-2.1211504774498138e-16,0.7320508075688774,0.0,-0.6428571428571429,0.8271872740419387
-0.5,-1.0,-1.0,0.4,-0.2553191489361702,-0.3310344827586207,-0.3783783783783784,-0.28677839851024184,-0.24778761061946902,0.2886751345948128,0.6339745962155615,0.0,-0.6071428571428571,0.8532176428054962
-0.5,-0.8,-1.0,0.4,-0.2553191489361702,-0.27586206896551724,-0.2972972972972973,-0.24953445065176935,0.46017699115044247,0.49999999999999994,0.3660254037844388,0.0,-0.5714285714285714,0.8792480115690536
-0.5,-0.6,-1.0,0.4,-0.2553191489361702,-0.27586206896551724,-0.24324324324324326,-0.2346368715083799,1.1327433628318584,0.5773502691896257,1.793007356604921e-16,0.0,-0.5357142857142857,0.8474331164135941
-0.5,-0.4,0.0,0.4,-0.2553191489361702,-0.27586206896551724,-0.24324324324324326,-0.2346368715083799,4.566371681415929,0.5,-0.3660254037844383,0.0,-0.5,0.7606652205350691
-0.5,-0.2,0.0,0.4,-0.2978723404255319,-0.27586206896551724,-0.24324324324324326,-0.24953445065176935,4.566371681415929,0.2886751345948128,-0.6339745962155612,1.0,-0.4642857142857143,0.38756326825741183
-0.5,0.0,0.0,0.4,-0.3404255319148936,-0.3310344827586207,-0.24324324324324326,-0.27932960893854747,4.566371681415929,0.0,-0.7320508075688771,0.0,-0.42857142857142855,0.008676789587852495
-0.5,0.2,1.0,0.4,-0.3404255319148936,-0.38620689655172413,-0.2972972972972973,-0.3091247672253256,0.49557522123893805,-0.2886751345948128,-0.6339745962155612,0.0,-0.39285714285714285,-0.3702096890817056
-0.5,0.4,1.0,0.4,-0.3404255319148936,-0.38620689655172413,-0.35135135135135137,-0.3240223463687151,0.17699115044247787,-0.5,-0.36602540378443876,0.0,-0.35714285714285715,-0.4164859002169197
-0.5,0.6,1.0,0.4,-0.3191489361702128,-0.38620689655172413,-0.35135135135135137,-0.31657355679702076,0.21238938053097345,-0.577350269189626,0.0,0.0,-0.32142857142857145,-0.43383947939262474
-0.5,0.8,2.0,0.4,-0.3617021276595745,-0.3586206896551724,-0.35135135135135137,-0.3240223463687151,-0.10619469026548672,-0.5000000000000001,0.3660254037844388,0.0,-0.2857142857142857,-0.4598698481561822
-0.5,1.0,2.0,0.4,-0.3617021276595745,-0.41379310344827586,-0.32432432432432434,-0.3314711359404094,0.0,-0.2886751345948132,0.6339745962155612,0.0,-0.25,-0.4598698481561822
-0.5,1.2,2.0,0.4,-0.40425531914893614,-0.41379310344827586,-0.3783783783783784,-0.36126629422718837,0.07079646017699115,-2.1211504774498138e-16,0.7320508075688774,0.0,-0.21428571428571427,-0.4743311641359355
0.0,-1.0,-1.0,0.4,-0.3829787234042553,-0.4689655172413793,-0.3783783783783784,-0.3687150837988827,0.07079646017699115,0.2886751345948128,0.6339745962155615,0.0,-0.17857142857142858,-0.4916847433116405
0.0,-0.8,-1.0,0.4,-0.2553191489361702,-0.4413793103448276,-0.43243243243243246,-0.3314711359404094,0.07079646017699115,0.49999999999999994,0.3660254037844388,0.0,-0.14285714285714285,-0.4916847433116405
0.0,-0.6,-1.0,0.4,-0.2553191489361702,-0.27586206896551724,-0.40540540540540543,-0.27932960893854747,0.07079646017699115,0.5773502691896257,1.793007356604921e-16,0.0,-0.10714285714285714,-0.4916847433116405
0.0,-0.4,0.0,0.4,0.0,-0.27586206896551724,-0.24324324324324326,-0.1452513966480447,0.0,0.5,-0.3660254037844383,0.0,-0.07142857142857142,-0.45697758496023055
0.0,-0.2,0.0,0.4,0.10638297872340426,0.05517241379310345,-0.24324324324324326,-0.01862197392923623,-0.07079646017699115,0.2886751345948128,-0.6339745962155612,1.0,-0.03571428571428571,-0.40202458423716514
0.0,0.0,0.0,0.4,0.10638297872340426,0.19310344827586207,0.08108108108108109,0.10800744878957143,-0.07079646017699115,0.0,-0.7320508075688771,0.0,0.0,-0.3412870571221977
0.0,0.2,1.0,0.4,0.10638297872340426,0.19310344827586207,0.21621621621621623,0.1452513966480447,-0.07079646017699115,-0.2886751345948128,-0.6339745962155612,0.0,0.03571428571428571,-0.28054953000723026
0.0,0.4,1.0,0.4,0.2553191489361702,0.19310344827586207,0.21621621621621623,0.19739292364990663,-0.035398230088495575,-0.5,-0.36602540378443876,0.0,0.07142857142857142,-0.19956616052060738
0.0,0.6,1.0,0.4,0.19148936170212766,0.38620689655172413,0.21621621621621623,0.22718808193668555,-0.10619469026548672,-0.577350269189626,0.0,0.0,0.10714285714285714,-0.1301518438177874
0.0,0.8,2.0,0.4,0.19148936170212766,0.30344827586206896,0.40540540540540543,0.2569832402234637,-0.10619469026548672,-0.5000000000000001,0.3660254037844388,0.0,0.14285714285714285,-0.05495300072306538
0.0,1.0,2.0,0.4,0.19148936170212766,0.30344827586206896,0.32432432432432434,0.2346368715083799,-0.17699115044247787,-0.2886751345948132,0.6339745962155612,0.0,0.17857142857142858,0.020245842371656664
0.0,1.2,2.0,0.4,0.1702127659574468,0.30344827586206896,0.32432432432432434,0.22718808193668555,-0.1415929203539823,-2.1211504774498138e-16,0.7320508075688774,0.0,0.21428571428571427,0.09833694866232912
0.5,-1.0,-1.0,0.4,0.19148936170212766,0.27586206896551724,0.32432432432432434,0.22718808193668555,0.07079646017699115,0.2886751345948128,0.6339745962155615,0.0,0.25,0.17642805495300157
0.5,-0.8,-1.0,0.4,0.19148936170212766,0.30344827586206896,0.2972972972972973,0.22718808193668555,0.07079646017699115,0.49999999999999994,0.3660254037844388,0.0,0.2857142857142857,0.23716558206796903
0.5,-0.6,-1.0,0.4,0.2127659574468085,0.30344827586206896,0.32432432432432434,0.2420856610800742,0.49557522123893805,0.5773502691896257,1.793007356604921e-16,0.0,0.32142857142857145,0.3007953723788869
0.5,-0.4,0.0,0.4,0.23404255319148937,0.3310344827586207,0.32432432432432434,0.2569832402234637,0.672566371681416,0.5,-0.3660254037844383,1.0,0.35714285714285715,0.33261026753434647
0.5,-0.2,0.0,0.4,0.2127659574468085,0.3586206896551724,0.35135135135135137,0.264432029795158,0.672566371681416,0.2886751345948128,-0.6339745962155612,0.0,0.39285714285714285,0.3470715835140998
0.5,0.0,0.0,0.4,0.2127659574468085,0.3310344827586207,0.3783783783783784,0.264432029795158,0.672566371681416,0.0,-0.7320508075688771,0.0,0.42857142857142855,0.36153289949385436
0.5,0.2,1.0,0.4,0.23404255319148937,0.3310344827586207,0.35135135135135137,0.264432029795158,0.9203539823008849,-0.2886751345948128,-0.6339745962155612,0.0,0.4642857142857143,0.3788864786695593
0.5,0.4,1.0,0.4,0.2553191489361702,0.3586206896551724,0.35135135135135137,0.27932960893854747,0.8141592920353983,-0.5,-0.36602540378443876,0.0,0.5,0.3788864786695593
0.5,0.6,1.0,0.4,0.3617021276595745,0.38620689655172413,0.3783783783783784,0.3314711359404094,0.8141592920353983,-0.577350269189626,0.0,0.0,0.5357142857142857,0.4020245842371664
0.5,0.8,2.0,0.4,0.3829787234042553,0.5241379310344828,0.40540540540540543,0.38361266294227214,0.8141592920353983,-0.5000000000000001,0.3660254037844388,0.0,0.5714285714285714,0.4280549530007239
0.5,1.0,2.0,0.4,0.6170212765957447,0.5517241379310345,0.5405405405405406,0.5102420856610798,0.7787610619469026,-0.2886751345948132,0.6339745962155612,0.0,0.6071428571428571,0.48590021691973967
0.5,1.2,2.0,0.4,1.0,0.8551724137931035,0.5675675675675675,0.7337057728119178,0.8141592920353983,-2.1211504774498138e-16,0.7320508075688774,0.0,0.6428571428571429,0.5986984815618221
1.0,-1.0,-1.0,0.4,1.3829787234042554,1.3517241379310345,0.8648648648648649,1.0837988826815643,0.8141592920353983,0.2886751345948128,0.6339745962155615,0.0,0.6785714285714286,0.7606652205350691
1.0,-0.8,-1.0,0.4,1.3829787234042554,1.8482758620689654,1.3513513513513513,1.3519553072625698,0.8495575221238938,0.49999999999999994,0.3660254037844388,0.0,0.7142857142857143,0.9226319595083161
1.0,-0.6,-1.0,0.4,1.425531914893617,1.8482758620689654,1.837837837837838,1.5009310986964612,0.8849557522123894,0.5773502691896257,1.793007356604921e-16,0.0,0.75,1.0874909616775135
1.0,-0.4,0.0,0.4,1.4680851063829787,1.903448275862069,1.837837837837838,1.5307262569832403,0.8495575221238938,0.5,-0.3660254037844383,1.0,0.7857142857142857,1.2552422270426613
1.0,-0.2,0.0,0.4,1.553191489361702,1.9586206896551723,1.8918918918918919,1.5903165735567966,0.8495575221238938,0.2886751345948128,-0.6339745962155612,0.0,0.8214285714285714,1.4374548083875638
1.0,0.0,0.0,0.4,1.8297872340425532,2.0689655172413794,1.945945945945946,1.7318435754189945,0.8849557522123894,0.0,-0.7320508075688771,0.0,0.8571428571428571,1.6572668112798277
1.0,0.2,1.0,0.4,1.8085106382978724,2.4275862068965517,2.054054054054054,1.8510242085661086,0.9203539823008849,-0.2886751345948128,-0.6339745962155612,0.0,0.8928571428571429,1.8712942877801884
1.0,0.4,1.0,0.4,1.7234042553191489,2.4,2.4054054054054053,1.910614525139665,1.0973451327433628,-0.5,-0.36602540378443876,0.0,0.9285714285714286,2.0708604483007957
1.0,0.6,1.0,0.4,1.702127659574468,2.2896551724137932,2.3783783783783785,1.8659217877094971,1.1327433628318584,-0.577350269189626,0.0,0.0,0.9642857142857143,2.253073029645698
1.0,0.8,2.0,0.4,1.6595744680851063,2.2620689655172415,2.27027027027027,1.8137802607076345,1.5221238938053097,-0.5000000000000001,0.3660254037844388,0.0,1.0,2.426608821402748
-1.0,-1.0,-1.0,0.6,-0.5106382978723404,-0.6068965517241379,-0.6756756756756757,-0.5325884543761636,-1.7345132743362832,0.2886751345948128,0.6339745962155615,0.0,-1.0357142857142858,-1.1453362255965294
-1.0,-0.8,-1.0,0.6,-0.5106382978723404,-0.6068965517241379,-0.5675675675675675,-0.5027932960893855,-1.2743362831858407,0.49999999999999994,0.3660254037844388,0.0,-1.0,-1.032537960954447
-1.0,-0.6,-1.0,0.6,-0.10638297872340426,-0.6068965517241379,-0.5675675675675675,-0.36126629422718837,-1.168141592920354,0.5773502691896257,1.793007356604921e-16,0.0,-0.9642857142857143,-0.9023861171366594
-1.0,-0.4,0.0,0.6,0.19148936170212766,-0.08275862068965517,-0.5675675675675675,-0.11545623836126656,-1.0265486725663717,0.5,-0.3660254037844383,0.0,-0.9285714285714286,-0.7404193781634124
-1.0,-0.2,0.0,0.6,1.7659574468085106,0.30344827586206896,-0.05405405405405406,0.6815642458100558,-0.49557522123893805,0.2886751345948128,-0.6339745962155612,1.0,-0.8928571428571429,-0.3759942154736077
-1.0,0.0,0.0,0.6,1.1702127659574468,2.3448275862068964,0.32432432432432434,1.1284916201117319,-0.35398230088495575,0.0,-0.7320508075688771,0.0,-0.8571428571428571,-0.13593637020968824
-1.0,0.2,1.0,0.6,1.1914893617021276,1.5724137931034483,2.324324324324324,1.4785847299813775,-0.3893805309734513,-0.2886751345948128,-0.6339745962155612,0.0,-0.8214285714285714,0.09544468546637744
-1.0,0.4,1.0,0.6,0.2553191489361702,1.6,1.5675675675675675,0.9497206703910615,-0.46017699115044247,-0.5,-0.36602540378443876,0.0,-0.7857142857142857,0.20245842371655906
-1.0,0.6,1.0,0.6,-0.14893617021276595,0.38620689655172413,1.5945945945945945,0.487895716945996,-0.46017699115044247,-0.577350269189626,0.0,0.0,-0.75,0.2603036876355748
-1.0,0.8,2.0,0.6,-0.23404255319148937,-0.13793103448275862,0.40540540540540543,-0.0111731843575419,-0.49557522123893805,-0.5000000000000001,0.3660254037844388,0.0,-0.7142857142857143,0.306579898770789
-1.0,1.0,2.0,0.6,-0.3404255319148936,-0.2482758620689655,-0.10810810810810811,-0.21973929236499043,-0.35398230088495575,-0.2886751345948132,0.6339745962155612,0.0,-0.6785714285714286,0.341287057122199
-1.0,1.2,2.0,0.6,-0.3404255319148936,-0.38620689655172413,-0.21621621621621623,-0.28677839851024184,-0.35398230088495575,-2.1211504774498138e-16,0.7320508075688774,0.0,-0.6428571428571429,0.3644251626898048
-0.5,-1.0,-1.0,0.6,-0.3404255319148936,-0.38620689655172413,-0.35135135135135137,-0.3240223463687151,-0.35398230088495575,0.2886751345948128,0.6339745962155615,0.0,-0.6071428571428571,0.38756326825741183
-0.5,-0.8,-1.0,0.6,-0.3404255319148936,-0.38620689655172413,-0.35135135135135137,-0.3240223463687151,0.3185840707964602,0.49999999999999994,0.3660254037844388,0.0,-0.5714285714285714,0.4107013738250189
-0.5,-0.6,-1.0,0.6,-0.3191489361702128,-0.38620689655172413,-0.35135135135135137,-0.31657355679702076,0.8141592920353983,0.5773502691896257,1.793007356604921e-16,0.0,-0.5357142857142857,0.38177874186550975
-0.5,-0.4,0.0,0.6,-0.3404255319148936,-0.3586206896551724,-0.35135135135135137,-0.31657355679702076,3.433628318584071,0.5,-0.3660254037844383,0.0,-0.5,0.3094721619667394
-0.5,-0.2,0.0,0.6,-0.3829787234042553,-0.38620689655172413,-0.32432432432432434,-0.3314711359404094,2.4424778761061945,0.2886751345948128,-0.6339745962155612,1.0,-0.4642857142857143,0.01735357917570499
-0.5,0.0,0.0,0.6,-0.3829787234042553,-0.4413793103448276,-0.35135135135135137,-0.3538175046554932,2.47787610619469,0.0,-0.7320508075688771,0.0,-0.42857142857142855,-0.1937816341287053
-0.5,0.2,1.0,0.6,0.10638297872340426,-0.4413793103448276,-0.40540540540540543,-0.19739292364990663,0.9203539823008849,-0.2886751345948128,-0.6339745962155612,0.0,-0.39285714285714285,-0.3412870571221977
-0.5,0.4,1.0,0.6,-0.44680851063829785,0.19310344827586207,-0.40540540540540543,-0.21973929236499043,0.24778761061946902,-0.5,-0.36602540378443876,0.0,-0.35714285714285715,-0.43673174258857517
-0.5,0.6,1.0,0.6,-0.44680851063829785,-0.5241379310344828,0.21621621621621623,-0.2420856610800742,0.10619469026548672,-0.577350269189626,0.0,0.0,-0.32142857142857145,-0.4772234273318872
-0.5,0.8,2.0,0.6,-0.46808510638297873,-0.5241379310344828,-0.4864864864864865,-0.44320297951582843,-0.07079646017699115,-0.5000000000000001,0.3660254037844388,0.0,-0.2857142857142857,-0.5090383224873455
-0.5,1.0,2.0,0.6,-0.46808510638297873,-0.5517241379310345,-0.4864864864864865,-0.4506517690875235,-0.07079646017699115,-0.2886751345948132,0.6339745962155612,0.0,-0.25,-0.5263919016630505
-0.5,1.2,2.0,0.6,-0.46808510638297873,-0.5517241379310345,-0.5135135135135135,-0.4581005586592179,-0.07079646017699115,-2.1211504774498138e-16,0.7320508075688774,0.0,-0.21428571428571427,-0.5437454808387555
0.0,-1.0,-1.0,0.6,-0.44680851063829785,-0.5517241379310345,-0.5135135135135135,-0.4506517690875235,-0.07079646017699115,0.2886751345948128,0.6339745962155615,0.0,-0.17857142857142858,-0.55820679681851
0.0,-0.8,-1.0,0.6,-0.3829787234042553,-0.5241379310344828,-0.5135135135135135,-0.4208566108007446,-0.035398230088495575,0.49999999999999994,0.3660254037844388,0.0,-0.14285714285714285,-0.5639913232104121
0.0,-0.6,-1.0,0.6,-0.3191489361702128,-0.4413793103448276,-0.4864864864864865,-0.3687150837988827,-0.07079646017699115,0.5773502691896257,1.793007356604921e-16,0.0,-0.10714285714285714,-0.5639913232104121
0.0,-0.4,0.0,0.6,-0.02127659574468085,-0.3586206896551724,-0.40540540540540543,-0.21973929236499043,-0.1415929203539823,0.5,-0.3660254037844383,0.0,-0.07142857142857142,-0.5206073752711496
0.0,-0.2,0.0,0.6,0.19148936170212766,0.027586206896551724,-0.32432432432432434,-0.01862197392923623,-0.1415929203539823,0.2886751345948128,-0.6339745962155612,1.0,-0.03571428571428571,-0.44251626898047725
0.0,0.0,0.0,0.6,0.19148936170212766,0.30344827586206896,0.05405405405405406,0.16014897579143417,0.672566371681416,0.0,-0.7320508075688771,0.0,0.0,-0.3644251626898048
0.0,0.2,1.0,0.6,0.19148936170212766,0.30344827586206896,0.32432432432432434,0.2346368715083799,-0.24778761061946902,-0.2886751345948128,-0.6339745962155612,0.0,0.03571428571428571,-0.3528561099060006
0.0,0.4,1.0,0.6,0.1702127659574468,0.30344827586206896,0.32432432432432434,0.22718808193668555,-0.24778761061946902,-0.5,-0.36602540378443876,0.0,0.07142857142857142,-0.26898047722342733
0.0,0.6,1.0,0.6,0.1276595744680851,0.27586206896551724,0.32432432432432434,0.20484171322160177,-0.2831858407079646,-0.577350269189626,0.0,0.0,0.10714285714285714,-0.19088937093275488
0.0,0.8,2.0,0.6,0.10638297872340426,0.2206896551724138,0.2972972972972973,0.17504655493482282,-0.2831858407079646,-0.5000000000000001,0.3660254037844388,0.0,0.14285714285714285,-0.11279826464208242
0.0,1.0,2.0,0.6,0.0851063829787234,0.19310344827586207,0.24324324324324326,0.1452513966480447,-0.2831858407079646,-0.2886751345948132,0.6339745962155612,0.0,0.17857142857142858,-0.03759942154736039
0.0,1.2,2.0,0.6,0.06382978723404255,0.16551724137931034,0.21621621621621623,0.12290502793296089,-0.24778761061946902,-2.1211504774498138e-16,0.7320508075688774,0.0,0.21428571428571427,0.03470715835140998
0.5,-1.0,-1.0,0.6,0.3191489361702128,0.13793103448275862,0.1891891891891892,0.19739292364990663,-0.1415929203539823,0.2886751345948128,0.6339745962155615,0.0,0.25,0.13882863340563992
0.5,-0.8,-1.0,0.6,0.06382978723404255,0.4689655172413793,0.16216216216216217,0.18994413407821228,-0.035398230088495575,0.49999999999999994,0.3660254037844388,0.0,0.2857142857142857,0.19956616052060738
0.5,-0.6,-1.0,0.6,0.0851063829787234,0.13793103448275862,0.4864864864864865,0.19739292364990663,0.46017699115044247,0.5773502691896257,1.793007356604921e-16,0.0,0.32142857142857145,0.254519161243674
0.5,-0.4,0.0,0.6,0.10638297872340426,0.16551724137931034,0.16216216216216217,0.12290502793296089,0.8141592920353983,0.5,-0.3660254037844383,1.0,0.35714285714285715,0.271872740419379
0.5,-0.2,0.0,0.6,0.10638297872340426,0.19310344827586207,0.1891891891891892,0.13780260707635036,0.8141592920353983,0.2886751345948128,-0.6339745962155612,0.0,0.39285714285714285,0.2603036876355748
0.5,0.0,0.0,0.6,0.06382978723404255,0.19310344827586207,0.21621621621621623,0.13035381750465522,0.8141592920353983,0.0,-0.7320508075688771,0.0,0.42857142857142855,0.24295010845986983
0.5,0.2,1.0,0.6,0.2127659574468085,0.13793103448275862,0.21621621621621623,0.16759776536312848,0.7787610619469026,-0.2886751345948128,-0.6339745962155612,0.0,0.4642857142857143,0.2458423716558215
0.5,0.4,1.0,0.6,0.2127659574468085,0.3310344827586207,0.16216216216216217,0.20484171322160177,0.7079646017699115,-0.5,-0.36602540378443876,0.0,0.5,0.25162689804772237
0.5,0.6,1.0,0.6,0.23404255319148937,0.3310344827586207,0.35135135135135137,0.264432029795158,0.672566371681416,-0.577350269189626,0.0,0.0,0.5357142857142857,0.2660882140274769
0.5,0.8,2.0,0.6,0.2553191489361702,0.3586206896551724,0.35135135135135137,0.27932960893854747,0.6371681415929203,-0.5000000000000001,0.3660254037844388,0.0,0.5714285714285714,0.28633405639913234
0.5,1.0,2.0,0.6,0.5531914893617021,0.38620689655172413,0.3783783783783784,0.3985102420856608,0.6017699115044248,-0.2886751345948132,0.6339745962155612,0.0,0.6071428571428571,0.34996384671005143
0.5,1.2,2.0,0.6,0.8297872340425532,0.7724137931034483,0.40540540540540543,0.6070763500931101,1.0265486725663717,-2.1211504774498138e-16,0.7320508075688774,0.0,0.6428571428571429,0.4540853217642814
1.0,-1.0,-1.0,0.6,1.3191489361702127,1.1310344827586207,0.7837837837837838,0.9795158286778396,0.6017699115044248,0.2886751345948128,0.6339745962155615,0.0,0.6785714285714286,0.5900216919739696
1.0,-0.8,-1.0,0.6,1.3829787234042554,1.7655172413793103,1.135135135135135,1.2700186219739298,0.6371681415929203,0.49999999999999994,0.3660254037844388,0.0,0.7142857142857143,0.7693420101229216
1.0,-0.6,-1.0,0.6,1.4042553191489362,1.8482758620689654,1.7567567567567568,1.471135940409684,0.672566371681416,0.5773502691896257,1.793007356604921e-16,0.0,0.75,0.9486623282718736
1.0,-0.4,0.0,0.6,1.4680851063829787,1.8758620689655172,1.837837837837838,1.523277467411545,0.672566371681416,0.5,-0.3660254037844383,1.0,0.7857142857142857,1.1337671728127263
1.0,-0.2,0.0,0.6,1.574468085106383,1.9586206896551723,1.864864864864865,1.5903165735567966,0.6017699115044248,0.2886751345948128,-0.6339745962155612,0.0,0.8214285714285714,1.3333333333333337
1.0,0.0,0.0,0.6,1.7872340425531914,2.0965517241379312,1.945945945945946,1.7243947858472992,0.8495575221238938,0.0,-0.7320508075688771,0.0,0.8571428571428571,1.5676066522053511
1.0,0.2,1.0,0.6,1.7659574468085106,2.372413793103448,2.081081081081081,1.8286778398510248,0.8495575221238938,-0.2886751345948128,-0.6339745962155612,0.0,0.8928571428571429,1.7787418655097627
1.0,0.4,1.0,0.6,1.6382978723404256,2.3448275862068964,2.3513513513513513,1.8510242085661086,0.8849557522123894,-0.5,-0.36602540378443876,0.0,0.9285714285714286,1.9725234996384666
1.0,0.6,1.0,0.6,1.553191489361702,2.179310344827586,2.324324324324324,1.7690875232774668,0.9203539823008849,-0.577350269189626,0.0,0.0,0.9642857142857143,2.15184381778742
1.0,0.8,2.0,0.6,1.5319148936170213,2.0689655172413794,2.1621621621621623,1.687150837988827,1.415929203539823,-0.5000000000000001,0.3660254037844388,0.0,1.0,2.32537960954447
-1.0,-0.8,-1.0,0.8,-0.7872340425531915,-0.9655172413793104,-1.054054054054054,-0.8305400372439481,-1.8761061946902655,0.49999999999999994,0.3660254037844388,0.0,-1.0,-1.5502530730296449
-1.0,-0.6,-1.0,0.8,-0.2553191489361702,-0.9655172413793104,-0.918918918918919,-0.6070763500931101,-1.6991150442477876,0.5773502691896257,1.793007356604921e-16,0.0,-0.9642857142857143,-1.3911785972523496
-1.0,-0.4,0.0,0.8,0.1702127659574468,-0.27586206896551724,-0.918918918918919,-0.27188081936685315,-1.6283185840707965,0.5,-0.3660254037844383,0.0,-0.9285714285714286,-1.1887201735357917
-1.0,-0.2,0.0,0.8,1.3829787234042554,0.27586206896551724,-0.24324324324324326,0.487895716945996,-1.6283185840707965,0.2886751345948128,-0.6339745962155612,1.0,-0.8928571428571429,-0.8271872740419374
-1.0,0.0,0.0,0.8,1.3829787234042554,1.8482758620689654,0.2972972972972973,1.0614525139664805,-0.5663716814159292,0.0,-0.7320508075688771,0.0,-0.8571428571428571,-0.46565437454808306
-1.0,0.2,1.0,0.8,1.3829787234042554,1.8482758620689654,1.837837837837838,1.4860335195530727,-0.5663716814159292,-0.2886751345948128,-0.6339745962155612,0.0,-0.8214285714285714,-0.19088937093275488
-1.0,0.4,1.0,0.8,-0.3617021276595745,1.8482758620689654,1.837837837837838,0.8752327746741158,-0.7433628318584071,-0.5,-0.36602540378443876,0.0,-0.7857142857142857,-0.15328994938539323
-1.0,0.6,1.0,0.8,-0.3617021276595745,-0.41379310344827586,1.837837837837838,0.264432029795158,-1.0973451327433628,-0.577350269189626,0.0,0.0,-0.75,-0.10122921185827827
-1.0,0.8,2.0,0.8,-0.3617021276595745,-0.41379310344827586,-0.3783783783783784,-0.3463687150837989,-1.0973451327433628,-0.5000000000000001,0.3660254037844388,0.0,-0.7142857142857143,-0.0202458423716554
-1.0,1.0,2.0,0.8,-0.574468085106383,-0.41379310344827586,-0.3783783783783784,-0.4208566108007446,-0.9911504424778761,-0.2886751345948132,0.6339745962155612,0.0,-0.6785714285714286,0.031814895155459565
-1.0,1.2,2.0,0.8,-0.574468085106383,-0.6896551724137931,-0.3783783783783784,-0.49534450651769113,-0.8141592920353983,-2.1211504774498138e-16,0.7320508075688774,0.0,-0.6428571428571429,0.07519884309472204
-0.5,-1.0,-1.0,0.8,-0.6382978723404256,-0.6896551724137931,-0.6486486486486487,-0.5921787709497207,-0.8141592920353983,0.2886751345948128,0.6339745962155615,0.0,-0.6071428571428571,0.09544468546637744
-0.5,-0.8,-1.0,0.8,-0.6382978723404256,-0.7724137931034483,-0.6486486486486487,-0.6145251396648045,0.07079646017699115,0.49999999999999994,0.3660254037844388,0.0,-0.5714285714285714,0.1156905278380341
-0.5,-0.6,-1.0,0.8,-0.574468085106383,-0.7724137931034483,-0.7297297297297297,-0.6145251396648045,0.7787610619469026,0.5773502691896257,1.793007356604921e-16,0.0,-0.5357142857142857,0.07230657989877164
-0.5,-0.4,0.0,0.8,-0.574468085106383,-0.6896551724137931,-0.7297297297297297,-0.5921787709497207,2.7964601769911503,0.5,-0.3660254037844383,0.0,-0.5,-0.028922631959507894
-0.5,-0.2,0.0,0.8,-0.6382978723404256,-0.6896551724137931,-0.6486486486486487,-0.5921787709497207,2.7964601769911503,0.2886751345948128,-0.6339745962155612,1.0,-0.4642857142857143,-0.3036876355748373
-0.5,0.0,0.0,0.8,-0.6382978723404256,-0.7724137931034483,-0.6486486486486487,-0.6145251396648045,2.7964601769911503,0.0,-0.7320508075688771,0.0,-0.42857142857142855,-0.5784526391901654
-0.5,0.2,1.0,0.8,-0.6382978723404256,-0.7724137931034483,-0.7297297297297297,-0.6368715083798883,-0.10619469026548672,-0.2886751345948128,-0.6339745962155612,0.0,-0.39285714285714285,-0.8532176428054948
-0.5,0.4,1.0,0.8,-0.6808510638297872,-0.7724137931034483,-0.7297297297297297,-0.6517690875232778,-0.10619469026548672,-0.5,-0.36602540378443876,0.0,-0.35714285714285715,-0.8966015907447573
-0.5,0.6,1.0,0.8,-0.6808510638297872,-0.8275862068965517,-0.7297297297297297,-0.6666666666666664,-0.10619469026548672,-0.577350269189626,0.0,0.0,-0.32142857142857145,-0.9399855386840198
-0.5,0.8,2.0,0.8,-0.7446808510638298,-0.8275862068965517,-0.7837837837837838,-0.7039106145251397,-0.46017699115044247,-0.5000000000000001,0.3660254037844388,0.0,-0.2857142857142857,-0.9920462762111348
-0.5,1.0,2.0,0.8,-0.7446808510638298,-0.9103448275862069,-0.7837837837837838,-0.7262569832402235,-0.46017699115044247,-0.2886751345948132,0.6339745962155612,0.0,-0.25,-1.0151843817787418
-0.5,1.2,2.0,0.8,-0.7446808510638298,-0.9103448275862069,-0.8648648648648649,-0.7486033519553073,-0.5663716814159292,-2.1211504774498138e-16,0.7320508075688774,0.0,-0.21428571428571427,-1.0383224873463477
0.0,-1.0,-1.0,0.8,-0.7446808510638298,-0.9103448275862069,-0.8648648648648649,-0.7486033519553073,-0.5663716814159292,0.2886751345948128,0.6339745962155615,0.0,-0.17857142857142858,-1.0527838033261023
0.0,-0.8,-1.0,0.8,-0.7446808510638298,-0.9103448275862069,-0.8648648648648649,-0.7486033519553073,-0.46017699115044247,0.49999999999999994,0.3660254037844388,0.0,-0.14285714285714285,-1.0672451193058567
0.0,-0.6,-1.0,0.8,-0.7446808510638298,-0.9103448275862069,-0.8648648648648649,-0.7486033519553073,-0.46017699115044247,0.5773502691896257,1.793007356604921e-16,0.0,-0.10714285714285714,-1.0903832248734626
0.0,-0.4,0.0,0.8,0.06382978723404255,-0.9103448275862069,-0.8648648648648649,-0.4655493482309122,-0.5663716814159292,0.5,-0.3660254037844383,0.0,-0.07142857142857142,-1.0036153289949377
0.0,-0.2,0.0,0.8,0.1702127659574468,0.13793103448275862,-0.8648648648648649,-0.1452513966480447,-0.5663716814159292,0.2886751345948128,-0.6339745962155612,1.0,-0.03571428571428571,-0.8937093275488069
0.0,0.0,0.0,0.8,0.1702127659574468,0.27586206896551724,0.16216216216216217,0.17504655493482282,-0.5663716814159292,0.0,-0.7320508075688771,0.0,0.0,-0.7838033261026749
0.0,0.2,1.0,0.8,0.1702127659574468,0.27586206896551724,0.2972972972972973,0.2122905027932961,-0.6371681415929203,-0.2886751345948128,-0.6339745962155612,0.0,0.03571428571428571,-0.673897324656543
0.0,0.4,1.0,0.8,0.10638297872340426,0.27586206896551724,0.2972972972972973,0.18994413407821228,-0.6371681415929203,-0.5,-0.36602540378443876,0.0,0.07142857142857142,-0.5668835864063626
0.0,0.6,1.0,0.8,-0.10638297872340426,0.19310344827586207,0.2972972972972973,0.09310986964618277,-0.7433628318584071,-0.577350269189626,0.0,0.0,0.10714285714285714,-0.4887924801156901
0.0,0.8,2.0,0.8,-0.2127659574468085,-0.08275862068965517,0.21621621621621623,-0.040968342644320026,-0.7433628318584071,-0.5000000000000001,0.3660254037844388,0.0,0.14285714285714285,-0.4164859002169197
0.0,1.0,2.0,0.8,-0.2127659574468085,-0.2206896551724138,-0.05405405405405406,-0.15270018621973902,-0.7433628318584071,-0.2886751345948132,0.6339745962155612,0.0,0.17857142857142858,-0.34417932031814813
0.0,1.2,2.0,0.8,-0.425531914893617,-0.2206896551724138,-0.1891891891891892,-0.264432029795158,-0.7433628318584071,-2.1211504774498138e-16,0.7320508075688774,0.0,0.21428571428571427,-0.30079537237888565
0.5,-1.0,-1.0,0.8,-0.425531914893617,-0.496551724137931,-0.1891891891891892,-0.33891992551210454,-0.7433628318584071,0.2886751345948128,0.6339745962155615,0.0,0.25,-0.25741142443962317
0.5,-0.8,-1.0,0.8,-0.3617021276595745,-0.496551724137931,-0.4594594594594595,-0.39106145251396646,-0.7433628318584071,0.49999999999999994,0.3660254037844388,0.0,0.2857142857142857,-0.20535068691250818
0.5,-0.6,-1.0,0.8,-0.3191489361702128,-0.41379310344827586,-0.4594594594594595,-0.3538175046554932,0.6017699115044248,0.5773502691896257,1.793007356604921e-16,0.0,0.32142857142857145,-0.1475054229934924
0.5,-0.4,0.0,0.8,-0.2553191489361702,-0.3586206896551724,-0.3783783783783784,-0.29422718808193693,0.7787610619469026,0.5,-0.3660254037844383,1.0,0.35714285714285715,-0.19088937093275488
0.5,-0.2,0.0,0.8,-0.3191489361702128,-0.27586206896551724,-0.32432432432432434,-0.27932960893854747,0.7787610619469026,0.2886751345948128,-0.6339745962155612,0.0,0.39285714285714285,-0.25741142443962317
0.5,0.0,0.0,0.8,-0.3191489361702128,-0.3586206896551724,-0.24324324324324326,-0.27932960893854747,0.7787610619469026,0.0,-0.7320508075688771,0.0,0.42857142857142855,-0.3239334779464927
0.5,0.2,1.0,0.8,-0.2553191489361702,-0.3586206896551724,-0.32432432432432434,-0.27932960893854747,0.672566371681416,-0.2886751345948128,-0.6339745962155612,0.0,0.4642857142857143,-0.38177874186550975
0.5,0.4,1.0,0.8,-0.2553191489361702,-0.27586206896551724,-0.32432432432432434,-0.2569832402234637,0.3185840707964602,-0.5,-0.36602540378443876,0.0,0.5,-0.43094721619667303
0.5,0.6,1.0,0.8,-0.2553191489361702,-0.27586206896551724,-0.24324324324324326,-0.2346368715083799,0.1415929203539823,-0.577350269189626,0.0,0.0,0.5357142857142857,-0.4511930585683297
0.5,0.8,2.0,0.8,-0.2553191489361702,-0.27586206896551724,-0.24324324324324326,-0.2346368715083799,0.1415929203539823,-0.5000000000000001,0.3660254037844388,0.0,0.5714285714285714,-0.45697758496023055
0.5,1.0,2.0,0.8,0.06382978723404255,-0.27586206896551724,-0.24324324324324326,-0.12290502793296089,-0.21238938053097345,-0.2886751345948132,0.6339745962155612,0.0,0.6071428571428571,-0.41937816341287015
0.5,1.2,2.0,0.8,0.6382978723404256,0.13793103448275862,-0.24324324324324326,0.18994413407821228,-0.21238938053097345,-2.1211504774498138e-16,0.7320508075688774,0.0,0.6428571428571429,-0.27476500361532813
1.0,-1.0,-1.0,0.8,1.127659574468085,0.8827586206896552,0.16216216216216217,0.6741154562383616,-0.10619469026548672,0.2886751345948128,0.6339745962155615,0.0,0.6785714285714286,-0.06362979031091787
1.0,-0.8,-1.0,0.8,1.127659574468085,1.5172413793103448,0.8918918918918919,1.0465549348230918,-0.035398230088495575,0.49999999999999994,0.3660254037844388,0.0,0.7142857142857143,0.13882863340563992
1.0,-0.6,-1.0,0.8,1.127659574468085,1.5172413793103448,1.5135135135135136,1.217877094972067,0.07079646017699115,0.5773502691896257,1.793007356604921e-16,0.0,0.75,0.3355025307302969
1.0,-0.4,0.0,0.8,1.127659574468085,1.5172413793103448,1.5135135135135136,1.217877094972067,-0.035398230088495575,0.5,-0.3660254037844383,1.0,0.7857142857142857,0.5234996384671013
1.0,-0.2,0.0,0.8,1.127659574468085,1.5172413793103448,1.5135135135135136,1.217877094972067,-0.035398230088495575,0.2886751345948128,-0.6339745962155612,0.0,0.8214285714285714,0.720173535791757
1.0,0.0,0.0,0.8,1.3404255319148937,1.5172413793103448,1.5135135135135136,1.2923649906890136,0.07079646017699115,0.0,-0.7320508075688771,0.0,0.8571428571428571,0.9457700650759219
1.0,0.2,1.0,0.8,1.2340425531914894,1.793103448275862,1.5135135135135136,1.329608938547486,0.07079646017699115,-0.2886751345948128,-0.6339745962155612,0.0,0.8928571428571429,1.148228488792481
1.0,0.4,1.0,0.8,1.2340425531914894,1.6551724137931034,1.7837837837837838,1.3668528864059586,0.07079646017699115,-0.5,-0.36602540378443876,0.0,0.9285714285714286,1.3506869125090388
1.0,0.6,1.0,0.8,1.2340425531914894,1.6551724137931034,1.6486486486486487,1.329608938547486,0.07079646017699115,-0.577350269189626,0.0,0.0,0.9642857142857143,1.5531453362255978
1.0,0.8,2.0,0.8,1.2340425531914894,1.6551724137931034,1.6486486486486487,1.329608938547486,0.6017699115044248,-0.5000000000000001,0.3660254037844388,0.0,1.0,1.7556037599421543
