tahun,bulan,kuartal,wilayah_enc,harga_lag1,harga_lag2,harga_lag3,harga_rolling3,harga_lag12,sin_bulan,cos_bulan,is_lebaran_month,tren_index,harga_rolling12
-1.0,-0.8,-1.0,-1.0,-1.0362694300518134,-1.0,-0.9787234042553191,-1.0191972076788827,-0.7027027027027027,0.49999999999999994,0.3660254037844388,0.0,-1.0,-0.9074340527577941
-1.0,-0.6,-1.0,-1.0,-0.9740932642487047,-1.0,-0.9574468085106383,-0.9912739965095984,-0.918918918918919,0.5773502691896257,1.793007356604921e-16,0.0,-0.9642857142857143,-0.9208633093525188
-1.0,-0.4,0.0,-1.0,-1.077720207253886,-0.9375,-0.9574468085106383,-1.0052356020942408,-1.1081081081081081,0.5,-0.3660254037844383,0.0,-0.9285714285714286,-0.9285371702637896
-1.0,-0.2,0.0,-1.0,-1.0155440414507773,-1.0416666666666667,-0.8936170212765957,-0.9982547993019192,-1.1081081081081081,0.2886751345948128,-0.6339745962155612,1.0,-0.8928571428571429,-0.9170263788968831
-1.0,0.0,0.0,-1.0,-1.0155440414507773,-0.9791666666666666,-1.0,-1.0122164048865616,-0.972972972972973,0.0,-0.7320508075688771,0.0,-0.8571428571428571,-0.9055155875299766
-1.0,0.2,1.0,-1.0,-1.0155440414507773,-0.9791666666666666,-0.9361702127659575,-0.9912739965095984,-1.0,-0.2886751345948128,-0.6339745962155612,0.0,-0.8214285714285714,-0.9035971223021592
-1.0,0.4,1.0,-1.0,-0.9533678756476683,-0.9791666666666666,-0.9361702127659575,-0.970331588132635,-0.972972972972973,-0.5,-0.36602540378443876,0.0,-0.7857142857142857,-0.89400479616307
-1.0,0.6,1.0,-1.0,-0.9533678756476683,-0.9166666666666666,-0.9361702127659575,-0.9493891797556716,-0.9459459459459459,-0.577350269189626,0.0,0.0,-0.75,-0.8863309352517994
-1.0,0.8,2.0,-1.0,-0.9740932642487047,-0.9166666666666666,-0.8723404255319149,-0.9354275741710292,-0.9459459459459459,-0.5000000000000001,0.3660254037844388,0.0,-0.7142857142857143,-0.8824940047961636
-1.0,1.0,2.0,-1.0,-0.9948186528497409,-0.9375,-0.8723404255319149,-0.9493891797556716,-1.0,-0.2886751345948132,0.6339745962155612,0.0,-0.6785714285714286,-0.8805755395683461
-1.0,1.2,2.0,-1.0,-0.9533678756476683,-0.9583333333333334,-0.8936170212765957,-0.9493891797556716,-0.972972972972973,-2.1211504774498138e-16,0.7320508075688774,0.0,-0.6428571428571429,-0.8709832134292571
-0.5,-1.0,-1.0,-1.0,-0.9948186528497409,-0.9166666666666666,-0.9148936170212766,-0.9563699825479925,-0.972972972972973,0.2886751345948128,0.6339745962155615,0.0,-0.6071428571428571,-0.8671462829736214
-0.5,-0.8,-1.0,-1.0,-0.9948186528497409,-0.9583333333333334,-0.8723404255319149,-0.9563699825479925,-0.8918918918918919,0.49999999999999994,0.3660254037844388,0.0,-0.5714285714285714,-0.8633093525179865
-0.5,-0.6,-1.0,-1.0,-0.9948186528497409,-0.9583333333333334,-0.9148936170212766,-0.970331588132635,-1.027027027027027,0.5773502691896257,1.793007356604921e-16,0.0,-0.5357142857142857,-0.8652278177458039
-0.5,-0.4,0.0,-1.0,-1.0155440414507773,-0.9583333333333334,-0.9148936170212766,-0.9773123909249558,-0.9459459459459459,0.5,-0.3660254037844383,0.0,-0.5,-0.8594724220623506
-0.5,-0.2,0.0,-1.0,-1.0155440414507773,-0.9791666666666666,-0.9148936170212766,-0.9842931937172775,-0.9459459459459459,0.2886751345948128,-0.6339745962155612,1.0,-0.4642857142857143,-0.8594724220623506
-0.5,0.0,0.0,-1.0,-1.0362694300518134,-0.9791666666666666,-0.9361702127659575,-0.9982547993019192,-0.9459459459459459,0.0,-0.7320508075688771,0.0,-0.42857142857142855,-0.8613908872901681
-0.5,0.2,1.0,-1.0,-1.0362694300518134,-1.0,-0.9361702127659575,-1.0052356020942408,-0.8648648648648649,-0.2886751345948128,-0.6339745962155612,0.0,-0.39285714285714285,-0.8633093525179865
-0.5,0.4,1.0,-1.0,-1.0362694300518134,-1.0,-0.9574468085106383,-1.0122164048865616,-0.8648648648648649,-0.5,-0.36602540378443876,0.0,-0.35714285714285715,-0.8709832134292571
-0.5,0.6,1.0,-1.0,-1.0362694300518134,-1.0,-0.9574468085106383,-1.0122164048865616,-0.8918918918918919,-0.577350269189626,0.0,0.0,-0.32142857142857145,-0.8786570743405279
-0.5,0.8,2.0,-1.0,-1.0362694300518134,-1.0,-0.9574468085106383,-1.0122164048865616,-0.918918918918919,-0.5000000000000001,0.3660254037844388,0.0,-0.2857142857142857,-0.884412470023981
-0.5,1.0,2.0,-1.0,-0.9948186528497409,-1.0,-0.9574468085106383,-0.9982547993019192,-0.8648648648648649,-0.2886751345948132,0.6339745962155612,0.0,-0.25,-0.884412470023981
-0.5,1.2,2.0,-1.0,-0.9948186528497409,-0.9583333333333334,-0.9574468085106383,-0.9842931937172775,-0.918918918918919,-2.1211504774498138e-16,0.7320508075688774,0.0,-0.21428571428571427,-0.8882494004796169
0.0,-1.0,-1.0,-1.0,-0.9948186528497409,-0.9583333333333334,-0.9148936170212766,-0.970331588132635,-0.918918918918919,0.2886751345948128,0.6339745962155615,0.0,-0.17857142857142858,-0.8882494004796169
0.0,-0.8,-1.0,-1.0,-0.9740932642487047,-0.9583333333333334,-0.9148936170212766,-0.9633507853403142,-0.918918918918919,0.49999999999999994,0.3660254037844388,0.0,-0.14285714285714285,-0.8863309352517994
0.0,-0.6,-1.0,-1.0,-0.9740932642487047,-0.9375,-0.9148936170212766,-0.9563699825479925,-0.9459459459459459,0.5773502691896257,1.793007356604921e-16,0.0,-0.10714285714285714,-0.884412470023981
0.0,-0.4,0.0,-1.0,-0.9119170984455959,-0.9375,-0.8936170212765957,-0.9284467713787083,-0.9459459459459459,0.5,-0.3660254037844383,0.0,-0.07142857142857142,-0.8748201438848929
0.0,-0.2,0.0,-1.0,-0.8911917098445595,-0.875,-0.8936170212765957,-0.900523560209424,-0.972972972972973,0.2886751345948128,-0.6339745962155612,1.0,-0.03571428571428571,-0.8633093525179865
0.0,0.0,0.0,-1.0,-0.8911917098445595,-0.8541666666666666,-0.8297872340425532,-0.8726003490401391,-0.972972972972973,0.0,-0.7320508075688771,0.0,0.0,-0.8498800959232616
0.0,0.2,1.0,-1.0,-0.8911917098445595,-0.8541666666666666,-0.8085106382978723,-0.8656195462478182,-0.972972972972973,-0.2886751345948128,-0.6339745962155612,0.0,0.03571428571428571,-0.8364508393285377
0.0,0.4,1.0,-1.0,-0.9326424870466321,-0.8541666666666666,-0.8085106382978723,-0.8795811518324608,-0.972972972972973,-0.5,-0.36602540378443876,0.0,0.07142857142857142,-0.8268585131894487
0.0,0.6,1.0,-1.0,-0.8911917098445595,-0.8958333333333334,-0.8085106382978723,-0.8795811518324608,-0.972972972972973,-0.577350269189626,0.0,0.0,0.10714285714285714,-0.8134292565947248
0.0,0.8,2.0,-1.0,-0.7875647668393783,-0.8541666666666666,-0.851063829787234,-0.8446771378708549,-0.918918918918919,-0.5000000000000001,0.3660254037844388,0.0,0.14285714285714285,-0.7904076738609118
0.0,1.0,2.0,-1.0,-0.7461139896373057,-0.75,-0.8085106382978723,-0.7818499127399648,-0.918918918918919,-0.2886751345948132,0.6339745962155612,0.0,0.17857142857142858,-0.7673860911270989
0.0,1.2,2.0,-1.0,-0.7253886010362695,-0.7083333333333334,-0.7021276595744681,-0.7260034904013957,-0.918918918918919,-2.1211504774498138e-16,0.7320508075688774,0.0,0.21428571428571427,-0.7424460431654685
0.5,-1.0,-1.0,-1.0,-0.7046632124352331,-0.6875,-0.6595744680851063,-0.6980802792321115,-0.8918918918918919,0.2886751345948128,0.6339745962155615,0.0,0.25,-0.7155875299760197
0.5,-0.8,-1.0,-1.0,-0.6217616580310881,-0.6666666666666666,-0.6382978723404256,-0.6561954624781847,-0.8918918918918919,0.49999999999999994,0.3660254037844388,0.0,0.2857142857142857,-0.6829736211031178
0.5,-0.6,-1.0,-1.0,-0.37305699481865284,-0.5833333333333334,-0.6170212765957447,-0.5375218150087255,-0.8108108108108109,0.5773502691896257,1.793007356604921e-16,0.0,0.32142857142857145,-0.6273381294964037
0.5,-0.4,0.0,-1.0,-0.35233160621761656,-0.3333333333333333,-0.5319148936170213,-0.418848167539267,-0.7837837837837838,0.5,-0.3660254037844383,1.0,0.35714285714285715,-0.5755395683453246
0.5,-0.2,0.0,-1.0,-0.41450777202072536,-0.3125,-0.2765957446808511,-0.34904013961605534,-0.7837837837837838,0.2886751345948128,-0.6339745962155612,0.0,0.39285714285714285,-0.5314148681055162
0.5,0.0,0.0,-1.0,-0.41450777202072536,-0.375,-0.2553191489361702,-0.36300174520069783,-0.7837837837837838,0.0,-0.7320508075688771,0.0,0.42857142857142855,-0.4872901678657077
0.5,0.2,1.0,-1.0,-0.41450777202072536,-0.375,-0.3191489361702128,-0.38394415357766115,-0.8378378378378378,-0.2886751345948128,-0.6339745962155612,0.0,0.4642857142857143,-0.44316546762590014
0.5,0.4,1.0,-1.0,-0.39378238341968913,-0.375,-0.3191489361702128,-0.3769633507853403,-0.7837837837837838,-0.5,-0.36602540378443876,0.0,0.5,-0.39328537170263844
0.5,0.6,1.0,-1.0,-0.31088082901554404,-0.3541666666666667,-0.3191489361702128,-0.34205933682373446,-0.6486486486486487,-0.577350269189626,0.0,0.0,0.5357142857142857,-0.33956834532374186
0.5,0.8,2.0,-1.0,-0.10362694300518134,-0.2708333333333333,-0.2978723404255319,-0.2373472949389177,-0.5945945945945946,-0.5000000000000001,0.3660254037844388,0.0,0.5714285714285714,-0.2762589928057562
0.5,1.0,2.0,-1.0,0.35233160621761656,-0.0625,-0.2127659574468085,0.013961605584642487,-0.5675675675675675,-0.2886751345948132,0.6339745962155612,0.0,0.6071428571428571,-0.17458033573141543
0.5,1.2,2.0,-1.0,0.3316062176165803,0.3958333333333333,0.0,0.23036649214659685,-0.5405405405405406,-2.1211504774498138e-16,0.7320508075688774,0.0,0.6428571428571429,-0.0767386091127104
1.0,-1.0,-1.0,-1.0,0.3316062176165803,0.375,0.46808510638297873,0.3769633507853403,-0.43243243243243246,0.2886751345948128,0.6339745962155615,0.0,0.6785714285714286,0.01918465227817718
1.0,-0.8,-1.0,-1.0,0.37305699481865284,0.375,0.44680851063829785,0.38394415357766193,-0.10810810810810811,0.49999999999999994,0.3660254037844388,0.0,0.7142857142857143,0.11127098321342897
1.0,-0.6,-1.0,-1.0,0.45595854922279794,0.4166666666666667,0.44680851063829785,0.4258289703315886,-0.08108108108108109,0.5773502691896257,1.793007356604921e-16,0.0,0.75,0.18800959232613854
1.0,-0.4,0.0,-1.0,0.45595854922279794,0.5,0.48936170212765956,0.46771378708551536,-0.16216216216216217,0.5,-0.3660254037844383,1.0,0.7857142857142857,0.2628297362110306
1.0,-0.2,0.0,-1.0,0.45595854922279794,0.5,0.574468085106383,0.49563699825479957,-0.16216216216216217,0.2886751345948128,-0.6339745962155612,0.0,0.8214285714285714,0.34340527577937596
1.0,0.0,0.0,-1.0,0.6424870466321243,0.5,0.574468085106383,0.5584642233856896,-0.16216216216216217,0.0,-0.7320508075688771,0.0,0.8571428571428571,0.44124700239808096
1.0,0.2,1.0,-1.0,0.6010362694300518,0.6875,0.574468085106383,0.6073298429319371,-0.13513513513513514,-0.2886751345948128,-0.6339745962155612,0.0,0.8928571428571429,0.5352517985611502
1.0,0.4,1.0,-1.0,0.45595854922279794,0.6458333333333334,0.7659574468085106,0.6073298429319371,-0.02702702702702703,-0.5,-0.36602540378443876,0.0,0.9285714285714286,0.6139088729016781
1.0,0.6,1.0,-1.0,0.47668393782383417,0.5,0.723404255319149,0.5514834205933687,0.24324324324324326,-0.577350269189626,0.0,0.0,0.9642857142857143,0.6868105515587527
1.0,0.8,2.0,-1.0,0.45595854922279794,0.5208333333333334,0.574468085106383,0.5026178010471204,0.8378378378378378,-0.5000000000000001,0.3660254037844388,0.0,1.0,0.7386091127098319
-1.0,-0.8,-1.0,-0.8,-0.8911917098445595,-0.8541666666666666,-0.9148936170212766,-0.900523560209424,-0.6486486486486487,0.49999999999999994,0.3660254037844388,0.0,-1.0,-0.8000000000000008
-1.0,-0.6,-1.0,-0.8,-0.6839378238341969,-0.8541666666666666,-0.8085106382978723,-0.7958115183246073,-0.6486486486486487,0.5773502691896257,1.793007356604921e-16,0.0,-0.9642857142857143,-0.7904076738609118
-1.0,-0.4,0.0,-0.8,-0.6839378238341969,-0.6458333333333334,-0.8085106382978723,-0.7260034904013957,-0.8648648648648649,0.5,-0.3660254037844383,0.0,-0.9285714285714286,-0.7808153477218228
-1.0,-0.2,0.0,-0.8,-0.6839378238341969,-0.6458333333333334,-0.5957446808510638,-0.6561954624781847,-0.8648648648648649,0.2886751345948128,-0.6339745962155612,1.0,-0.8928571428571429,-0.7558752997601924
-1.0,0.0,0.0,-0.8,-0.6839378238341969,-0.6458333333333334,-0.5957446808510638,-0.6561954624781847,-0.918918918918919,0.0,-0.7320508075688771,0.0,-0.8571428571428571,-0.730935251798562
-1.0,0.2,1.0,-0.8,-0.6839378238341969,-0.6458333333333334,-0.5957446808510638,-0.6561954624781847,-0.918918918918919,-0.2886751345948128,-0.6339745962155612,0.0,-0.8214285714285714,-0.7021582733812958
-1.0,0.4,1.0,-0.8,-0.7461139896373057,-0.6458333333333334,-0.5957446808510638,-0.6771378708551481,-0.918918918918919,-0.5,-0.36602540378443876,0.0,-0.7857142857142857,-0.6791366906474828
-1.0,0.6,1.0,-0.8,-0.7461139896373057,-0.7083333333333334,-0.5957446808510638,-0.6980802792321115,-0.918918918918919,-0.577350269189626,0.0,0.0,-0.75,-0.6561151079136699
-1.0,0.8,2.0,-0.8,-0.7461139896373057,-0.7083333333333334,-0.6595744680851063,-0.7190226876090748,-0.918918918918919,-0.5000000000000001,0.3660254037844388,0.0,-0.7142857142857143,-0.633093525179857
-1.0,1.0,2.0,-0.8,-0.7461139896373057,-0.7083333333333334,-0.6595744680851063,-0.7190226876090748,-0.918918918918919,-0.2886751345948132,0.6339745962155612,0.0,-0.6785714285714286,-0.610071942446044
-1.0,1.2,2.0,-0.8,-0.7461139896373057,-0.7083333333333334,-0.6595744680851063,-0.7190226876090748,-0.7837837837837838,-2.1211504774498138e-16,0.7320508075688774,0.0,-0.6428571428571429,-0.5870503597122311
-0.5,-1.0,-1.0,-0.8,-0.7461139896373057,-0.7083333333333334,-0.6595744680851063,-0.7190226876090748,-0.7837837837837838,0.2886751345948128,0.6339745962155615,0.0,-0.6071428571428571,-0.5736211031175062
-0.5,-0.8,-1.0,-0.8,-0.7461139896373057,-0.7083333333333334,-0.6595744680851063,-0.7190226876090748,-0.5135135135135135,0.49999999999999994,0.3660254037844388,0.0,-0.5714285714285714,-0.5601918465227823
-0.5,-0.6,-1.0,-0.8,-0.7461139896373057,-0.7083333333333334,-0.6595744680851063,-0.7190226876090748,-0.5135135135135135,0.5773502691896257,1.793007356604921e-16,0.0,-0.5357142857142857,-0.5659472422062356
-0.5,-0.4,0.0,-0.8,-0.7461139896373057,-0.7083333333333334,-0.6595744680851063,-0.7190226876090748,-0.5135135135135135,0.5,-0.3660254037844383,0.0,-0.5,-0.5717026378896888
-0.5,-0.2,0.0,-0.8,-0.7461139896373057,-0.7083333333333334,-0.6595744680851063,-0.7190226876090748,-0.5135135135135135,0.2886751345948128,-0.6339745962155612,1.0,-0.4642857142857143,-0.5774580335731421
-0.5,0.0,0.0,-0.8,-0.7461139896373057,-0.7083333333333334,-0.6595744680851063,-0.7190226876090748,-0.5135135135135135,0.0,-0.7320508075688771,0.0,-0.42857142857142855,-0.5832134292565953
-0.5,0.2,1.0,-0.8,-0.7461139896373057,-0.7083333333333334,-0.6595744680851063,-0.7190226876090748,-0.5945945945945946,-0.2886751345948128,-0.6339745962155612,0.0,-0.39285714285714285,-0.5889688249400485
-0.5,0.4,1.0,-0.8,-0.8497409326424871,-0.7083333333333334,-0.6595744680851063,-0.7539267015706806,-0.5945945945945946,-0.5,-0.36602540378443876,0.0,-0.35714285714285715,-0.5985611510791375
-0.5,0.6,1.0,-0.8,-0.9533678756476683,-0.8125,-0.6595744680851063,-0.8237347294938916,-0.5945945945945946,-0.577350269189626,0.0,0.0,-0.32142857142857145,-0.6177458033573147
-0.5,0.8,2.0,-0.8,-0.9533678756476683,-0.9166666666666666,-0.7659574468085106,-0.8935427574171024,-0.5945945945945946,-0.5000000000000001,0.3660254037844388,0.0,-0.2857142857142857,-0.6369304556354919
-0.5,1.0,2.0,-0.8,-0.9533678756476683,-0.9166666666666666,-0.8723404255319149,-0.9284467713787083,-0.5945945945945946,-0.2886751345948132,0.6339745962155612,0.0,-0.25,-0.6561151079136699
-0.5,1.2,2.0,-0.8,-1.0569948186528497,-0.9166666666666666,-0.8723404255319149,-0.9633507853403142,-0.5945945945945946,-2.1211504774498138e-16,0.7320508075688774,0.0,-0.21428571428571427,-0.6848920863309361
0.0,-1.0,-1.0,-0.8,-1.0569948186528497,-1.0208333333333333,-0.8723404255319149,-0.9982547993019192,-0.5945945945945946,0.2886751345948128,0.6339745962155615,0.0,-0.17857142857142858,-0.7136690647482022
0.0,-0.8,-1.0,-0.8,-0.8497409326424871,-1.0208333333333333,-0.9787234042553191,-0.9633507853403142,-0.5945945945945946,0.49999999999999994,0.3660254037844388,0.0,-0.14285714285714285,-0.7232613908872905
0.0,-0.6,-1.0,-0.8,-0.8497409326424871,-0.8125,-0.9787234042553191,-0.8935427574171024,-0.5945945945945946,0.5773502691896257,1.793007356604921e-16,0.0,-0.10714285714285714,-0.7328537170263795
0.0,-0.4,0.0,-0.8,-0.6839378238341969,-0.8125,-0.7659574468085106,-0.7678883071553223,-0.5945945945945946,0.5,-0.3660254037844383,0.0,-0.07142857142857142,-0.7270983213429262
0.0,-0.2,0.0,-0.8,-0.6839378238341969,-0.6458333333333334,-0.7659574468085106,-0.7120418848167539,-0.5945945945945946,0.2886751345948128,-0.6339745962155612,1.0,-0.03571428571428571,-0.721342925659473
0.0,0.0,0.0,-0.8,-0.6839378238341969,-0.6458333333333334,-0.5957446808510638,-0.6561954624781847,-0.5945945945945946,0.0,-0.7320508075688771,0.0,0.0,-0.7155875299760197
0.0,0.2,1.0,-0.8,-0.6839378238341969,-0.6458333333333334,-0.5957446808510638,-0.6561954624781847,-0.7297297297297297,-0.2886751345948128,-0.6339745962155612,0.0,0.03571428571428571,-0.7098321342925665
0.0,0.4,1.0,-0.8,-0.8704663212435233,-0.6458333333333334,-0.5957446808510638,-0.7190226876090748,-0.8648648648648649,-0.5,-0.36602540378443876,0.0,0.07142857142857142,-0.711750599520384
0.0,0.6,1.0,-0.8,-0.8704663212435233,-0.8333333333333334,-0.5957446808510638,-0.7818499127399648,-0.8648648648648649,-0.577350269189626,0.0,0.0,0.10714285714285714,-0.7040767386091132
0.0,0.8,2.0,-0.8,-0.6010362694300518,-0.8333333333333334,-0.7872340425531915,-0.7539267015706806,-0.8648648648648649,-0.5000000000000001,0.3660254037844388,0.0,0.14285714285714285,-0.6714628297362113
0.0,1.0,2.0,-0.8,-0.6632124352331606,-0.5625,-0.7872340425531915,-0.6841186736474689,-1.0,-0.2886751345948132,0.6339745962155612,0.0,0.17857142857142858,-0.6446043165467634
0.0,1.2,2.0,-0.8,-0.6010362694300518,-0.625,-0.5106382978723404,-0.5933682373472947,-1.0,-2.1211504774498138e-16,0.7320508075688774,0.0,0.21428571428571427,-0.6023980815347725
0.5,-1.0,-1.0,-0.8,-0.49740932642487046,-0.5625,-0.574468085106383,-0.5584642233856888,-0.7297297297297297,0.2886751345948128,0.6339745962155615,0.0,0.25,-0.5505995203836933
0.5,-0.8,-1.0,-0.8,-0.39378238341968913,-0.4583333333333333,-0.5106382978723404,-0.4677137870855146,-0.7297297297297297,0.49999999999999994,0.3660254037844388,0.0,0.2857142857142857,-0.5083932853717031
0.5,-0.6,-1.0,-0.8,-0.12435233160621761,-0.3541666666666667,-0.40425531914893614,-0.30715532286212865,-0.5135135135135135,0.5773502691896257,1.793007356604921e-16,0.0,0.32142857142857145,-0.4412470023980818
0.5,-0.4,0.0,-0.8,-0.16580310880829016,-0.08333333333333333,-0.2978723404255319,-0.19546247818499102,-0.5135135135135135,0.5,-0.3660254037844383,1.0,0.35714285714285715,-0.39328537170263844
0.5,-0.2,0.0,-0.8,0.04145077720207254,-0.125,-0.02127659574468085,-0.04886561954624757,-0.5135135135135135,0.2886751345948128,-0.6339745962155612,0.0,0.39285714285714285,-0.3261390887290171
0.5,0.0,0.0,-0.8,0.04145077720207254,0.08333333333333333,-0.06382978723404255,0.0069808027923216245,-0.5135135135135135,0.0,-0.7320508075688771,0.0,0.42857142857142855,-0.2589928057553965
0.5,0.2,1.0,-0.8,-0.04145077720207254,0.08333333333333333,0.14893617021276595,0.04886561954624832,-0.7567567567567568,-0.2886751345948128,-0.6339745962155612,0.0,0.4642857142857143,-0.19952038369304584
0.5,0.4,1.0,-0.8,-0.06217616580310881,0.0,0.14893617021276595,0.013961605584642487,-0.7567567567567568,-0.5,-0.36602540378443876,0.0,0.5,-0.12470023980815376
0.5,0.6,1.0,-0.8,-0.02072538860103627,-0.020833333333333332,0.06382978723404255,-0.006980802792320863,-0.40540540540540543,-0.577350269189626,0.0,0.0,0.5357142857142857,-0.04604316546762674
0.5,0.8,2.0,-0.8,0.3316062176165803,0.020833333333333332,0.0425531914893617,0.11867364746945924,-0.4864864864864865,-0.5000000000000001,0.3660254037844388,0.0,0.5714285714285714,0.040287769784171826
0.5,1.0,2.0,-0.8,0.47668393782383417,0.375,0.0851063829787234,0.30017452006980855,-0.40540540540540543,-0.2886751345948132,0.6339745962155612,0.0,0.6071428571428571,0.1458033573141484
0.5,1.2,2.0,-0.8,0.538860103626943,0.5208333333333334,0.44680851063829785,0.4886561954624787,-0.2702702702702703,-2.1211504774498138e-16,0.7320508075688774,0.0,0.6428571428571429,0.25131894484412415
1.0,-1.0,-1.0,-0.8,0.538860103626943,0.5833333333333334,0.5957446808510638,0.5584642233856896,-0.13513513513513514,0.2886751345948128,0.6339745962155615,0.0,0.6785714285714286,0.34724220623501173
1.0,-0.8,-1.0,-0.8,0.39378238341968913,0.5833333333333334,0.6595744680851063,0.5305410122164054,0.21621621621621623,0.49999999999999994,0.3660254037844388,0.0,0.7142857142857143,0.4201438848920855
1.0,-0.6,-1.0,-0.8,0.8911917098445595,0.4375,0.6595744680851063,0.6492146596858639,0.16216216216216217,0.5773502691896257,1.793007356604921e-16,0.0,0.75,0.5141486810551555
1.0,-0.4,0.0,-0.8,1.2849740932642486,0.9375,0.5106382978723404,0.900523560209424,0.43243243243243246,0.5,-0.3660254037844383,1.0,0.7857142857142857,0.6484412470023975
1.0,-0.2,0.0,-0.8,1.0155440414507773,1.3333333333333333,1.0212765957446808,1.1099476439790577,0.43243243243243246,0.2886751345948128,-0.6339745962155612,0.0,0.8214285714285714,0.7386091127098319
1.0,0.0,0.0,-0.8,0.8911917098445595,1.0625,1.425531914893617,1.1099476439790577,0.32432432432432434,0.0,-0.7320508075688771,0.0,0.8571428571428571,0.8172661870503589
1.0,0.2,1.0,-0.8,0.7253886010362695,0.9375,1.148936170212766,0.9214659685863874,0.2972972972972973,-0.2886751345948128,-0.6339745962155612,0.0,0.8928571428571429,0.888249400479616
1.0,0.4,1.0,-0.8,0.7253886010362695,0.7708333333333334,1.0212765957446808,0.8237347294938923,0.35135135135135137,-0.5,-0.36602540378443876,0.0,0.9285714285714286,0.9611510791366898
1.0,0.6,1.0,-0.8,0.8082901554404145,0.7708333333333334,0.851063829787234,0.7958115183246073,0.8108108108108109,-0.577350269189626,0.0,0.0,0.9642857142857143,1.0378896882494002
1.0,0.8,2.0,-0.8,0.8082901554404145,0.8541666666666666,0.851063829787234,0.8237347294938923,1.0,-0.5000000000000001,0.3660254037844388,0.0,1.0,1.0820143884892077
-1.0,-0.8,-1.0,-0.6,0.16580310880829016,0.20833333333333334,0.2765957446808511,0.20244328097731265,0.7837837837837838,0.49999999999999994,0.3660254037844388,0.0,-1.0,0.4431654676258984
-1.0,-0.6,-1.0,-0.6,0.35233160621761656,0.20833333333333334,0.2765957446808511,0.2652705061082027,0.6756756756756757,0.5773502691896257,1.793007356604921e-16,0.0,-0.9642857142857143,0.4470023980815342
-1.0,-0.4,0.0,-0.6,0.39378238341968913,0.3958333333333333,0.2765957446808511,0.34205933682373524,0.6486486486486487,0.5,-0.3660254037844383,0.0,-0.9285714285714286,0.4623501199040765
-1.0,-0.2,0.0,-0.6,0.5181347150259067,0.4375,0.46808510638297873,0.4607329842931937,0.6486486486486487,0.2886751345948128,-0.6339745962155612,1.0,-0.8928571428571429,0.49112709832134266
-1.0,0.0,0.0,-0.6,0.5181347150259067,0.5625,0.5106382978723404,0.5165794066317629,0.5675675675675675,0.0,-0.7320508075688771,0.0,-0.8571428571428571,0.5199040767386088
-1.0,0.2,1.0,-0.6,0.5181347150259067,0.5625,0.6382978723404256,0.5584642233856896,0.5675675675675675,-0.2886751345948128,-0.6339745962155612,0.0,-0.8214285714285714,0.5544364508393282
-1.0,0.4,1.0,-0.6,0.5595854922279793,0.5625,0.6382978723404256,0.5724258289703321,0.5675675675675675,-0.5,-0.36602540378443876,0.0,-0.7857142857142857,0.5928057553956826
-1.0,0.6,1.0,-0.6,0.5595854922279793,0.6041666666666666,0.6382978723404256,0.5863874345549738,0.5675675675675675,-0.577350269189626,0.0,0.0,-0.75,0.6311750599520378
-1.0,0.8,2.0,-0.6,0.5595854922279793,0.6041666666666666,0.6808510638297872,0.6003490401396163,0.5945945945945946,-0.5000000000000001,0.3660254037844388,0.0,-0.7142857142857143,0.669544364508393
-1.0,1.0,2.0,-0.6,0.5595854922279793,0.6041666666666666,0.6808510638297872,0.6003490401396163,0.5945945945945946,-0.2886751345948132,0.6339745962155612,0.0,-0.6785714285714286,0.7059952038369299
-1.0,1.2,2.0,-0.6,0.5595854922279793,0.6041666666666666,0.6808510638297872,0.6003490401396163,0.5945945945945946,-2.1211504774498138e-16,0.7320508075688774,0.0,-0.6428571428571429,0.7424460431654668
-0.5,-1.0,-1.0,-0.6,0.5803108808290155,0.6041666666666666,0.6808510638297872,0.6073298429319371,0.5945945945945946,0.2886751345948128,0.6339745962155615,0.0,-0.6071428571428571,0.7808153477218219
-0.5,-0.8,-1.0,-0.6,0.5803108808290155,0.625,0.6808510638297872,0.6143106457242588,0.8378378378378378,0.49999999999999994,0.3660254037844388,0.0,-0.5714285714285714,0.8191846522781772
-0.5,-0.6,-1.0,-0.6,0.5803108808290155,0.625,0.7021276595744681,0.6212914485165797,0.8918918918918919,0.5773502691896257,1.793007356604921e-16,0.0,-0.5357142857142857,0.8402877697841719
-0.5,-0.4,0.0,-0.6,0.5803108808290155,0.625,0.7021276595744681,0.6212914485165797,1.054054054054054,0.5,-0.3660254037844383,0.0,-0.5,0.8575539568345315
-0.5,-0.2,0.0,-0.6,0.5595854922279793,0.625,0.7021276595744681,0.6143106457242588,1.054054054054054,0.2886751345948128,-0.6339745962155612,1.0,-0.4642857142857143,0.8613908872901673
-0.5,0.0,0.0,-0.6,0.6010362694300518,0.6041666666666666,0.7021276595744681,0.6212914485165797,1.054054054054054,0.0,-0.7320508075688771,0.0,-0.42857142857142855,0.869064748201438
-0.5,0.2,1.0,-0.6,0.6010362694300518,0.6458333333333334,0.6808510638297872,0.6282722513089005,1.1081081081081081,-0.2886751345948128,-0.6339745962155612,0.0,-0.39285714285714285,0.8767386091127095
-0.5,0.4,1.0,-0.6,0.538860103626943,0.6458333333333334,0.723404255319149,0.6212914485165797,1.1081081081081081,-0.5,-0.36602540378443876,0.0,-0.35714285714285715,0.8748201438848913
-0.5,0.6,1.0,-0.6,0.5181347150259067,0.5833333333333334,0.723404255319149,0.5933682373472955,1.1081081081081081,-0.577350269189626,0.0,0.0,-0.32142857142857145,0.8709832134292563
-0.5,0.8,2.0,-0.6,0.5181347150259067,0.5625,0.6595744680851063,0.5654450261780105,1.1081081081081081,-0.5000000000000001,0.3660254037844388,0.0,-0.2857142857142857,0.8671462829736205
-0.5,1.0,2.0,-0.6,0.5181347150259067,0.5625,0.6382978723404256,0.5584642233856896,1.1081081081081081,-0.2886751345948132,0.6339745962155612,0.0,-0.25,0.8633093525179848
-0.5,1.2,2.0,-0.6,0.5181347150259067,0.5625,0.6382978723404256,0.5584642233856896,1.135135135135135,-2.1211504774498138e-16,0.7320508075688774,0.0,-0.21428571428571427,0.8594724220623499
0.0,-1.0,-1.0,-0.6,0.538860103626943,0.5625,0.6382978723404256,0.5654450261780105,1.135135135135135,0.2886751345948128,0.6339745962155615,0.0,-0.17857142857142858,0.855635491606714
0.0,-0.8,-1.0,-0.6,0.6010362694300518,0.5833333333333334,0.6382978723404256,0.5933682373472955,1.135135135135135,0.49999999999999994,0.3660254037844388,0.0,-0.14285714285714285,0.8575539568345315
0.0,-0.6,-1.0,-0.6,0.6010362694300518,0.6458333333333334,0.6595744680851063,0.6212914485165797,1.135135135135135,0.5773502691896257,1.793007356604921e-16,0.0,-0.10714285714285714,0.8594724220623499
0.0,-0.4,0.0,-0.6,0.5803108808290155,0.6458333333333334,0.723404255319149,0.6352530541012221,1.1081081081081081,0.5,-0.3660254037844383,0.0,-0.07142857142857142,0.8594724220623499
0.0,-0.2,0.0,-0.6,0.5803108808290155,0.625,0.723404255319149,0.6282722513089005,1.162162162162162,0.2886751345948128,-0.6339745962155612,1.0,-0.03571428571428571,0.8613908872901673
0.0,0.0,0.0,-0.6,0.5803108808290155,0.625,0.7021276595744681,0.6212914485165797,1.162162162162162,0.0,-0.7320508075688771,0.0,0.0,0.8594724220623499
0.0,0.2,1.0,-0.6,0.5803108808290155,0.625,0.7021276595744681,0.6212914485165797,1.0810810810810811,-0.2886751345948128,-0.6339745962155612,0.0,0.03571428571428571,0.8575539568345315
0.0,0.4,1.0,-0.6,0.538860103626943,0.625,0.7021276595744681,0.6073298429319371,1.054054054054054,-0.5,-0.36602540378443876,0.0,0.07142857142857142,0.8575539568345315
0.0,0.6,1.0,-0.6,0.538860103626943,0.5833333333333334,0.7021276595744681,0.5933682373472955,1.054054054054054,-0.577350269189626,0.0,0.0,0.10714285714285714,0.8594724220623499
0.0,0.8,2.0,-0.6,0.6632124352331606,0.5833333333333334,0.6595744680851063,0.6212914485165797,1.054054054054054,-0.5000000000000001,0.3660254037844388,0.0,0.14285714285714285,0.8729016786570738
0.0,1.0,2.0,-0.6,0.6839378238341969,0.7083333333333334,0.6595744680851063,0.6701570680628273,1.054054054054054,-0.2886751345948132,0.6339745962155612,0.0,0.17857142857142858,0.888249400479616
0.0,1.2,2.0,-0.6,0.6839378238341969,0.7291666666666666,0.7872340425531915,0.7190226876090755,1.0810810810810811,-2.1211504774498138e-16,0.7320508075688774,0.0,0.21428571428571427,0.9035971223021574
0.5,-1.0,-1.0,-0.6,0.7668393782383419,0.7291666666666666,0.8085106382978723,0.7539267015706806,1.162162162162162,0.2886751345948128,0.6339745962155615,0.0,0.25,0.924700239808153
0.5,-0.8,-1.0,-0.6,0.8082901554404145,0.8125,0.8085106382978723,0.7958115183246073,1.162162162162162,0.49999999999999994,0.3660254037844388,0.0,0.2857142857142857,0.9438848920863301
0.5,-0.6,-1.0,-0.6,0.9326424870466321,0.8541666666666666,0.8936170212765957,0.8795811518324608,1.135135135135135,0.5773502691896257,1.793007356604921e-16,0.0,0.32142857142857145,0.9745803357314146
0.5,-0.4,0.0,-0.6,0.9948186528497409,0.9791666666666666,0.9361702127659575,0.9563699825479933,1.135135135135135,0.5,-0.3660254037844383,1.0,0.35714285714285715,1.012949640287769
0.5,-0.2,0.0,-0.6,0.9740932642487047,1.0416666666666667,1.0638297872340425,1.0122164048865625,1.135135135135135,0.2886751345948128,-0.6339745962155612,0.0,0.39285714285714285,1.0494004796163068
0.5,0.0,0.0,-0.6,0.9740932642487047,1.0208333333333333,1.127659574468085,1.0261780104712042,1.135135135135135,0.0,-0.7320508075688771,0.0,0.42857142857142855,1.0858513189448435
0.5,0.2,1.0,-0.6,0.9740932642487047,1.0208333333333333,1.1063829787234043,1.0191972076788833,1.0810810810810811,-0.2886751345948128,-0.6339745962155612,0.0,0.4642857142857143,1.1223021582733805
0.5,0.4,1.0,-0.6,0.9740932642487047,1.0208333333333333,1.1063829787234043,1.0191972076788833,1.0810810810810811,-0.5,-0.36602540378443876,0.0,0.5,1.1625899280575531
0.5,0.6,1.0,-0.6,0.9533678756476683,1.0208333333333333,1.1063829787234043,1.0122164048865625,1.2432432432432432,-0.577350269189626,0.0,0.0,0.5357142857142857,1.2009592326139082
0.5,0.8,2.0,-0.6,1.1813471502590673,1.0,1.1063829787234043,1.0820244328097735,1.2702702702702702,-0.5000000000000001,0.3660254037844388,0.0,0.5714285714285714,1.2489208633093516
0.5,1.0,2.0,-0.6,1.2435233160621761,1.2291666666666667,1.0851063829787233,1.1727748691099475,1.2702702702702702,-0.2886751345948132,0.6339745962155612,0.0,0.6071428571428571,1.3007194244604308
0.5,1.2,2.0,-0.6,1.2435233160621761,1.2916666666666667,1.3191489361702127,1.2705061082024436,1.3783783783783783,-2.1211504774498138e-16,0.7320508075688774,0.0,0.6428571428571429,1.35251798561151
1.0,-1.0,-1.0,-0.6,1.2435233160621761,1.2916666666666667,1.3829787234042554,1.291448516579407,1.4324324324324325,0.2886751345948128,0.6339745962155615,0.0,0.6785714285714286,1.3966426858513183
1.0,-0.8,-1.0,-0.6,1.2435233160621761,1.2916666666666667,1.3829787234042554,1.291448516579407,1.5945945945945945,0.49999999999999994,0.3660254037844388,0.0,0.7142857142857143,1.4369304556354912
1.0,-0.6,-1.0,-0.6,1.305699481865285,1.2916666666666667,1.3829787234042554,1.3123909249563703,1.6756756756756757,0.5773502691896257,1.793007356604921e-16,0.0,0.75,1.4714628297362105
1.0,-0.4,0.0,-0.6,1.4922279792746114,1.3541666666666667,1.3829787234042554,1.3961605584642236,1.6486486486486487,0.5,-0.3660254037844383,1.0,0.7857142857142857,1.5175059952038363
1.0,-0.2,0.0,-0.6,1.471502590673575,1.5416666666666667,1.446808510638298,1.4729493891797563,1.6486486486486487,0.2886751345948128,-0.6339745962155612,0.0,0.8214285714285714,1.5635491606714622
1.0,0.0,0.0,-0.6,1.2642487046632125,1.5208333333333333,1.6382978723404256,1.4589877835951137,1.6486486486486487,0.0,-0.7320508075688771,0.0,0.8571428571428571,1.590407673860911
1.0,0.2,1.0,-0.6,1.2020725388601037,1.3125,1.6170212765957446,1.361256544502618,1.6486486486486487,-0.2886751345948128,-0.6339745962155612,0.0,0.8928571428571429,1.6115107913669056
1.0,0.4,1.0,-0.6,1.2227979274611398,1.25,1.4042553191489362,1.2774869109947644,1.6216216216216217,-0.5,-0.36602540378443876,0.0,0.9285714285714286,1.6345323741007185
1.0,0.6,1.0,-0.6,1.2642487046632125,1.2708333333333333,1.3404255319148937,1.2774869109947644,1.9189189189189189,-0.577350269189626,0.0,0.0,0.9642857142857143,1.6633093525179847
1.0,0.8,2.0,-0.6,1.2642487046632125,1.3125,1.3617021276595744,1.2984293193717278,2.0,-0.5000000000000001,0.3660254037844388,0.0,1.0,1.6709832134292564
-1.0,-0.8,-1.0,-0.4,-0.16580310880829016,-0.125,-0.06382978723404255,-0.13263525305410095,0.16216216216216217,0.49999999999999994,0.3660254037844388,0.0,-1.0,0.04412470023980759
-1.0,-0.6,-1.0,-0.4,-0.16580310880829016,-0.125,-0.06382978723404255,-0.13263525305410095,0.16216216216216217,0.5773502691896257,1.793007356604921e-16,0.0,-0.9642857142857143,0.04412470023980759
-1.0,-0.4,0.0,-0.4,-0.16580310880829016,-0.125,-0.06382978723404255,-0.13263525305410095,0.13513513513513514,0.5,-0.3660254037844383,0.0,-0.9285714285714286,0.04412470023980759
-1.0,-0.2,0.0,-0.4,-0.3316062176165803,-0.125,-0.06382978723404255,-0.18848167539267016,0.13513513513513514,0.2886751345948128,-0.6339745962155612,1.0,-0.8928571428571429,0.030695443645083653
-1.0,0.0,0.0,-0.4,-0.3316062176165803,-0.2916666666666667,-0.06382978723404255,-0.2443280977312386,0.13513513513513514,0.0,-0.7320508075688771,0.0,-0.8571428571428571,0.017266187050358876
-1.0,0.2,1.0,-0.4,-0.3316062176165803,-0.2916666666666667,-0.23404255319148937,-0.30017452006980777,0.13513513513513514,-0.2886751345948128,-0.6339745962155612,0.0,-0.8214285714285714,0.003836930455634933
-1.0,0.4,1.0,-0.4,-0.37305699481865284,-0.2916666666666667,-0.23404255319148937,-0.31413612565445026,0.13513513513513514,-0.5,-0.36602540378443876,0.0,-0.7857142857142857,-0.013429256594724779
-1.0,0.6,1.0,-0.4,-0.29015544041450775,-0.3333333333333333,-0.23404255319148937,-0.30017452006980777,0.13513513513513514,-0.577350269189626,0.0,0.0,-0.75,-0.023021582733813786
-1.0,0.8,2.0,-0.4,-0.29015544041450775,-0.25,-0.2765957446808511,-0.2862129144851653,0.16216216216216217,-0.5000000000000001,0.3660254037844388,0.0,-0.7142857142857143,-0.032613908872901956
-1.0,1.0,2.0,-0.4,-0.29015544041450775,-0.25,-0.19148936170212766,-0.2582897033158811,0.16216216216216217,-0.2886751345948132,0.6339745962155612,0.0,-0.6785714285714286,-0.04412470023980843
-1.0,1.2,2.0,-0.4,-0.29015544041450775,-0.25,-0.19148936170212766,-0.2582897033158811,0.16216216216216217,-2.1211504774498138e-16,0.7320508075688774,0.0,-0.6428571428571429,-0.05563549160671491
-0.5,-1.0,-1.0,-0.4,-0.29015544041450775,-0.25,-0.19148936170212766,-0.2582897033158811,0.16216216216216217,0.2886751345948128,0.6339745962155615,0.0,-0.6071428571428571,-0.06714628297362138
-0.5,-0.8,-1.0,-0.4,-0.29015544041450775,-0.25,-0.19148936170212766,-0.2582897033158811,0.16216216216216217,0.49999999999999994,0.3660254037844388,0.0,-0.5714285714285714,-0.07865707434052786
-0.5,-0.6,-1.0,-0.4,-0.29015544041450775,-0.25,-0.19148936170212766,-0.2582897033158811,0.16216216216216217,0.5773502691896257,1.793007356604921e-16,0.0,-0.5357142857142857,-0.09016786570743433
-0.5,-0.4,0.0,-0.4,-0.29015544041450775,-0.25,-0.19148936170212766,-0.2582897033158811,-0.05405405405405406,0.5,-0.3660254037844383,0.0,-0.5,-0.1016786570743408
-0.5,-0.2,0.0,-0.4,-0.29015544041450775,-0.25,-0.19148936170212766,-0.2582897033158811,-0.05405405405405406,0.2886751345948128,-0.6339745962155612,1.0,-0.4642857142857143,-0.09784172661870587
-0.5,0.0,0.0,-0.4,-0.29015544041450775,-0.25,-0.19148936170212766,-0.2582897033158811,-0.05405405405405406,0.0,-0.7320508075688771,0.0,-0.42857142857142855,-0.0940047961630701
-0.5,0.2,1.0,-0.4,-0.29015544041450775,-0.25,-0.19148936170212766,-0.2582897033158811,-0.10810810810810811,-0.2886751345948128,-0.6339745962155612,0.0,-0.39285714285714285,-0.09016786570743433
-0.5,0.4,1.0,-0.4,-0.29015544041450775,-0.25,-0.19148936170212766,-0.2582897033158811,0.0,-0.5,-0.36602540378443876,0.0,-0.35714285714285715,-0.08249400479616363
-0.5,0.6,1.0,-0.4,-0.29015544041450775,-0.25,-0.19148936170212766,-0.2582897033158811,0.0,-0.577350269189626,0.0,0.0,-0.32142857142857145,-0.08249400479616363
-0.5,0.8,2.0,-0.4,-0.29015544041450775,-0.25,-0.19148936170212766,-0.2582897033158811,0.0,-0.5000000000000001,0.3660254037844388,0.0,-0.2857142857142857,-0.08249400479616363
-0.5,1.0,2.0,-0.4,-0.29015544041450775,-0.25,-0.19148936170212766,-0.2582897033158811,0.0,-0.2886751345948132,0.6339745962155612,0.0,-0.25,-0.08249400479616363
-0.5,1.2,2.0,-0.4,-0.29015544041450775,-0.25,-0.19148936170212766,-0.2582897033158811,0.0,-2.1211504774498138e-16,0.7320508075688774,0.0,-0.21428571428571427,-0.08249400479616363
0.0,-1.0,-1.0,-0.4,-0.29015544041450775,-0.25,-0.19148936170212766,-0.2582897033158811,0.0,0.2886751345948128,0.6339745962155615,0.0,-0.17857142857142858,-0.08249400479616363
0.0,-0.8,-1.0,-0.4,-0.29015544041450775,-0.25,-0.19148936170212766,-0.2582897033158811,0.0,0.49999999999999994,0.3660254037844388,0.0,-0.14285714285714285,-0.08249400479616363
0.0,-0.6,-1.0,-0.4,-0.29015544041450775,-0.25,-0.19148936170212766,-0.2582897033158811,0.0,0.5773502691896257,1.793007356604921e-16,0.0,-0.10714285714285714,-0.08249400479616363
0.0,-0.4,0.0,-0.4,-0.29015544041450775,-0.25,-0.19148936170212766,-0.2582897033158811,0.0,0.5,-0.3660254037844383,0.0,-0.07142857142857142,-0.08249400479616363
0.0,-0.2,0.0,-0.4,-0.29015544041450775,-0.25,-0.19148936170212766,-0.2582897033158811,0.0,0.2886751345948128,-0.6339745962155612,1.0,-0.03571428571428571,-0.08249400479616363
0.0,0.0,0.0,-0.4,-0.29015544041450775,-0.25,-0.19148936170212766,-0.2582897033158811,0.0,0.0,-0.7320508075688771,0.0,0.0,-0.08249400479616363
0.0,0.2,1.0,-0.4,-0.29015544041450775,-0.25,-0.19148936170212766,-0.2582897033158811,0.0,-0.2886751345948128,-0.6339745962155612,0.0,0.03571428571428571,-0.08249400479616363
0.0,0.4,1.0,-0.4,-0.29015544041450775,-0.25,-0.19148936170212766,-0.2582897033158811,0.0,-0.5,-0.36602540378443876,0.0,0.07142857142857142,-0.08249400479616363
0.0,0.6,1.0,-0.4,-0.29015544041450775,-0.25,-0.19148936170212766,-0.2582897033158811,0.0,-0.577350269189626,0.0,0.0,0.10714285714285714,-0.08249400479616363
0.0,0.8,2.0,-0.4,-0.22797927461139897,-0.25,-0.19148936170212766,-0.2373472949389177,0.0,-0.5000000000000001,0.3660254037844388,0.0,0.14285714285714285,-0.0767386091127104
0.0,1.0,2.0,-0.4,0.08290155440414508,-0.1875,-0.19148936170212766,-0.11169284467713762,0.0,-0.2886751345948132,0.6339745962155612,0.0,0.17857142857142858,-0.042206235011990965
0.0,1.2,2.0,-0.4,0.29015544041450775,0.125,-0.1276595744680851,0.08376963350785341,0.0,-2.1211504774498138e-16,0.7320508075688774,0.0,0.21428571428571427,0.011510791366905637
0.5,-1.0,-1.0,-0.4,0.45595854922279794,0.3333333333333333,0.19148936170212766,0.31413612565445026,0.0,0.2886751345948128,0.6339745962155615,0.0,0.25,0.08057553956834448
0.5,-0.8,-1.0,-0.4,0.45595854922279794,0.5,0.40425531914893614,0.4397905759162304,0.0,0.49999999999999994,0.3660254037844388,0.0,0.2857142857142857,0.14964028776978333
0.5,-0.6,-1.0,-0.4,0.45595854922279794,0.5,0.574468085106383,0.49563699825479957,0.0,0.5773502691896257,1.793007356604921e-16,0.0,0.32142857142857145,0.21870503597122218
0.5,-0.4,0.0,-0.4,0.5181347150259067,0.5,0.574468085106383,0.5165794066317629,0.0,0.5,-0.3660254037844383,1.0,0.35714285714285715,0.29352517985611426
0.5,-0.2,0.0,-0.4,0.5181347150259067,0.5625,0.574468085106383,0.5375218150087263,0.0,0.2886751345948128,-0.6339745962155612,0.0,0.39285714285714285,0.36834532374100637
0.5,0.0,0.0,-0.4,0.5181347150259067,0.5625,0.6382978723404256,0.5584642233856896,0.0,0.0,-0.7320508075688771,0.0,0.42857142857142855,0.4431654676258984
0.5,0.2,1.0,-0.4,0.5181347150259067,0.5625,0.6382978723404256,0.5584642233856896,0.0,-0.2886751345948128,-0.6339745962155612,0.0,0.4642857142857143,0.5179856115107905
0.5,0.4,1.0,-0.4,0.538860103626943,0.5625,0.6382978723404256,0.5654450261780105,0.0,-0.5,-0.36602540378443876,0.0,0.5,0.5947242206235009
0.5,0.6,1.0,-0.4,0.6424870466321243,0.5833333333333334,0.6382978723404256,0.6073298429319371,0.08108108108108109,-0.577350269189626,0.0,0.0,0.5357142857142857,0.6810551558752995
0.5,0.8,2.0,-0.4,0.8704663212435233,0.6875,0.6595744680851063,0.7260034904013964,0.4864864864864865,-0.5000000000000001,0.3660254037844388,0.0,0.5714285714285714,0.7827338129496394
0.5,1.0,2.0,-0.4,1.077720207253886,0.9166666666666666,0.7659574468085106,0.9075043630017458,0.7567567567567568,-0.2886751345948132,0.6339745962155612,0.0,0.6071428571428571,0.8748201438848913
0.5,1.2,2.0,-0.4,1.077720207253886,1.125,1.0,1.0541012216404892,0.972972972972973,-2.1211504774498138e-16,0.7320508075688774,0.0,0.6428571428571429,0.9477218225419659
1.0,-1.0,-1.0,-0.4,1.2227979274611398,1.125,1.2127659574468086,1.1727748691099475,0.972972972972973,0.2886751345948128,0.6339745962155615,0.0,0.6785714285714286,1.0187050359712222
1.0,-0.8,-1.0,-0.4,1.2227979274611398,1.2708333333333333,1.2127659574468086,1.221640488656196,0.972972972972973,0.49999999999999994,0.3660254037844388,0.0,0.7142857142857143,1.0896882494004794
1.0,-0.6,-1.0,-0.4,1.2227979274611398,1.2708333333333333,1.3617021276595744,1.2705061082024436,1.054054054054054,0.5773502691896257,1.793007356604921e-16,0.0,0.75,1.1606714628297357
1.0,-0.4,0.0,-0.4,1.4300518134715026,1.2708333333333333,1.3617021276595744,1.3403141361256545,1.054054054054054,0.5,-0.3660254037844383,1.0,0.7857142857142857,1.2450839328537167
1.0,-0.2,0.0,-0.4,1.4300518134715026,1.4791666666666667,1.3617021276595744,1.4101221640488661,1.054054054054054,0.2886751345948128,-0.6339745962155612,0.0,0.8214285714285714,1.329496402877697
1.0,0.0,0.0,-0.4,1.4300518134715026,1.4791666666666667,1.574468085106383,1.479930191972077,1.054054054054054,0.0,-0.7320508075688771,0.0,0.8571428571428571,1.413908872901678
1.0,0.2,1.0,-0.4,1.2020725388601037,1.4791666666666667,1.574468085106383,1.4031413612565444,1.0810810810810811,-0.2886751345948128,-0.6339745962155612,0.0,0.8928571428571429,1.4772182254196637
1.0,0.4,1.0,-0.4,1.160621761658031,1.25,1.574468085106383,1.3123909249563703,1.2162162162162162,-0.5,-0.36602540378443876,0.0,0.9285714285714286,1.534772182254196
1.0,0.6,1.0,-0.4,1.160621761658031,1.2083333333333333,1.3404255319148937,1.221640488656196,1.5135135135135136,-0.577350269189626,0.0,0.0,0.9642857142857143,1.5827338129496396
1.0,0.8,2.0,-0.4,1.1398963730569949,1.2083333333333333,1.297872340425532,1.2006980802792326,1.7837837837837838,-0.5000000000000001,0.3660254037844388,0.0,1.0,1.6076738609112706
-1.0,-0.8,-1.0,-0.2,-0.47668393782383417,-0.4375,-0.3829787234042553,-0.4467713787085512,-0.08108108108108109,0.49999999999999994,0.3660254037844388,0.0,-1.0,-0.2532374100719433
-1.0,-0.6,-1.0,-0.2,-0.39378238341968913,-0.4375,-0.3829787234042553,-0.418848167539267,-0.08108108108108109,0.5773502691896257,1.793007356604921e-16,0.0,-0.9642857142857143,-0.2570743405275782
-1.0,-0.4,0.0,-0.2,-0.39378238341968913,-0.3541666666666667,-0.3829787234042553,-0.39092495636998204,-0.16216216216216217,0.5,-0.3660254037844383,0.0,-0.9285714285714286,-0.260911270983214
-1.0,-0.2,0.0,-0.2,-0.35233160621761656,-0.3541666666666667,-0.2978723404255319,-0.34904013961605534,-0.16216216216216217,0.2886751345948128,-0.6339745962155612,1.0,-0.8928571428571429,-0.25515587529976075
-1.0,0.0,0.0,-0.2,-0.35233160621761656,-0.3125,-0.2978723404255319,-0.33507853403141363,-0.24324324324324326,0.0,-0.7320508075688771,0.0,-0.8571428571428571,-0.2494004796163075
-1.0,0.2,1.0,-0.2,-0.35233160621761656,-0.3125,-0.2553191489361702,-0.32111692844677114,-0.24324324324324326,-0.2886751345948128,-0.6339745962155612,0.0,-0.8214285714285714,-0.23788968824940104
-1.0,0.4,1.0,-0.2,-0.43523316062176165,-0.3125,-0.2553191489361702,-0.34904013961605534,-0.21621621621621623,-0.5,-0.36602540378443876,0.0,-0.7857142857142857,-0.23405275779376528
-1.0,0.6,1.0,-0.2,-0.43523316062176165,-0.3958333333333333,-0.2553191489361702,-0.3769633507853403,-0.24324324324324326,-0.577350269189626,0.0,0.0,-0.75,-0.2321342925659478
-1.0,0.8,2.0,-0.2,-0.45595854922279794,-0.3958333333333333,-0.3404255319148936,-0.4118673647469454,-0.24324324324324326,-0.5000000000000001,0.3660254037844388,0.0,-0.7142857142857143,-0.23021582733813034
-1.0,1.0,2.0,-0.2,-0.45595854922279794,-0.4166666666666667,-0.3404255319148936,-0.418848167539267,-0.24324324324324326,-0.2886751345948132,0.6339745962155612,0.0,-0.6785714285714286,-0.22829736211031204
-1.0,1.2,2.0,-0.2,-0.43523316062176165,-0.4166666666666667,-0.3617021276595745,-0.418848167539267,-0.24324324324324326,-2.1211504774498138e-16,0.7320508075688774,0.0,-0.6428571428571429,-0.2244604316546771
-0.5,-1.0,-1.0,-0.2,-0.45595854922279794,-0.3958333333333333,-0.3617021276595745,-0.418848167539267,-0.24324324324324326,0.2886751345948128,0.6339745962155615,0.0,-0.6071428571428571,-0.2225419664268588
-0.5,-0.8,-1.0,-0.2,-0.45595854922279794,-0.4166666666666667,-0.3404255319148936,-0.418848167539267,-0.13513513513513514,0.49999999999999994,0.3660254037844388,0.0,-0.5714285714285714,-0.22062350119904134
-0.5,-0.6,-1.0,-0.2,-0.45595854922279794,-0.4166666666666667,-0.3617021276595745,-0.4258289703315879,-0.13513513513513514,0.5773502691896257,1.793007356604921e-16,0.0,-0.5357142857142857,-0.22637889688249457
-0.5,-0.4,0.0,-0.2,-0.45595854922279794,-0.4166666666666667,-0.3617021276595745,-0.4258289703315879,-0.08108108108108109,0.5,-0.3660254037844383,0.0,-0.5,-0.2321342925659478
-0.5,-0.2,0.0,-0.2,-0.45595854922279794,-0.4166666666666667,-0.3617021276595745,-0.4258289703315879,-0.08108108108108109,0.2886751345948128,-0.6339745962155612,1.0,-0.4642857142857143,-0.2417266187050368
-0.5,0.0,0.0,-0.2,-0.45595854922279794,-0.4166666666666667,-0.3617021276595745,-0.4258289703315879,-0.08108108108108109,0.0,-0.7320508075688771,0.0,-0.42857142857142855,-0.251318944844125
-0.5,0.2,1.0,-0.2,-0.45595854922279794,-0.4166666666666667,-0.3617021276595745,-0.4258289703315879,-0.1891891891891892,-0.2886751345948128,-0.6339745962155612,0.0,-0.39285714285714285,-0.260911270983214
-0.5,0.4,1.0,-0.2,-0.47668393782383417,-0.4166666666666667,-0.3617021276595745,-0.4328097731239087,-0.1891891891891892,-0.5,-0.36602540378443876,0.0,-0.35714285714285715,-0.26474820143884975
-0.5,0.6,1.0,-0.2,-0.49740932642487046,-0.4375,-0.3617021276595745,-0.4467713787085512,-0.21621621621621623,-0.577350269189626,0.0,0.0,-0.32142857142857145,-0.270503597122303
-0.5,0.8,2.0,-0.2,-0.49740932642487046,-0.4583333333333333,-0.3829787234042553,-0.4607329842931937,-0.21621621621621623,-0.5000000000000001,0.3660254037844388,0.0,-0.2857142857142857,-0.2743405275779379
-0.5,1.0,2.0,-0.2,-0.49740932642487046,-0.4583333333333333,-0.40425531914893614,-0.4677137870855146,-0.1891891891891892,-0.2886751345948132,0.6339745962155612,0.0,-0.25,-0.2781774580335737
-0.5,1.2,2.0,-0.2,-0.49740932642487046,-0.4583333333333333,-0.40425531914893614,-0.4677137870855146,-0.21621621621621623,-2.1211504774498138e-16,0.7320508075688774,0.0,-0.21428571428571427,-0.2839328537170269
0.0,-1.0,-1.0,-0.2,-0.49740932642487046,-0.4583333333333333,-0.40425531914893614,-0.4677137870855146,-0.21621621621621623,0.2886751345948128,0.6339745962155615,0.0,-0.17857142857142858,-0.2877697841726627
0.0,-0.8,-1.0,-0.2,-0.45595854922279794,-0.4583333333333333,-0.40425531914893614,-0.4537521815008721,-0.21621621621621623,0.49999999999999994,0.3660254037844388,0.0,-0.14285714285714285,-0.2877697841726627
0.0,-0.6,-1.0,-0.2,-0.45595854922279794,-0.4166666666666667,-0.40425531914893614,-0.4397905759162304,-0.21621621621621623,0.5773502691896257,1.793007356604921e-16,0.0,-0.10714285714285714,-0.2877697841726627
0.0,-0.4,0.0,-0.2,-0.43523316062176165,-0.4166666666666667,-0.3617021276595745,-0.418848167539267,-0.21621621621621623,0.5,-0.3660254037844383,0.0,-0.07142857142857142,-0.2858513189448444
0.0,-0.2,0.0,-0.2,-0.43523316062176165,-0.3958333333333333,-0.3617021276595745,-0.4118673647469454,-0.21621621621621623,0.2886751345948128,-0.6339745962155612,1.0,-0.03571428571428571,-0.2839328537170269
0.0,0.0,0.0,-0.2,-0.43523316062176165,-0.3958333333333333,-0.3404255319148936,-0.4048865619546245,-0.21621621621621623,0.0,-0.7320508075688771,0.0,0.0,-0.28201438848920946
0.0,0.2,1.0,-0.2,-0.43523316062176165,-0.3958333333333333,-0.3404255319148936,-0.4048865619546245,-0.24324324324324326,-0.2886751345948128,-0.6339745962155612,0.0,0.03571428571428571,-0.28009592326139116
0.0,0.4,1.0,-0.2,-0.45595854922279794,-0.3958333333333333,-0.3404255319148936,-0.4118673647469454,-0.2702702702702703,-0.5,-0.36602540378443876,0.0,0.07142857142857142,-0.2781774580335737
0.0,0.6,1.0,-0.2,-0.45595854922279794,-0.4166666666666667,-0.3404255319148936,-0.418848167539267,-0.2702702702702703,-0.577350269189626,0.0,0.0,0.10714285714285714,-0.2743405275779379
0.0,0.8,2.0,-0.2,-0.43523316062176165,-0.4166666666666667,-0.3617021276595745,-0.418848167539267,-0.2702702702702703,-0.5000000000000001,0.3660254037844388,0.0,0.14285714285714285,-0.2685851318944847
0.0,1.0,2.0,-0.2,-0.35233160621761656,-0.3958333333333333,-0.3617021276595745,-0.38394415357766115,-0.2702702702702703,-0.2886751345948132,0.6339745962155612,0.0,0.17857142857142858,-0.25515587529976075
0.0,1.2,2.0,-0.2,-0.39378238341968913,-0.3125,-0.3404255319148936,-0.36300174520069783,-0.2702702702702703,-2.1211504774498138e-16,0.7320508075688774,0.0,0.21428571428571427,-0.24556354916067175
0.5,-1.0,-1.0,-0.2,-0.3316062176165803,-0.3541666666666667,-0.2553191489361702,-0.32809773123909197,-0.21621621621621623,0.2886751345948128,0.6339745962155615,0.0,0.25,-0.23021582733813034
0.5,-0.8,-1.0,-0.2,-0.24870466321243523,-0.2916666666666667,-0.2978723404255319,-0.2931937172774869,-0.21621621621621623,0.49999999999999994,0.3660254037844388,0.0,0.2857142857142857,-0.2110311750599523
0.5,-0.6,-1.0,-0.2,-0.10362694300518134,-0.20833333333333334,-0.23404255319148937,-0.19546247818499102,-0.1891891891891892,0.5773502691896257,1.793007356604921e-16,0.0,0.32142857142857145,-0.1784172661870512
0.5,-0.4,0.0,-0.2,0.02072538860103627,-0.0625,-0.14893617021276595,-0.07678883071553178,-0.1891891891891892,0.5,-0.3660254037844383,1.0,0.35714285714285715,-0.13621103117506023
0.5,-0.2,0.0,-0.2,0.02072538860103627,0.0625,0.0,0.013961605584642487,-0.1891891891891892,0.2886751345948128,-0.6339745962155612,0.0,0.39285714285714285,-0.0940047961630701
0.5,0.0,0.0,-0.2,0.08290155440414508,0.0625,0.1276595744680851,0.07678883071553254,-0.1891891891891892,0.0,-0.7320508075688771,0.0,0.42857142857142855,-0.04604316546762674
0.5,0.2,1.0,-0.2,0.02072538860103627,0.125,0.1276595744680851,0.07678883071553254,-0.21621621621621623,-0.2886751345948128,-0.6339745962155612,0.0,0.4642857142857143,-0.003836930455635771
0.5,0.4,1.0,-0.2,0.0,0.0625,0.19148936170212766,0.06980802792321168,-0.21621621621621623,-0.5,-0.36602540378443876,0.0,0.5,0.03836930455635436
0.5,0.6,1.0,-0.2,-0.02072538860103627,0.041666666666666664,0.1276595744680851,0.03490401396160584,-0.1891891891891892,-0.577350269189626,0.0,0.0,0.5357142857142857,0.07865707434052702
0.5,0.8,2.0,-0.2,0.2694300518134715,0.020833333333333332,0.10638297872340426,0.11867364746945924,-0.08108108108108109,-0.5000000000000001,0.3660254037844388,0.0,0.5714285714285714,0.1438848920863301
0.5,1.0,2.0,-0.2,0.6424870466321243,0.3125,0.0851063829787234,0.33507853403141363,-0.13513513513513514,-0.2886751345948132,0.6339745962155612,0.0,0.6071428571428571,0.23597122302158188
0.5,1.2,2.0,-0.2,0.6632124352331606,0.6875,0.3829787234042553,0.5654450261780105,-0.05405405405405406,-2.1211504774498138e-16,0.7320508075688774,0.0,0.6428571428571429,0.3338129496402869
1.0,-1.0,-1.0,-0.2,0.6632124352331606,0.7083333333333334,0.7659574468085106,0.6980802792321122,0.05405405405405406,0.2886751345948128,0.6339745962155615,0.0,0.6785714285714286,0.4258992805755387
1.0,-0.8,-1.0,-0.2,0.7046632124352331,0.7083333333333334,0.7872340425531915,0.7190226876090755,0.24324324324324326,0.49999999999999994,0.3660254037844388,0.0,0.7142857142857143,0.5141486810551555
1.0,-0.6,-1.0,-0.2,0.9740932642487047,0.75,0.7872340425531915,0.8237347294938923,0.40540540540540543,0.5773502691896257,1.793007356604921e-16,0.0,0.75,0.6139088729016781
1.0,-0.4,0.0,-0.2,1.450777202072539,1.0208333333333333,0.8297872340425532,1.0890052356020943,0.40540540540540543,0.5,-0.3660254037844383,1.0,0.7857142857142857,0.7462829736211025
1.0,-0.2,0.0,-0.2,1.3678756476683938,1.5,1.1063829787234043,1.3123909249563703,0.4864864864864865,0.2886751345948128,-0.6339745962155612,0.0,0.8214285714285714,0.8709832134292563
1.0,0.0,0.0,-0.2,1.077720207253886,1.4166666666666667,1.5957446808510638,1.347294938917976,0.40540540540540543,0.0,-0.7320508075688771,0.0,0.8571428571428571,0.9630695443645081
1.0,0.2,1.0,-0.2,0.9948186528497409,1.125,1.5106382978723405,1.193717277486911,0.3783783783783784,-0.2886751345948128,-0.6339745962155612,0.0,0.8928571428571429,1.0532374100719417
1.0,0.4,1.0,-0.2,1.0155440414507773,1.0416666666666667,1.2127659574468086,1.0750436300174526,0.35135135135135137,-0.5,-0.36602540378443876,0.0,0.9285714285714286,1.1472422062350116
1.0,0.6,1.0,-0.2,1.0155440414507773,1.0625,1.127659574468085,1.0541012216404892,0.7297297297297297,-0.577350269189626,0.0,0.0,0.9642857142857143,1.2431654676258985
1.0,0.8,2.0,-0.2,1.0155440414507773,1.0625,1.148936170212766,1.06108202443281,1.2162162162162162,-0.5000000000000001,0.3660254037844388,0.0,1.0,1.3122302158273373
-1.0,-1.0,-1.0,0.0,-0.2694300518134715,-0.22916666666666666,-0.19148936170212766,-0.2443280977312386,-0.6216216216216216,0.2886751345948128,0.6339745962155615,0.0,-1.0357142857142858,-0.10551558752997658
-1.0,-0.8,-1.0,0.0,-0.2694300518134715,-0.22916666666666666,-0.1702127659574468,-0.2373472949389177,0.16216216216216217,0.49999999999999994,0.3660254037844388,0.0,-1.0,-0.05947242206235068
-1.0,-0.6,-1.0,0.0,-0.08290155440414508,-0.22916666666666666,-0.1702127659574468,-0.17452006980802767,0.08108108108108109,0.5773502691896257,1.793007356604921e-16,0.0,-0.9642857142857143,-0.051798561151079975
-1.0,-0.4,0.0,0.0,-0.04145077720207254,-0.041666666666666664,-0.1702127659574468,-0.09773123909249513,0.05405405405405406,0.5,-0.3660254037844383,0.0,-0.9285714285714286,-0.03453237410072026
-1.0,-0.2,0.0,0.0,0.02072538860103627,0.0,0.02127659574468085,0.0,0.05405405405405406,0.2886751345948128,-0.6339745962155612,1.0,-0.8928571428571429,-0.009592326139089008
-1.0,0.0,0.0,0.0,0.02072538860103627,0.0625,0.06382978723404255,0.03490401396160584,-0.05405405405405406,0.0,-0.7320508075688771,0.0,-0.8571428571428571,0.015347721822541408
-1.0,0.2,1.0,0.0,0.02072538860103627,0.0625,0.1276595744680851,0.055846422338569186,0.0,-0.2886751345948128,-0.6339745962155612,0.0,-0.8214285714285714,0.04796163069544337
-1.0,0.4,1.0,0.0,0.02072538860103627,0.0625,0.1276595744680851,0.055846422338569186,-0.02702702702702703,-0.5,-0.36602540378443876,0.0,-0.7857142857142857,0.07673860911270955
-1.0,0.6,1.0,0.0,0.02072538860103627,0.0625,0.1276595744680851,0.055846422338569186,-0.02702702702702703,-0.577350269189626,0.0,0.0,-0.75,0.1074340527577932
-1.0,0.8,2.0,0.0,0.0,0.0625,0.1276595744680851,0.04886561954624832,0.0,-0.5000000000000001,0.3660254037844388,0.0,-0.7142857142857143,0.1362110311750594
-1.0,1.0,2.0,0.0,0.02072538860103627,0.041666666666666664,0.1276595744680851,0.04886561954624832,0.02702702702702703,-0.2886751345948132,0.6339745962155612,0.0,-0.6785714285714286,0.16498800959232557
-1.0,1.2,2.0,0.0,0.0,0.0625,0.10638297872340426,0.041884816753926704,0.02702702702702703,-2.1211504774498138e-16,0.7320508075688774,0.0,-0.6428571428571429,0.189928057553956
-0.5,-1.0,-1.0,0.0,0.02072538860103627,0.041666666666666664,0.1276595744680851,0.04886561954624832,0.02702702702702703,0.2886751345948128,0.6339745962155615,0.0,-0.6071428571428571,0.2167865707434047
-0.5,-0.8,-1.0,0.0,0.02072538860103627,0.0625,0.10638297872340426,0.04886561954624832,0.2702702702702703,0.49999999999999994,0.3660254037844388,0.0,-0.5714285714285714,0.24364508393285345
-0.5,-0.6,-1.0,0.0,0.02072538860103627,0.0625,0.1276595744680851,0.055846422338569186,0.32432432432432434,0.5773502691896257,1.793007356604921e-16,0.0,-0.5357142857142857,0.2532374100719416
-0.5,-0.4,0.0,0.0,0.02072538860103627,0.0625,0.1276595744680851,0.055846422338569186,0.40540540540540543,0.5,-0.3660254037844383,0.0,-0.5,0.25899280575539485
-0.5,-0.2,0.0,0.0,0.02072538860103627,0.0625,0.1276595744680851,0.055846422338569186,0.40540540540540543,0.2886751345948128,-0.6339745962155612,1.0,-0.4642857142857143,0.25899280575539485
-0.5,0.0,0.0,0.0,0.02072538860103627,0.0625,0.1276595744680851,0.055846422338569186,0.40540540540540543,0.0,-0.7320508075688771,0.0,-0.42857142857142855,0.25899280575539485
-0.5,0.2,1.0,0.0,0.02072538860103627,0.0625,0.1276595744680851,0.055846422338569186,0.40540540540540543,-0.2886751345948128,-0.6339745962155612,0.0,-0.39285714285714285,0.25899280575539485
-0.5,0.4,1.0,0.0,0.0,0.0625,0.1276595744680851,0.04886561954624832,0.40540540540540543,-0.5,-0.36602540378443876,0.0,-0.35714285714285715,0.2570743405275774
-0.5,0.6,1.0,0.0,-0.04145077720207254,0.041666666666666664,0.1276595744680851,0.027923211169284975,0.3783783783783784,-0.577350269189626,0.0,0.0,-0.32142857142857145,0.25131894484412415
-0.5,0.8,2.0,0.0,-0.04145077720207254,0.0,0.10638297872340426,0.0069808027923216245,0.40540540540540543,-0.5000000000000001,0.3660254037844388,0.0,-0.2857142857142857,0.24748201438848838
-0.5,1.0,2.0,0.0,-0.04145077720207254,0.0,0.06382978723404255,-0.006980802792320863,0.3783783783783784,-0.2886751345948132,0.6339745962155612,0.0,-0.25,0.24172661870503515
-0.5,1.2,2.0,0.0,-0.04145077720207254,0.0,0.06382978723404255,-0.006980802792320863,0.40540540540540543,-2.1211504774498138e-16,0.7320508075688774,0.0,-0.21428571428571427,0.2378896882494002
0.0,-1.0,-1.0,0.0,-0.02072538860103627,0.0,0.06382978723404255,0.0,0.40540540540540543,0.2886751345948128,0.6339745962155615,0.0,-0.17857142857142858,0.23405275779376444
0.0,-0.8,-1.0,0.0,0.04145077720207254,0.020833333333333332,0.06382978723404255,0.027923211169284975,0.40540540540540543,0.49999999999999994,0.3660254037844388,0.0,-0.14285714285714285,0.23597122302158188
0.0,-0.6,-1.0,0.0,0.04145077720207254,0.08333333333333333,0.0851063829787234,0.055846422338569186,0.40540540540540543,0.5773502691896257,1.793007356604921e-16,0.0,-0.10714285714285714,0.2378896882494002
0.0,-0.4,0.0,0.0,0.04145077720207254,0.08333333333333333,0.14893617021276595,0.07678883071553254,0.40540540540540543,0.5,-0.3660254037844383,0.0,-0.07142857142857142,0.23980815347721768
0.0,-0.2,0.0,0.0,0.04145077720207254,0.08333333333333333,0.14893617021276595,0.07678883071553254,0.40540540540540543,0.2886751345948128,-0.6339745962155612,1.0,-0.03571428571428571,0.24172661870503515
0.0,0.0,0.0,0.0,0.04145077720207254,0.08333333333333333,0.14893617021276595,0.07678883071553254,0.40540540540540543,0.0,-0.7320508075688771,0.0,0.0,0.24364508393285345
0.0,0.2,1.0,0.0,0.04145077720207254,0.08333333333333333,0.14893617021276595,0.07678883071553254,0.3783783783783784,-0.2886751345948128,-0.6339745962155612,0.0,0.03571428571428571,0.2455635491606709
0.0,0.4,1.0,0.0,0.0,0.08333333333333333,0.14893617021276595,0.06282722513089005,0.32432432432432434,-0.5,-0.36602540378443876,0.0,0.07142857142857142,0.2455635491606709
0.0,0.6,1.0,0.0,0.02072538860103627,0.041666666666666664,0.14893617021276595,0.055846422338569186,0.32432432432432434,-0.577350269189626,0.0,0.0,0.10714285714285714,0.25131894484412415
0.0,0.8,2.0,0.0,0.12435233160621761,0.0625,0.10638297872340426,0.08376963350785341,0.32432432432432434,-0.5000000000000001,0.3660254037844388,0.0,0.14285714285714285,0.2666666666666664
0.0,1.0,2.0,0.0,0.18652849740932642,0.16666666666666666,0.1276595744680851,0.14659685863874344,0.32432432432432434,-0.2886751345948132,0.6339745962155612,0.0,0.17857142857142858,0.287769784172661
0.0,1.2,2.0,0.0,0.18652849740932642,0.22916666666666666,0.23404255319148937,0.20244328097731265,0.35135135135135137,-2.1211504774498138e-16,0.7320508075688774,0.0,0.21428571428571427,0.3088729016786565
0.5,-1.0,-1.0,0.0,0.31088082901554404,0.22916666666666666,0.2978723404255319,0.2652705061082027,0.43243243243243246,0.2886751345948128,0.6339745962155615,0.0,0.25,0.3395683453237402
0.5,-0.8,-1.0,0.0,0.41450777202072536,0.3541666666666667,0.2978723404255319,0.34205933682373524,0.43243243243243246,0.49999999999999994,0.3660254037844388,0.0,0.2857142857142857,0.3741007194244596
0.5,-0.6,-1.0,0.0,0.538860103626943,0.4583333333333333,0.425531914893617,0.4607329842931937,0.43243243243243246,0.5773502691896257,1.793007356604921e-16,0.0,0.32142857142857145,0.4201438848920855
0.5,-0.4,0.0,0.0,0.6632124352331606,0.5833333333333334,0.5319148936170213,0.579406631762653,0.43243243243243246,0.5,-0.3660254037844383,1.0,0.35714285714285715,0.4776978417266179
0.5,-0.2,0.0,0.0,0.6217616580310881,0.7083333333333334,0.6595744680851063,0.6492146596858639,0.43243243243243246,0.2886751345948128,-0.6339745962155612,0.0,0.39285714285714285,0.5314148681055153
0.5,0.0,0.0,0.0,0.3316062176165803,0.6666666666666666,0.7872340425531915,0.579406631762653,0.43243243243243246,0.0,-0.7320508075688771,0.0,0.42857142857142855,0.5582733812949632
0.5,0.2,1.0,0.0,0.6217616580310881,0.375,0.7446808510638298,0.5654450261780105,0.3783783783783784,-0.2886751345948128,-0.6339745962155612,0.0,0.4642857142857143,0.6119904076738606
0.5,0.4,1.0,0.0,0.6010362694300518,0.6666666666666666,0.44680851063829785,0.5584642233856896,0.40540540540540543,-0.5,-0.36602540378443876,0.0,0.5,0.6676258992805747
0.5,0.6,1.0,0.0,0.5803108808290155,0.6458333333333334,0.7446808510638298,0.6422338568935431,0.5405405405405406,-0.577350269189626,0.0,0.0,0.5357142857142857,0.7194244604316539
0.5,0.8,2.0,0.0,0.8290155440414507,0.625,0.723404255319149,0.7120418848167539,0.6216216216216216,-0.5000000000000001,0.3660254037844388,0.0,0.5714285714285714,0.7846522781774578
0.5,1.0,2.0,0.0,0.9326424870466321,0.875,0.7021276595744681,0.8237347294938923,0.6216216216216216,-0.2886751345948132,0.6339745962155612,0.0,0.6071428571428571,0.8537170263788966
0.5,1.2,2.0,0.0,0.9740932642487047,0.9791666666666666,0.9574468085106383,0.9563699825479933,0.7837837837837838,-2.1211504774498138e-16,0.7320508075688774,0.0,0.6428571428571429,0.9266187050359704
1.0,-1.0,-1.0,0.0,1.0155440414507773,1.0208333333333333,1.0638297872340425,1.0191972076788833,0.918918918918919,0.2886751345948128,0.6339745962155615,0.0,0.6785714285714286,0.9918465227817743
1.0,-0.8,-1.0,0.0,0.7253886010362695,1.0625,1.1063829787234043,0.9493891797556724,1.0810810810810811,0.49999999999999994,0.3660254037844388,0.0,0.7142857142857143,1.0206235011990406
1.0,-0.6,-1.0,0.0,1.1398963730569949,0.7708333333333334,1.148936170212766,1.0052356020942408,1.2432432432432432,0.5773502691896257,1.793007356604921e-16,0.0,0.75,1.0762589928057547
1.0,-0.4,0.0,0.0,1.471502590673575,1.1875,0.851063829787234,1.158813263525306,1.1891891891891893,0.5,-0.3660254037844383,1.0,0.7857142857142857,1.1510791366906465
1.0,-0.2,0.0,0.0,1.38860103626943,1.5208333333333333,1.2765957446808511,1.382198952879581,0.8108108108108109,0.2886751345948128,-0.6339745962155612,0.0,0.8214285714285714,1.2220623501199037
1.0,0.0,0.0,0.0,1.2020725388601037,1.4375,1.6170212765957446,1.4031413612565444,1.1891891891891893,0.0,-0.7320508075688771,0.0,0.8571428571428571,1.3026378896882491
1.0,0.2,1.0,0.0,1.0984455958549222,1.25,1.5319148936170213,1.2774869109947644,1.162162162162162,-0.2886751345948128,-0.6339745962155612,0.0,0.8928571428571429,1.3467625899280566
1.0,0.4,1.0,0.0,1.1398963730569949,1.1458333333333333,1.3404255319148937,1.193717277486911,1.135135135135135,-0.5,-0.36602540378443876,0.0,0.9285714285714286,1.3966426858513183
1.0,0.6,1.0,0.0,1.160621761658031,1.1875,1.2340425531914894,1.1797556719022693,1.4594594594594594,-0.577350269189626,0.0,0.0,0.9642857142857143,1.450359712230215
1.0,0.8,2.0,0.0,1.160621761658031,1.2083333333333333,1.2765957446808511,1.2006980802792326,1.5945945945945945,-0.5000000000000001,0.3660254037844388,0.0,1.0,1.4810551558752996
-1.0,-0.8,-1.0,0.2,-0.7875647668393783,-0.75,-0.6808510638297872,-0.7539267015706806,-0.4594594594594595,0.49999999999999994,0.3660254037844388,0.0,-1.0,-0.633093525179857
-1.0,-0.6,-1.0,0.2,-0.7461139896373057,-0.75,-0.7021276595744681,-0.746945898778359,-0.4594594594594595,0.5773502691896257,1.793007356604921e-16,0.0,-0.9642857142857143,-0.6426858513189452
-1.0,-0.4,0.0,0.2,-0.7253886010362695,-0.7083333333333334,-0.7021276595744681,-0.7260034904013957,-0.5675675675675675,0.5,-0.3660254037844383,0.0,-0.9285714285714286,-0.6503597122302167
-1.0,-0.2,0.0,0.2,-0.7461139896373057,-0.6875,-0.6595744680851063,-0.7120418848167539,-1.135135135135135,0.2886751345948128,-0.6339745962155612,1.0,-0.8928571428571429,-0.6522781774580342
-1.0,0.0,0.0,0.2,-0.7461139896373057,-0.7083333333333334,-0.6382978723404256,-0.7120418848167539,-0.6486486486486487,0.0,-0.7320508075688771,0.0,-0.8571428571428571,-0.613908872901679
-1.0,0.2,1.0,0.2,-0.18652849740932642,-0.7083333333333334,-0.6595744680851063,-0.5305410122164046,-0.6486486486486487,-0.2886751345948128,-0.6339745962155612,0.0,-0.8214285714285714,-0.5582733812949648
-1.0,0.4,1.0,0.2,-0.8082901554404145,-0.14583333333333334,-0.6595744680851063,-0.551483420593368,-0.6486486486486487,-0.5,-0.36602540378443876,0.0,-0.7857142857142857,-0.5601918465227823
-1.0,0.6,1.0,0.2,-0.8290155440414507,-0.7708333333333334,-0.0851063829787234,-0.5794066317626522,-0.6216216216216216,-0.577350269189626,0.0,0.0,-0.75,-0.5640287769784181
-1.0,0.8,2.0,0.2,-0.8497409326424871,-0.7916666666666666,-0.723404255319149,-0.8027923211169282,-0.6486486486486487,-0.5000000000000001,0.3660254037844388,0.0,-0.7142857142857143,-0.5717026378896888
-1.0,1.0,2.0,0.2,-0.8497409326424871,-0.8125,-0.7446808510638298,-0.8167539267015707,-0.6216216216216216,-0.2886751345948132,0.6339745962155612,0.0,-0.6785714285714286,-0.5774580335731421
-1.0,1.2,2.0,0.2,-0.8290155440414507,-0.8125,-0.7659574468085106,-0.8167539267015707,-0.6486486486486487,-2.1211504774498138e-16,0.7320508075688774,0.0,-0.6428571428571429,-0.5832134292565953
-0.5,-1.0,-1.0,0.2,-0.8704663212435233,-0.7916666666666666,-0.7659574468085106,-0.8237347294938916,-0.6486486486486487,0.2886751345948128,0.6339745962155615,0.0,-0.6071428571428571,-0.590887290167866
-0.5,-0.8,-1.0,0.2,-0.8704663212435233,-0.8333333333333334,-0.7446808510638298,-0.8307155322862124,-0.5945945945945946,0.49999999999999994,0.3660254037844388,0.0,-0.5714285714285714,-0.5985611510791375
-0.5,-0.6,-1.0,0.2,-0.8704663212435233,-0.8333333333333334,-0.7872340425531915,-0.8446771378708549,-0.5675675675675675,0.5773502691896257,1.793007356604921e-16,0.0,-0.5357142857142857,-0.610071942446044
-0.5,-0.4,0.0,0.2,-0.8704663212435233,-0.8333333333333334,-0.7872340425531915,-0.8446771378708549,-0.5945945945945946,0.5,-0.3660254037844383,0.0,-0.5,-0.623501199040768
-0.5,-0.2,0.0,0.2,-0.8911917098445595,-0.8333333333333334,-0.7872340425531915,-0.8516579406631758,-0.5945945945945946,0.2886751345948128,-0.6339745962155612,1.0,-0.4642857142857143,-0.6369304556354919
-0.5,0.0,0.0,0.2,-0.9119170984455959,-0.8541666666666666,-0.7872340425531915,-0.8656195462478182,0.13513513513513514,0.0,-0.7320508075688771,0.0,-0.42857142857142855,-0.6522781774580342
-0.5,0.2,1.0,0.2,-0.9119170984455959,-0.875,-0.8085106382978723,-0.8795811518324608,-0.6756756756756757,-0.2886751345948128,-0.6339745962155612,0.0,-0.39285714285714285,-0.7194244604316555
-0.5,0.4,1.0,0.2,-0.9119170984455959,-0.875,-0.8297872340425532,-0.8865619546247816,-0.7027027027027027,-0.5,-0.36602540378443876,0.0,-0.35714285714285715,-0.7290167865707436
-0.5,0.6,1.0,0.2,-0.9740932642487047,-0.875,-0.8297872340425532,-0.907504363001745,-0.7297297297297297,-0.577350269189626,0.0,0.0,-0.32142857142857145,-0.7424460431654685
-0.5,0.8,2.0,0.2,-0.9948186528497409,-0.9375,-0.8297872340425532,-0.9354275741710292,-0.7297297297297297,-0.5000000000000001,0.3660254037844388,0.0,-0.2857142857142857,-0.7558752997601924
-0.5,1.0,2.0,0.2,-0.9740932642487047,-0.9583333333333334,-0.8936170212765957,-0.9563699825479925,-0.7027027027027027,-0.2886751345948132,0.6339745962155612,0.0,-0.25,-0.7673860911270989
-0.5,1.2,2.0,0.2,-0.9948186528497409,-0.9375,-0.9148936170212766,-0.9633507853403142,-0.7567567567567568,-2.1211504774498138e-16,0.7320508075688774,0.0,-0.21428571428571427,-0.7827338129496412
0.0,-1.0,-1.0,0.2,-0.9740932642487047,-0.9583333333333334,-0.8936170212765957,-0.9563699825479925,-0.7567567567567568,0.2886751345948128,0.6339745962155615,0.0,-0.17857142857142858,-0.7923261390887293
0.0,-0.8,-1.0,0.2,-0.8911917098445595,-0.9375,-0.9148936170212766,-0.9284467713787083,-0.7567567567567568,0.49999999999999994,0.3660254037844388,0.0,-0.14285714285714285,-0.7942446043165476
0.0,-0.6,-1.0,0.2,-0.6424870466321243,-0.8541666666666666,-0.8936170212765957,-0.809773123909249,-0.7567567567567568,0.5773502691896257,1.793007356604921e-16,0.0,-0.10714285714285714,-0.7731414868105522
0.0,-0.4,0.0,0.2,-0.8497409326424871,-0.6041666666666666,-0.8085106382978723,-0.7678883071553223,-0.7837837837837838,0.5,-0.3660254037844383,0.0,-0.07142857142857142,-0.7712230215827347
0.0,-0.2,0.0,0.2,-0.8082901554404145,-0.8125,-0.5531914893617021,-0.7399650959860381,-0.8108108108108109,0.2886751345948128,-0.6339745962155612,1.0,-0.03571428571428571,-0.7635491606714631
0.0,0.0,0.0,0.2,-0.8082901554404145,-0.7708333333333334,-0.7659574468085106,-0.7958115183246073,-0.8108108108108109,0.0,-0.7320508075688771,0.0,0.0,-0.7539568345323749
0.0,0.2,1.0,0.2,-0.8082901554404145,-0.7708333333333334,-0.723404255319149,-0.7818499127399648,-0.8108108108108109,-0.2886751345948128,-0.6339745962155612,0.0,0.03571428571428571,-0.7443645083932859
0.0,0.4,1.0,0.2,-0.8704663212435233,-0.7708333333333334,-0.723404255319149,-0.8027923211169282,-0.8918918918918919,-0.5,-0.36602540378443876,0.0,0.07142857142857142,-0.7405275779376501
0.0,0.6,1.0,0.2,-0.8290155440414507,-0.8333333333333334,-0.723404255319149,-0.809773123909249,-0.918918918918919,-0.577350269189626,0.0,0.0,0.10714285714285714,-0.7270983213429262
0.0,0.8,2.0,0.2,-0.7668393782383419,-0.7916666666666666,-0.7872340425531915,-0.7958115183246073,-0.8918918918918919,-0.5000000000000001,0.3660254037844388,0.0,0.14285714285714285,-0.7059952038369307
0.0,1.0,2.0,0.2,-0.6217616580310881,-0.7291666666666666,-0.7446808510638298,-0.7120418848167539,-0.918918918918919,-0.2886751345948132,0.6339745962155612,0.0,0.17857142857142858,-0.6733812949640297
0.0,1.2,2.0,0.2,-0.538860103626943,-0.5833333333333334,-0.6808510638297872,-0.6143106457242581,-0.8918918918918919,-2.1211504774498138e-16,0.7320508075688774,0.0,0.21428571428571427,-0.6311750599520386
0.5,-1.0,-1.0,0.2,-0.47668393782383417,-0.5,-0.5319148936170213,-0.5165794066317622,-0.7837837837837838,0.2886751345948128,0.6339745962155615,0.0,0.25,-0.5851318944844127
0.5,-0.8,-1.0,0.2,-0.35233160621761656,-0.4375,-0.44680851063829785,-0.4258289703315879,-0.4594594594594595,0.49999999999999994,0.3660254037844388,0.0,0.2857142857142857,-0.5352517985611519
0.5,-0.6,-1.0,0.2,-0.20725388601036268,-0.3125,-0.3829787234042553,-0.31413612565445026,-0.7297297297297297,0.5773502691896257,1.793007356604921e-16,0.0,0.32142857142857145,-0.49496402877697926
0.5,-0.4,0.0,0.2,-0.18652849740932642,-0.16666666666666666,-0.2553191489361702,-0.21640488656195436,-0.6756756756756757,0.5,-0.3660254037844383,1.0,0.35714285714285715,-0.4335731414868111
0.5,-0.2,0.0,0.2,-0.20725388601036268,-0.14583333333333334,-0.10638297872340426,-0.16753926701570682,-0.6756756756756757,0.2886751345948128,-0.6339745962155612,0.0,0.39285714285714285,-0.3779376498800962
0.5,0.0,0.0,0.2,-0.18652849740932642,-0.16666666666666666,-0.0851063829787234,-0.16055846422338518,-0.6756756756756757,0.0,-0.7320508075688771,0.0,0.42857142857142855,-0.32038369304556386
0.5,0.2,1.0,0.2,-0.16580310880829016,-0.14583333333333334,-0.10638297872340426,-0.15357766143106433,-0.7567567567567568,-0.2886751345948128,-0.6339745962155612,0.0,0.4642857142857143,-0.260911270983214
0.5,0.4,1.0,0.2,-0.20725388601036268,-0.125,-0.0851063829787234,-0.15357766143106433,-0.7027027027027027,-0.5,-0.36602540378443876,0.0,0.5,-0.19952038369304584
0.5,0.6,1.0,0.2,-0.18652849740932642,-0.16666666666666666,-0.06382978723404255,-0.15357766143106433,-0.6216216216216216,-0.577350269189626,0.0,0.0,0.5357142857142857,-0.140047961630696
0.5,0.8,2.0,0.2,0.06217616580310881,-0.14583333333333334,-0.10638297872340426,-0.07678883071553178,-0.43243243243243246,-0.5000000000000001,0.3660254037844388,0.0,0.5714285714285714,-0.06330935251798644
0.5,1.0,2.0,0.2,0.39378238341968913,0.10416666666666667,-0.0851063829787234,0.1256544502617801,-0.32432432432432434,-0.2886751345948132,0.6339745962155612,0.0,0.6071428571428571,0.030695443645083653
0.5,1.2,2.0,0.2,0.45595854922279794,0.4375,0.1702127659574468,0.34205933682373524,-0.24324324324324326,-2.1211504774498138e-16,0.7320508075688774,0.0,0.6428571428571429,0.12278177458033546
1.0,-1.0,-1.0,0.2,0.538860103626943,0.5,0.5106382978723404,0.5026178010471204,-0.08108108108108109,0.2886751345948128,0.6339745962155615,0.0,0.6785714285714286,0.2167865707434047
1.0,-0.8,-1.0,0.2,0.5181347150259067,0.5833333333333334,0.574468085106383,0.5445026178010471,0.10810810810810811,0.49999999999999994,0.3660254037844388,0.0,0.7142857142857143,0.29736211031175
1.0,-0.6,-1.0,0.2,0.8082901554404145,0.5625,0.6595744680851063,0.6631762652705063,0.13513513513513514,0.5773502691896257,1.793007356604921e-16,0.0,0.75,0.3913669064748193
1.0,-0.4,0.0,0.2,1.1813471502590673,0.8541666666666666,0.6382978723404256,0.8795811518324608,0.10810810810810811,0.5,-0.3660254037844383,1.0,0.7857142857142857,0.5179856115107905
1.0,-0.2,0.0,0.2,0.9740932642487047,1.2291666666666667,0.9361702127659575,1.0331588132635259,0.13513513513513514,0.2886751345948128,-0.6339745962155612,0.0,0.8214285714285714,0.627338129496402
1.0,0.0,0.0,0.2,0.6424870466321243,1.0208333333333333,1.3191489361702127,0.9773123909249566,0.16216216216216217,0.0,-0.7320508075688771,0.0,0.8571428571428571,0.7040767386091125
1.0,0.2,1.0,0.2,0.47668393782383417,0.6875,1.1063829787234043,0.7399650959860389,0.10810810810810811,-0.2886751345948128,-0.6339745962155612,0.0,0.8928571428571429,0.7635491606714623
1.0,0.4,1.0,0.2,0.5595854922279793,0.5208333333333334,0.7659574468085106,0.6003490401396163,0.13513513513513514,-0.5,-0.36602540378443876,0.0,0.9285714285714286,0.8345323741007186
1.0,0.6,1.0,0.2,0.49740932642487046,0.6041666666666666,0.5957446808510638,0.5514834205933687,0.4594594594594595,-0.577350269189626,0.0,0.0,0.9642857142857143,0.8978417266187042
1.0,0.8,2.0,0.2,0.49740932642487046,0.5416666666666666,0.6808510638297872,0.5584642233856896,0.8918918918918919,-0.5000000000000001,0.3660254037844388,0.0,1.0,0.9381294964028769
-1.0,-0.8,-1.0,0.4,0.2694300518134715,0.3125,0.3829787234042553,0.3071553228621294,0.7837837837837838,0.49999999999999994,0.3660254037844388,0.0,-1.0,0.5429256594724218
-1.0,-0.6,-1.0,0.4,0.37305699481865284,0.3125,0.3829787234042553,0.34205933682373524,0.7297297297297297,0.5773502691896257,1.793007356604921e-16,0.0,-0.9642857142857143,0.5486810551558751
-1.0,-0.4,0.0,0.4,0.39378238341968913,0.4166666666666667,0.3829787234042553,0.38394415357766193,0.7297297297297297,0.5,-0.3660254037844383,0.0,-0.9285714285714286,0.5601918465227815
-1.0,-0.2,0.0,0.4,0.45595854922279794,0.4375,0.48936170212765956,0.446771378708552,0.7297297297297297,0.2886751345948128,-0.6339745962155612,1.0,-0.8928571428571429,0.5774580335731412
-1.0,0.0,0.0,0.4,0.45595854922279794,0.5,0.5106382978723404,0.4746945898778362,0.7297297297297297,0.0,-0.7320508075688771,0.0,-0.8571428571428571,0.5947242206235009
-1.0,0.2,1.0,0.4,0.45595854922279794,0.5,0.574468085106383,0.49563699825479957,0.7297297297297297,-0.2886751345948128,-0.6339745962155612,0.0,-0.8214285714285714,0.6119904076738606
-1.0,0.4,1.0,0.4,0.45595854922279794,0.5,0.574468085106383,0.49563699825479957,0.7297297297297297,-0.5,-0.36602540378443876,0.0,-0.7857142857142857,0.6292565947242204
-1.0,0.6,1.0,0.4,0.45595854922279794,0.5,0.574468085106383,0.49563699825479957,0.7297297297297297,-0.577350269189626,0.0,0.0,-0.75,0.64652278177458
-1.0,0.8,2.0,0.4,0.45595854922279794,0.5,0.574468085106383,0.49563699825479957,0.7297297297297297,-0.5000000000000001,0.3660254037844388,0.0,-0.7142857142857143,0.6637889688249398
-1.0,1.0,2.0,0.4,0.45595854922279794,0.5,0.574468085106383,0.49563699825479957,0.7297297297297297,-0.2886751345948132,0.6339745962155612,0.0,-0.6785714285714286,0.6810551558752995
-1.0,1.2,2.0,0.4,0.45595854922279794,0.5,0.574468085106383,0.49563699825479957,0.7297297297297297,-2.1211504774498138e-16,0.7320508075688774,0.0,-0.6428571428571429,0.6983213429256592
-0.5,-1.0,-1.0,0.4,0.45595854922279794,0.5,0.574468085106383,0.49563699825479957,0.7297297297297297,0.2886751345948128,0.6339745962155615,0.0,-0.6071428571428571,0.7155875299760189
-0.5,-0.8,-1.0,0.4,0.45595854922279794,0.5,0.574468085106383,0.49563699825479957,0.8648648648648649,0.49999999999999994,0.3660254037844388,0.0,-0.5714285714285714,0.7328537170263786
-0.5,-0.6,-1.0,0.4,0.43523316062176165,0.5,0.574468085106383,0.4886561954624787,0.8918918918918919,0.5773502691896257,1.793007356604921e-16,0.0,-0.5357142857142857,0.7386091127098319
-0.5,-0.4,0.0,0.4,0.43523316062176165,0.4791666666666667,0.574468085106383,0.4816753926701571,0.972972972972973,0.5,-0.3660254037844383,0.0,-0.5,0.7424460431654668
-0.5,-0.2,0.0,0.4,0.43523316062176165,0.4791666666666667,0.5531914893617021,0.4746945898778362,0.972972972972973,0.2886751345948128,-0.6339745962155612,1.0,-0.4642857142857143,0.7405275779376493
-0.5,0.0,0.0,0.4,0.45595854922279794,0.4791666666666667,0.5531914893617021,0.4816753926701571,0.972972972972973,0.0,-0.7320508075688771,0.0,-0.42857142857142855,0.7405275779376493
-0.5,0.2,1.0,0.4,0.45595854922279794,0.5,0.5531914893617021,0.4886561954624787,0.972972972972973,-0.2886751345948128,-0.6339745962155612,0.0,-0.39285714285714285,0.7405275779376493
-0.5,0.4,1.0,0.4,0.43523316062176165,0.5,0.574468085106383,0.4886561954624787,0.972972972972973,-0.5,-0.36602540378443876,0.0,-0.35714285714285715,0.7386091127098319
-0.5,0.6,1.0,0.4,0.41450777202072536,0.4791666666666667,0.574468085106383,0.4746945898778362,0.972972972972973,-0.577350269189626,0.0,0.0,-0.32142857142857145,0.734772182254196
-0.5,0.8,2.0,0.4,0.41450777202072536,0.4583333333333333,0.5531914893617021,0.4607329842931937,0.972972972972973,-0.5000000000000001,0.3660254037844388,0.0,-0.2857142857142857,0.7309352517985603
-0.5,1.0,2.0,0.4,0.41450777202072536,0.4583333333333333,0.5319148936170213,0.4537521815008729,0.972972972972973,-0.2886751345948132,0.6339745962155612,0.0,-0.25,0.7270983213429254
-0.5,1.2,2.0,0.4,0.45595854922279794,0.4583333333333333,0.5319148936170213,0.46771378708551536,0.972972972972973,-2.1211504774498138e-16,0.7320508075688774,0.0,-0.21428571428571427,0.7270983213429254
0.0,-1.0,-1.0,0.4,0.43523316062176165,0.5,0.5319148936170213,0.4746945898778362,0.972972972972973,0.2886751345948128,0.6339745962155615,0.0,-0.17857142857142858,0.725179856115107
0.0,-0.8,-1.0,0.4,0.47668393782383417,0.4791666666666667,0.574468085106383,0.49563699825479957,0.9459459459459459,0.49999999999999994,0.3660254037844388,0.0,-0.14285714285714285,0.7270983213429254
0.0,-0.6,-1.0,0.4,0.47668393782383417,0.5208333333333334,0.5531914893617021,0.5026178010471204,0.9459459459459459,0.5773502691896257,1.793007356604921e-16,0.0,-0.10714285714285714,0.7309352517985603
0.0,-0.4,0.0,0.4,0.49740932642487046,0.5208333333333334,0.5957446808510638,0.5235602094240838,0.9459459459459459,0.5,-0.3660254037844383,0.0,-0.07142857142857142,0.7366906474820135
0.0,-0.2,0.0,0.4,0.49740932642487046,0.5416666666666666,0.5957446808510638,0.5305410122164054,0.972972972972973,0.2886751345948128,-0.6339745962155612,1.0,-0.03571428571428571,0.7424460431654668
0.0,0.0,0.0,0.4,0.49740932642487046,0.5416666666666666,0.6170212765957447,0.5375218150087263,0.972972972972973,0.0,-0.7320508075688771,0.0,0.0,0.7462829736211025
0.0,0.2,1.0,0.4,0.49740932642487046,0.5416666666666666,0.6170212765957447,0.5375218150087263,0.9459459459459459,-0.2886751345948128,-0.6339745962155612,0.0,0.03571428571428571,0.7501199040767383
0.0,0.4,1.0,0.4,0.45595854922279794,0.5416666666666666,0.6170212765957447,0.5235602094240838,0.918918918918919,-0.5,-0.36602540378443876,0.0,0.07142857142857142,0.7520383693045558
0.0,0.6,1.0,0.4,0.45595854922279794,0.5,0.6170212765957447,0.509598603839442,0.918918918918919,-0.577350269189626,0.0,0.0,0.10714285714285714,0.7558752997601915
0.0,0.8,2.0,0.4,0.5181347150259067,0.5,0.574468085106383,0.5165794066317629,0.918918918918919,-0.5000000000000001,0.3660254037844388,0.0,0.14285714285714285,0.7654676258992797
0.0,1.0,2.0,0.4,0.5803108808290155,0.5625,0.574468085106383,0.5584642233856896,0.972972972972973,-0.2886751345948132,0.6339745962155612,0.0,0.17857142857142858,0.7808153477218219
0.0,1.2,2.0,0.4,0.5803108808290155,0.625,0.6382978723404256,0.6003490401396163,0.9459459459459459,-2.1211504774498138e-16,0.7320508075688774,0.0,0.21428571428571427,0.7923261390887285
0.5,-1.0,-1.0,0.4,0.6217616580310881,0.625,0.7021276595744681,0.6352530541012221,1.0,0.2886751345948128,0.6339745962155615,0.0,0.25,0.8095923261390882
0.5,-0.8,-1.0,0.4,0.6632124352331606,0.6666666666666666,0.7021276595744681,0.6631762652705063,1.0,0.49999999999999994,0.3660254037844388,0.0,0.2857142857142857,0.8268585131894479
0.5,-0.6,-1.0,0.4,0.7461139896373057,0.7083333333333334,0.7446808510638298,0.7190226876090755,1.027027027027027,0.5773502691896257,1.793007356604921e-16,0.0,0.32142857142857145,0.8517985611510783
0.5,-0.4,0.0,0.4,0.8290155440414507,0.7916666666666666,0.7872340425531915,0.7888307155322865,1.027027027027027,0.5,-0.3660254037844383,1.0,0.35714285714285715,0.8824940047961628
0.5,-0.2,0.0,0.4,0.8497409326424871,0.875,0.8723404255319149,0.8516579406631766,1.027027027027027,0.2886751345948128,-0.6339745962155612,0.0,0.39285714285714285,0.915107913669064
0.5,0.0,0.0,0.4,0.8497409326424871,0.8958333333333334,0.9574468085106383,0.8865619546247824,1.027027027027027,0.0,-0.7320508075688771,0.0,0.42857142857142855,0.9477218225419659
0.5,0.2,1.0,0.4,0.8704663212435233,0.8958333333333334,0.9787234042553191,0.900523560209424,0.972972972972973,-0.2886751345948128,-0.6339745962155612,0.0,0.4642857142857143,0.9822541966426853
0.5,0.4,1.0,0.4,0.8704663212435233,0.9166666666666666,0.9787234042553191,0.9075043630017458,0.972972972972973,-0.5,-0.36602540378443876,0.0,0.5,1.0206235011990406
0.5,0.6,1.0,0.4,0.8704663212435233,0.9166666666666666,1.0,0.9144851657940666,1.054054054054054,-0.577350269189626,0.0,0.0,0.5357142857142857,1.0589928057553948
0.5,0.8,2.0,0.4,1.0362694300518134,0.9166666666666666,1.0,0.9703315881326358,1.135135135135135,-0.5000000000000001,0.3660254037844388,0.0,0.5714285714285714,1.106954436450839
0.5,1.0,2.0,0.4,1.1398963730569949,1.0833333333333333,1.0,1.06108202443281,1.135135135135135,-0.2886751345948132,0.6339745962155612,0.0,0.6071428571428571,1.1587529976019182
0.5,1.2,2.0,0.4,1.1813471502590673,1.1875,1.1702127659574468,1.1657940663176267,1.1891891891891893,-2.1211504774498138e-16,0.7320508075688774,0.0,0.6428571428571429,1.2143884892086323
1.0,-1.0,-1.0,0.4,1.2227979274611398,1.2291666666666667,1.2765957446808511,1.2286212914485168,1.2432432432432432,0.2886751345948128,0.6339745962155615,0.0,0.6785714285714286,1.270023980815347
1.0,-0.8,-1.0,0.4,1.2227979274611398,1.2708333333333333,1.3191489361702127,1.256544502617801,1.3513513513513513,0.49999999999999994,0.3660254037844388,0.0,0.7142857142857143,1.3218225419664262
1.0,-0.6,-1.0,0.4,1.305699481865285,1.2708333333333333,1.3617021276595744,1.2984293193717278,1.4594594594594594,0.5773502691896257,1.793007356604921e-16,0.0,0.75,1.3736211031175054
1.0,-0.4,0.0,0.4,1.5751295336787565,1.3541666666666667,1.3617021276595744,1.417102966841187,1.4864864864864864,0.5,-0.3660254037844383,1.0,0.7857142857142857,1.4426858513189442
1.0,-0.2,0.0,0.4,1.5958549222797926,1.625,1.446808510638298,1.542757417102967,1.4864864864864864,0.2886751345948128,-0.6339745962155612,0.0,0.8214285714285714,1.511750599520383
1.0,0.0,0.0,0.4,1.4922279792746114,1.6458333333333333,1.7234042553191489,1.605584642233857,1.5135135135135136,0.0,-0.7320508075688771,0.0,0.8571428571428571,1.571223021582733
1.0,0.2,1.0,0.4,1.4093264248704662,1.5416666666666667,1.7446808510638299,1.549738219895288,1.5135135135135136,-0.2886751345948128,-0.6339745962155612,0.0,0.8928571428571429,1.6211031175059947
1.0,0.4,1.0,0.4,1.4300518134715026,1.4583333333333333,1.6382978723404256,1.4938917975567196,1.5135135135135136,-0.5,-0.36602540378443876,0.0,0.9285714285714286,1.6729016786570738
1.0,0.6,1.0,0.4,1.450777202072539,1.4791666666666667,1.553191489361702,1.479930191972077,1.7297297297297298,-0.577350269189626,0.0,0.0,0.9642857142857143,1.7266187050359705
1.0,0.8,2.0,0.4,1.450777202072539,1.5,1.574468085106383,1.4938917975567196,1.864864864864865,-0.5000000000000001,0.3660254037844388,0.0,1.0,1.7649880095923256
-1.0,-1.0,-1.0,0.6,-0.31088082901554404,-0.2708333333333333,-0.2127659574468085,-0.2792321116928444,0.6216216216216216,0.2886751345948128,0.6339745962155615,0.0,-1.0357142857142858,-0.051798561151079975
-1.0,-0.8,-1.0,0.6,-0.31088082901554404,-0.2708333333333333,-0.2127659574468085,-0.2792321116928444,0.10810810810810811,0.49999999999999994,0.3660254037844388,0.0,-1.0,-0.09784172661870587
-1.0,-0.6,-1.0,0.6,-0.2694300518134715,-0.2708333333333333,-0.2127659574468085,-0.2652705061082019,0.05405405405405406,0.5773502691896257,1.793007356604921e-16,0.0,-0.9642857142857143,-0.10359712230215912
-1.0,-0.4,0.0,0.6,-0.2694300518134715,-0.22916666666666666,-0.2127659574468085,-0.2513089005235602,0.0,0.5,-0.3660254037844383,0.0,-0.9285714285714286,-0.10551558752997658
-1.0,-0.2,0.0,0.6,-0.22797927461139897,-0.22916666666666666,-0.1702127659574468,-0.22338568935427525,-0.10810810810810811,0.2886751345948128,-0.6339745962155612,1.0,-0.8928571428571429,-0.09976019184652334
-1.0,0.0,0.0,0.6,0.08290155440414508,-0.1875,-0.1702127659574468,-0.10471204188481675,-0.05405405405405406,0.0,-0.7320508075688771,0.0,-0.8571428571428571,-0.05755395683453321
-1.0,0.2,1.0,0.6,-0.29015544041450775,0.125,-0.1276595744680851,-0.11169284467713762,-0.05405405405405406,-0.2886751345948128,-0.6339745962155612,0.0,-0.8214285714285714,-0.05371702637889744
-1.0,0.4,1.0,0.6,-0.29015544041450775,-0.25,0.19148936170212766,-0.13263525305410095,-0.02702702702702703,-0.5,-0.36602540378443876,0.0,-0.7857142857142857,-0.04988009592326167
-1.0,0.6,1.0,0.6,-0.29015544041450775,-0.25,-0.19148936170212766,-0.2582897033158811,-0.02702702702702703,-0.577350269189626,0.0,0.0,-0.75,-0.0479616306954442
-1.0,0.8,2.0,0.6,-0.29015544041450775,-0.25,-0.19148936170212766,-0.2582897033158811,-0.02702702702702703,-0.5000000000000001,0.3660254037844388,0.0,-0.7142857142857143,-0.04604316546762674
-1.0,1.0,2.0,0.6,-0.29015544041450775,-0.25,-0.19148936170212766,-0.2582897033158811,-0.02702702702702703,-0.2886751345948132,0.6339745962155612,0.0,-0.6785714285714286,-0.04412470023980843
-1.0,1.2,2.0,0.6,-0.29015544041450775,-0.25,-0.19148936170212766,-0.2582897033158811,-0.02702702702702703,-2.1211504774498138e-16,0.7320508075688774,0.0,-0.6428571428571429,-0.042206235011990965
-0.5,-1.0,-1.0,0.6,-0.29015544041450775,-0.25,-0.19148936170212766,-0.2582897033158811,-0.02702702702702703,0.2886751345948128,0.6339745962155615,0.0,-0.6071428571428571,-0.0402877697841735
-0.5,-0.8,-1.0,0.6,-0.29015544041450775,-0.25,-0.19148936170212766,-0.2582897033158811,0.02702702702702703,0.49999999999999994,0.3660254037844388,0.0,-0.5714285714285714,-0.0383693045563552
-0.5,-0.6,-1.0,0.6,-0.31088082901554404,-0.25,-0.19148936170212766,-0.2652705061082019,0.02702702702702703,0.5773502691896257,1.793007356604921e-16,0.0,-0.5357142857142857,-0.042206235011990965
-0.5,-0.4,0.0,0.6,-0.31088082901554404,-0.2708333333333333,-0.19148936170212766,-0.27225130890052357,0.08108108108108109,0.5,-0.3660254037844383,0.0,-0.5,-0.04604316546762674
-0.5,-0.2,0.0,0.6,-0.31088082901554404,-0.2708333333333333,-0.2127659574468085,-0.2792321116928444,0.4864864864864865,0.2886751345948128,-0.6339745962155612,1.0,-0.4642857142857143,-0.05371702637889744
-0.5,0.0,0.0,0.6,-0.31088082901554404,-0.2708333333333333,-0.2127659574468085,-0.2792321116928444,0.0,0.0,-0.7320508075688771,0.0,-0.42857142857142855,-0.09016786570743433
-0.5,0.2,1.0,0.6,0.29015544041450775,-0.2708333333333333,-0.2127659574468085,-0.07678883071553178,0.0,-0.2886751345948128,-0.6339745962155612,0.0,-0.39285714285714285,-0.03645083932853773
-0.5,0.4,1.0,0.6,-0.3316062176165803,0.3333333333333333,-0.2127659574468085,-0.08376963350785341,0.0,-0.5,-0.36602540378443876,0.0,-0.35714285714285715,-0.0402877697841735
-0.5,0.6,1.0,0.6,-0.35233160621761656,-0.2916666666666667,0.40425531914893614,-0.09773123909249513,0.0,-0.577350269189626,0.0,0.0,-0.32142857142857145,-0.04604316546762674
-0.5,0.8,2.0,0.6,-0.35233160621761656,-0.3125,-0.23404255319148937,-0.31413612565445026,0.0,-0.5000000000000001,0.3660254037844388,0.0,-0.2857142857142857,-0.051798561151079975
-0.5,1.0,2.0,0.6,-0.35233160621761656,-0.3125,-0.2553191489361702,-0.32111692844677114,0.0,-0.2886751345948132,0.6339745962155612,0.0,-0.25,-0.05755395683453321
-0.5,1.2,2.0,0.6,-0.35233160621761656,-0.3125,-0.2553191489361702,-0.32111692844677114,0.0,-2.1211504774498138e-16,0.7320508075688774,0.0,-0.21428571428571427,-0.06330935251798644
0.0,-1.0,-1.0,0.6,-0.35233160621761656,-0.3125,-0.2553191489361702,-0.32111692844677114,0.0,0.2886751345948128,0.6339745962155615,0.0,-0.17857142857142858,-0.06906474820143968
0.0,-0.8,-1.0,0.6,-0.3316062176165803,-0.3125,-0.2553191489361702,-0.31413612565445026,-0.02702702702702703,0.49999999999999994,0.3660254037844388,0.0,-0.14285714285714285,-0.07290167865707461
0.0,-0.6,-1.0,0.6,-0.6424870466321243,-0.2916666666666667,-0.2553191489361702,-0.4118673647469454,-0.02702702702702703,0.5773502691896257,1.793007356604921e-16,0.0,-0.10714285714285714,-0.10359712230215912
0.0,-0.4,0.0,0.6,-0.31088082901554404,-0.6041666666666666,-0.23404255319148937,-0.39790575916230364,-0.02702702702702703,0.5,-0.3660254037844383,0.0,-0.07142857142857142,-0.10359712230215912
0.0,-0.2,0.0,0.6,-0.31088082901554404,-0.2708333333333333,-0.5531914893617021,-0.39092495636998204,-0.02702702702702703,0.2886751345948128,-0.6339745962155612,1.0,-0.03571428571428571,-0.10359712230215912
0.0,0.0,0.0,0.6,-0.31088082901554404,-0.2708333333333333,-0.2127659574468085,-0.2792321116928444,0.7567567567567568,0.0,-0.7320508075688771,0.0,0.0,-0.10359712230215912
0.0,0.2,1.0,0.6,-0.31088082901554404,-0.2708333333333333,-0.2127659574468085,-0.2792321116928444,-0.05405405405405406,-0.2886751345948128,-0.6339745962155612,0.0,0.03571428571428571,-0.1592326139088732
0.0,0.4,1.0,0.6,-0.3316062176165803,-0.2708333333333333,-0.2127659574468085,-0.2862129144851653,-0.08108108108108109,-0.5,-0.36602540378443876,0.0,0.07142857142857142,-0.1592326139088732
0.0,0.6,1.0,0.6,-0.31088082901554404,-0.2916666666666667,-0.2127659574468085,-0.2862129144851653,-0.08108108108108109,-0.577350269189626,0.0,0.0,0.10714285714285714,-0.15539568345323826
0.0,0.8,2.0,0.6,-0.24870466321243523,-0.2708333333333333,-0.23404255319148937,-0.2652705061082019,-0.08108108108108109,-0.5000000000000001,0.3660254037844388,0.0,0.14285714285714285,-0.14580335731414923
0.0,1.0,2.0,0.6,-0.16580310880829016,-0.20833333333333334,-0.2127659574468085,-0.2094240837696335,-0.08108108108108109,-0.2886751345948132,0.6339745962155612,0.0,0.17857142857142858,-0.12853717026378952
0.0,1.2,2.0,0.6,-0.14507772020725387,-0.125,-0.14893617021276595,-0.15357766143106433,-0.08108108108108109,-2.1211504774498138e-16,0.7320508075688774,0.0,0.21428571428571427,-0.10935251798561235
0.5,-1.0,-1.0,0.6,-0.08290155440414508,-0.10416666666666667,-0.06382978723404255,-0.09773123909249513,-0.05405405405405406,0.2886751345948128,0.6339745962155615,0.0,0.25,-0.0844124700239811
0.5,-0.8,-1.0,0.6,0.04145077720207254,-0.041666666666666664,-0.0425531914893617,-0.027923211169284215,-0.4594594594594595,0.49999999999999994,0.3660254037844388,0.0,0.2857142857142857,-0.04988009592326167
0.5,-0.6,-1.0,0.6,0.16580310880829016,0.08333333333333333,0.02127659574468085,0.07678883071553254,-0.02702702702702703,0.5773502691896257,1.793007356604921e-16,0.0,0.32142857142857145,0.024940047961630418
0.5,-0.4,0.0,0.6,0.2694300518134715,0.20833333333333334,0.14893617021276595,0.1954624781849918,-0.02702702702702703,0.5,-0.3660254037844383,1.0,0.35714285714285715,0.07865707434052702
0.5,-0.2,0.0,0.6,0.37305699481865284,0.3125,0.2765957446808511,0.3071553228621294,-0.02702702702702703,0.2886751345948128,-0.6339745962155612,0.0,0.39285714285714285,0.14196642685851263
0.5,0.0,0.0,0.6,0.12435233160621761,0.4166666666666667,0.3829787234042553,0.2931937172774869,-0.02702702702702703,0.0,-0.7320508075688771,0.0,0.42857142857142855,0.1822541966426853
0.5,0.2,1.0,0.6,0.43523316062176165,0.16666666666666666,0.48936170212765956,0.3490401396160561,-0.05405405405405406,-0.2886751345948128,-0.6339745962155612,0.0,0.4642857142857143,0.25131894484412415
0.5,0.4,1.0,0.6,0.43523316062176165,0.4791666666666667,0.23404255319148937,0.36998254799301944,-0.02702702702702703,-0.5,-0.36602540378443876,0.0,0.5,0.32230215827338043
0.5,0.6,1.0,0.6,0.43523316062176165,0.4791666666666667,0.5531914893617021,0.4746945898778362,0.05405405405405406,-0.577350269189626,0.0,0.0,0.5357142857142857,0.3913669064748193
0.5,0.8,2.0,0.6,0.5595854922279793,0.4791666666666667,0.5531914893617021,0.5165794066317629,0.16216216216216217,-0.5000000000000001,0.3660254037844388,0.0,0.5714285714285714,0.4661870503597114
0.5,1.0,2.0,0.6,0.7875647668393783,0.6041666666666666,0.5531914893617021,0.6352530541012221,0.1891891891891892,-0.2886751345948132,0.6339745962155612,0.0,0.6071428571428571,0.5544364508393282
0.5,1.2,2.0,0.6,0.8911917098445595,0.8333333333333334,0.6808510638297872,0.7888307155322865,0.2702702702702703,-2.1211504774498138e-16,0.7320508075688774,0.0,0.6428571428571429,0.6503597122302149
1.0,-1.0,-1.0,0.6,0.8911917098445595,0.9375,0.9148936170212766,0.900523560209424,0.43243243243243246,0.2886751345948128,0.6339745962155615,0.0,0.6785714285714286,0.7405275779376493
1.0,-0.8,-1.0,0.6,0.8704663212435233,0.9375,1.0212765957446808,0.928446771378709,0.5945945945945946,0.49999999999999994,0.3660254037844388,0.0,0.7142857142857143,0.8172661870503589
1.0,-0.6,-1.0,0.6,0.9948186528497409,0.9166666666666666,1.0212765957446808,0.9633507853403142,0.7297297297297297,0.5773502691896257,1.793007356604921e-16,0.0,0.75,0.8940047961630693
1.0,-0.4,0.0,0.6,1.4093264248704662,1.0416666666666667,1.0,1.1378708551483425,0.8648648648648649,0.5,-0.3660254037844383,1.0,0.7857142857142857,0.999520383693045
1.0,-0.2,0.0,0.6,1.4093264248704662,1.4583333333333333,1.127659574468085,1.3193717277486912,0.5405405405405406,0.2886751345948128,-0.6339745962155612,0.0,0.8214285714285714,1.0954436450839327
1.0,0.0,0.0,0.6,1.2435233160621761,1.4583333333333333,1.553191489361702,1.4031413612565444,0.9459459459459459,0.0,-0.7320508075688771,0.0,0.8571428571428571,1.1990407673860908
1.0,0.2,1.0,0.6,1.2020725388601037,1.2916666666666667,1.553191489361702,1.3333333333333335,0.9459459459459459,-0.2886751345948128,-0.6339745962155612,0.0,0.8928571428571429,1.270023980815347
1.0,0.4,1.0,0.6,1.2020725388601037,1.25,1.3829787234042554,1.2635253054101228,0.9459459459459459,-0.5,-0.36602540378443876,0.0,0.9285714285714286,1.3410071942446036
1.0,0.6,1.0,0.6,1.2020725388601037,1.25,1.3404255319148937,1.2495636998254802,1.1081081081081081,-0.577350269189626,0.0,0.0,0.9642857142857143,1.4119904076738605
1.0,0.8,2.0,0.6,1.1813471502590673,1.25,1.3404255319148937,1.2425828970331594,1.4054054054054055,-0.5000000000000001,0.3660254037844388,0.0,1.0,1.469544364508393
-1.0,-0.8,-1.0,0.8,-0.37305699481865284,-0.3333333333333333,-0.2765957446808511,-0.34205933682373446,0.13513513513513514,0.49999999999999994,0.3660254037844388,0.0,-1.0,-0.10551558752997658
-1.0,-0.6,-1.0,0.8,-0.3316062176165803,-0.3333333333333333,-0.2765957446808511,-0.32809773123909197,0.08108108108108109,0.5773502691896257,1.793007356604921e-16,0.0,-0.9642857142857143,-0.11894484412470052
-1.0,-0.4,0.0,0.8,-0.3316062176165803,-0.2916666666666667,-0.2765957446808511,-0.31413612565445026,0.08108108108108109,0.5,-0.3660254037844383,0.0,-0.9285714285714286,-0.12853717026378952
-1.0,-0.2,0.0,0.8,-0.3316062176165803,-0.2916666666666667,-0.23404255319148937,-0.30017452006980777,0.08108108108108109,0.2886751345948128,-0.6339745962155612,1.0,-0.8928571428571429,-0.13812949640287853
-1.0,0.0,0.0,0.8,-0.3316062176165803,-0.2916666666666667,-0.23404255319148937,-0.30017452006980777,-0.05405405405405406,0.0,-0.7320508075688771,0.0,-0.8571428571428571,-0.1477218225419667
-1.0,0.2,1.0,0.8,-0.3316062176165803,-0.2916666666666667,-0.23404255319148937,-0.30017452006980777,-0.05405405405405406,-0.2886751345948128,-0.6339745962155612,0.0,-0.8214285714285714,-0.1477218225419667
-1.0,0.4,1.0,0.8,-0.3316062176165803,-0.2916666666666667,-0.23404255319148937,-0.30017452006980777,-0.05405405405405406,-0.5,-0.36602540378443876,0.0,-0.7857142857142857,-0.1477218225419667
-1.0,0.6,1.0,0.8,-0.3316062176165803,-0.2916666666666667,-0.23404255319148937,-0.30017452006980777,-0.10810810810810811,-0.577350269189626,0.0,0.0,-0.75,-0.1477218225419667
-1.0,0.8,2.0,0.8,-0.3316062176165803,-0.2916666666666667,-0.23404255319148937,-0.30017452006980777,-0.10810810810810811,-0.5000000000000001,0.3660254037844388,0.0,-0.7142857142857143,-0.14388489208633176
-1.0,1.0,2.0,0.8,-0.3316062176165803,-0.2916666666666667,-0.23404255319148937,-0.30017452006980777,-0.10810810810810811,-0.2886751345948132,0.6339745962155612,0.0,-0.6785714285714286,-0.140047961630696
-1.0,1.2,2.0,0.8,-0.3316062176165803,-0.2916666666666667,-0.23404255319148937,-0.30017452006980777,-0.10810810810810811,-2.1211504774498138e-16,0.7320508075688774,0.0,-0.6428571428571429,-0.13621103117506023
-0.5,-1.0,-1.0,0.8,-0.3316062176165803,-0.2916666666666667,-0.23404255319148937,-0.30017452006980777,-0.10810810810810811,0.2886751345948128,0.6339745962155615,0.0,-0.6071428571428571,-0.1323741007194253
-0.5,-0.8,-1.0,0.8,-0.3316062176165803,-0.2916666666666667,-0.23404255319148937,-0.30017452006980777,-0.05405405405405406,0.49999999999999994,0.3660254037844388,0.0,-0.5714285714285714,-0.12853717026378952
-0.5,-0.6,-1.0,0.8,-0.3316062176165803,-0.2916666666666667,-0.23404255319148937,-0.30017452006980777,-0.05405405405405406,0.5773502691896257,1.793007356604921e-16,0.0,-0.5357142857142857,-0.12853717026378952
-0.5,-0.4,0.0,0.8,-0.3316062176165803,-0.2916666666666667,-0.23404255319148937,-0.30017452006980777,-0.05405405405405406,0.5,-0.3660254037844383,0.0,-0.5,-0.12853717026378952
-0.5,-0.2,0.0,0.8,-0.3316062176165803,-0.2916666666666667,-0.23404255319148937,-0.30017452006980777,-0.05405405405405406,0.2886751345948128,-0.6339745962155612,1.0,-0.4642857142857143,-0.12853717026378952
-0.5,0.0,0.0,0.8,-0.43523316062176165,-0.2916666666666667,-0.23404255319148937,-0.33507853403141363,-0.05405405405405406,0.0,-0.7320508075688771,0.0,-0.42857142857142855,-0.13812949640287853
-0.5,0.2,1.0,0.8,-0.43523316062176165,-0.3958333333333333,-0.23404255319148937,-0.36998254799301866,-0.05405405405405406,-0.2886751345948128,-0.6339745962155612,0.0,-0.39285714285714285,-0.1477218225419667
-0.5,0.4,1.0,0.8,-0.43523316062176165,-0.3958333333333333,-0.3404255319148936,-0.4048865619546245,-0.05405405405405406,-0.5,-0.36602540378443876,0.0,-0.35714285714285715,-0.15731414868105573
-0.5,0.6,1.0,0.8,-0.43523316062176165,-0.3958333333333333,-0.3404255319148936,-0.4048865619546245,-0.05405405405405406,-0.577350269189626,0.0,0.0,-0.32142857142857145,-0.16690647482014473
-0.5,0.8,2.0,0.8,-0.43523316062176165,-0.3958333333333333,-0.3404255319148936,-0.4048865619546245,-0.05405405405405406,-0.5000000000000001,0.3660254037844388,0.0,-0.2857142857142857,-0.1764988009592329
-0.5,1.0,2.0,0.8,-0.43523316062176165,-0.3958333333333333,-0.3404255319148936,-0.4048865619546245,-0.05405405405405406,-0.2886751345948132,0.6339745962155612,0.0,-0.25,-0.1860911270983219
-0.5,1.2,2.0,0.8,-0.2694300518134715,-0.3958333333333333,-0.3404255319148936,-0.34904013961605534,-0.05405405405405406,-2.1211504774498138e-16,0.7320508075688774,0.0,-0.21428571428571427,-0.18033573141486867
0.0,-1.0,-1.0,0.8,-0.2694300518134715,-0.22916666666666666,-0.3404255319148936,-0.2931937172774869,-0.05405405405405406,0.2886751345948128,0.6339745962155615,0.0,-0.17857142857142858,-0.17458033573141543
0.0,-0.8,-1.0,0.8,-0.2694300518134715,-0.22916666666666666,-0.1702127659574468,-0.2373472949389177,-0.05405405405405406,0.49999999999999994,0.3660254037844388,0.0,-0.14285714285714285,-0.1688249400479622
0.0,-0.6,-1.0,0.8,-0.2694300518134715,-0.22916666666666666,-0.1702127659574468,-0.2373472949389177,-0.05405405405405406,0.5773502691896257,1.793007356604921e-16,0.0,-0.10714285714285714,-0.16306954436450896
0.0,-0.4,0.0,0.8,-0.2694300518134715,-0.22916666666666666,-0.1702127659574468,-0.2373472949389177,-0.05405405405405406,0.5,-0.3660254037844383,0.0,-0.07142857142857142,-0.15731414868105573
0.0,-0.2,0.0,0.8,-0.2694300518134715,-0.22916666666666666,-0.1702127659574468,-0.2373472949389177,-0.1891891891891892,0.2886751345948128,-0.6339745962155612,1.0,-0.03571428571428571,-0.15155875299760246
0.0,0.0,0.0,0.8,-0.2694300518134715,-0.22916666666666666,-0.1702127659574468,-0.2373472949389177,-0.1891891891891892,0.0,-0.7320508075688771,0.0,0.0,-0.13621103117506023
0.0,0.2,1.0,0.8,-0.2694300518134715,-0.22916666666666666,-0.1702127659574468,-0.2373472949389177,-0.1891891891891892,-0.2886751345948128,-0.6339745962155612,0.0,0.03571428571428571,-0.12086330935251882
0.0,0.4,1.0,0.8,-0.2694300518134715,-0.22916666666666666,-0.1702127659574468,-0.2373472949389177,-0.1891891891891892,-0.5,-0.36602540378443876,0.0,0.07142857142857142,-0.10551558752997658
0.0,0.6,1.0,0.8,-0.2694300518134715,-0.22916666666666666,-0.1702127659574468,-0.2373472949389177,-0.1891891891891892,-0.577350269189626,0.0,0.0,0.10714285714285714,-0.09016786570743433
0.0,0.8,2.0,0.8,-0.2694300518134715,-0.22916666666666666,-0.1702127659574468,-0.2373472949389177,-0.1891891891891892,-0.5000000000000001,0.3660254037844388,0.0,0.14285714285714285,-0.07482014388489293
0.0,1.0,2.0,0.8,-0.22797927461139897,-0.22916666666666666,-0.1702127659574468,-0.22338568935427525,0.02702702702702703,-0.2886751345948132,0.6339745962155612,0.0,0.17857142857142858,-0.05563549160671491
0.0,1.2,2.0,0.8,-0.22797927461139897,-0.1875,-0.1702127659574468,-0.2094240837696335,0.02702702702702703,-2.1211504774498138e-16,0.7320508075688774,0.0,0.21428571428571427,-0.051798561151079975
0.5,-1.0,-1.0,0.8,-0.12435233160621761,-0.1875,-0.1276595744680851,-0.16055846422338518,0.02702702702702703,0.2886751345948128,0.6339745962155615,0.0,0.25,-0.0383693045563552
0.5,-0.8,-1.0,0.8,0.08290155440414508,-0.08333333333333333,-0.1276595744680851,-0.05584642233856843,0.02702702702702703,0.49999999999999994,0.3660254037844388,0.0,0.2857142857142857,-0.0057553956834540745
0.5,-0.6,-1.0,0.8,0.18652849740932642,0.125,-0.02127659574468085,0.08376963350785341,0.02702702702702703,0.5773502691896257,1.793007356604921e-16,0.0,0.32142857142857145,0.03645083932853689
0.5,-0.4,0.0,0.8,0.45595854922279794,0.22916666666666666,0.19148936170212766,0.2792321116928452,0.02702702702702703,0.5,-0.3660254037844383,1.0,0.35714285714285715,0.10359712230215744
0.5,-0.2,0.0,0.8,0.45595854922279794,0.5,0.2978723404255319,0.4048865619546253,0.02702702702702703,0.2886751345948128,-0.6339745962155612,0.0,0.39285714285714285,0.17074340527577883
0.5,0.0,0.0,0.8,0.6010362694300518,0.5,0.574468085106383,0.5445026178010471,0.02702702702702703,0.0,-0.7320508075688771,0.0,0.42857142857142855,0.25131894484412415
0.5,0.2,1.0,0.8,0.45595854922279794,0.6458333333333334,0.574468085106383,0.5445026178010471,0.02702702702702703,-0.2886751345948128,-0.6339745962155612,0.0,0.4642857142857143,0.3184652278177455
0.5,0.4,1.0,0.8,0.45595854922279794,0.5,0.723404255319149,0.5445026178010471,0.02702702702702703,-0.5,-0.36602540378443876,0.0,0.5,0.3856115107913661
0.5,0.6,1.0,0.8,0.39378238341968913,0.5,0.574468085106383,0.4746945898778362,0.02702702702702703,-0.577350269189626,0.0,0.0,0.5357142857142857,0.4470023980815342
0.5,0.8,2.0,0.8,0.5595854922279793,0.4375,0.574468085106383,0.509598603839442,0.08108108108108109,-0.5000000000000001,0.3660254037844388,0.0,0.5714285714285714,0.5237410071942438
0.5,1.0,2.0,0.8,0.7046632124352331,0.6041666666666666,0.5106382978723404,0.5933682373472955,0.08108108108108109,-0.2886751345948132,0.6339745962155612,0.0,0.6071428571428571,0.6100719424460423
0.5,1.2,2.0,0.8,0.7046632124352331,0.75,0.6808510638297872,0.6980802792321122,0.21621621621621623,-2.1211504774498138e-16,0.7320508075688774,0.0,0.6428571428571429,0.6964028776978409
1.0,-1.0,-1.0,0.8,0.8082901554404145,0.75,0.8297872340425532,0.7818499127399656,0.4864864864864865,0.2886751345948128,0.6339745962155615,0.0,0.6785714285714286,0.7827338129496394
1.0,-0.8,-1.0,0.8,0.8082901554404145,0.8541666666666666,0.8297872340425532,0.8167539267015707,0.6216216216216216,0.49999999999999994,0.3660254037844388,0.0,0.7142857142857143,0.8498800959232609
1.0,-0.6,-1.0,0.8,0.9119170984455959,0.8541666666666666,0.9361702127659575,0.8865619546247824,0.972972972972973,0.5773502691896257,1.793007356604921e-16,0.0,0.75,0.9170263788968822
1.0,-0.4,0.0,0.8,1.4300518134715026,0.9583333333333334,0.9361702127659575,1.0959860383944158,0.972972972972973,0.5,-0.3660254037844383,1.0,0.7857142857142857,1.0071942446043156
1.0,-0.2,0.0,0.8,1.3264248704663213,1.4791666666666667,1.0425531914893618,1.2705061082024436,1.162162162162162,0.2886751345948128,-0.6339745962155612,0.0,0.8214285714285714,1.087769784172661
1.0,0.0,0.0,0.8,1.3264248704663213,1.375,1.574468085106383,1.4101221640488661,0.972972972972973,0.0,-0.7320508075688771,0.0,0.8571428571428571,1.1549160671462824
1.0,0.2,1.0,0.8,0.9119170984455959,1.375,1.4680851063829787,1.2356020942408377,0.972972972972973,-0.2886751345948128,-0.6339745962155612,0.0,0.8928571428571429,1.1971223021582726
1.0,0.4,1.0,0.8,0.9119170984455959,0.9583333333333334,1.4680851063829787,1.0959860383944158,0.8918918918918919,-0.5,-0.36602540378443876,0.0,0.9285714285714286,1.2393285371702636
1.0,0.6,1.0,0.8,0.9119170984455959,0.9583333333333334,1.0425531914893618,0.9563699825479933,1.1081081081081081,-0.577350269189626,0.0,0.0,0.9642857142857143,1.287290167865707
1.0,0.8,2.0,0.8,0.9119170984455959,0.9583333333333334,1.0425531914893618,0.9563699825479933,1.2972972972972974,-0.5000000000000001,0.3660254037844388,0.0,1.0,1.3199040767386088
