tahun,bulan,kuartal,wilayah_enc,harga_lag1,harga_lag2,harga_lag3,harga_rolling3,harga_lag12,sin_bulan,cos_bulan,is_lebaran_month,tren_index,harga_rolling12
-1.0,-0.8,-1.0,-1.0,-1.1228070175438596,-1.0909090909090908,-1.1538461538461537,-1.0892586989409987,-0.7868852459016393,0.49999999999999994,0.3660254037844388,0.0,-1.0,-1.1269906084115962
-1.0,-0.6,-1.0,-1.0,-1.0526315789473684,-1.0909090909090908,-1.1538461538461537,-1.0650529500756434,-0.8524590163934426,0.5773502691896257,1.793007356604921e-16,0.0,-0.9642857142857143,-1.1351572070232745
-1.0,-0.4,0.0,-1.0,-1.105263157894737,-1.018181818181818,-1.1538461538461537,-1.059001512859304,-1.005464480874317,0.5,-0.3660254037844383,0.0,-0.9285714285714286,-1.143323805634953
-1.0,-0.2,0.0,-1.0,-1.105263157894737,-1.0727272727272728,-1.0769230769230769,-1.0529500756429655,-1.005464480874317,0.2886751345948128,-0.6339745962155612,1.0,-0.8928571428571429,-1.1400571661902816
-1.0,0.0,0.0,-1.0,-1.105263157894737,-1.0727272727272728,-1.1346153846153846,-1.071104387291982,-0.9836065573770492,0.0,-0.7320508075688771,0.0,-0.8571428571428571,-1.13679052674561
-1.0,0.2,1.0,-1.0,-1.105263157894737,-1.0727272727272728,-1.1346153846153846,-1.071104387291982,-0.9836065573770492,-0.2886751345948128,-0.6339745962155612,0.0,-0.8214285714285714,-1.1351572070232745
-1.0,0.4,1.0,-1.0,-1.0350877192982457,-1.0727272727272728,-1.1346153846153846,-1.0468986384266268,-0.9836065573770492,-0.5,-0.36602540378443876,0.0,-0.7857142857142857,-1.1269906084115962
-1.0,0.6,1.0,-1.0,-1.105263157894737,-1.0,-1.1346153846153846,-1.0468986384266268,-0.9617486338797814,-0.577350269189626,0.0,0.0,-0.75,-1.1253572886892607
-1.0,0.8,2.0,-1.0,-1.0526315789473684,-1.0727272727272728,-1.0576923076923077,-1.0287443267776102,-0.9836065573770492,-0.5000000000000001,0.3660254037844388,0.0,-0.7142857142857143,-1.1204573295222537
-1.0,1.0,2.0,-1.0,-1.0526315789473684,-1.018181818181818,-1.1346153846153846,-1.0347957639939487,-0.9836065573770492,-0.2886751345948132,0.6339745962155612,0.0,-0.6785714285714286,-1.1139240506329113
-1.0,1.2,2.0,-1.0,-1.0526315789473684,-1.018181818181818,-1.0769230769230769,-1.016641452344932,-0.9836065573770492,-2.1211504774498138e-16,0.7320508075688774,0.0,-0.6428571428571429,-1.1073907717435683
-0.5,-1.0,-1.0,-1.0,-1.0701754385964912,-1.018181818181818,-1.0769230769230769,-1.0226928895612708,-0.9836065573770492,0.2886751345948128,0.6339745962155615,0.0,-0.6071428571428571,-1.1024908125765613
-0.5,-0.8,-1.0,-1.0,-1.0701754385964912,-1.0363636363636364,-1.0769230769230769,-1.0287443267776102,-0.8961748633879781,0.49999999999999994,0.3660254037844388,0.0,-0.5714285714285714,-1.0975908534095544
-0.5,-0.6,-1.0,-1.0,-1.087719298245614,-1.0363636363636364,-1.0961538461538463,-1.0408472012102874,-0.9617486338797814,0.5773502691896257,1.793007356604921e-16,0.0,-0.5357142857142857,-1.100857492854226
-0.5,-0.4,0.0,-1.0,-1.105263157894737,-1.0545454545454545,-1.0961538461538463,-1.0529500756429655,-0.9617486338797814,0.5,-0.3660254037844383,0.0,-0.5,-1.100857492854226
-0.5,-0.2,0.0,-1.0,-1.087719298245614,-1.0727272727272728,-1.1153846153846154,-1.059001512859304,-0.9617486338797814,0.2886751345948128,-0.6339745962155612,1.0,-0.4642857142857143,-1.0992241731318906
-0.5,0.0,0.0,-1.0,-1.1228070175438596,-1.0545454545454545,-1.1346153846153846,-1.071104387291982,-0.9617486338797814,0.0,-0.7320508075688771,0.0,-0.42857142857142855,-1.100857492854226
-0.5,0.2,1.0,-1.0,-1.1228070175438596,-1.0909090909090908,-1.1153846153846154,-1.0771558245083208,-0.8743169398907104,-0.2886751345948128,-0.6339745962155612,0.0,-0.39285714285714285,-1.1024908125765613
-0.5,0.4,1.0,-1.0,-1.105263157894737,-1.0909090909090908,-1.1538461538461537,-1.08320726172466,-0.9617486338797814,-0.5,-0.36602540378443876,0.0,-0.35714285714285715,-1.1090240914659044
-0.5,0.6,1.0,-1.0,-1.1228070175438596,-1.0727272727272728,-1.1538461538461537,-1.08320726172466,-0.8961748633879781,-0.577350269189626,0.0,0.0,-0.32142857142857145,-1.11065741118824
-0.5,0.8,2.0,-1.0,-1.0701754385964912,-1.0909090909090908,-1.1346153846153846,-1.0650529500756434,-0.8961748633879781,-0.5000000000000001,0.3660254037844388,0.0,-0.2857142857142857,-1.1122907309105754
-0.5,1.0,2.0,-1.0,-1.105263157894737,-1.0363636363636364,-1.1538461538461537,-1.0650529500756434,-0.8961748633879781,-0.2886751345948132,0.6339745962155612,0.0,-0.25,-1.1171906900775823
-0.5,1.2,2.0,-1.0,-1.1228070175438596,-1.0727272727272728,-1.0961538461538463,-1.0650529500756434,-0.9180327868852459,-2.1211504774498138e-16,0.7320508075688774,0.0,-0.21428571428571427,-1.1237239689669254
0.0,-1.0,-1.0,-1.0,-1.087719298245614,-1.0909090909090908,-1.1346153846153846,-1.071104387291982,-0.9180327868852459,0.2886751345948128,0.6339745962155615,0.0,-0.17857142857142858,-1.1253572886892607
0.0,-0.8,-1.0,-1.0,-1.0701754385964912,-1.0545454545454545,-1.1538461538461537,-1.059001512859304,-0.9398907103825137,0.49999999999999994,0.3660254037844388,0.0,-0.14285714285714285,-1.1253572886892607
0.0,-0.6,-1.0,-1.0,-1.0701754385964912,-1.0363636363636364,-1.1153846153846154,-1.0408472012102874,-0.9617486338797814,0.5773502691896257,1.793007356604921e-16,0.0,-0.10714285714285714,-1.1237239689669254
0.0,-0.4,0.0,-1.0,-1.0350877192982457,-1.0363636363636364,-1.0961538461538463,-1.0226928895612708,-0.9398907103825137,0.5,-0.3660254037844383,0.0,-0.07142857142857142,-1.1171906900775823
0.0,-0.2,0.0,-1.0,-1.0526315789473684,-1.0,-1.0961538461538463,-1.016641452344932,-0.9836065573770492,0.2886751345948128,-0.6339745962155612,1.0,-0.03571428571428571,-1.1139240506329113
0.0,0.0,0.0,-1.0,-1.0526315789473684,-1.018181818181818,-1.0576923076923077,-1.0105900151285936,-0.9836065573770492,0.0,-0.7320508075688771,0.0,0.0,-1.1073907717435683
0.0,0.2,1.0,-1.0,-1.0526315789473684,-1.018181818181818,-1.0769230769230769,-1.016641452344932,-0.9617486338797814,-0.2886751345948128,-0.6339745962155612,0.0,0.03571428571428571,-1.100857492854226
0.0,0.4,1.0,-1.0,-1.0350877192982457,-1.018181818181818,-1.0769230769230769,-1.0105900151285936,-0.9836065573770492,-0.5,-0.36602540378443876,0.0,0.07142857142857142,-1.0943242139648837
0.0,0.6,1.0,-1.0,-1.0175438596491229,-1.0,-1.0769230769230769,-0.9984871406959155,-0.9180327868852459,-0.577350269189626,0.0,0.0,0.10714285714285714,-1.0845242956308698
0.0,0.8,2.0,-1.0,-0.8070175438596491,-0.9818181818181818,-1.0576923076923077,-0.9137670196671709,-0.9617486338797814,-0.5000000000000001,0.3660254037844388,0.0,0.14285714285714285,-1.060024499795835
0.0,1.0,2.0,-1.0,-0.7192982456140351,-0.7636363636363637,-1.0384615384615385,-0.8048411497730711,-0.9836065573770492,-0.2886751345948132,0.6339745962155612,0.0,0.17857142857142858,-1.0240914659044504
0.0,1.2,2.0,-1.0,-0.7543859649122807,-0.6727272727272727,-0.8076923076923077,-0.7140695915279879,-0.9398907103825137,-2.1211504774498138e-16,0.7320508075688774,0.0,0.21428571428571427,-0.9897917517354017
0.5,-1.0,-1.0,-1.0,-0.8070175438596491,-0.7090909090909091,-0.7115384615384616,-0.7140695915279879,-0.9180327868852459,0.2886751345948128,0.6339745962155615,0.0,0.25,-0.9636586361780316
0.5,-0.8,-1.0,-1.0,-0.6491228070175439,-0.7636363636363637,-0.75,-0.6898638426626326,-0.9180327868852459,0.49999999999999994,0.3660254037844388,0.0,0.2857142857142857,-0.924458962841976
0.5,-0.6,-1.0,-1.0,-0.45614035087719296,-0.6,-0.8076923076923077,-0.5869894099848714,-0.8743169398907104,0.5773502691896257,1.793007356604921e-16,0.0,0.32142857142857145,-0.8672927725602282
0.5,-0.4,0.0,-1.0,-0.5263157894736842,-0.4,-0.6346153846153846,-0.49016641452344945,-0.8961748633879781,0.5,-0.3660254037844383,1.0,0.35714285714285715,-0.8199265006124948
0.5,-0.2,0.0,-1.0,-0.5614035087719298,-0.4727272727272727,-0.4230769230769231,-0.4599092284417548,-0.8961748633879781,0.2886751345948128,-0.6339745962155612,0.0,0.39285714285714285,-0.7741935483870962
0.5,0.0,0.0,-1.0,-0.5614035087719298,-0.509090909090909,-0.5,-0.4962178517397881,-0.8961748633879781,0.0,-0.7320508075688771,0.0,0.42857142857142855,-0.7284605961616983
0.5,0.2,1.0,-1.0,-0.5614035087719298,-0.509090909090909,-0.5384615384615384,-0.508320726172466,-0.8743169398907104,-0.2886751345948128,-0.6339745962155612,0.0,0.4642857142857143,-0.6827276439363005
0.5,0.4,1.0,-1.0,-0.543859649122807,-0.509090909090909,-0.5384615384615384,-0.5022692889561274,-0.8524590163934426,-0.5,-0.36602540378443876,0.0,0.5,-0.6369946917109018
0.5,0.6,1.0,-1.0,-0.43859649122807015,-0.4909090909090909,-0.5384615384615384,-0.4599092284417548,-0.5901639344262295,-0.577350269189626,0.0,0.0,0.5357142857142857,-0.5830951408738255
0.5,0.8,2.0,-1.0,-0.2982456140350877,-0.38181818181818183,-0.5192307692307693,-0.3691376701966716,-0.4808743169398907,-0.5000000000000001,0.3660254037844388,0.0,0.5714285714285714,-0.5357288689260922
0.5,1.0,2.0,-1.0,0.08771929824561403,-0.23636363636363636,-0.40384615384615385,-0.15128593040847182,-0.5245901639344263,-0.2886751345948132,0.6339745962155612,0.0,0.6071428571428571,-0.4605961616986519
0.5,1.2,2.0,-1.0,0.07017543859649122,0.16363636363636364,-0.25,0.024205748865355307,-0.5901639344262295,-2.1211504774498138e-16,0.7320508075688774,0.0,0.6428571428571429,-0.38383013474887695
1.0,-1.0,-1.0,-1.0,0.10526315789473684,0.14545454545454545,0.17307692307692307,0.16338880484114982,-0.39344262295081966,0.2886751345948128,0.6339745962155615,0.0,0.6785714285714286,-0.2988975091874228
1.0,-0.8,-1.0,-1.0,0.10526315789473684,0.18181818181818182,0.15384615384615385,0.16944024205748848,-0.15300546448087432,0.49999999999999994,0.3660254037844388,0.0,0.7142857142857143,-0.2286647611269902
1.0,-0.6,-1.0,-1.0,0.12280701754385964,0.18181818181818182,0.19230769230769232,0.18759455370650513,-0.24043715846994534,0.5773502691896257,1.793007356604921e-16,0.0,0.75,-0.17476521028991382
1.0,-0.4,0.0,-1.0,0.14035087719298245,0.2,0.19230769230769232,0.1996974281391831,-0.28415300546448086,0.5,-0.3660254037844383,1.0,0.7857142857142857,-0.11269906084115897
1.0,-0.2,0.0,-1.0,0.14035087719298245,0.21818181818181817,0.21153846153846154,0.21180030257186108,-0.28415300546448086,0.2886751345948128,-0.6339745962155612,0.0,0.8214285714285714,-0.0473662719477333
1.0,0.0,0.0,-1.0,0.2631578947368421,0.21818181818181817,0.23076923076923078,0.2602118003025717,-0.28415300546448086,0.0,-0.7320508075688771,0.0,0.8571428571428571,0.02939975500204237
1.0,0.2,1.0,-1.0,0.22807017543859648,0.34545454545454546,0.23076923076923078,0.2904689863842663,-0.26229508196721313,-0.2886751345948128,-0.6339745962155612,0.0,0.8928571428571429,0.1028991425071465
1.0,0.4,1.0,-1.0,0.12280701754385964,0.3090909090909091,0.36538461538461536,0.28441754916792766,-0.13114754098360656,-0.5,-0.36602540378443876,0.0,0.9285714285714286,0.16496529195590065
1.0,0.6,1.0,-1.0,0.19298245614035087,0.2,0.3269230769230769,0.2602118003025717,0.04371584699453552,-0.577350269189626,0.0,0.0,0.9642857142857143,0.22376480195998397
1.0,0.8,2.0,-1.0,0.19298245614035087,0.2727272727272727,0.21153846153846154,0.2481089258698944,0.5245901639344263,-0.5000000000000001,0.3660254037844388,0.0,1.0,0.2694977541853826
-1.0,-0.8,-1.0,-0.8,-0.8421052631578947,-0.8,-0.9423076923076923,-0.8290468986384271,-0.5245901639344263,0.49999999999999994,0.3660254037844388,0.0,-1.0,-0.8950592078399344
-1.0,-0.6,-1.0,-0.8,-0.7543859649122807,-0.8,-0.8461538461538461,-0.7685325264750378,-0.5245901639344263,0.5773502691896257,1.793007356604921e-16,0.0,-0.9642857142857143,-0.8950592078399344
-1.0,-0.4,0.0,-0.8,-0.7017543859649122,-0.7090909090909091,-0.8461538461538461,-0.7201210287443272,-0.7431693989071039,0.5,-0.3660254037844383,0.0,-0.9285714285714286,-0.8901592486729275
-1.0,-0.2,0.0,-0.8,-0.7017543859649122,-0.6545454545454545,-0.75,-0.6717095310136159,-0.7431693989071039,0.2886751345948128,-0.6339745962155612,1.0,-0.8928571428571429,-0.8689260922825642
-1.0,0.0,0.0,-0.8,-0.7017543859649122,-0.6545454545454545,-0.6923076923076923,-0.6535552193645993,-0.7868852459016393,0.0,-0.7320508075688771,0.0,-0.8571428571428571,-0.8476929358922004
-1.0,0.2,1.0,-0.8,-0.7017543859649122,-0.6545454545454545,-0.6923076923076923,-0.6535552193645993,-0.7868852459016393,-0.2886751345948128,-0.6339745962155612,0.0,-0.8214285714285714,-0.8231931400571657
-1.0,0.4,1.0,-0.8,-0.7543859649122807,-0.6545454545454545,-0.6923076923076923,-0.6717095310136159,-0.7868852459016393,-0.5,-0.36602540378443876,0.0,-0.7857142857142857,-0.8035933033891379
-1.0,0.6,1.0,-0.8,-0.7543859649122807,-0.7090909090909091,-0.6923076923076923,-0.6898638426626326,-0.7431693989071039,-0.577350269189626,0.0,0.0,-0.75,-0.7839934667211101
-1.0,0.8,2.0,-0.8,-0.7543859649122807,-0.7090909090909091,-0.75,-0.7080181543116492,-0.7431693989071039,-0.5000000000000001,0.3660254037844388,0.0,-0.7142857142857143,-0.7676602694977539
-1.0,1.0,2.0,-0.8,-0.7543859649122807,-0.7090909090909091,-0.75,-0.7080181543116492,-0.7431693989071039,-0.2886751345948132,0.6339745962155612,0.0,-0.6785714285714286,-0.7513270722743977
-1.0,1.2,2.0,-0.8,-0.7543859649122807,-0.7090909090909091,-0.75,-0.7080181543116492,-0.6338797814207651,-2.1211504774498138e-16,0.7320508075688774,0.0,-0.6428571428571429,-0.7349938750510407
-0.5,-1.0,-1.0,-0.8,-0.7543859649122807,-0.7090909090909091,-0.75,-0.7080181543116492,-0.6338797814207651,0.2886751345948128,0.6339745962155615,0.0,-0.6071428571428571,-0.726827276439363
-0.5,-0.8,-1.0,-0.8,-0.7543859649122807,-0.7090909090909091,-0.75,-0.7080181543116492,-0.5245901639344263,0.49999999999999994,0.3660254037844388,0.0,-0.5714285714285714,-0.7186606778276845
-0.5,-0.6,-1.0,-0.8,-0.7543859649122807,-0.7090909090909091,-0.75,-0.7080181543116492,-0.45901639344262296,0.5773502691896257,1.793007356604921e-16,0.0,-0.5357142857142857,-0.7186606778276845
-0.5,-0.4,0.0,-0.8,-0.7543859649122807,-0.7090909090909091,-0.75,-0.7080181543116492,-0.45901639344262296,0.5,-0.3660254037844383,0.0,-0.5,-0.7235606369946914
-0.5,-0.2,0.0,-0.8,-0.7894736842105263,-0.7090909090909091,-0.75,-0.7201210287443272,-0.45901639344262296,0.2886751345948128,-0.6339745962155612,1.0,-0.4642857142857143,-0.7317272356063699
-0.5,0.0,0.0,-0.8,-0.7894736842105263,-0.7454545454545455,-0.75,-0.7322239031770045,-0.45901639344262296,0.0,-0.7320508075688771,0.0,-0.42857142857142855,-0.7398938342180477
-0.5,0.2,1.0,-0.8,-0.7894736842105263,-0.7454545454545455,-0.7884615384615384,-0.7443267776096825,-0.5245901639344263,-0.2886751345948128,-0.6339745962155612,0.0,-0.39285714285714285,-0.7480604328297261
-0.5,0.4,1.0,-0.8,-0.9298245614035088,-0.7454545454545455,-0.7884615384615384,-0.7927382753403938,-0.5245901639344263,-0.5,-0.36602540378443876,0.0,-0.35714285714285715,-0.7643936300530824
-0.5,0.6,1.0,-0.8,-1.0175438596491229,-0.8909090909090909,-0.7884615384615384,-0.871406959152799,-0.5245901639344263,-0.577350269189626,0.0,0.0,-0.32142857142857145,-0.7888934258881171
-0.5,0.8,2.0,-0.8,-1.0175438596491229,-0.9818181818181818,-0.9423076923076923,-0.9500756429652042,-0.5245901639344263,-0.5000000000000001,0.3660254037844388,0.0,-0.2857142857142857,-0.8133932217231518
-0.5,1.0,2.0,-0.8,-1.0175438596491229,-0.9818181818181818,-1.0384615384615385,-0.9803328290468989,-0.5245901639344263,-0.2886751345948132,0.6339745962155612,0.0,-0.25,-0.8378930175581865
-0.5,1.2,2.0,-0.8,-1.105263157894737,-0.9818181818181818,-1.0384615384615385,-1.0105900151285936,-0.5245901639344263,-2.1211504774498138e-16,0.7320508075688774,0.0,-0.21428571428571427,-0.8705594120048997
0.0,-1.0,-1.0,-0.8,-1.105263157894737,-1.0727272727272728,-1.0384615384615385,-1.0408472012102874,-0.5245901639344263,0.2886751345948128,0.6339745962155615,0.0,-0.17857142857142858,-0.9032258064516129
0.0,-0.8,-1.0,-0.8,-0.9298245614035088,-1.0727272727272728,-1.1346153846153846,-1.0105900151285936,-0.5245901639344263,0.49999999999999994,0.3660254037844388,0.0,-0.14285714285714285,-0.9195590036749691
0.0,-0.6,-1.0,-0.8,-0.9298245614035088,-0.8909090909090909,-1.1346153846153846,-0.9500756429652042,-0.5245901639344263,0.5773502691896257,1.793007356604921e-16,0.0,-0.10714285714285714,-0.9358922008983254
0.0,-0.4,0.0,-0.8,-0.7017543859649122,-0.8909090909090909,-0.9423076923076923,-0.8108925869894104,-0.5683060109289617,0.5,-0.3660254037844383,0.0,-0.07142857142857142,-0.9309922417313184
0.0,-0.2,0.0,-0.8,-0.7017543859649122,-0.6545454545454545,-0.9423076923076923,-0.7322239031770045,-0.5683060109289617,0.2886751345948128,-0.6339745962155612,1.0,-0.03571428571428571,-0.9228256431196407
0.0,0.0,0.0,-0.8,-0.7017543859649122,-0.6545454545454545,-0.6923076923076923,-0.6535552193645993,-0.5683060109289617,0.0,-0.7320508075688771,0.0,0.0,-0.9146590445079622
0.0,0.2,1.0,-0.8,-0.7017543859649122,-0.6545454545454545,-0.6923076923076923,-0.6535552193645993,-0.7431693989071039,-0.2886751345948128,-0.6339745962155612,0.0,0.03571428571428571,-0.9064924458962837
0.0,0.4,1.0,-0.8,-0.8596491228070176,-0.6545454545454545,-0.6923076923076923,-0.7080181543116492,-0.8524590163934426,-0.5,-0.36602540378443876,0.0,0.07142857142857142,-0.8999591670069413
0.0,0.6,1.0,-0.8,-0.8070175438596491,-0.8181818181818182,-0.6923076923076923,-0.7443267776096825,-0.8524590163934426,-0.577350269189626,0.0,0.0,0.10714285714285714,-0.8803593303389136
0.0,0.8,2.0,-0.8,-0.8070175438596491,-0.7636363636363637,-0.8653846153846154,-0.7806354009077158,-0.8524590163934426,-0.5000000000000001,0.3660254037844388,0.0,0.14285714285714285,-0.8607594936708858
0.0,1.0,2.0,-0.8,-0.9122807017543859,-0.7636363636363637,-0.8076923076923077,-0.7987897125567324,-0.9617486338797814,-0.2886751345948132,0.6339745962155612,0.0,0.17857142857142858,-0.8509595753368719
0.0,1.2,2.0,-0.8,-0.8771929824561403,-0.8727272727272727,-0.8076923076923077,-0.8229954614220877,-0.9617486338797814,-2.1211504774498138e-16,0.7320508075688774,0.0,0.21428571428571427,-0.8297264189465088
0.5,-1.0,-1.0,-0.8,-0.7192982456140351,-0.8363636363636363,-0.9230769230769231,-0.7927382753403938,-0.7431693989071039,0.2886751345948128,0.6339745962155615,0.0,0.25,-0.793793385055124
0.5,-0.8,-1.0,-0.8,-0.6842105263157895,-0.6727272727272727,-0.8846153846153846,-0.7140695915279879,-0.7431693989071039,0.49999999999999994,0.3660254037844388,0.0,0.2857142857142857,-0.7709269089424254
0.5,-0.6,-1.0,-0.8,-0.40350877192982454,-0.6363636363636364,-0.7115384615384616,-0.5506807866868381,-0.45901639344262296,0.5773502691896257,1.793007356604921e-16,0.0,0.32142857142857145,-0.721927317272356
0.5,-0.4,0.0,-0.8,-0.40350877192982454,-0.34545454545454546,-0.6730769230769231,-0.44175491679273815,-0.45901639344262296,0.5,-0.3660254037844383,1.0,0.35714285714285715,-0.6941608819926498
0.5,-0.2,0.0,-0.8,-0.17543859649122806,-0.34545454545454546,-0.36538461538461536,-0.266263237518911,-0.45901639344262296,0.2886751345948128,-0.6339745962155612,0.0,0.39285714285714285,-0.6451612903225803
0.5,0.0,0.0,-0.8,-0.17543859649122806,-0.10909090909090909,-0.36538461538461536,-0.18759455370650513,-0.45901639344262296,0.0,-0.7320508075688771,0.0,0.42857142857142855,-0.5961616986525109
0.5,0.2,1.0,-0.8,-0.19298245614035087,-0.10909090909090909,-0.11538461538461539,-0.11497730711043853,-0.6557377049180327,-0.2886751345948128,-0.6339745962155612,0.0,0.4642857142857143,-0.5487954267047769
0.5,0.4,1.0,-0.8,-0.19298245614035087,-0.12727272727272726,-0.11538461538461539,-0.12102874432677786,-0.5901639344262295,-0.5,-0.36602540378443876,0.0,0.5,-0.4867292772560227
0.5,0.6,1.0,-0.8,-0.19298245614035087,-0.12727272727272726,-0.1346153846153846,-0.1270801815431165,-0.5901639344262295,-0.577350269189626,0.0,0.0,0.5357142857142857,-0.42956308697427487
0.5,0.8,2.0,-0.8,0.17543859649122806,-0.12727272727272726,-0.1346153846153846,0.0,-0.7213114754098361,-0.5000000000000001,0.3660254037844388,0.0,0.5714285714285714,-0.3380971825234783
0.5,1.0,2.0,-0.8,0.21052631578947367,0.2545454545454545,-0.1346153846153846,0.1391830559757945,-0.6775956284153005,-0.2886751345948132,0.6339745962155612,0.0,0.6071428571428571,-0.23356472029399714
0.5,1.2,2.0,-0.8,0.2631578947368421,0.2909090909090909,0.2692307692307692,0.296520423600605,-0.4808743169398907,-2.1211504774498138e-16,0.7320508075688774,0.0,0.6428571428571429,-0.1273989383421798
1.0,-1.0,-1.0,-0.8,0.2631578947368421,0.34545454545454546,0.3076923076923077,0.32677760968229963,-0.4371584699453552,0.2886751345948128,0.6339745962155615,0.0,0.6785714285714286,-0.03593303389138401
1.0,-0.8,-1.0,-0.8,0.12280701754385964,0.34545454545454546,0.36538461538461536,0.296520423600605,-0.08743169398907104,0.49999999999999994,0.3660254037844388,0.0,0.7142857142857143,0.03919967333605626
1.0,-0.6,-1.0,-0.8,0.5263157894736842,0.2,0.36538461538461536,0.3872919818456882,-0.08743169398907104,0.5773502691896257,1.793007356604921e-16,0.0,0.75,0.12576561861984512
1.0,-0.4,0.0,-0.8,1.1228070175438596,0.6181818181818182,0.21153846153846154,0.6838124054462938,0.19672131147540983,0.5,-0.3660254037844383,1.0,0.7857142857142857,0.2678644344630464
1.0,-0.2,0.0,-0.8,0.6140350877192983,1.2363636363636363,0.6538461538461539,0.8532526475037824,0.19672131147540983,0.2886751345948128,-0.6339745962155612,0.0,0.8214285714285714,0.34136382196815057
1.0,0.0,0.0,-0.8,0.47368421052631576,0.7090909090909091,1.3076923076923077,0.8350983358547657,0.17486338797814208,0.0,-0.7320508075688771,0.0,0.8571428571428571,0.40179665169457
1.0,0.2,1.0,-0.8,0.45614035087719296,0.5636363636363636,0.75,0.605143721633888,0.17486338797814208,-0.2886751345948128,-0.6339745962155612,0.0,0.8928571428571429,0.46222948142098874
1.0,0.4,1.0,-0.8,0.47368421052631576,0.5454545454545454,0.5961538461538461,0.5567322239031773,0.17486338797814208,-0.5,-0.36602540378443876,0.0,0.9285714285714286,0.5242956308697436
1.0,0.6,1.0,-0.8,0.5789473684210527,0.5636363636363636,0.5769230769230769,0.5930408472012106,0.6338797814207651,-0.577350269189626,0.0,0.0,0.9642857142857143,0.5961616986525116
1.0,0.8,2.0,-0.8,0.5789473684210527,0.6727272727272727,0.5961538461538461,0.6354009077155826,0.6775956284153005,-0.5000000000000001,0.3660254037844388,0.0,1.0,0.6337280522662317
-1.0,-0.8,-1.0,-0.6,0.42105263157894735,0.509090909090909,0.5384615384615384,0.508320726172466,0.9617486338797814,0.49999999999999994,0.3660254037844388,0.0,-1.0,0.5520620661494491
-1.0,-0.6,-1.0,-0.6,0.5789473684210527,0.509090909090909,0.5384615384615384,0.562783661119516,0.9180327868852459,0.5773502691896257,1.793007356604921e-16,0.0,-0.9642857142857143,0.5651286239281346
-1.0,-0.4,0.0,-0.6,0.6491228070175439,0.6727272727272727,0.5384615384615384,0.6414523449319213,0.8743169398907104,0.5,-0.3660254037844383,0.0,-0.9285714285714286,0.5879951000408339
-1.0,-0.2,0.0,-0.6,0.7192982456140351,0.7454545454545455,0.7115384615384616,0.7443267776096825,0.8743169398907104,0.2886751345948128,-0.6339745962155612,1.0,-0.8928571428571429,0.6206614944875464
-1.0,0.0,0.0,-0.6,0.7192982456140351,0.8181818181818182,0.7884615384615384,0.7927382753403938,0.8961748633879781,0.0,-0.7320508075688771,0.0,-0.8571428571428571,0.6533278889342595
-1.0,0.2,1.0,-0.6,0.7192982456140351,0.8181818181818182,0.8653846153846154,0.8169440242057491,0.8961748633879781,-0.2886751345948128,-0.6339745962155612,0.0,-0.8214285714285714,0.6843609636586365
-1.0,0.4,1.0,-0.6,0.7543859649122807,0.8181818181818182,0.8653846153846154,0.8290468986384271,0.8961748633879781,-0.5,-0.36602540378443876,0.0,-0.7857142857142857,0.7186606778276852
-1.0,0.6,1.0,-0.6,0.7543859649122807,0.8545454545454545,0.8653846153846154,0.8411497730711044,0.8961748633879781,-0.577350269189626,0.0,0.0,-0.75,0.7529603919967338
-1.0,0.8,2.0,-0.6,0.7543859649122807,0.8545454545454545,0.9038461538461539,0.8532526475037824,0.9398907103825137,-0.5000000000000001,0.3660254037844388,0.0,-0.7142857142857143,0.7872601061657823
-1.0,1.0,2.0,-0.6,0.7543859649122807,0.8545454545454545,0.9038461538461539,0.8532526475037824,0.9398907103825137,-0.2886751345948132,0.6339745962155612,0.0,-0.6785714285714286,0.8182931808901601
-1.0,1.2,2.0,-0.6,0.7543859649122807,0.8545454545454545,0.9038461538461539,0.8532526475037824,0.9398907103825137,-2.1211504774498138e-16,0.7320508075688774,0.0,-0.6428571428571429,0.8493262556145372
-0.5,-1.0,-1.0,-0.6,0.7719298245614035,0.8545454545454545,0.9038461538461539,0.859304084720121,0.9398907103825137,0.2886751345948128,0.6339745962155615,0.0,-0.6071428571428571,0.8819926500612504
-0.5,-0.8,-1.0,-0.6,0.7719298245614035,0.8727272727272727,0.9038461538461539,0.8653555219364604,1.1366120218579234,0.49999999999999994,0.3660254037844388,0.0,-0.5714285714285714,0.9146590445079629
-0.5,-0.6,-1.0,-0.6,0.7719298245614035,0.8727272727272727,0.9230769230769231,0.871406959152799,1.2240437158469946,0.5773502691896257,1.793007356604921e-16,0.0,-0.5357142857142857,0.9326255614536553
-0.5,-0.4,0.0,-0.6,0.7368421052631579,0.8727272727272727,0.9230769230769231,0.859304084720121,1.3114754098360655,0.5,-0.3660254037844383,0.0,-0.5,0.9407921600653337
-0.5,-0.2,0.0,-0.6,0.6666666666666666,0.8363636363636363,0.9230769230769231,0.8229954614220877,1.3114754098360655,0.2886751345948128,-0.6339745962155612,1.0,-0.4642857142857143,0.9358922008983268
-0.5,0.0,0.0,-0.6,0.7192982456140351,0.7636363636363637,0.8846153846153846,0.8048411497730711,1.3114754098360655,0.0,-0.7320508075688771,0.0,-0.42857142857142855,0.9358922008983268
-0.5,0.2,1.0,-0.6,0.7192982456140351,0.8181818181818182,0.8076923076923077,0.7987897125567324,1.355191256830601,-0.2886751345948128,-0.6339745962155612,0.0,-0.39285714285714285,0.9358922008983268
-0.5,0.4,1.0,-0.6,0.7192982456140351,0.8181818181818182,0.8653846153846154,0.8169440242057491,1.355191256830601,-0.5,-0.36602540378443876,0.0,-0.35714285714285715,0.9326255614536553
-0.5,0.6,1.0,-0.6,0.6491228070175439,0.8181818181818182,0.8653846153846154,0.7927382753403938,1.355191256830601,-0.577350269189626,0.0,0.0,-0.32142857142857145,0.9228256431196413
-0.5,0.8,2.0,-0.6,0.6491228070175439,0.7454545454545455,0.8653846153846154,0.7685325264750378,1.355191256830601,-0.5000000000000001,0.3660254037844388,0.0,-0.2857142857142857,0.9130257247856275
-0.5,1.0,2.0,-0.6,0.6491228070175439,0.7454545454545455,0.7884615384615384,0.7443267776096825,1.355191256830601,-0.2886751345948132,0.6339745962155612,0.0,-0.25,0.9032258064516135
-0.5,1.2,2.0,-0.6,0.6491228070175439,0.7454545454545455,0.7884615384615384,0.7443267776096825,1.3770491803278688,-2.1211504774498138e-16,0.7320508075688774,0.0,-0.21428571428571427,0.8934258881175997
0.0,-1.0,-1.0,-0.6,0.6666666666666666,0.7454545454545455,0.7884615384615384,0.7503782148260211,1.3770491803278688,0.2886751345948128,0.6339745962155615,0.0,-0.17857142857142858,0.8836259697835859
0.0,-0.8,-1.0,-0.6,0.7192982456140351,0.7636363636363637,0.7884615384615384,0.774583963691377,1.3770491803278688,0.49999999999999994,0.3660254037844388,0.0,-0.14285714285714285,0.8787260106165788
0.0,-0.6,-1.0,-0.6,0.7192982456140351,0.8181818181818182,0.8076923076923077,0.7987897125567324,1.3333333333333333,0.5773502691896257,1.793007356604921e-16,0.0,-0.10714285714285714,0.8738260514495719
0.0,-0.4,0.0,-0.6,0.7017543859649122,0.8181818181818182,0.8653846153846154,0.8108925869894104,1.2459016393442623,0.5,-0.3660254037844383,0.0,-0.07142857142857142,0.8705594120049004
0.0,-0.2,0.0,-0.6,0.7017543859649122,0.8,0.8653846153846154,0.8048411497730711,1.3114754098360655,0.2886751345948128,-0.6339745962155612,1.0,-0.03571428571428571,0.8738260514495719
0.0,0.0,0.0,-0.6,0.7017543859649122,0.8,0.8461538461538461,0.7987897125567324,1.3114754098360655,0.0,-0.7320508075688771,0.0,0.0,0.8721927317272365
0.0,0.2,1.0,-0.6,0.7017543859649122,0.8,0.8461538461538461,0.7987897125567324,1.3114754098360655,-0.2886751345948128,-0.6339745962155612,0.0,0.03571428571428571,0.8705594120049004
0.0,0.4,1.0,-0.6,0.6842105263157895,0.8,0.8461538461538461,0.7927382753403938,1.2240437158469946,-0.5,-0.36602540378443876,0.0,0.07142857142857142,0.8672927725602296
0.0,0.6,1.0,-0.6,0.6842105263157895,0.7818181818181819,0.8461538461538461,0.7866868381240544,1.2240437158469946,-0.577350269189626,0.0,0.0,0.10714285714285714,0.8705594120049004
0.0,0.8,2.0,-0.6,0.7894736842105263,0.7818181818181819,0.8269230769230769,0.8169440242057491,1.2240437158469946,-0.5000000000000001,0.3660254037844388,0.0,0.14285714285714285,0.8836259697835859
0.0,1.0,2.0,-0.6,0.8245614035087719,0.8909090909090909,0.8269230769230769,0.8653555219364604,1.2240437158469946,-0.2886751345948132,0.6339745962155612,0.0,0.17857142857142858,0.899959167006942
0.0,1.2,2.0,-0.6,0.8245614035087719,0.9272727272727272,0.9423076923076923,0.9137670196671716,1.2459016393442623,-2.1211504774498138e-16,0.7320508075688774,0.0,0.21428571428571427,0.916292364230299
0.5,-1.0,-1.0,-0.6,0.8947368421052632,0.9272727272727272,0.9807692307692307,0.9500756429652049,1.3114754098360655,0.2886751345948128,0.6339745962155615,0.0,0.25,0.9375255206206622
0.5,-0.8,-1.0,-0.6,0.9298245614035088,1.0,0.9807692307692307,0.9863842662632382,1.3114754098360655,0.49999999999999994,0.3660254037844388,0.0,0.2857142857142857,0.95712535728869
0.5,-0.6,-1.0,-0.6,1.0,1.0363636363636364,1.0576923076923077,1.0468986384266261,1.289617486338798,0.5773502691896257,1.793007356604921e-16,0.0,0.32142857142857145,0.9832584728460608
0.5,-0.4,0.0,-0.6,1.1403508771929824,1.1090909090909091,1.0961538461538463,1.1316187594553713,1.289617486338798,0.5,-0.3660254037844383,1.0,0.35714285714285715,1.024091465904451
0.5,-0.2,0.0,-0.6,1.087719298245614,1.2545454545454546,1.1730769230769231,1.1860816944024213,1.289617486338798,0.2886751345948128,-0.6339745962155612,0.0,0.39285714285714285,1.0600244997958357
0.5,0.0,0.0,-0.6,1.087719298245614,1.2,1.3269230769230769,1.2163388804841153,1.289617486338798,0.0,-0.7320508075688771,0.0,0.42857142857142855,1.0959575336872205
0.5,0.2,1.0,-0.6,1.087719298245614,1.2,1.2692307692307692,1.1981845688350985,1.2677595628415301,-0.2886751345948128,-0.6339745962155612,0.0,0.4642857142857143,1.1318905675786037
0.5,0.4,1.0,-0.6,1.0701754385964912,1.2,1.2692307692307692,1.1921331316187593,1.2677595628415301,-0.5,-0.36602540378443876,0.0,0.5,1.1678236014699885
0.5,0.6,1.0,-0.6,1.0350877192982457,1.1818181818181819,1.2692307692307692,1.1739788199697427,1.3989071038251366,-0.577350269189626,0.0,0.0,0.5357142857142857,1.200489995916701
0.5,0.8,2.0,-0.6,1.280701754385965,1.1454545454545455,1.25,1.2405446293494713,1.4426229508196722,-0.5000000000000001,0.3660254037844388,0.0,0.5714285714285714,1.2462229481420997
0.5,1.0,2.0,-0.6,1.2982456140350878,1.4,1.2115384615384615,1.3192133131618757,1.4426229508196722,-0.2886751345948132,0.6339745962155612,0.0,0.6071428571428571,1.2903225806451621
0.5,1.2,2.0,-0.6,1.2982456140350878,1.4181818181818182,1.4807692307692308,1.409984871406959,1.530054644808743,-2.1211504774498138e-16,0.7320508075688774,0.0,0.6428571428571429,1.3344222131482246
1.0,-1.0,-1.0,-0.6,1.2982456140350878,1.4181818181818182,1.5,1.4160363086232983,1.5737704918032787,0.2886751345948128,0.6339745962155615,0.0,0.6785714285714286,1.371988566761944
1.0,-0.8,-1.0,-0.6,1.2982456140350878,1.4181818181818182,1.5,1.4160363086232983,1.6612021857923498,0.49999999999999994,0.3660254037844388,0.0,0.7142857142857143,1.4062882809309927
1.0,-0.6,-1.0,-0.6,1.6140350877192982,1.4181818181818182,1.5,1.5249621785173981,1.8360655737704918,0.5773502691896257,1.793007356604921e-16,0.0,0.75,1.463454471212741
1.0,-0.4,0.0,-0.6,1.8245614035087718,1.7454545454545454,1.5,1.7065052950075648,1.7704918032786885,0.5,-0.3660254037844383,1.0,0.7857142857142857,1.5271539403838315
1.0,-0.2,0.0,-0.6,1.7719298245614035,1.9636363636363636,1.8461538461538463,1.8698940998487146,1.7704918032786885,0.2886751345948128,-0.6339745962155612,0.0,0.8214285714285714,1.5908534095549216
1.0,0.0,0.0,-0.6,1.4035087719298245,1.9090909090909092,2.076923076923077,1.797276853252648,1.7704918032786885,0.0,-0.7320508075688771,0.0,0.8571428571428571,1.6202531645569633
1.0,0.2,1.0,-0.6,1.4736842105263157,1.5272727272727273,2.019230769230769,1.6762481089258707,1.7486338797814207,-0.2886751345948128,-0.6339745962155612,0.0,0.8928571428571429,1.6561861984483466
1.0,0.4,1.0,-0.6,1.7719298245614035,1.6,1.6153846153846154,1.6762481089258707,1.7049180327868851,-0.5,-0.36602540378443876,0.0,0.9285714285714286,1.721518987341773
1.0,0.6,1.0,-0.6,1.7719298245614035,1.9090909090909092,1.6923076923076923,1.8033282904689871,2.010928961748634,-0.577350269189626,0.0,0.0,0.9642857142857143,1.7901184156798702
1.0,0.8,2.0,-0.6,1.6666666666666667,1.9090909090909092,2.019230769230769,1.8698940998487146,2.0327868852459017,-0.5000000000000001,0.3660254037844388,0.0,1.0,1.826051449571255
-1.0,-0.8,-1.0,-0.4,-0.07017543859649122,0.0,0.0,0.0,0.32786885245901637,0.49999999999999994,0.3660254037844388,0.0,-1.0,0.026133115557370835
-1.0,-0.6,-1.0,-0.4,-0.07017543859649122,0.0,0.0,0.0,0.32786885245901637,0.5773502691896257,1.793007356604921e-16,0.0,-0.9642857142857143,0.026133115557370835
-1.0,-0.4,0.0,-0.4,-0.07017543859649122,0.0,0.0,0.0,0.32786885245901637,0.5,-0.3660254037844383,0.0,-0.9285714285714286,0.026133115557370835
-1.0,-0.2,0.0,-0.4,-0.07017543859649122,0.0,0.0,0.0,0.32786885245901637,0.2886751345948128,-0.6339745962155612,1.0,-0.8928571428571429,0.026133115557370835
-1.0,0.0,0.0,-0.4,-0.07017543859649122,0.0,0.0,0.0,0.32786885245901637,0.0,-0.7320508075688771,0.0,-0.8571428571428571,0.026133115557370835
-1.0,0.2,1.0,-0.4,-0.07017543859649122,0.0,0.0,0.0,0.32786885245901637,-0.2886751345948128,-0.6339745962155612,0.0,-0.8214285714285714,0.026133115557370835
-1.0,0.4,1.0,-0.4,-0.07017543859649122,0.0,0.0,0.0,0.32786885245901637,-0.5,-0.36602540378443876,0.0,-0.7857142857142857,0.026133115557370835
-1.0,0.6,1.0,-0.4,-0.07017543859649122,0.0,0.0,0.0,0.32786885245901637,-0.577350269189626,0.0,0.0,-0.75,0.026133115557370835
-1.0,0.8,2.0,-0.4,-0.07017543859649122,0.0,0.0,0.0,0.32786885245901637,-0.5000000000000001,0.3660254037844388,0.0,-0.7142857142857143,0.026133115557370835
-1.0,1.0,2.0,-0.4,-0.07017543859649122,0.0,0.0,0.0,0.32786885245901637,-0.2886751345948132,0.6339745962155612,0.0,-0.6785714285714286,0.026133115557370835
-1.0,1.2,2.0,-0.4,-0.07017543859649122,0.0,0.0,0.0,0.32786885245901637,-2.1211504774498138e-16,0.7320508075688774,0.0,-0.6428571428571429,0.026133115557370835
-0.5,-1.0,-1.0,-0.4,-0.07017543859649122,0.0,0.0,0.0,0.32786885245901637,0.2886751345948128,0.6339745962155615,0.0,-0.6071428571428571,0.026133115557370835
-0.5,-0.8,-1.0,-0.4,-0.07017543859649122,0.0,0.0,0.0,0.32786885245901637,0.49999999999999994,0.3660254037844388,0.0,-0.5714285714285714,0.026133115557370835
-0.5,-0.6,-1.0,-0.4,-0.07017543859649122,0.0,0.0,0.0,0.32786885245901637,0.5773502691896257,1.793007356604921e-16,0.0,-0.5357142857142857,0.026133115557370835
-0.5,-0.4,0.0,-0.4,-0.07017543859649122,0.0,0.0,0.0,0.32786885245901637,0.5,-0.3660254037844383,0.0,-0.5,0.026133115557370835
-0.5,-0.2,0.0,-0.4,-0.07017543859649122,0.0,0.0,0.0,0.32786885245901637,0.2886751345948128,-0.6339745962155612,1.0,-0.4642857142857143,0.026133115557370835
-0.5,0.0,0.0,-0.4,-0.07017543859649122,0.0,0.0,0.0,0.32786885245901637,0.0,-0.7320508075688771,0.0,-0.42857142857142855,0.026133115557370835
-0.5,0.2,1.0,-0.4,-0.07017543859649122,0.0,0.0,0.0,0.32786885245901637,-0.2886751345948128,-0.6339745962155612,0.0,-0.39285714285714285,0.026133115557370835
-0.5,0.4,1.0,-0.4,-0.07017543859649122,0.0,0.0,0.0,0.32786885245901637,-0.5,-0.36602540378443876,0.0,-0.35714285714285715,0.026133115557370835
-0.5,0.6,1.0,-0.4,-0.07017543859649122,0.0,0.0,0.0,0.32786885245901637,-0.577350269189626,0.0,0.0,-0.32142857142857145,0.026133115557370835
-0.5,0.8,2.0,-0.4,-0.07017543859649122,0.0,0.0,0.0,0.32786885245901637,-0.5000000000000001,0.3660254037844388,0.0,-0.2857142857142857,0.026133115557370835
-0.5,1.0,2.0,-0.4,-0.07017543859649122,0.0,0.0,0.0,0.32786885245901637,-0.2886751345948132,0.6339745962155612,0.0,-0.25,0.026133115557370835
-0.5,1.2,2.0,-0.4,-0.07017543859649122,0.0,0.0,0.0,0.32786885245901637,-2.1211504774498138e-16,0.7320508075688774,0.0,-0.21428571428571427,0.026133115557370835
0.0,-1.0,-1.0,-0.4,-0.07017543859649122,0.0,0.0,0.0,0.32786885245901637,0.2886751345948128,0.6339745962155615,0.0,-0.17857142857142858,0.026133115557370835
0.0,-0.8,-1.0,-0.4,-0.07017543859649122,0.0,0.0,0.0,0.32786885245901637,0.49999999999999994,0.3660254037844388,0.0,-0.14285714285714285,0.026133115557370835
0.0,-0.6,-1.0,-0.4,-0.07017543859649122,0.0,0.0,0.0,0.32786885245901637,0.5773502691896257,1.793007356604921e-16,0.0,-0.10714285714285714,0.026133115557370835
0.0,-0.4,0.0,-0.4,-0.07017543859649122,0.0,0.0,0.0,0.32786885245901637,0.5,-0.3660254037844383,0.0,-0.07142857142857142,0.026133115557370835
0.0,-0.2,0.0,-0.4,-0.07017543859649122,0.0,0.0,0.0,0.32786885245901637,0.2886751345948128,-0.6339745962155612,1.0,-0.03571428571428571,0.026133115557370835
0.0,0.0,0.0,-0.4,-0.07017543859649122,0.0,0.0,0.0,0.32786885245901637,0.0,-0.7320508075688771,0.0,0.0,0.026133115557370835
0.0,0.2,1.0,-0.4,-0.07017543859649122,0.0,0.0,0.0,0.32786885245901637,-0.2886751345948128,-0.6339745962155612,0.0,0.03571428571428571,0.026133115557370835
0.0,0.4,1.0,-0.4,-0.07017543859649122,0.0,0.0,0.0,0.32786885245901637,-0.5,-0.36602540378443876,0.0,0.07142857142857142,0.026133115557370835
0.0,0.6,1.0,-0.4,-0.07017543859649122,0.0,0.0,0.0,0.32786885245901637,-0.577350269189626,0.0,0.0,0.10714285714285714,0.026133115557370835
0.0,0.8,2.0,-0.4,-0.07017543859649122,0.0,0.0,0.0,0.32786885245901637,-0.5000000000000001,0.3660254037844388,0.0,0.14285714285714285,0.026133115557370835
0.0,1.0,2.0,-0.4,0.10526315789473684,0.0,0.0,0.0605143721633886,0.32786885245901637,-0.2886751345948132,0.6339745962155612,0.0,0.17857142857142858,0.04246631278072707
0.0,1.2,2.0,-0.4,0.2982456140350877,0.18181818181818182,0.0,0.18759455370650513,0.32786885245901637,-2.1211504774498138e-16,0.7320508075688774,0.0,0.21428571428571427,0.07676602694977568
0.5,-1.0,-1.0,-0.4,0.2982456140350877,0.38181818181818183,0.19230769230769232,0.31467473524962164,0.32786885245901637,0.2886751345948128,0.6339745962155615,0.0,0.25,0.11106574111882428
0.5,-0.8,-1.0,-0.4,0.2982456140350877,0.38181818181818183,0.40384615384615385,0.38124054462934953,0.32786885245901637,0.49999999999999994,0.3660254037844388,0.0,0.2857142857142857,0.14536545528787287
0.5,-0.6,-1.0,-0.4,0.2982456140350877,0.38181818181818183,0.40384615384615385,0.38124054462934953,0.32786885245901637,0.5773502691896257,1.793007356604921e-16,0.0,0.32142857142857145,0.1796651694569215
0.5,-0.4,0.0,-0.4,0.38596491228070173,0.38181818181818183,0.40384615384615385,0.4114977307110442,0.32786885245901637,0.5,-0.3660254037844383,1.0,0.35714285714285715,0.22213148223764856
0.5,-0.2,0.0,-0.4,0.38596491228070173,0.4727272727272727,0.40384615384615385,0.44175491679273815,0.32786885245901637,0.2886751345948128,-0.6339745962155612,0.0,0.39285714285714285,0.2645977950183756
0.5,0.0,0.0,-0.4,0.38596491228070173,0.4727272727272727,0.5,0.4720121028744328,0.32786885245901637,0.0,-0.7320508075688771,0.0,0.42857142857142855,0.307064107799102
0.5,0.2,1.0,-0.4,0.38596491228070173,0.4727272727272727,0.5,0.4720121028744328,0.32786885245901637,-0.2886751345948128,-0.6339745962155612,0.0,0.4642857142857143,0.3495304205798291
0.5,0.4,1.0,-0.4,0.38596491228070173,0.4727272727272727,0.5,0.4720121028744328,0.32786885245901637,-0.5,-0.36602540378443876,0.0,0.5,0.3919967333605561
0.5,0.6,1.0,-0.4,0.38596491228070173,0.4727272727272727,0.5,0.4720121028744328,0.32786885245901637,-0.577350269189626,0.0,0.0,0.5357142857142857,0.4344630461412825
0.5,0.8,2.0,-0.4,0.47368421052631576,0.4727272727272727,0.5,0.5022692889561274,0.546448087431694,-0.5000000000000001,0.3660254037844388,0.0,0.5714285714285714,0.48509595753368806
0.5,1.0,2.0,-0.4,0.6491228070175439,0.5636363636363636,0.5,0.5930408472012106,0.7868852459016393,-0.2886751345948132,0.6339745962155612,0.0,0.6071428571428571,0.5357288689260928
0.5,1.2,2.0,-0.4,0.6491228070175439,0.7454545454545455,0.5961538461538461,0.6838124054462938,0.7868852459016393,-2.1211504774498138e-16,0.7320508075688774,0.0,0.6428571428571429,0.5683952633728061
1.0,-1.0,-1.0,-0.4,0.7368421052631579,0.7454545454545455,0.7884615384615384,0.774583963691377,0.7868852459016393,0.2886751345948128,0.6339745962155615,0.0,0.6785714285714286,0.609228256431197
1.0,-0.8,-1.0,-0.4,0.8245614035087719,0.8363636363636363,0.7884615384615384,0.8350983358547657,0.7868852459016393,0.49999999999999994,0.3660254037844388,0.0,0.7142857142857143,0.6582278481012664
1.0,-0.6,-1.0,-0.4,0.8245614035087719,0.9272727272727272,0.8846153846153846,0.895612708018155,0.8961748633879781,0.5773502691896257,1.793007356604921e-16,0.0,0.75,0.7072274397713358
1.0,-0.4,0.0,-0.4,1.0350877192982457,0.9272727272727272,0.9807692307692307,0.9984871406959155,0.8961748633879781,0.5,-0.3660254037844383,1.0,0.7857142857142857,0.7676602694977546
1.0,-0.2,0.0,-0.4,1.0350877192982457,1.1454545454545455,0.9807692307692307,1.071104387291982,0.8961748633879781,0.2886751345948128,-0.6339745962155612,0.0,0.8214285714285714,0.8280930992241741
1.0,0.0,0.0,-0.4,1.0,1.1454545454545455,1.2115384615384615,1.1316187594553713,0.8961748633879781,0.0,-0.7320508075688771,0.0,0.8571428571428571,0.8852592895059213
1.0,0.2,1.0,-0.4,0.8596491228070176,1.1090909090909091,1.2115384615384615,1.071104387291982,0.8961748633879781,-0.2886751345948128,-0.6339745962155612,0.0,0.8928571428571429,0.9293589220089837
1.0,0.4,1.0,-0.4,0.9473684210526315,0.9636363636363636,1.1730769230769231,1.040847201210288,0.8961748633879781,-0.5,-0.36602540378443876,0.0,0.9285714285714286,0.9816251531237247
1.0,0.6,1.0,-0.4,0.9473684210526315,1.0545454545454545,1.0192307692307692,1.0226928895612715,1.005464480874317,-0.577350269189626,0.0,0.0,0.9642857142857143,1.033891384238465
1.0,0.8,2.0,-0.4,0.9824561403508771,1.0545454545454545,1.1153846153846154,1.0650529500756427,1.2240437158469946,-0.5000000000000001,0.3660254037844388,0.0,1.0,1.0812576561861997
-1.0,-0.8,-1.0,-0.2,-0.43859649122807015,-0.38181818181818183,-0.40384615384615385,-0.38124054462934953,0.02185792349726776,0.49999999999999994,0.3660254037844388,0.0,-1.0,-0.3544303797468353
-1.0,-0.6,-1.0,-0.2,-0.3684210526315789,-0.38181818181818183,-0.40384615384615385,-0.3570347957639943,0.0,0.5773502691896257,1.793007356604921e-16,0.0,-0.9642857142857143,-0.35933033891384225
-1.0,-0.4,0.0,-0.2,-0.3684210526315789,-0.3090909090909091,-0.40384615384615385,-0.3328290468986383,-0.06557377049180328,0.5,-0.3660254037844383,0.0,-0.9285714285714286,-0.36259697835851307
-1.0,-0.2,0.0,-0.2,-0.3333333333333333,-0.3090909090909091,-0.3269230769230769,-0.296520423600605,-0.06557377049180328,0.2886751345948128,-0.6339745962155612,1.0,-0.8928571428571429,-0.3576970191915061
-1.0,0.0,0.0,-0.2,-0.3333333333333333,-0.2727272727272727,-0.3269230769230769,-0.28441754916792766,-0.1092896174863388,0.0,-0.7320508075688771,0.0,-0.8571428571428571,-0.3527970600244992
-1.0,0.2,1.0,-0.2,-0.3333333333333333,-0.2727272727272727,-0.28846153846153844,-0.2723146747352497,-0.15300546448087432,-0.2886751345948128,-0.6339745962155612,0.0,-0.8214285714285714,-0.3446304614128214
-1.0,0.4,1.0,-0.2,-0.3684210526315789,-0.2727272727272727,-0.28846153846153844,-0.28441754916792766,-0.13114754098360656,-0.5,-0.36602540378443876,0.0,-0.7857142857142857,-0.33646386280114293
-1.0,0.6,1.0,-0.2,-0.3684210526315789,-0.3090909090909091,-0.28846153846153844,-0.296520423600605,-0.13114754098360656,-0.577350269189626,0.0,0.0,-0.75,-0.3299305839118006
-1.0,0.8,2.0,-0.2,-0.3684210526315789,-0.3090909090909091,-0.3269230769230769,-0.308623298033283,-0.13114754098360656,-0.5000000000000001,0.3660254037844388,0.0,-0.7142857142857143,-0.3233973050224575
-1.0,1.0,2.0,-0.2,-0.3684210526315789,-0.3090909090909091,-0.3269230769230769,-0.308623298033283,-0.13114754098360656,-0.2886751345948132,0.6339745962155612,0.0,-0.6785714285714286,-0.31686402613311515
-1.0,1.2,2.0,-0.2,-0.38596491228070173,-0.3090909090909091,-0.3269230769230769,-0.31467473524962164,-0.13114754098360656,-2.1211504774498138e-16,0.7320508075688774,0.0,-0.6428571428571429,-0.31196406696610823
-0.5,-1.0,-1.0,-0.2,-0.38596491228070173,-0.32727272727272727,-0.3269230769230769,-0.32072617246596097,-0.13114754098360656,0.2886751345948128,0.6339745962155615,0.0,-0.6071428571428571,-0.30706410779910126
-0.5,-0.8,-1.0,-0.2,-0.38596491228070173,-0.32727272727272727,-0.34615384615384615,-0.32677760968229963,-0.04371584699453552,0.49999999999999994,0.3660254037844388,0.0,-0.5714285714285714,-0.30216414863209434
-0.5,-0.6,-1.0,-0.2,-0.3684210526315789,-0.32727272727272727,-0.34615384615384615,-0.32072617246596097,-0.04371584699453552,0.5773502691896257,1.793007356604921e-16,0.0,-0.5357142857142857,-0.30216414863209434
-0.5,-0.4,0.0,-0.2,-0.3684210526315789,-0.3090909090909091,-0.34615384615384615,-0.31467473524962164,0.0,0.5,-0.3660254037844383,0.0,-0.5,-0.30216414863209434
-0.5,-0.2,0.0,-0.2,-0.3684210526315789,-0.3090909090909091,-0.3269230769230769,-0.308623298033283,0.0,0.2886751345948128,-0.6339745962155612,1.0,-0.4642857142857143,-0.3054307880767659
-0.5,0.0,0.0,-0.2,-0.3684210526315789,-0.3090909090909091,-0.3269230769230769,-0.308623298033283,0.0,0.0,-0.7320508075688771,0.0,-0.42857142857142855,-0.3086974275214367
-0.5,0.2,1.0,-0.2,-0.3684210526315789,-0.3090909090909091,-0.3269230769230769,-0.308623298033283,-0.04371584699453552,-0.2886751345948128,-0.6339745962155612,0.0,-0.39285714285714285,-0.31196406696610823
-0.5,0.4,1.0,-0.2,-0.3684210526315789,-0.3090909090909091,-0.3269230769230769,-0.308623298033283,-0.04371584699453552,-0.5,-0.36602540378443876,0.0,-0.35714285714285715,-0.31196406696610823
-0.5,0.6,1.0,-0.2,-0.3684210526315789,-0.3090909090909091,-0.3269230769230769,-0.308623298033283,-0.04371584699453552,-0.577350269189626,0.0,0.0,-0.32142857142857145,-0.31196406696610823
-0.5,0.8,2.0,-0.2,-0.38596491228070173,-0.3090909090909091,-0.3269230769230769,-0.31467473524962164,-0.04371584699453552,-0.5000000000000001,0.3660254037844388,0.0,-0.2857142857142857,-0.3135973866884436
-0.5,1.0,2.0,-0.2,-0.38596491228070173,-0.32727272727272727,-0.3269230769230769,-0.32072617246596097,-0.06557377049180328,-0.2886751345948132,0.6339745962155612,0.0,-0.25,-0.31523070641077977
-0.5,1.2,2.0,-0.2,-0.38596491228070173,-0.32727272727272727,-0.34615384615384615,-0.32677760968229963,-0.06557377049180328,-2.1211504774498138e-16,0.7320508075688774,0.0,-0.21428571428571427,-0.31523070641077977
0.0,-1.0,-1.0,-0.2,-0.3684210526315789,-0.32727272727272727,-0.34615384615384615,-0.32072617246596097,-0.06557377049180328,0.2886751345948128,0.6339745962155615,0.0,-0.17857142857142858,-0.3135973866884436
0.0,-0.8,-1.0,-0.2,-0.3684210526315789,-0.3090909090909091,-0.34615384615384615,-0.31467473524962164,-0.04371584699453552,0.49999999999999994,0.3660254037844388,0.0,-0.14285714285714285,-0.31196406696610823
0.0,-0.6,-1.0,-0.2,-0.3684210526315789,-0.3090909090909091,-0.3269230769230769,-0.308623298033283,-0.04371584699453552,0.5773502691896257,1.793007356604921e-16,0.0,-0.10714285714285714,-0.31196406696610823
0.0,-0.4,0.0,-0.2,-0.3333333333333333,-0.3090909090909091,-0.3269230769230769,-0.296520423600605,-0.04371584699453552,0.5,-0.3660254037844383,0.0,-0.07142857142857142,-0.3086974275214367
0.0,-0.2,0.0,-0.2,-0.3333333333333333,-0.2727272727272727,-0.3269230769230769,-0.28441754916792766,-0.04371584699453552,0.2886751345948128,-0.6339745962155612,1.0,-0.03571428571428571,-0.3054307880767659
0.0,0.0,0.0,-0.2,-0.3333333333333333,-0.2727272727272727,-0.28846153846153844,-0.2723146747352497,-0.04371584699453552,0.0,-0.7320508075688771,0.0,0.0,-0.30216414863209434
0.0,0.2,1.0,-0.2,-0.3333333333333333,-0.2727272727272727,-0.28846153846153844,-0.2723146747352497,-0.04371584699453552,-0.2886751345948128,-0.6339745962155612,0.0,0.03571428571428571,-0.2988975091874228
0.0,0.4,1.0,-0.2,-0.3508771929824561,-0.2727272727272727,-0.28846153846153844,-0.27836611195158834,-0.04371584699453552,-0.5,-0.36602540378443876,0.0,0.07142857142857142,-0.29726418946508737
0.0,0.6,1.0,-0.2,-0.3508771929824561,-0.2909090909090909,-0.28846153846153844,-0.28441754916792766,-0.06557377049180328,-0.577350269189626,0.0,0.0,0.10714285714285714,-0.295630869742752
0.0,0.8,2.0,-0.2,-0.3157894736842105,-0.2909090909090909,-0.3076923076923077,-0.27836611195158834,-0.06557377049180328,-0.5000000000000001,0.3660254037844388,0.0,0.14285714285714285,-0.2890975908534089
0.0,1.0,2.0,-0.2,-0.2631578947368421,-0.2545454545454545,-0.3076923076923077,-0.2481089258698944,-0.06557377049180328,-0.2886751345948132,0.6339745962155612,0.0,0.17857142857142858,-0.2776643527970596
0.0,1.2,2.0,-0.2,-0.2631578947368421,-0.2,-0.2692307692307692,-0.21785173978819974,-0.04371584699453552,-2.1211504774498138e-16,0.7320508075688774,0.0,0.21428571428571427,-0.2662311147407103
0.5,-1.0,-1.0,-0.2,-0.2631578947368421,-0.2,-0.21153846153846154,-0.1996974281391831,-0.04371584699453552,0.2886751345948128,0.6339745962155615,0.0,0.25,-0.2564311964066964
0.5,-0.8,-1.0,-0.2,-0.22807017543859648,-0.2,-0.21153846153846154,-0.18759455370650513,-0.04371584699453552,0.49999999999999994,0.3660254037844388,0.0,0.2857142857142857,-0.24336463862801103
0.5,-0.6,-1.0,-0.2,-0.12280701754385964,-0.16363636363636364,-0.21153846153846154,-0.1391830559757945,0.0,0.5773502691896257,1.793007356604921e-16,0.0,0.32142857142857145,-0.2204981625153117
0.5,-0.4,0.0,-0.2,0.0,-0.05454545454545454,-0.17307692307692307,-0.048411497730711274,0.0,0.5,-0.3660254037844383,1.0,0.35714285714285715,-0.18946508779093466
0.5,-0.2,0.0,-0.2,-0.017543859649122806,0.07272727272727272,-0.057692307692307696,0.024205748865355307,0.0,0.2886751345948128,-0.6339745962155612,0.0,0.39285714285714285,-0.16006533278889298
0.5,0.0,0.0,-0.2,0.15789473684210525,0.05454545454545454,0.07692307692307693,0.12102874432677786,0.0,0.0,-0.7320508075688771,0.0,0.42857142857142855,-0.1143323805634951
0.5,0.2,1.0,-0.2,0.0,0.23636363636363636,0.057692307692307696,0.12102874432677786,-0.02185792349726776,-0.2886751345948128,-0.6339745962155612,0.0,0.4642857142857143,-0.08329930583911731
0.5,0.4,1.0,-0.2,0.0,0.07272727272727272,0.25,0.1270801815431165,-0.02185792349726776,-0.5,-0.36602540378443876,0.0,0.5,-0.05063291139240484
0.5,0.6,1.0,-0.2,-0.017543859649122806,0.07272727272727272,0.07692307692307693,0.06656580937972792,0.02185792349726776,-0.577350269189626,0.0,0.0,0.5357142857142857,-0.01959983666802706
0.5,0.8,2.0,-0.2,0.10526315789473684,0.05454545454545454,0.07692307692307693,0.10287443267776121,0.08743169398907104,-0.5000000000000001,0.3660254037844388,0.0,0.5714285714285714,0.019599836668028486
0.5,1.0,2.0,-0.2,0.42105263157894735,0.18181818181818182,0.057692307692307696,0.2481089258698944,0.08743169398907104,-0.2886751345948132,0.6339745962155612,0.0,0.6071428571428571,0.08329930583911874
0.5,1.2,2.0,-0.2,0.42105263157894735,0.509090909090909,0.19230769230769232,0.3993948562783662,0.08743169398907104,-2.1211504774498138e-16,0.7320508075688774,0.0,0.6428571428571429,0.146998775010209
1.0,-1.0,-1.0,-0.2,0.42105263157894735,0.509090909090909,0.5384615384615384,0.508320726172466,0.13114754098360656,0.2886751345948128,0.6339745962155615,0.0,0.6785714285714286,0.21069824418129926
1.0,-0.8,-1.0,-0.2,0.45614035087719296,0.509090909090909,0.5384615384615384,0.520423600605144,0.26229508196721313,0.49999999999999994,0.3660254037844388,0.0,0.7142857142857143,0.2743977133523895
1.0,-0.6,-1.0,-0.2,0.7192982456140351,0.5454545454545454,0.5384615384615384,0.6232980332829046,0.41530054644808745,0.5773502691896257,1.793007356604921e-16,0.0,0.75,0.3527970600245006
1.0,-0.4,0.0,-0.2,1.087719298245614,0.8181818181818182,0.5769230769230769,0.8532526475037824,0.39344262295081966,0.5,-0.3660254037844383,1.0,0.7857142857142857,0.4540628828093103
1.0,-0.2,0.0,-0.2,1.0350877192982457,1.2,0.8653846153846154,1.0529500756429655,0.6120218579234973,0.2886751345948128,-0.6339745962155612,0.0,0.8214285714285714,0.5520620661494491
1.0,0.0,0.0,-0.2,0.8070175438596491,1.1454545454545455,1.2692307692307692,1.0832072617246593,0.41530054644808745,0.0,-0.7320508075688771,0.0,0.8571428571428571,0.6124948958758686
1.0,0.2,1.0,-0.2,0.7543859649122807,0.9090909090909091,1.2115384615384615,0.9682299546142216,0.41530054644808745,-0.2886751345948128,-0.6339745962155612,0.0,0.8928571428571429,0.6827276439363011
1.0,0.4,1.0,-0.2,0.7543859649122807,0.8545454545454545,0.9615384615384616,0.871406959152799,0.39344262295081966,-0.5,-0.36602540378443876,0.0,0.9285714285714286,0.7529603919967338
1.0,0.6,1.0,-0.2,0.7719298245614035,0.8545454545454545,0.9038461538461539,0.859304084720121,0.546448087431694,-0.577350269189626,0.0,0.0,0.9642857142857143,0.8264597795018379
1.0,0.8,2.0,-0.2,0.7894736842105263,0.8727272727272727,0.9038461538461539,0.871406959152799,0.9398907103825137,-0.5000000000000001,0.3660254037844388,0.0,1.0,0.8901592486729282
-1.0,-1.0,-1.0,0.0,-0.14035087719298245,-0.07272727272727272,-0.07692307692307693,-0.07261724659606658,-0.24043715846994534,0.2886751345948128,0.6339745962155615,0.0,-1.0357142857142858,-0.09636586361780274
-1.0,-0.8,-1.0,0.0,-0.14035087719298245,-0.07272727272727272,-0.07692307692307693,-0.07261724659606658,0.30601092896174864,0.49999999999999994,0.3660254037844388,0.0,-1.0,-0.060432829726418724
-1.0,-0.6,-1.0,0.0,0.0,-0.07272727272727272,-0.07692307692307693,-0.024205748865355307,0.26229508196721313,0.5773502691896257,1.793007356604921e-16,0.0,-0.9642857142857143,-0.05226623111474025
-1.0,-0.4,0.0,0.0,0.03508771929824561,0.07272727272727272,-0.07692307692307693,0.03630862329803329,0.2185792349726776,0.5,-0.3660254037844383,0.0,-0.9285714285714286,-0.03756635361371942
-1.0,-0.2,0.0,0.0,0.08771929824561403,0.10909090909090909,0.07692307692307693,0.11497730711043853,0.2185792349726776,0.2886751345948128,-0.6339745962155612,1.0,-0.8928571428571429,-0.014699877501020116
-1.0,0.0,0.0,0.0,0.08771929824561403,0.16363636363636364,0.11538461538461539,0.14523449319213316,0.2185792349726776,0.0,-0.7320508075688771,0.0,-0.8571428571428571,0.008166598611678476
-1.0,0.2,1.0,0.0,0.08771929824561403,0.16363636363636364,0.17307692307692307,0.16338880484114982,0.19672131147540983,-0.2886751345948128,-0.6339745962155612,0.0,-0.8214285714285714,0.03103307472437778
-1.0,0.4,1.0,0.0,0.10526315789473684,0.16363636363636364,0.17307692307692307,0.16944024205748848,0.19672131147540983,-0.5,-0.36602540378443876,0.0,-0.7857142857142857,0.0571661902817479
-1.0,0.6,1.0,0.0,0.08771929824561403,0.18181818181818182,0.17307692307692307,0.16944024205748848,0.19672131147540983,-0.577350269189626,0.0,0.0,-0.75,0.08166598611678262
-1.0,0.8,2.0,0.0,0.10526315789473684,0.16363636363636364,0.19230769230769232,0.1754916792738278,0.24043715846994534,-0.5000000000000001,0.3660254037844388,0.0,-0.7142857142857143,0.10779910167415345
-1.0,1.0,2.0,0.0,0.10526315789473684,0.18181818181818182,0.17307692307692307,0.1754916792738278,0.24043715846994534,-0.2886751345948132,0.6339745962155612,0.0,-0.6785714285714286,0.13066557778685203
-1.0,1.2,2.0,0.0,0.10526315789473684,0.18181818181818182,0.19230769230769232,0.18154311649016647,0.24043715846994534,-2.1211504774498138e-16,0.7320508075688774,0.0,-0.6428571428571429,0.15353205389955135
-0.5,-1.0,-1.0,0.0,0.10526315789473684,0.18181818181818182,0.19230769230769232,0.18154311649016647,0.24043715846994534,0.2886751345948128,0.6339745962155615,0.0,-0.6071428571428571,0.17639853001225064
-0.5,-0.8,-1.0,0.0,0.10526315789473684,0.18181818181818182,0.19230769230769232,0.18154311649016647,0.41530054644808745,0.49999999999999994,0.3660254037844388,0.0,-0.5714285714285714,0.19926500612494924
-0.5,-0.6,-1.0,0.0,0.10526315789473684,0.18181818181818182,0.19230769230769232,0.18154311649016647,0.45901639344262296,0.5773502691896257,1.793007356604921e-16,0.0,-0.5357142857142857,0.20906492445896313
-0.5,-0.4,0.0,0.0,0.08771929824561403,0.18181818181818182,0.19230769230769232,0.1754916792738278,0.5245901639344263,0.5,-0.3660254037844383,0.0,-0.5,0.21396488362597008
-0.5,-0.2,0.0,0.0,0.05263157894736842,0.16363636363636364,0.19230769230769232,0.15733736762481115,0.5245901639344263,0.2886751345948128,-0.6339745962155612,1.0,-0.4642857142857143,0.21069824418129926
-0.5,0.0,0.0,0.0,0.07017543859649122,0.12727272727272726,0.17307692307692307,0.14523449319213316,0.5245901639344263,0.0,-0.7320508075688771,0.0,-0.42857142857142855,0.20906492445896313
-0.5,0.2,1.0,0.0,0.07017543859649122,0.14545454545454545,0.1346153846153846,0.1391830559757945,0.546448087431694,-0.2886751345948128,-0.6339745962155612,0.0,-0.39285714285714285,0.20743160473662772
-0.5,0.4,1.0,0.0,0.08771929824561403,0.14545454545454545,0.15384615384615385,0.15128593040847182,0.5245901639344263,-0.5,-0.36602540378443876,0.0,-0.35714285714285715,0.20579828501429231
-0.5,0.6,1.0,0.0,0.03508771929824561,0.16363636363636364,0.15384615384615385,0.1391830559757945,0.546448087431694,-0.577350269189626,0.0,0.0,-0.32142857142857145,0.20089832584728537
-0.5,0.8,2.0,0.0,0.017543859649122806,0.10909090909090909,0.17307692307692307,0.12102874432677786,0.546448087431694,-0.5000000000000001,0.3660254037844388,0.0,-0.2857142857142857,0.1927317272356069
-0.5,1.0,2.0,0.0,0.017543859649122806,0.09090909090909091,0.11538461538461539,0.0968229954614219,0.546448087431694,-0.2886751345948132,0.6339745962155612,0.0,-0.25,0.1845651286239284
-0.5,1.2,2.0,0.0,0.03508771929824561,0.09090909090909091,0.09615384615384616,0.0968229954614219,0.546448087431694,-2.1211504774498138e-16,0.7320508075688774,0.0,-0.21428571428571427,0.17803184973458605
0.0,-1.0,-1.0,0.0,0.017543859649122806,0.10909090909090909,0.09615384615384616,0.0968229954614219,0.546448087431694,0.2886751345948128,0.6339745962155615,0.0,-0.17857142857142858,0.1698652511229076
0.0,-0.8,-1.0,0.0,0.07017543859649122,0.09090909090909091,0.11538461538461539,0.11497730711043853,0.546448087431694,0.49999999999999994,0.3660254037844388,0.0,-0.14285714285714285,0.16659861167823678
0.0,-0.6,-1.0,0.0,0.07017543859649122,0.14545454545454545,0.09615384615384616,0.1270801815431165,0.5245901639344263,0.5773502691896257,1.793007356604921e-16,0.0,-0.10714285714285714,0.16333197223356524
0.0,-0.4,0.0,0.0,0.07017543859649122,0.14545454545454545,0.15384615384615385,0.14523449319213316,0.4808743169398907,0.5,-0.3660254037844383,0.0,-0.07142857142857142,0.16169865251122983
0.0,-0.2,0.0,0.0,0.05263157894736842,0.14545454545454545,0.15384615384615385,0.1391830559757945,0.5027322404371585,0.2886751345948128,-0.6339745962155612,1.0,-0.03571428571428571,0.16169865251122983
0.0,0.0,0.0,0.0,0.05263157894736842,0.12727272727272726,0.15384615384615385,0.13313161875945517,0.5027322404371585,0.0,-0.7320508075688771,0.0,0.0,0.1600653327888937
0.0,0.2,1.0,0.0,0.05263157894736842,0.12727272727272726,0.1346153846153846,0.1270801815431165,0.5245901639344263,-0.2886751345948128,-0.6339745962155612,0.0,0.03571428571428571,0.1584320130665583
0.0,0.4,1.0,0.0,0.05263157894736842,0.12727272727272726,0.1346153846153846,0.1270801815431165,0.45901639344262296,-0.5,-0.36602540378443876,0.0,0.07142857142857142,0.15516537362188676
0.0,0.6,1.0,0.0,0.07017543859649122,0.12727272727272726,0.1346153846153846,0.13313161875945517,0.4371584699453552,-0.577350269189626,0.0,0.0,0.10714285714285714,0.1584320130665583
0.0,0.8,2.0,0.0,0.15789473684210525,0.14545454545454545,0.1346153846153846,0.16944024205748848,0.4371584699453552,-0.5000000000000001,0.3660254037844388,0.0,0.14285714285714285,0.1714985708452437
0.0,1.0,2.0,0.0,0.21052631578947367,0.23636363636363636,0.15384615384615385,0.2239031770045384,0.45901639344262296,-0.2886751345948132,0.6339745962155612,0.0,0.17857142857142858,0.18946508779093535
0.0,1.2,2.0,0.0,0.21052631578947367,0.2909090909090909,0.25,0.2723146747352497,0.4371584699453552,-2.1211504774498138e-16,0.7320508075688774,0.0,0.21428571428571427,0.20579828501429231
0.5,-1.0,-1.0,0.0,0.2631578947368421,0.2909090909090909,0.3076923076923077,0.308623298033283,0.5027322404371585,0.2886751345948128,0.6339745962155615,0.0,0.25,0.2286647611269909
0.5,-0.8,-1.0,0.0,0.3508771929824561,0.34545454545454546,0.3076923076923077,0.3570347957639943,0.5027322404371585,0.49999999999999994,0.3660254037844388,0.0,0.2857142857142857,0.2547978766843617
0.5,-0.6,-1.0,0.0,0.45614035087719296,0.43636363636363634,0.36538461538461536,0.44175491679273815,0.5027322404371585,0.5773502691896257,1.793007356604921e-16,0.0,0.32142857142857145,0.29073091057574574
0.5,-0.4,0.0,0.0,0.631578947368421,0.5454545454545454,0.46153846153846156,0.5688350983358547,0.4808743169398907,0.5,-0.3660254037844383,1.0,0.35714285714285715,0.34299714169048673
0.5,-0.2,0.0,0.0,0.5964912280701754,0.7272727272727273,0.5769230769230769,0.6535552193645993,0.4808743169398907,0.2886751345948128,-0.6339745962155612,0.0,0.39285714285714285,0.39363005308289156
0.5,0.0,0.0,0.0,0.07017543859649122,0.6909090909090909,0.7692307692307693,0.520423600605144,0.4808743169398907,0.0,-0.7320508075688771,0.0,0.42857142857142855,0.39526337280522694
0.5,0.2,1.0,0.0,0.5964912280701754,0.14545454545454545,0.7307692307692307,0.508320726172466,0.4808743169398907,-0.2886751345948128,-0.6339745962155612,0.0,0.4642857142857143,0.4458962841976325
0.5,0.4,1.0,0.0,0.5614035087719298,0.6909090909090909,0.15384615384615385,0.4962178517397881,0.5027322404371585,-0.5,-0.36602540378443876,0.0,0.5,0.4932625561453658
0.5,0.6,1.0,0.0,0.543859649122807,0.6545454545454545,0.7307692307692307,0.6596066565809379,0.6120218579234973,-0.577350269189626,0.0,0.0,0.5357142857142857,0.5373621886484283
0.5,0.8,2.0,0.0,0.7543859649122807,0.6363636363636364,0.6923076923076923,0.7140695915279879,0.6775956284153005,-0.5000000000000001,0.3660254037844388,0.0,0.5714285714285714,0.5928950592078408
0.5,1.0,2.0,0.0,0.8245614035087719,0.8545454545454545,0.6730769230769231,0.8048411497730711,0.6775956284153005,-0.2886751345948132,0.6339745962155612,0.0,0.6071428571428571,0.650061249489588
0.5,1.2,2.0,0.0,0.8596491228070176,0.9272727272727272,0.9038461538461539,0.9137670196671716,0.7431693989071039,-2.1211504774498138e-16,0.7320508075688774,0.0,0.6428571428571429,0.7104940792160074
1.0,-1.0,-1.0,0.0,0.8947368421052632,0.9636363636363636,0.9807692307692307,0.9621785173978822,0.8524590163934426,0.2886751345948128,0.6339745962155615,0.0,0.6785714285714286,0.7692935892200907
1.0,-0.8,-1.0,0.0,0.40350877192982454,1.0,1.0192307692307692,0.8169440242057491,0.9836065573770492,0.49999999999999994,0.3660254037844388,0.0,0.7142857142857143,0.7741935483870976
1.0,-0.6,-1.0,0.0,1.1578947368421053,0.4909090909090909,1.0576923076923077,0.9198184568835096,1.2021857923497268,0.5773502691896257,1.793007356604921e-16,0.0,0.75,0.8395263372805233
1.0,-0.4,0.0,0.0,1.456140350877193,1.2727272727272727,0.5192307692307693,1.1134644478063547,1.1584699453551912,0.5,-0.3660254037844383,1.0,0.7857142857142857,0.916292364230299
1.0,-0.2,0.0,0.0,1.3859649122807018,1.5818181818181818,1.3461538461538463,1.4523449319213317,0.5027322404371585,0.2886751345948128,-0.6339745962155612,0.0,0.8214285714285714,0.9897917517354025
1.0,0.0,0.0,0.0,1.087719298245614,1.509090909090909,1.6730769230769231,1.4281391830559758,1.1584699453551912,0.0,-0.7320508075688771,0.0,0.8571428571428571,1.0845242956308705
1.0,0.2,1.0,0.0,1.105263157894737,1.2,1.5961538461538463,1.3071104387291985,1.1147540983606556,-0.2886751345948128,-0.6339745962155612,0.0,0.8928571428571429,1.1318905675786037
1.0,0.4,1.0,0.0,1.263157894736842,1.2181818181818183,1.2692307692307692,1.264750378214826,1.092896174863388,-0.5,-0.36602540378443876,0.0,0.9285714285714286,1.1972233564720303
1.0,0.6,1.0,0.0,1.280701754385965,1.3818181818181818,1.2884615384615385,1.3313161875945545,1.355191256830601,-0.577350269189626,0.0,0.0,0.9642857142857143,1.2658227848101273
1.0,0.8,2.0,0.0,1.2456140350877194,1.4,1.4615384615384615,1.3797276853252651,1.4426229508196722,-0.5000000000000001,0.3660254037844388,0.0,1.0,1.311555737035526
-1.0,-0.8,-1.0,0.2,-0.8421052631578947,-0.8,-0.8461538461538461,-0.7987897125567324,-0.5027322404371585,0.49999999999999994,0.3660254037844388,0.0,-1.0,-0.8297264189465088
-1.0,-0.6,-1.0,0.2,-0.8421052631578947,-0.8,-0.8461538461538461,-0.7987897125567324,-0.4808743169398907,0.5773502691896257,1.793007356604921e-16,0.0,-0.9642857142857143,-0.8395263372805226
-1.0,-0.4,0.0,0.2,-0.8421052631578947,-0.8,-0.8461538461538461,-0.7987897125567324,-0.5245901639344263,0.5,-0.3660254037844383,0.0,-0.9285714285714286,-0.8509595753368719
-1.0,-0.2,0.0,0.2,-0.8070175438596491,-0.8,-0.8461538461538461,-0.7866868381240544,-0.9617486338797814,0.2886751345948128,-0.6339745962155612,1.0,-0.8928571428571429,-0.8558595345038789
-1.0,0.0,0.0,0.2,-0.8070175438596491,-0.7636363636363637,-0.8461538461538461,-0.774583963691377,-0.6338797814207651,0.0,-0.7320508075688771,0.0,-0.8571428571428571,-0.8280930992241726
-1.0,0.2,1.0,0.2,-0.7192982456140351,-0.7636363636363637,-0.8076923076923077,-0.7322239031770045,-0.6338797814207651,-0.2886751345948128,-0.6339745962155612,0.0,-0.8214285714285714,-0.8166598611678233
-1.0,0.4,1.0,0.2,-0.8245614035087719,-0.6727272727272727,-0.8076923076923077,-0.7382753403933437,-0.6120218579234973,-0.5,-0.36602540378443876,0.0,-0.7857142857142857,-0.8150265414454879
-1.0,0.6,1.0,0.2,-0.8596491228070176,-0.7818181818181819,-0.7115384615384616,-0.7564296520423605,-0.6338797814207651,-0.577350269189626,0.0,0.0,-0.75,-0.8182931808901587
-1.0,0.8,2.0,0.2,-0.8596491228070176,-0.8181818181818182,-0.8269230769230769,-0.8048411497730711,-0.6338797814207651,-0.5000000000000001,0.3660254037844388,0.0,-0.7142857142857143,-0.8199265006124948
-1.0,1.0,2.0,0.2,-0.8771929824561403,-0.8181818181818182,-0.8653846153846154,-0.8229954614220877,-0.6338797814207651,-0.2886751345948132,0.6339745962155612,0.0,-0.6785714285714286,-0.8231931400571657
-1.0,1.2,2.0,0.2,-0.8596491228070176,-0.8363636363636363,-0.8653846153846154,-0.8229954614220877,-0.6338797814207651,-2.1211504774498138e-16,0.7320508075688774,0.0,-0.6428571428571429,-0.8248264597795018
-0.5,-1.0,-1.0,0.2,-0.8771929824561403,-0.8181818181818182,-0.8846153846153846,-0.8290468986384271,-0.6338797814207651,0.2886751345948128,0.6339745962155615,0.0,-0.6071428571428571,-0.8280930992241726
-0.5,-0.8,-1.0,0.2,-0.8771929824561403,-0.8363636363636363,-0.8653846153846154,-0.8290468986384271,-0.6338797814207651,0.49999999999999994,0.3660254037844388,0.0,-0.5714285714285714,-0.8313597386688442
-0.5,-0.6,-1.0,0.2,-0.8596491228070176,-0.8363636363636363,-0.8846153846153846,-0.8290468986384271,-0.6338797814207651,0.5773502691896257,1.793007356604921e-16,0.0,-0.5357142857142857,-0.8329930583911795
-0.5,-0.4,0.0,0.2,-0.8771929824561403,-0.8181818181818182,-0.8846153846153846,-0.8290468986384271,-0.5901639344262295,0.5,-0.3660254037844383,0.0,-0.5,-0.8362596978358511
-0.5,-0.2,0.0,0.2,-0.9122807017543859,-0.8363636363636363,-0.8653846153846154,-0.8411497730711044,-0.5901639344262295,0.2886751345948128,-0.6339745962155612,1.0,-0.4642857142857143,-0.846059616169865
-0.5,0.0,0.0,0.2,-0.9298245614035088,-0.8727272727272727,-0.8846153846153846,-0.8653555219364604,-0.4808743169398907,0.0,-0.7320508075688771,0.0,-0.42857142857142855,-0.8574928542262142
-0.5,0.2,1.0,0.2,-0.9298245614035088,-0.8909090909090909,-0.9230769230769231,-0.883509833585477,-0.6120218579234973,-0.2886751345948128,-0.6339745962155612,0.0,-0.39285714285714285,-0.877092690894242
-0.5,0.4,1.0,0.2,-0.9649122807017544,-0.8909090909090909,-0.9423076923076923,-0.9016641452344936,-0.6557377049180327,-0.5,-0.36602540378443876,0.0,-0.35714285714285715,-0.8901592486729275
-0.5,0.6,1.0,0.2,-0.9649122807017544,-0.9272727272727272,-0.9423076923076923,-0.9137670196671709,-0.6557377049180327,-0.577350269189626,0.0,0.0,-0.32142857142857145,-0.8999591670069413
-0.5,0.8,2.0,0.2,-0.9824561403508771,-0.9272727272727272,-0.9807692307692307,-0.9319213313161876,-0.6775956284153005,-0.5000000000000001,0.3660254037844388,0.0,-0.2857142857142857,-0.9113924050632907
-0.5,1.0,2.0,0.2,-0.9649122807017544,-0.9454545454545454,-0.9807692307692307,-0.9319213313161876,-0.6557377049180327,-0.2886751345948132,0.6339745962155612,0.0,-0.25,-0.9195590036749691
-0.5,1.2,2.0,0.2,-0.9649122807017544,-0.9272727272727272,-1.0,-0.9319213313161876,-0.6775956284153005,-2.1211504774498138e-16,0.7320508075688774,0.0,-0.21428571428571427,-0.929358922008983
0.0,-1.0,-1.0,0.2,-0.9298245614035088,-0.9272727272727272,-0.9807692307692307,-0.9137670196671709,-0.6775956284153005,0.2886751345948128,0.6339745962155615,0.0,-0.17857142857142858,-0.93425888117599
0.0,-0.8,-1.0,0.2,-0.8596491228070176,-0.8909090909090909,-0.9807692307692307,-0.8774583963691377,-0.6557377049180327,0.49999999999999994,0.3660254037844388,0.0,-0.14285714285714285,-0.9326255614536545
0.0,-0.6,-1.0,0.2,-0.7543859649122807,-0.8181818181818182,-0.9423076923076923,-0.8048411497730711,-0.6775956284153005,0.5773502691896257,1.793007356604921e-16,0.0,-0.10714285714285714,-0.9228256431196407
0.0,-0.4,0.0,0.2,-0.8771929824561403,-0.7090909090909091,-0.8653846153846154,-0.7866868381240544,-0.7213114754098361,0.5,-0.3660254037844383,0.0,-0.07142857142857142,-0.9228256431196407
0.0,-0.2,0.0,0.2,-0.8421052631578947,-0.8363636363636363,-0.75,-0.7806354009077158,-0.7431693989071039,0.2886751345948128,-0.6339745962155612,1.0,-0.03571428571428571,-0.9162923642302976
0.0,0.0,0.0,0.2,-0.8421052631578947,-0.8,-0.8846153846153846,-0.8108925869894104,-0.7431693989071039,0.0,-0.7320508075688771,0.0,0.0,-0.9081257656186198
0.0,0.2,1.0,0.2,-0.8421052631578947,-0.8,-0.8461538461538461,-0.7987897125567324,-0.7868852459016393,-0.2886751345948128,-0.6339745962155612,0.0,0.03571428571428571,-0.8999591670069413
0.0,0.4,1.0,0.2,-0.8771929824561403,-0.8,-0.8461538461538461,-0.8108925869894104,-0.7868852459016393,-0.5,-0.36602540378443876,0.0,0.07142857142857142,-0.8917925683952629
0.0,0.6,1.0,0.2,-0.8596491228070176,-0.8363636363636363,-0.8461538461538461,-0.8169440242057491,-0.8087431693989071,-0.577350269189626,0.0,0.0,0.10714285714285714,-0.8819926500612489
0.0,0.8,2.0,0.2,-0.7894736842105263,-0.8181818181818182,-0.8846153846153846,-0.7987897125567324,-0.7868852459016393,-0.5000000000000001,0.3660254037844388,0.0,0.14285714285714285,-0.8640261331155573
0.0,1.0,2.0,0.2,-0.7017543859649122,-0.7454545454545455,-0.8653846153846154,-0.7382753403933437,-0.7868852459016393,-0.2886751345948132,0.6339745962155612,0.0,0.17857142857142858,-0.8395263372805226
0.0,1.2,2.0,0.2,-0.6140350877192983,-0.6545454545454545,-0.7884615384615384,-0.6535552193645993,-0.7431693989071039,-2.1211504774498138e-16,0.7320508075688774,0.0,0.21428571428571427,-0.8068599428338095
0.5,-1.0,-1.0,0.2,-0.5789473684210527,-0.5636363636363636,-0.6923076923076923,-0.5809379727685327,-0.6557377049180327,0.2886751345948128,0.6339745962155615,0.0,0.25,-0.7741935483870962
0.5,-0.8,-1.0,0.2,-0.5263157894736842,-0.5272727272727272,-0.5961538461538461,-0.520423600605144,-0.5245901639344263,0.49999999999999994,0.3660254037844388,0.0,0.2857142857142857,-0.7431604736627192
0.5,-0.6,-1.0,0.2,-0.42105263157894735,-0.4727272727272727,-0.5576923076923077,-0.45385779122541614,-0.6775956284153005,0.5773502691896257,1.793007356604921e-16,0.0,0.32142857142857145,-0.7121273989383421
0.5,-0.4,0.0,0.2,-0.42105263157894735,-0.36363636363636365,-0.5,-0.3993948562783662,-0.6338797814207651,0.5,-0.3660254037844383,1.0,0.35714285714285715,-0.669661086157615
0.5,-0.2,0.0,0.2,-0.3508771929824561,-0.36363636363636365,-0.38461538461538464,-0.3388804841149776,-0.6338797814207651,0.2886751345948128,-0.6339745962155612,0.0,0.39285714285714285,-0.6239281339322171
0.5,0.0,0.0,0.2,-0.3157894736842105,-0.2909090909090909,-0.38461538461538464,-0.3025718608169443,-0.6338797814207651,0.0,-0.7320508075688771,0.0,0.42857142857142855,-0.5749285422621477
0.5,0.2,1.0,0.2,-0.3508771929824561,-0.2545454545454545,-0.3076923076923077,-0.27836611195158834,-0.6775956284153005,-0.2886751345948128,-0.6339745962155612,0.0,0.4642857142857143,-0.5291955900367491
0.5,0.4,1.0,0.2,-0.3684210526315789,-0.2909090909090909,-0.2692307692307692,-0.28441754916792766,-0.6557377049180327,-0.5,-0.36602540378443876,0.0,0.5,-0.4818293180890158
0.5,0.6,1.0,0.2,-0.3684210526315789,-0.3090909090909091,-0.3076923076923077,-0.3025718608169443,-0.5683060109289617,-0.577350269189626,0.0,0.0,0.5357142857142857,-0.4360963658636172
0.5,0.8,2.0,0.2,-0.15789473684210525,-0.3090909090909091,-0.3269230769230769,-0.2360060514372164,-0.45901639344262296,-0.5000000000000001,0.3660254037844388,0.0,0.5714285714285714,-0.3772968558595339
0.5,1.0,2.0,0.2,0.08771929824561403,-0.09090909090909091,-0.3269230769230769,-0.07866868381240524,-0.34972677595628415,-0.2886751345948132,0.6339745962155612,0.0,0.6071428571428571,-0.3037974683544297
0.5,1.2,2.0,0.2,0.15789473684210525,0.16363636363636364,-0.09615384615384616,0.10287443267776121,-0.30601092896174864,-2.1211504774498138e-16,0.7320508075688774,0.0,0.6428571428571429,-0.23193140057166173
1.0,-1.0,-1.0,0.2,0.19298245614035087,0.23636363636363636,0.17307692307692307,0.2239031770045384,-0.24043715846994534,0.2886751345948128,0.6339745962155615,0.0,0.6785714285714286,-0.16006533278889298
1.0,-0.8,-1.0,0.2,0.17543859649122806,0.2727272727272727,0.25,0.254160363086233,-0.1092896174863388,0.49999999999999994,0.3660254037844388,0.0,0.7142857142857143,-0.09473254389546733
1.0,-0.6,-1.0,0.2,0.5087719298245614,0.2545454545454545,0.28846153846153844,0.37518910741301087,-0.1092896174863388,0.5773502691896257,1.793007356604921e-16,0.0,0.75,-0.008166598611677763
1.0,-0.4,0.0,0.2,0.7543859649122807,0.6,0.2692307692307692,0.5688350983358547,-0.02185792349726776,0.5,-0.3660254037844383,1.0,0.7857142857142857,0.10126582278481039
1.0,-0.2,0.0,0.2,0.6666666666666666,0.8545454545454545,0.6346153846153846,0.7382753403933437,0.02185792349726776,0.2886751345948128,-0.6339745962155612,0.0,0.8214285714285714,0.19599836668027842
1.0,0.0,0.0,0.2,0.47368421052631576,0.7636363636363637,0.9038461538461539,0.7261724659606659,-0.02185792349726776,0.0,-0.7320508075688771,0.0,0.8571428571428571,0.2694977541853826
1.0,0.2,1.0,0.2,0.3508771929824561,0.5636363636363636,0.8076923076923077,0.5869894099848714,-0.04371584699453552,-0.2886751345948128,-0.6339745962155612,0.0,0.8928571428571429,0.3348305430788082
1.0,0.4,1.0,0.2,0.43859649122807015,0.43636363636363634,0.5961538461538461,0.508320726172466,-0.04371584699453552,-0.5,-0.36602540378443876,0.0,0.9285714285714286,0.4099632503062478
1.0,0.6,1.0,0.2,0.45614035087719296,0.5272727272727272,0.46153846153846156,0.5022692889561274,0.2185792349726776,-0.577350269189626,0.0,0.0,0.9642857142857143,0.48672927725602344
1.0,0.8,2.0,0.2,0.42105263157894735,0.5454545454545454,0.5576923076923077,0.5264750378214827,0.5245901639344263,-0.5000000000000001,0.3660254037844388,0.0,1.0,0.5406288280930999
-1.0,-0.8,-1.0,0.4,0.24561403508771928,0.32727272727272727,0.34615384615384615,0.32677760968229963,0.6994535519125683,0.49999999999999994,0.3660254037844388,0.0,-1.0,0.359330338913843
-1.0,-0.6,-1.0,0.4,0.3157894736842105,0.32727272727272727,0.34615384615384615,0.35098335854765494,0.6775956284153005,0.5773502691896257,1.793007356604921e-16,0.0,-0.9642857142857143,0.3674969375255214
-1.0,-0.4,0.0,0.4,0.3508771929824561,0.4,0.34615384615384615,0.3872919818456882,0.6557377049180327,0.5,-0.3660254037844383,0.0,-0.9285714285714286,0.38056349530420613
-1.0,-0.2,0.0,0.4,0.38596491228070173,0.43636363636363634,0.4230769230769231,0.4357034795763995,0.6557377049180327,0.2886751345948128,-0.6339745962155612,1.0,-0.8928571428571429,0.3985300122498985
-1.0,0.0,0.0,0.4,0.38596491228070173,0.4727272727272727,0.46153846153846156,0.4599092284417548,0.7213114754098361,0.0,-0.7320508075688771,0.0,-0.8571428571428571,0.4164965291955908
-1.0,0.2,1.0,0.4,0.38596491228070173,0.4727272727272727,0.5,0.4720121028744328,0.6994535519125683,-0.2886751345948128,-0.6339745962155612,0.0,-0.8214285714285714,0.42956308697427553
-1.0,0.4,1.0,0.4,0.40350877192982454,0.4727272727272727,0.5,0.47806354009077145,0.6994535519125683,-0.5,-0.36602540378443876,0.0,-0.7857142857142857,0.4458962841976325
-1.0,0.6,1.0,0.4,0.40350877192982454,0.4909090909090909,0.5,0.4841149773071108,0.6994535519125683,-0.577350269189626,0.0,0.0,-0.75,0.46222948142098874
-1.0,0.8,2.0,0.4,0.40350877192982454,0.4909090909090909,0.5192307692307693,0.49016641452344945,0.7213114754098361,-0.5000000000000001,0.3660254037844388,0.0,-0.7142857142857143,0.478562678644345
-1.0,1.0,2.0,0.4,0.40350877192982454,0.4909090909090909,0.5192307692307693,0.49016641452344945,0.7213114754098361,-0.2886751345948132,0.6339745962155612,0.0,-0.6785714285714286,0.4932625561453658
-1.0,1.2,2.0,0.4,0.38596491228070173,0.4909090909090909,0.5192307692307693,0.4841149773071108,0.7213114754098361,-2.1211504774498138e-16,0.7320508075688774,0.0,-0.6428571428571429,0.5063291139240512
-0.5,-1.0,-1.0,0.4,0.38596491228070173,0.4727272727272727,0.5192307692307693,0.47806354009077145,0.7213114754098361,0.2886751345948128,0.6339745962155615,0.0,-0.6071428571428571,0.5193956717027366
-0.5,-0.8,-1.0,0.4,0.38596491228070173,0.4727272727272727,0.5,0.4720121028744328,0.8087431693989071,0.49999999999999994,0.3660254037844388,0.0,-0.5714285714285714,0.5324622294814213
-0.5,-0.6,-1.0,0.4,0.38596491228070173,0.4727272727272727,0.5,0.4720121028744328,0.8524590163934426,0.5773502691896257,1.793007356604921e-16,0.0,-0.5357142857142857,0.5389955083707644
-0.5,-0.4,0.0,0.4,0.3684210526315789,0.4727272727272727,0.5,0.46596066565809413,0.8961748633879781,0.5,-0.3660254037844383,0.0,-0.5,0.5406288280930999
-0.5,-0.2,0.0,0.4,0.3333333333333333,0.45454545454545453,0.5,0.4478063540090775,0.8961748633879781,0.2886751345948128,-0.6339745962155612,1.0,-0.4642857142857143,0.5357288689260928
-0.5,0.0,0.0,0.4,0.3508771929824561,0.41818181818181815,0.4807692307692308,0.4357034795763995,0.8961748633879781,0.0,-0.7320508075688771,0.0,-0.42857142857142855,0.5324622294814213
-0.5,0.2,1.0,0.4,0.3508771929824561,0.43636363636363634,0.4423076923076923,0.4296520423600608,0.9180327868852459,-0.2886751345948128,-0.6339745962155612,0.0,-0.39285714285714285,0.5291955900367505
-0.5,0.4,1.0,0.4,0.3508771929824561,0.43636363636363634,0.46153846153846156,0.4357034795763995,0.9180327868852459,-0.5,-0.36602540378443876,0.0,-0.35714285714285715,0.5242956308697436
-0.5,0.6,1.0,0.4,0.3157894736842105,0.43636363636363634,0.46153846153846156,0.4236006051437215,0.9180327868852459,-0.577350269189626,0.0,0.0,-0.32142857142857145,0.5161290322580652
-0.5,0.8,2.0,0.4,0.3157894736842105,0.4,0.46153846153846156,0.4114977307110442,0.9180327868852459,-0.5000000000000001,0.3660254037844388,0.0,-0.2857142857142857,0.5079624336463866
-0.5,1.0,2.0,0.4,0.3157894736842105,0.4,0.4230769230769231,0.3993948562783662,0.8961748633879781,-0.2886751345948132,0.6339745962155612,0.0,-0.25,0.49979583503470887
-0.5,1.2,2.0,0.4,0.38596491228070173,0.4,0.4230769230769231,0.4236006051437215,0.8961748633879781,-2.1211504774498138e-16,0.7320508075688774,0.0,-0.21428571428571427,0.49979583503470887
0.0,-1.0,-1.0,0.4,0.3684210526315789,0.4727272727272727,0.4230769230769231,0.44175491679273815,0.8961748633879781,0.2886751345948128,0.6339745962155615,0.0,-0.17857142857142858,0.49816251531237277
0.0,-0.8,-1.0,0.4,0.40350877192982454,0.45454545454545453,0.5,0.4720121028744328,0.8961748633879781,0.49999999999999994,0.3660254037844388,0.0,-0.14285714285714285,0.49979583503470887
0.0,-0.6,-1.0,0.4,0.40350877192982454,0.4909090909090909,0.4807692307692308,0.47806354009077145,0.8743169398907104,0.5773502691896257,1.793007356604921e-16,0.0,-0.10714285714285714,0.5014291547570443
0.0,-0.4,0.0,0.4,0.38596491228070173,0.4909090909090909,0.5192307692307693,0.4841149773071108,0.8306010928961749,0.5,-0.3660254037844383,0.0,-0.07142857142857142,0.5030624744793797
0.0,-0.2,0.0,0.4,0.38596491228070173,0.4727272727272727,0.5192307692307693,0.47806354009077145,0.8524590163934426,0.2886751345948128,-0.6339745962155612,1.0,-0.03571428571428571,0.5079624336463866
0.0,0.0,0.0,0.4,0.38596491228070173,0.4727272727272727,0.5,0.4720121028744328,0.8524590163934426,0.0,-0.7320508075688771,0.0,0.0,0.5112290730910581
0.0,0.2,1.0,0.4,0.38596491228070173,0.4727272727272727,0.5,0.4720121028744328,0.8524590163934426,-0.2886751345948128,-0.6339745962155612,0.0,0.03571428571428571,0.5144957125357297
0.0,0.4,1.0,0.4,0.3684210526315789,0.4727272727272727,0.5,0.46596066565809413,0.8087431693989071,-0.5,-0.36602540378443876,0.0,0.07142857142857142,0.5161290322580652
0.0,0.6,1.0,0.4,0.3684210526315789,0.45454545454545453,0.5,0.4599092284417548,0.8087431693989071,-0.577350269189626,0.0,0.0,0.10714285714285714,0.5210289914250721
0.0,0.8,2.0,0.4,0.42105263157894735,0.45454545454545453,0.4807692307692308,0.4720121028744328,0.8087431693989071,-0.5000000000000001,0.3660254037844388,0.0,0.14285714285714285,0.5308289097590859
0.0,1.0,2.0,0.4,0.5087719298245614,0.509090909090909,0.4807692307692308,0.520423600605144,0.8961748633879781,-0.2886751345948132,0.6339745962155612,0.0,0.17857142857142858,0.5487954267047783
0.0,1.2,2.0,0.4,0.5087719298245614,0.6,0.5384615384615384,0.5688350983358547,0.8743169398907104,-2.1211504774498138e-16,0.7320508075688774,0.0,0.21428571428571427,0.5602286647611276
0.5,-1.0,-1.0,0.4,0.543859649122807,0.6,0.6346153846153846,0.6111951588502272,0.9180327868852459,0.2886751345948128,0.6339745962155615,0.0,0.25,0.5765618619844839
0.5,-0.8,-1.0,0.4,0.5614035087719298,0.6363636363636364,0.6346153846153846,0.629349470499244,0.9180327868852459,0.49999999999999994,0.3660254037844388,0.0,0.2857142857142857,0.5912617394855046
0.5,-0.6,-1.0,0.4,0.6842105263157895,0.6545454545454545,0.6730769230769231,0.6898638426626326,0.8961748633879781,0.5773502691896257,1.793007356604921e-16,0.0,0.32142857142857145,0.6173948550428755
0.5,-0.4,0.0,0.4,0.8771929824561403,0.7818181818181819,0.6923076923076923,0.8048411497730711,0.8961748633879781,0.5,-0.3660254037844383,1.0,0.35714285714285715,0.6631278072682734
0.5,-0.2,0.0,0.4,0.8596491228070176,0.9818181818181818,0.8269230769230769,0.9077155824508323,0.8961748633879781,0.2886751345948128,-0.6339745962155612,0.0,0.39285714285714285,0.7072274397713358
0.5,0.0,0.0,0.4,0.8596491228070176,0.9636363636363636,1.0384615384615385,0.9682299546142216,0.8961748633879781,0.0,-0.7320508075688771,0.0,0.42857142857142855,0.7513270722743983
0.5,0.2,1.0,0.4,0.8596491228070176,0.9636363636363636,1.0192307692307692,0.9621785173978822,0.8743169398907104,-0.2886751345948128,-0.6339745962155612,0.0,0.4642857142857143,0.7954267047774608
0.5,0.4,1.0,0.4,0.8421052631578947,0.9636363636363636,1.0192307692307692,0.9561270801815429,0.8743169398907104,-0.5,-0.36602540378443876,0.0,0.5,0.8395263372805233
0.5,0.6,1.0,0.4,0.8245614035087719,0.9454545454545454,1.0192307692307692,0.9440242057488656,0.9398907103825137,-0.577350269189626,0.0,0.0,0.5357142857142857,0.8819926500612504
0.5,0.8,2.0,0.4,0.9473684210526315,0.9272727272727272,1.0,0.9742813918305595,1.0491803278688525,-0.5000000000000001,0.3660254037844388,0.0,0.5714285714285714,0.9309922417313199
0.5,1.0,2.0,0.4,1.087719298245614,1.0545454545454545,0.9807692307692307,1.0590015128593047,1.0491803278688525,-0.2886751345948132,0.6339745962155612,0.0,0.6071428571428571,0.9848917925683955
0.5,1.2,2.0,0.4,1.1228070175438596,1.2,1.1153846153846154,1.1618759455370653,1.092896174863388,-2.1211504774498138e-16,0.7320508075688774,0.0,0.6428571428571429,1.0420579828501442
1.0,-1.0,-1.0,0.4,1.1754385964912282,1.2363636363636363,1.2692307692307692,1.2405446293494713,1.1147540983606556,0.2886751345948128,0.6339745962155615,0.0,0.6785714285714286,1.1008574928542274
1.0,-0.8,-1.0,0.4,1.1754385964912282,1.290909090909091,1.3076923076923077,1.270801815431165,1.2677595628415301,0.49999999999999994,0.3660254037844388,0.0,0.7142857142857143,1.1580236831359747
1.0,-0.6,-1.0,0.4,1.3333333333333333,1.290909090909091,1.3653846153846154,1.3434190620272317,1.5081967213114753,0.5773502691896257,1.793007356604921e-16,0.0,0.75,1.218456512862394
1.0,-0.4,0.0,0.4,1.5964912280701755,1.4545454545454546,1.3653846153846154,1.488653555219365,1.4863387978142077,0.5,-0.3660254037844383,1.0,0.7857142857142857,1.2854226214781552
1.0,-0.2,0.0,0.4,1.5614035087719298,1.7272727272727273,1.5384615384615385,1.6217851739788207,1.4863387978142077,0.2886751345948128,-0.6339745962155612,0.0,0.8214285714285714,1.3507554103715815
1.0,0.0,0.0,0.4,1.4210526315789473,1.690909090909091,1.8269230769230769,1.6520423600605147,1.4863387978142077,0.0,-0.7320508075688771,0.0,0.8571428571428571,1.4030216414863217
1.0,0.2,1.0,0.4,1.4385964912280702,1.5454545454545454,1.7884615384615385,1.5975794251134647,1.46448087431694,-0.2886751345948128,-0.6339745962155612,0.0,0.8928571428571429,1.4569211923233982
1.0,0.4,1.0,0.4,1.5964912280701755,1.5636363636363637,1.6346153846153846,1.6096822995461422,1.4426229508196722,-0.5,-0.36602540378443876,0.0,0.9285714285714286,1.5271539403838315
1.0,0.6,1.0,0.4,1.5789473684210527,1.7272727272727273,1.6538461538461537,1.664145234493192,1.5956284153005464,-0.577350269189626,0.0,0.0,0.9642857142857143,1.5973866884442633
1.0,0.8,2.0,0.4,1.5263157894736843,1.709090909090909,1.8269230769230769,1.6944024205748873,1.7704918032786885,-0.5000000000000001,0.3660254037844388,0.0,1.0,1.6512862392813397
-1.0,-1.0,-1.0,0.6,-0.3684210526315789,-0.32727272727272727,-0.34615384615384615,-0.32072617246596097,-0.2185792349726776,0.2886751345948128,0.6339745962155615,0.0,-1.0357142857142858,-0.3250306247447936
-1.0,-0.8,-1.0,0.6,-0.3684210526315789,-0.3090909090909091,-0.34615384615384615,-0.31467473524962164,0.0,0.49999999999999994,0.3660254037844388,0.0,-1.0,-0.31196406696610823
-1.0,-0.6,-1.0,0.6,-0.3684210526315789,-0.3090909090909091,-0.3269230769230769,-0.308623298033283,-0.02185792349726776,0.5773502691896257,1.793007356604921e-16,0.0,-0.9642857142857143,-0.31523070641077977
-1.0,-0.4,0.0,0.6,-0.3508771929824561,-0.3090909090909091,-0.3269230769230769,-0.3025718608169443,-0.06557377049180328,0.5,-0.3660254037844383,0.0,-0.9285714285714286,-0.31523070641077977
-1.0,-0.2,0.0,0.6,-0.3333333333333333,-0.2909090909090909,-0.3269230769230769,-0.2904689863842663,0.02185792349726776,0.2886751345948128,-0.6339745962155612,1.0,-0.8928571428571429,-0.3103307472437728
-1.0,0.0,0.0,0.6,-0.3508771929824561,-0.2727272727272727,-0.3076923076923077,-0.28441754916792766,-0.08743169398907104,0.0,-0.7320508075688771,0.0,-0.8571428571428571,-0.3135973866884436
-1.0,0.2,1.0,0.6,-0.40350877192982454,-0.2909090909090909,-0.28846153846153844,-0.3025718608169443,-0.06557377049180328,-0.2886751345948128,-0.6339745962155612,0.0,-0.8214285714285714,-0.3135973866884436
-1.0,0.4,1.0,0.6,-0.3508771929824561,-0.34545454545454546,-0.3076923076923077,-0.308623298033283,-0.08743169398907104,-0.5,-0.36602540378443876,0.0,-0.7857142857142857,-0.3103307472437728
-1.0,0.6,1.0,0.6,-0.3508771929824561,-0.2909090909090909,-0.36538461538461536,-0.308623298033283,-0.06557377049180328,-0.577350269189626,0.0,0.0,-0.75,-0.3054307880767659
-1.0,0.8,2.0,0.6,-0.3684210526315789,-0.2909090909090909,-0.3076923076923077,-0.296520423600605,-0.06557377049180328,-0.5000000000000001,0.3660254037844388,0.0,-0.7142857142857143,-0.3037974683544297
-1.0,1.0,2.0,0.6,-0.3684210526315789,-0.3090909090909091,-0.3076923076923077,-0.3025718608169443,-0.06557377049180328,-0.2886751345948132,0.6339745962155612,0.0,-0.6785714285714286,-0.30216414863209434
-1.0,1.2,2.0,0.6,-0.3684210526315789,-0.3090909090909091,-0.3269230769230769,-0.308623298033283,-0.04371584699453552,-2.1211504774498138e-16,0.7320508075688774,0.0,-0.6428571428571429,-0.3005308289097589
-0.5,-1.0,-1.0,0.6,-0.38596491228070173,-0.3090909090909091,-0.3269230769230769,-0.31467473524962164,-0.04371584699453552,0.2886751345948128,0.6339745962155615,0.0,-0.6071428571428571,-0.30216414863209434
-0.5,-0.8,-1.0,0.6,-0.38596491228070173,-0.32727272727272727,-0.3269230769230769,-0.32072617246596097,-0.04371584699453552,0.49999999999999994,0.3660254037844388,0.0,-0.5714285714285714,-0.3037974683544297
-0.5,-0.6,-1.0,0.6,-0.3684210526315789,-0.32727272727272727,-0.34615384615384615,-0.32072617246596097,-0.02185792349726776,0.5773502691896257,1.793007356604921e-16,0.0,-0.5357142857142857,-0.3037974683544297
-0.5,-0.4,0.0,0.6,-0.3684210526315789,-0.3090909090909091,-0.34615384615384615,-0.31467473524962164,0.0,0.5,-0.3660254037844383,0.0,-0.5,-0.3054307880767659
-0.5,-0.2,0.0,0.6,-0.38596491228070173,-0.3090909090909091,-0.3269230769230769,-0.31467473524962164,-0.02185792349726776,0.2886751345948128,-0.6339745962155612,1.0,-0.4642857142857143,-0.3103307472437728
-0.5,0.0,0.0,0.6,-0.38596491228070173,-0.32727272727272727,-0.3269230769230769,-0.32072617246596097,-0.08743169398907104,0.0,-0.7320508075688771,0.0,-0.42857142857142855,-0.3135973866884436
-0.5,0.2,1.0,0.6,0.3333333333333333,-0.32727272727272727,-0.34615384615384615,-0.07866868381240524,-0.02185792349726776,-0.2886751345948128,-0.6339745962155612,0.0,-0.39285714285714285,-0.24499795835034643
-0.5,0.4,1.0,0.6,-0.38596491228070173,0.41818181818181815,-0.34615384615384615,-0.07866868381240524,-0.02185792349726776,-0.5,-0.36602540378443876,0.0,-0.35714285714285715,-0.24826459779501797
-0.5,0.6,1.0,0.6,-0.40350877192982454,-0.32727272727272727,0.4423076923076923,-0.08472012102874457,-0.04371584699453552,-0.577350269189626,0.0,0.0,-0.32142857142857145,-0.2531645569620249
-0.5,0.8,2.0,0.6,-0.42105263157894735,-0.34545454545454546,-0.34615384615384615,-0.3449319213313163,-0.04371584699453552,-0.5000000000000001,0.3660254037844388,0.0,-0.2857142857142857,-0.25806451612903186
-0.5,1.0,2.0,0.6,-0.42105263157894735,-0.36363636363636365,-0.36538461538461536,-0.3570347957639943,-0.04371584699453552,-0.2886751345948132,0.6339745962155612,0.0,-0.25,-0.2629644752960388
-0.5,1.2,2.0,0.6,-0.40350877192982454,-0.36363636363636365,-0.38461538461538464,-0.3570347957639943,-0.06557377049180328,-2.1211504774498138e-16,0.7320508075688774,0.0,-0.21428571428571427,-0.2662311147407103
0.0,-1.0,-1.0,0.6,-0.42105263157894735,-0.34545454545454546,-0.38461538461538464,-0.3570347957639943,-0.06557377049180328,0.2886751345948128,0.6339745962155615,0.0,-0.17857142857142858,-0.26949775418538113
0.0,-0.8,-1.0,0.6,-0.38596491228070173,-0.36363636363636365,-0.36538461538461536,-0.3449319213313163,-0.04371584699453552,0.49999999999999994,0.3660254037844388,0.0,-0.14285714285714285,-0.26949775418538113
0.0,-0.6,-1.0,0.6,-0.7543859649122807,-0.32727272727272727,-0.38461538461538464,-0.46596066565809413,-0.04371584699453552,0.5773502691896257,1.793007356604921e-16,0.0,-0.10714285714285714,-0.3054307880767659
0.0,-0.4,0.0,0.6,-0.3684210526315789,-0.7090909090909091,-0.34615384615384615,-0.4478063540090775,-0.06557377049180328,0.5,-0.3660254037844383,0.0,-0.07142857142857142,-0.3054307880767659
0.0,-0.2,0.0,0.6,-0.3684210526315789,-0.3090909090909091,-0.75,-0.44175491679273815,-0.06557377049180328,0.2886751345948128,-0.6339745962155612,1.0,-0.03571428571428571,-0.3037974683544297
0.0,0.0,0.0,0.6,-0.3684210526315789,-0.3090909090909091,-0.3269230769230769,-0.308623298033283,0.8306010928961749,0.0,-0.7320508075688771,0.0,0.0,-0.30216414863209434
0.0,0.2,1.0,0.6,-0.3684210526315789,-0.3090909090909091,-0.3269230769230769,-0.308623298033283,-0.06557377049180328,-0.2886751345948128,-0.6339745962155612,0.0,0.03571428571428571,-0.36749693752552
0.0,0.4,1.0,0.6,-0.38596491228070173,-0.3090909090909091,-0.3269230769230769,-0.31467473524962164,-0.08743169398907104,-0.5,-0.36602540378443876,0.0,0.07142857142857142,-0.36749693752552
0.0,0.6,1.0,0.6,-0.3684210526315789,-0.32727272727272727,-0.3269230769230769,-0.31467473524962164,-0.1092896174863388,-0.577350269189626,0.0,0.0,0.10714285714285714,-0.36423029808084917
0.0,0.8,2.0,0.6,-0.3333333333333333,-0.3090909090909091,-0.34615384615384615,-0.3025718608169443,-0.1092896174863388,-0.5000000000000001,0.3660254037844388,0.0,0.14285714285714285,-0.3560636994691707
0.0,1.0,2.0,0.6,-0.24561403508771928,-0.2727272727272727,-0.3269230769230769,-0.254160363086233,-0.08743169398907104,-0.2886751345948132,0.6339745962155612,0.0,0.17857142857142858,-0.33973050224581447
0.0,1.2,2.0,0.6,-0.22807017543859648,-0.18181818181818182,-0.28846153846153844,-0.20574886535552175,-0.1092896174863388,-2.1211504774498138e-16,0.7320508075688774,0.0,0.21428571428571427,-0.3233973050224575
0.5,-1.0,-1.0,0.6,-0.19298245614035087,-0.16363636363636364,-0.19230769230769232,-0.15733736762481115,-0.06557377049180328,0.2886751345948128,0.6339745962155615,0.0,0.25,-0.30216414863209434
0.5,-0.8,-1.0,0.6,-0.05263157894736842,-0.12727272727272726,-0.17307692307692307,-0.09077155824508323,-0.5245901639344263,0.49999999999999994,0.3660254037844388,0.0,0.2857142857142857,-0.27113107390771723
0.5,-0.6,-1.0,0.6,0.03508771929824561,0.01818181818181818,-0.1346153846153846,0.0,-0.04371584699453552,0.5773502691896257,1.793007356604921e-16,0.0,0.32142857142857145,-0.1976316864026131
0.5,-0.4,0.0,0.6,0.15789473684210525,0.10909090909090909,0.019230769230769232,0.12102874432677786,-0.04371584699453552,0.5,-0.3660254037844383,1.0,0.35714285714285715,-0.14863209473254368
0.5,-0.2,0.0,0.6,0.22807017543859648,0.23636363636363636,0.11538461538461539,0.21785173978819974,-0.04371584699453552,0.2886751345948128,-0.6339745962155612,0.0,0.39285714285714285,-0.0930992241731312
0.5,0.0,0.0,0.6,-0.12280701754385964,0.3090909090909091,0.25,0.16338880484114982,-0.04371584699453552,0.0,-0.7320508075688771,0.0,0.42857142857142855,-0.07023274806043261
0.5,0.2,1.0,0.6,0.2631578947368421,-0.05454545454545454,0.3269230769230769,0.1996974281391831,-0.06557377049180328,-0.2886751345948128,-0.6339745962155612,0.0,0.4642857142857143,-0.011433238056349295
0.5,0.4,1.0,0.6,0.2631578947368421,0.34545454545454546,-0.057692307692307696,0.21180030257186108,-0.04371584699453552,-0.5,-0.36602540378443876,0.0,0.5,0.04899959167007014
0.5,0.6,1.0,0.6,0.2631578947368421,0.34545454545454546,0.36538461538461536,0.3449319213313163,0.0,-0.577350269189626,0.0,0.0,0.5357142857142857,0.10779910167415345
0.5,0.8,2.0,0.6,0.3684210526315789,0.34545454545454546,0.36538461538461536,0.38124054462934953,0.1092896174863388,-0.5000000000000001,0.3660254037844388,0.0,0.5714285714285714,0.17313189056757913
0.5,1.0,2.0,0.6,0.5789473684210527,0.45454545454545453,0.36538461538461536,0.49016641452344945,0.13114754098360656,-0.2886751345948132,0.6339745962155612,0.0,0.6071428571428571,0.2498979175173548
0.5,1.2,2.0,0.6,0.631578947368421,0.6727272727272727,0.4807692307692308,0.617246596066566,0.17486338797814208,-2.1211504774498138e-16,0.7320508075688774,0.0,0.6428571428571429,0.3299305839118013
1.0,-1.0,-1.0,0.6,0.6140350877192983,0.7272727272727273,0.7115384615384616,0.7019667170953106,0.34972677595628415,0.2886751345948128,0.6339745962155615,0.0,0.6785714285714286,0.40506329113924083
1.0,-0.8,-1.0,0.6,0.5964912280701754,0.7090909090909091,0.7692307692307693,0.7080181543116492,0.45901639344262296,0.49999999999999994,0.3660254037844388,0.0,0.7142857142857143,0.4654961208656603
1.0,-0.6,-1.0,0.6,0.7543859649122807,0.6909090909090909,0.75,0.7503782148260211,0.6120218579234973,0.5773502691896257,1.793007356604921e-16,0.0,0.75,0.5324622294814213
1.0,-0.4,0.0,0.6,1.087719298245614,0.8545454545454545,0.7307692307692307,0.9137670196671716,0.6994535519125683,0.5,-0.3660254037844383,1.0,0.7857142857142857,0.6190281747652109
1.0,-0.2,0.0,0.6,1.0701754385964912,1.2,0.9038461538461539,1.0771558245083215,0.26229508196721313,0.2886751345948128,-0.6339745962155612,0.0,0.8214285714285714,0.697427521437322
1.0,0.0,0.0,0.6,0.9298245614035088,1.1818181818181819,1.2692307692307692,1.1376701966717093,0.7431693989071039,0.0,-0.7320508075688771,0.0,0.8571428571428571,0.7954267047774608
1.0,0.2,1.0,0.6,0.9298245614035088,1.0363636363636364,1.25,1.0832072617246593,0.7431693989071039,-0.2886751345948128,-0.6339745962155612,0.0,0.8928571428571429,0.8574928542262157
1.0,0.4,1.0,0.6,0.9473684210526315,1.0363636363636364,1.0961538461538463,1.040847201210288,0.7431693989071039,-0.5,-0.36602540378443876,0.0,0.9285714285714286,0.921192323397306
1.0,0.6,1.0,0.6,0.9473684210526315,1.0545454545454545,1.0961538461538463,1.0468986384266261,0.8743169398907104,-0.577350269189626,0.0,0.0,0.9642857142857143,0.9848917925683955
1.0,0.8,2.0,0.6,0.9473684210526315,1.0545454545454545,1.1153846153846154,1.0529500756429655,1.1366120218579234,-0.5000000000000001,0.3660254037844388,0.0,1.0,1.0387913434054719
-1.0,-0.8,-1.0,0.8,-0.3508771929824561,-0.2909090909090909,-0.3076923076923077,-0.2904689863842663,0.02185792349726776,0.49999999999999994,0.3660254037844388,0.0,-1.0,-0.2743977133523881
-1.0,-0.6,-1.0,0.8,-0.43859649122807015,-0.2909090909090909,-0.3076923076923077,-0.32072617246596097,0.02185792349726776,0.5773502691896257,1.793007356604921e-16,0.0,-0.9642857142857143,-0.2858309514087381
-1.0,-0.4,0.0,0.8,-0.43859649122807015,-0.38181818181818183,-0.3076923076923077,-0.35098335854765494,0.02185792349726776,0.5,-0.3660254037844383,0.0,-0.9285714285714286,-0.29726418946508737
-1.0,-0.2,0.0,0.8,-0.43859649122807015,-0.38181818181818183,-0.40384615384615385,-0.38124054462934953,0.02185792349726776,0.2886751345948128,-0.6339745962155612,1.0,-0.8928571428571429,-0.3086974275214367
-1.0,0.0,0.0,0.8,-0.43859649122807015,-0.38181818181818183,-0.40384615384615385,-0.38124054462934953,-0.02185792349726776,0.0,-0.7320508075688771,0.0,-0.8571428571428571,-0.3201306655777867
-1.0,0.2,1.0,0.8,-0.43859649122807015,-0.38181818181818183,-0.40384615384615385,-0.38124054462934953,-0.02185792349726776,-0.2886751345948128,-0.6339745962155612,0.0,-0.8214285714285714,-0.3282972641894645
-1.0,0.4,1.0,0.8,-0.43859649122807015,-0.38181818181818183,-0.40384615384615385,-0.38124054462934953,-0.02185792349726776,-0.5,-0.36602540378443876,0.0,-0.7857142857142857,-0.33646386280114293
-1.0,0.6,1.0,0.8,-0.49122807017543857,-0.38181818181818183,-0.40384615384615385,-0.3993948562783662,-0.02185792349726776,-0.577350269189626,0.0,0.0,-0.75,-0.34953042057982836
-1.0,0.8,2.0,0.8,-0.49122807017543857,-0.43636363636363634,-0.40384615384615385,-0.41754916792738284,-0.02185792349726776,-0.5000000000000001,0.3660254037844388,0.0,-0.7142857142857143,-0.36259697835851307
-1.0,1.0,2.0,0.8,-0.49122807017543857,-0.43636363636363634,-0.46153846153846156,-0.4357034795763995,-0.02185792349726776,-0.2886751345948132,0.6339745962155612,0.0,-0.6785714285714286,-0.3756635361371985
-1.0,1.2,2.0,0.8,-0.49122807017543857,-0.43636363636363634,-0.46153846153846156,-0.4357034795763995,-0.02185792349726776,-2.1211504774498138e-16,0.7320508075688774,0.0,-0.6428571428571429,-0.38873009391588387
-0.5,-1.0,-1.0,0.8,-0.49122807017543857,-0.43636363636363634,-0.46153846153846156,-0.4357034795763995,-0.02185792349726776,0.2886751345948128,0.6339745962155615,0.0,-0.6071428571428571,-0.4017966516945686
-0.5,-0.8,-1.0,0.8,-0.49122807017543857,-0.43636363636363634,-0.46153846153846156,-0.4357034795763995,-0.13114754098360656,0.49999999999999994,0.3660254037844388,0.0,-0.5714285714285714,-0.414863209473254
-0.5,-0.6,-1.0,0.8,-0.49122807017543857,-0.43636363636363634,-0.46153846153846156,-0.4357034795763995,-0.13114754098360656,0.5773502691896257,1.793007356604921e-16,0.0,-0.5357142857142857,-0.419763168640261
-0.5,-0.4,0.0,0.8,-0.49122807017543857,-0.43636363636363634,-0.46153846153846156,-0.4357034795763995,-0.13114754098360656,0.5,-0.3660254037844383,0.0,-0.5,-0.4246631278072679
-0.5,-0.2,0.0,0.8,-0.49122807017543857,-0.43636363636363634,-0.46153846153846156,-0.4357034795763995,-0.13114754098360656,0.2886751345948128,-0.6339745962155612,1.0,-0.4642857142857143,-0.42956308697427487
-0.5,0.0,0.0,0.8,-0.5789473684210527,-0.43636363636363634,-0.46153846153846156,-0.46596066565809413,-0.13114754098360656,0.0,-0.7320508075688771,0.0,-0.42857142857142855,-0.44262964475296024
-0.5,0.2,1.0,0.8,-0.5789473684210527,-0.5272727272727272,-0.46153846153846156,-0.4962178517397881,-0.13114754098360656,-0.2886751345948128,-0.6339745962155612,0.0,-0.39285714285714285,-0.45569620253164494
-0.5,0.4,1.0,0.8,-0.5789473684210527,-0.5272727272727272,-0.5576923076923077,-0.5264750378214827,-0.19672131147540983,-0.5,-0.36602540378443876,0.0,-0.35714285714285715,-0.4687627603103304
-0.5,0.6,1.0,0.8,-0.5789473684210527,-0.5272727272727272,-0.5576923076923077,-0.5264750378214827,-0.19672131147540983,-0.577350269189626,0.0,0.0,-0.32142857142857145,-0.4769293589220089
-0.5,0.8,2.0,0.8,-0.5789473684210527,-0.5272727272727272,-0.5576923076923077,-0.5264750378214827,-0.19672131147540983,-0.5000000000000001,0.3660254037844388,0.0,-0.2857142857142857,-0.4850959575336866
-0.5,1.0,2.0,0.8,-0.5789473684210527,-0.5272727272727272,-0.5576923076923077,-0.5264750378214827,-0.19672131147540983,-0.2886751345948132,0.6339745962155612,0.0,-0.25,-0.49326255614536507
-0.5,1.2,2.0,0.8,-0.5263157894736842,-0.5272727272727272,-0.5576923076923077,-0.508320726172466,-0.19672131147540983,-2.1211504774498138e-16,0.7320508075688774,0.0,-0.21428571428571427,-0.4965291955900366
0.0,-1.0,-1.0,0.8,-0.5263157894736842,-0.4727272727272727,-0.5576923076923077,-0.49016641452344945,-0.19672131147540983,0.2886751345948128,0.6339745962155615,0.0,-0.17857142857142858,-0.4997958350347074
0.0,-0.8,-1.0,0.8,-0.5263157894736842,-0.4727272727272727,-0.5,-0.4720121028744328,-0.19672131147540983,0.49999999999999994,0.3660254037844388,0.0,-0.14285714285714285,-0.503062474479379
0.0,-0.6,-1.0,0.8,-0.5263157894736842,-0.4727272727272727,-0.5,-0.4720121028744328,-0.19672131147540983,0.5773502691896257,1.793007356604921e-16,0.0,-0.10714285714285714,-0.5063291139240506
0.0,-0.4,0.0,0.8,-0.5263157894736842,-0.4727272727272727,-0.5,-0.4720121028744328,-0.19672131147540983,0.5,-0.3660254037844383,0.0,-0.07142857142857142,-0.5095957533687213
0.0,-0.2,0.0,0.8,-0.5263157894736842,-0.4727272727272727,-0.5,-0.4720121028744328,-0.30601092896174864,0.2886751345948128,-0.6339745962155612,1.0,-0.03571428571428571,-0.5128623928133929
0.0,0.0,0.0,0.8,-0.5263157894736842,-0.4727272727272727,-0.5,-0.4720121028744328,-0.30601092896174864,0.0,-0.7320508075688771,0.0,0.0,-0.5079624336463859
0.0,0.2,1.0,0.8,-0.5263157894736842,-0.4727272727272727,-0.5,-0.4720121028744328,-0.30601092896174864,-0.2886751345948128,-0.6339745962155612,0.0,0.03571428571428571,-0.503062474479379
0.0,0.4,1.0,0.8,-0.5263157894736842,-0.4727272727272727,-0.5,-0.4720121028744328,-0.30601092896174864,-0.5,-0.36602540378443876,0.0,0.07142857142857142,-0.49816251531237205
0.0,0.6,1.0,0.8,-0.5263157894736842,-0.4727272727272727,-0.5,-0.4720121028744328,-0.30601092896174864,-0.577350269189626,0.0,0.0,0.10714285714285714,-0.49326255614536507
0.0,0.8,2.0,0.8,-0.5263157894736842,-0.4727272727272727,-0.5,-0.4720121028744328,-0.30601092896174864,-0.5000000000000001,0.3660254037844388,0.0,0.14285714285714285,-0.48836259697835815
0.0,1.0,2.0,0.8,-0.5263157894736842,-0.4727272727272727,-0.5,-0.4720121028744328,-0.24043715846994534,-0.2886751345948132,0.6339745962155612,0.0,0.17857142857142858,-0.48346263781135124
0.0,1.2,2.0,0.8,-0.5263157894736842,-0.4727272727272727,-0.5,-0.4720121028744328,-0.24043715846994534,-2.1211504774498138e-16,0.7320508075688774,0.0,0.21428571428571427,-0.48346263781135124
0.5,-1.0,-1.0,0.8,-0.40350877192982454,-0.4727272727272727,-0.5,-0.4296520423600608,-0.24043715846994534,0.2886751345948128,0.6339745962155615,0.0,0.25,-0.4720293997550019
0.5,-0.8,-1.0,0.8,-0.17543859649122806,-0.34545454545454546,-0.5,-0.308623298033283,-0.24043715846994534,0.49999999999999994,0.3660254037844388,0.0,0.2857142857142857,-0.4393630053082887
0.5,-0.6,-1.0,0.8,-0.14035087719298245,-0.10909090909090909,-0.36538461538461536,-0.1754916792738278,-0.24043715846994534,0.5773502691896257,1.793007356604921e-16,0.0,0.32142857142857145,-0.40342997141690473
0.5,-0.4,0.0,0.8,0.17543859649122806,-0.07272727272727272,-0.11538461538461539,0.024205748865355307,-0.24043715846994534,0.5,-0.3660254037844383,1.0,0.35714285714285715,-0.3380971825234783
0.5,-0.2,0.0,0.8,0.17543859649122806,0.2545454545454545,-0.07692307692307693,0.14523449319213316,-0.24043715846994534,0.2886751345948128,-0.6339745962155612,0.0,0.39285714285714285,-0.27276439363005267
0.5,0.0,0.0,0.8,0.12280701754385964,0.2545454545454545,0.2692307692307692,0.2360060514372164,-0.24043715846994534,0.0,-0.7320508075688771,0.0,0.42857142857142855,-0.21233156390363395
0.5,0.2,1.0,0.8,0.17543859649122806,0.2,0.2692307692307692,0.2360060514372164,-0.24043715846994534,-0.2886751345948128,-0.6339745962155612,0.0,0.4642857142857143,-0.14699877501020758
0.5,0.4,1.0,0.8,0.17543859649122806,0.2545454545454545,0.21153846153846154,0.2360060514372164,-0.24043715846994534,-0.5,-0.36602540378443876,0.0,0.5,-0.0816659861167819
0.5,0.6,1.0,0.8,0.17543859649122806,0.2545454545454545,0.2692307692307692,0.254160363086233,-0.24043715846994534,-0.577350269189626,0.0,0.0,0.5357142857142857,-0.016333197223356237
0.5,0.8,2.0,0.8,0.47368421052631576,0.2545454545454545,0.2692307692307692,0.3570347957639943,-0.24043715846994534,-0.5000000000000001,0.3660254037844388,0.0,0.5714285714285714,0.07676602694977568
0.5,1.0,2.0,0.8,0.47368421052631576,0.5636363636363636,0.2692307692307692,0.4599092284417548,-0.24043715846994534,-0.2886751345948132,0.6339745962155612,0.0,0.6071428571428571,0.1698652511229076
0.5,1.2,2.0,0.8,0.47368421052631576,0.5636363636363636,0.5961538461538461,0.562783661119516,-0.08743169398907104,-2.1211504774498138e-16,0.7320508075688774,0.0,0.6428571428571429,0.2629644752960395
1.0,-1.0,-1.0,0.8,0.47368421052631576,0.5636363636363636,0.5961538461538461,0.562783661119516,0.19672131147540983,0.2886751345948128,0.6339745962155615,0.0,0.6785714285714286,0.3446304614128221
1.0,-0.8,-1.0,0.8,0.47368421052631576,0.5636363636363636,0.5961538461538461,0.562783661119516,0.24043715846994534,0.49999999999999994,0.3660254037844388,0.0,0.7142857142857143,0.40506329113924083
1.0,-0.6,-1.0,0.8,0.47368421052631576,0.5636363636363636,0.5961538461538461,0.562783661119516,0.6338797814207651,0.5773502691896257,1.793007356604921e-16,0.0,0.75,0.46222948142098874
1.0,-0.4,0.0,0.8,0.9649122807017544,0.5636363636363636,0.5961538461538461,0.7322239031770045,0.6338797814207651,0.5,-0.3660254037844383,1.0,0.7857142857142857,0.5357288689260928
1.0,-0.2,0.0,0.8,0.8771929824561403,1.0727272727272728,0.5961538461538461,0.871406959152799,0.5683060109289617,0.2886751345948128,-0.6339745962155612,0.0,0.8214285714285714,0.6010616578195186
1.0,0.0,0.0,0.8,0.8771929824561403,0.9818181818181818,1.1346153846153846,1.010590015128593,0.6338797814207651,0.0,-0.7320508075688771,0.0,0.8571428571428571,0.6712944058799519
1.0,0.2,1.0,0.8,0.7017543859649122,0.9818181818181818,1.0384615384615385,0.9198184568835096,0.6338797814207651,-0.2886751345948128,-0.6339745962155612,0.0,0.8928571428571429,0.7202939975500213
1.0,0.4,1.0,0.8,0.7017543859649122,0.8,1.0384615384615385,0.859304084720121,0.6338797814207651,-0.5,-0.36602540378443876,0.0,0.9285714285714286,0.7692935892200907
1.0,0.6,1.0,0.8,0.7017543859649122,0.8,0.8461538461538461,0.7987897125567324,1.005464480874317,-0.577350269189626,0.0,0.0,0.9642857142857143,0.8182931808901601
1.0,0.8,2.0,0.8,0.7017543859649122,0.8,0.8461538461538461,0.7987897125567324,1.005464480874317,-0.5000000000000001,0.3660254037844388,0.0,1.0,0.8395263372805233
