tahun,bulan,kuartal,wilayah_enc,harga_lag1,harga_lag2,harga_lag3,harga_rolling3,harga_lag12,sin_bulan,cos_bulan,is_lebaran_month,tren_index,harga_rolling12
-1.0,-0.8,-1.0,-1.0,-0.9,-0.875,-0.7956521739130434,-0.8700225394440275,-0.041666666666666664,0.49999999999999994,0.3660254037844388,0.0,-1.0,-0.5652932960893853
-1.0,-0.6,-1.0,-1.0,-0.7545454545454545,-0.875,-0.8391304347826087,-0.8369646882043583,-0.041666666666666664,0.5773502691896257,1.793007356604921e-16,0.0,-0.9642857142857143,-0.5687849162011173
-1.0,-0.4,0.0,-1.0,-0.7545454545454545,-0.7321428571428571,-0.8391304347826087,-0.7888805409466572,-0.05,0.5,-0.3660254037844383,0.0,-0.9285714285714286,-0.5722765363128489
-1.0,-0.2,0.0,-1.0,-0.7181818181818181,-0.7321428571428571,-0.7,-0.7287753568745311,-0.05,0.2886751345948128,-0.6339745962155612,1.0,-0.8928571428571429,-0.5722765363128489
-1.0,0.0,0.0,-1.0,-0.7181818181818181,-0.6964285714285714,-0.7,-0.7167543200601056,-0.06666666666666667,0.0,-0.7320508075688771,0.0,-0.8571428571428571,-0.5722765363128489
-1.0,0.2,1.0,-1.0,-0.7181818181818181,-0.6964285714285714,-0.6652173913043479,-0.7047332832456805,-0.09166666666666666,-0.2886751345948128,-0.6339745962155612,0.0,-0.8214285714285714,-0.5708798882681564
-1.0,0.4,1.0,-1.0,-0.7363636363636363,-0.6964285714285714,-0.6652173913043479,-0.7107438016528933,-0.09166666666666666,-0.5,-0.36602540378443876,0.0,-0.7857142857142857,-0.5687849162011173
-1.0,0.6,1.0,-1.0,-0.7363636363636363,-0.7142857142857143,-0.6652173913043479,-0.7167543200601056,-0.10833333333333334,-0.577350269189626,0.0,0.0,-0.75,-0.5666899441340781
-1.0,0.8,2.0,-1.0,-0.7363636363636363,-0.7142857142857143,-0.6826086956521739,-0.7227648384673184,-0.125,-0.5000000000000001,0.3660254037844388,0.0,-0.7142857142857143,-0.5631983240223462
-1.0,1.0,2.0,-1.0,-0.7181818181818181,-0.7142857142857143,-0.6826086956521739,-0.7167543200601056,-0.175,-0.2886751345948132,0.6339745962155612,0.0,-0.6785714285714286,-0.5569134078212289
-1.0,1.2,2.0,-1.0,-0.7363636363636363,-0.6964285714285714,-0.6826086956521739,-0.7167543200601056,-0.21666666666666667,-2.1211504774498138e-16,0.7320508075688774,0.0,-0.6428571428571429,-0.5478351955307261
-0.5,-1.0,-1.0,-1.0,-0.7090909090909091,-0.7142857142857143,-0.6652173913043479,-0.7077385424492867,-0.21666666666666667,0.2886751345948128,0.6339745962155615,0.0,-0.6071428571428571,-0.5331703910614525
-0.5,-0.8,-1.0,-1.0,-0.7090909090909091,-0.6875,-0.6826086956521739,-0.7047332832456805,-0.08333333333333333,0.49999999999999994,0.3660254037844388,0.0,-0.5714285714285714,-0.5185055865921787
-0.5,-0.6,-1.0,-1.0,-0.6909090909090909,-0.6875,-0.6565217391304348,-0.6897069872276489,-0.08333333333333333,0.5773502691896257,1.793007356604921e-16,0.0,-0.5357142857142857,-0.5136173184357539
-0.5,-0.4,0.0,-1.0,-0.6454545454545455,-0.6696428571428571,-0.6565217391304348,-0.6686701728024048,-0.05,0.5,-0.3660254037844383,0.0,-0.5,-0.5052374301675975
-0.5,-0.2,0.0,-1.0,-0.6636363636363637,-0.625,-0.6391304347826087,-0.6536438767843731,-0.05,0.2886751345948128,-0.6339745962155612,1.0,-0.4642857142857143,-0.5010474860335192
-0.5,0.0,0.0,-1.0,-0.6454545454545455,-0.6428571428571429,-0.5956521739130435,-0.6386175807663418,-0.05,0.0,-0.7320508075688771,0.0,-0.42857142857142855,-0.4954608938547485
-0.5,0.2,1.0,-1.0,-0.6454545454545455,-0.625,-0.6130434782608696,-0.6386175807663418,-0.06666666666666667,-0.2886751345948128,-0.6339745962155612,0.0,-0.39285714285714285,-0.48987430167597745
-0.5,0.4,1.0,-1.0,-0.5545454545454546,-0.625,-0.5956521739130435,-0.6025544703230661,-0.06666666666666667,-0.5,-0.36602540378443876,0.0,-0.35714285714285715,-0.47590782122904995
-0.5,0.6,1.0,-1.0,-0.4909090909090909,-0.5357142857142857,-0.5956521739130435,-0.5514650638617586,-0.06666666666666667,-0.577350269189626,0.0,0.0,-0.32142857142857145,-0.457053072625698
-0.5,0.8,2.0,-1.0,-0.44545454545454544,-0.4732142857142857,-0.508695652173913,-0.4853493613824199,-0.05,-0.5000000000000001,0.3660254037844388,0.0,-0.2857142857142857,-0.4347067039106144
-0.5,1.0,2.0,-1.0,-0.43636363636363634,-0.42857142857142855,-0.44782608695652176,-0.4462809917355379,-0.06666666666666667,-0.2886751345948132,0.6339745962155612,0.0,-0.25,-0.41305865921787677
-0.5,1.2,2.0,-1.0,-0.2818181818181818,-0.41964285714285715,-0.4043478260869565,-0.37716003005259235,-0.041666666666666664,-2.1211504774498138e-16,0.7320508075688774,0.0,-0.21428571428571427,-0.3781424581005585
0.0,-1.0,-1.0,-1.0,0.01818181818181818,-0.26785714285714285,-0.39565217391304347,-0.22389181066867045,-0.041666666666666664,0.2886751345948128,0.6339745962155615,0.0,-0.17857142857142858,-0.32227653631284886
0.0,-0.8,-1.0,-1.0,0.35454545454545455,0.026785714285714284,-0.24782608695652175,0.03756574004507868,-0.025,0.49999999999999994,0.3660254037844388,0.0,-0.14285714285714285,-0.24057262569832372
0.0,-0.6,-1.0,-1.0,0.35454545454545455,0.35714285714285715,0.0391304347826087,0.24793388429752006,0.016666666666666666,0.5773502691896257,1.793007356604921e-16,0.0,-0.10714285714285714,-0.16026536312849107
0.0,-0.4,0.0,-1.0,0.21818181818181817,0.35714285714285715,0.36086956521739133,0.3140495867768591,0.0,0.5,-0.3660254037844383,0.0,-0.07142857142857142,-0.09392458100558622
0.0,-0.2,0.0,-1.0,1.3545454545454545,0.22321428571428573,0.36086956521739133,0.6446280991735532,0.016666666666666666,0.2886751345948128,-0.6339745962155612,1.0,-0.03571428571428571,0.061103351955307694
0.0,0.0,0.0,-1.0,1.3545454545454545,1.3392857142857142,0.23043478260869565,0.9752066115702479,0.016666666666666666,0.0,-0.7320508075688771,0.0,0.0,0.21473463687150907
0.0,0.2,1.0,-1.0,1.3545454545454545,1.3392857142857142,1.317391304347826,1.3508640120210367,0.1,-0.2886751345948128,-0.6339745962155612,0.0,0.03571428571428571,0.3683659217877098
0.0,0.4,1.0,-1.0,1.0363636363636364,1.3392857142857142,1.317391304347826,1.245679939894816,0.15833333333333333,-0.5,-0.36602540378443876,0.0,0.07142857142857142,0.4905726256983246
0.0,0.6,1.0,-1.0,1.0363636363636364,1.0267857142857142,1.317391304347826,1.1404958677685946,0.2,-0.577350269189626,0.0,0.0,0.10714285714285714,0.6078910614525146
0.0,0.8,2.0,-1.0,0.9727272727272728,1.0267857142857142,1.0130434782608695,1.0142749812171294,0.20833333333333334,-0.5000000000000001,0.3660254037844388,0.0,0.14285714285714285,0.7168296089385482
0.0,1.0,2.0,-1.0,0.7,0.9642857142857143,1.0130434782608695,0.9030803906836965,0.35,-0.2886751345948132,0.6339745962155612,0.0,0.17857142857142858,0.8041201117318441
0.0,1.2,2.0,-1.0,0.5363636363636364,0.6964285714285714,0.9521739130434783,0.737791134485349,0.625,-2.1211504774498138e-16,0.7320508075688774,0.0,0.21428571428571427,0.8669692737430174
0.5,-1.0,-1.0,-1.0,0.5181818181818182,0.5357142857142857,0.691304347826087,0.5875281743050337,0.9333333333333333,0.2886751345948128,0.6339745962155615,0.0,0.25,0.9053770949720679
0.5,-0.8,-1.0,-1.0,0.6454545454545455,0.5178571428571429,0.5347826086956522,0.5694966190833959,0.9333333333333333,0.49999999999999994,0.3660254037844388,0.0,0.2857142857142857,0.9277234636871514
0.5,-0.6,-1.0,-1.0,0.5636363636363636,0.6428571428571429,0.5173913043478261,0.5785123966942148,0.8083333333333333,0.5773502691896257,1.793007356604921e-16,0.0,0.32142857142857145,0.9437849162011183
0.5,-0.4,0.0,-1.0,0.5181818181818182,0.5625,0.6391304347826087,0.5785123966942148,1.85,0.5,-0.3660254037844383,1.0,0.35714285714285715,0.9668296089385485
0.5,-0.2,0.0,-1.0,0.5363636363636364,0.5178571428571429,0.5608695652173913,0.542449286250939,1.85,0.2886751345948128,-0.6339745962155612,0.0,0.39285714285714285,0.9039804469273752
0.5,0.0,0.0,-1.0,0.5363636363636364,0.5357142857142857,0.5173913043478261,0.5334335086401201,1.85,0.0,-0.7320508075688771,0.0,0.42857142857142855,0.841131284916202
0.5,0.2,1.0,-1.0,0.5181818181818182,0.5357142857142857,0.5347826086956522,0.5334335086401201,1.5583333333333333,-0.2886751345948128,-0.6339745962155612,0.0,0.4642857142857143,0.7768854748603358
0.5,0.4,1.0,-1.0,0.4909090909090909,0.5178571428571429,0.5347826086956522,0.5184072126220881,1.5583333333333333,-0.5,-0.36602540378443876,0.0,0.5,0.7349860335195536
0.5,0.6,1.0,-1.0,0.4909090909090909,0.49107142857142855,0.5173913043478261,0.5033809166040568,1.5,-0.577350269189626,0.0,0.0,0.5357142857142857,0.6930865921787714
0.5,0.8,2.0,-1.0,0.37272727272727274,0.49107142857142855,0.49130434782608695,0.45529676934635555,1.25,-0.5000000000000001,0.3660254037844388,0.0,0.5714285714285714,0.646997206703911
0.5,1.0,2.0,-1.0,0.37272727272727274,0.375,0.49130434782608695,0.41622839969947395,1.1,-0.2886751345948132,0.6339745962155612,0.0,0.6071428571428571,0.6218575418994418
0.5,1.2,2.0,-1.0,0.2909090909090909,0.375,0.3782608695652174,0.3501126972201349,1.0833333333333333,-2.1211504774498138e-16,0.7320508075688774,0.0,0.6428571428571429,0.6030027932960899
1.0,-1.0,-1.0,-1.0,0.2636363636363636,0.29464285714285715,0.3782608695652174,0.3140495867768591,1.2,0.2886751345948128,0.6339745962155615,0.0,0.6785714285714286,0.5834497206703919
1.0,-0.8,-1.0,-1.0,0.2636363636363636,0.26785714285714285,0.3,0.2779864763335834,1.125,0.49999999999999994,0.3660254037844388,0.0,0.7142857142857143,0.5541201117318444
1.0,-0.6,-1.0,-1.0,0.2909090909090909,0.26785714285714285,0.27391304347826084,0.2779864763335834,1.0833333333333333,0.5773502691896257,1.793007356604921e-16,0.0,0.75,0.5331703910614534
1.0,-0.4,0.0,-1.0,0.33636363636363636,0.29464285714285715,0.27391304347826084,0.30202854996243367,1.1,0.5,-0.3660254037844383,1.0,0.7857142857142857,0.5192039106145255
1.0,-0.2,0.0,-1.0,0.33636363636363636,0.3392857142857143,0.3,0.3260706235912846,1.1,0.2886751345948128,-0.6339745962155612,0.0,0.8214285714285714,0.5038407821229058
1.0,0.0,0.0,-1.0,0.38181818181818183,0.3392857142857143,0.34347826086956523,0.3561232156273473,1.0833333333333333,0.0,-0.7320508075688771,0.0,0.8571428571428571,0.4919692737430172
1.0,0.2,1.0,-1.0,0.35454545454545455,0.38392857142857145,0.34347826086956523,0.36213373403456034,1.0583333333333333,-0.2886751345948128,-0.6339745962155612,0.0,0.8928571428571429,0.4793994413407825
1.0,0.4,1.0,-1.0,0.2909090909090909,0.35714285714285715,0.3869565217391304,0.3471074380165283,1.0583333333333333,-0.5,-0.36602540378443876,0.0,0.9285714285714286,0.4640363128491628
1.0,0.6,1.0,-1.0,0.3090909090909091,0.29464285714285715,0.36086956521739133,0.3230653643876781,0.95,-0.577350269189626,0.0,0.0,0.9642857142857143,0.450069832402235
1.0,0.8,2.0,-1.0,0.3090909090909091,0.3125,0.3,0.30803906836964673,0.95,-0.5000000000000001,0.3660254037844388,0.0,1.0,0.44518156424581085
-1.0,-0.8,-1.0,-0.8,-0.8727272727272727,-0.8482142857142857,-0.8130434782608695,-0.8580015026296024,-0.20833333333333334,0.49999999999999994,0.3660254037844388,0.0,-1.0,-0.6651536312849161
-1.0,-0.6,-1.0,-0.8,-0.8272727272727273,-0.8482142857142857,-0.8130434782608695,-0.8429752066115708,-0.20833333333333334,0.5773502691896257,1.793007356604921e-16,0.0,-0.9642857142857143,-0.6602653631284914
-1.0,-0.4,0.0,-0.8,-0.8272727272727273,-0.8035714285714286,-0.8130434782608695,-0.8279489105935394,-0.20833333333333334,0.5,-0.3660254037844383,0.0,-0.9285714285714286,-0.6553770949720669
-1.0,-0.2,0.0,-0.8,-0.8272727272727273,-0.8035714285714286,-0.7695652173913043,-0.8129226145755077,-0.20833333333333334,0.2886751345948128,-0.6339745962155612,1.0,-0.8928571428571429,-0.6504888268156425
-1.0,0.0,0.0,-0.8,-0.8272727272727273,-0.8035714285714286,-0.7695652173913043,-0.8129226145755077,-0.23333333333333334,0.0,-0.7320508075688771,0.0,-0.8571428571428571,-0.6456005586592176
-1.0,0.2,1.0,-0.8,-0.8272727272727273,-0.8035714285714286,-0.7695652173913043,-0.8129226145755077,-0.25,-0.2886751345948128,-0.6339745962155612,0.0,-0.8214285714285714,-0.6386173184357541
-1.0,0.4,1.0,-0.8,-0.8727272727272727,-0.8035714285714286,-0.7695652173913043,-0.8279489105935394,-0.19166666666666668,-0.5,-0.36602540378443876,0.0,-0.7857142857142857,-0.6337290502793296
-1.0,0.6,1.0,-0.8,-0.8727272727272727,-0.8482142857142857,-0.7695652173913043,-0.8429752066115708,-0.19166666666666668,-0.577350269189626,0.0,0.0,-0.75,-0.6337290502793296
-1.0,0.8,2.0,-0.8,-0.8272727272727273,-0.8482142857142857,-0.8130434782608695,-0.8429752066115708,-0.19166666666666668,-0.5000000000000001,0.3660254037844388,0.0,-0.7142857142857143,-0.6302374301675976
-1.0,1.0,2.0,-0.8,-0.8272727272727273,-0.8035714285714286,-0.8130434782608695,-0.8279489105935394,-0.19166666666666668,-0.2886751345948132,0.6339745962155612,0.0,-0.6785714285714286,-0.6267458100558657
-1.0,1.2,2.0,-0.8,-0.7818181818181819,-0.8035714285714286,-0.7695652173913043,-0.7978963185574761,-0.19166666666666668,-2.1211504774498138e-16,0.7320508075688774,0.0,-0.6428571428571429,-0.6197625698324021
-0.5,-1.0,-1.0,-0.8,-0.7818181818181819,-0.7589285714285714,-0.7695652173913043,-0.7828700225394447,-0.19166666666666668,0.2886751345948128,0.6339745962155615,0.0,-0.6071428571428571,-0.6127793296089384
-0.5,-0.8,-1.0,-0.8,-0.7818181818181819,-0.7589285714285714,-0.7260869565217392,-0.7678437265214131,-0.15,0.49999999999999994,0.3660254037844388,0.0,-0.5714285714285714,-0.6057960893854746
-0.5,-0.6,-1.0,-0.8,-0.7818181818181819,-0.7589285714285714,-0.7260869565217392,-0.7678437265214131,-0.15,0.5773502691896257,1.793007356604921e-16,0.0,-0.5357142857142857,-0.6023044692737429
-0.5,-0.4,0.0,-0.8,-0.7818181818181819,-0.7589285714285714,-0.7260869565217392,-0.7678437265214131,-0.15,0.5,-0.3660254037844383,0.0,-0.5,-0.598812849162011
-0.5,-0.2,0.0,-0.8,-0.7818181818181819,-0.7589285714285714,-0.7260869565217392,-0.7678437265214131,-0.15,0.2886751345948128,-0.6339745962155612,1.0,-0.4642857142857143,-0.5953212290502791
-0.5,0.0,0.0,-0.8,-0.7363636363636363,-0.7589285714285714,-0.7260869565217392,-0.7528174305033815,-0.15,0.0,-0.7320508075688771,0.0,-0.42857142857142855,-0.5883379888268154
-0.5,0.2,1.0,-0.8,-0.7363636363636363,-0.7142857142857143,-0.7260869565217392,-0.73779113448535,-0.19166666666666668,-0.2886751345948128,-0.6339745962155612,0.0,-0.39285714285714285,-0.5813547486033519
-0.5,0.4,1.0,-0.8,-0.6,-0.7142857142857143,-0.6826086956521739,-0.6776859504132238,-0.19166666666666668,-0.5,-0.36602540378443876,0.0,-0.35714285714285715,-0.5604050279329608
-0.5,0.6,1.0,-0.8,-0.6,-0.5803571428571429,-0.6826086956521739,-0.632607062359129,-0.15,-0.577350269189626,0.0,0.0,-0.32142857142857145,-0.5394553072625697
-0.5,0.8,2.0,-0.8,-0.6,-0.5803571428571429,-0.5521739130434783,-0.5875281743050343,-0.15,-0.5000000000000001,0.3660254037844388,0.0,-0.2857142857142857,-0.5219972067039104
-0.5,1.0,2.0,-0.8,-0.509090909090909,-0.5803571428571429,-0.5521739130434783,-0.5574755822689713,-0.10833333333333334,-0.2886751345948132,0.6339745962155612,0.0,-0.25,-0.49755586592178763
-0.5,1.2,2.0,-0.8,-0.39090909090909093,-0.49107142857142855,-0.5521739130434783,-0.4883546205860261,-0.10833333333333334,-2.1211504774498138e-16,0.7320508075688774,0.0,-0.21428571428571427,-0.4675279329608935
0.0,-1.0,-1.0,-0.8,0.12727272727272726,-0.375,-0.4652173913043478,-0.24793388429752136,-0.10833333333333334,0.2886751345948128,0.6339745962155615,0.0,-0.17857142857142858,-0.39769553072625674
0.0,-0.8,-1.0,-0.8,0.3090909090909091,0.13392857142857142,-0.3521739130434783,0.022539444027046683,-0.10833333333333334,0.49999999999999994,0.3660254037844388,0.0,-0.14285714285714285,-0.3138966480446925
0.0,-0.6,-1.0,-0.8,0.3090909090909091,0.3125,0.14347826086956522,0.2539444027047331,-0.10833333333333334,0.5773502691896257,1.793007356604921e-16,0.0,-0.10714285714285714,-0.23009776536312818
0.0,-0.4,0.0,-0.8,-0.00909090909090909,0.3125,0.3173913043478261,0.20886551465063843,-0.10833333333333334,0.5,-0.3660254037844383,0.0,-0.07142857142857142,-0.1707402234636866
0.0,-0.2,0.0,-0.8,0.8545454545454545,0.0,0.3173913043478261,0.38918106686701714,-0.06666666666666667,0.2886751345948128,-0.6339745962155612,1.0,-0.03571428571428571,-0.04504189944134019
0.0,0.0,0.0,-0.8,0.8545454545454545,0.8482142857142857,0.013043478260869565,0.5694966190833959,-0.06666666666666667,0.0,-0.7320508075688771,0.0,0.0,0.07716480446927398
0.0,0.2,1.0,-0.8,0.8545454545454545,0.8482142857142857,0.8391304347826087,0.8549962434259952,0.058333333333333334,-0.2886751345948128,-0.6339745962155612,0.0,0.03571428571428571,0.19937150837988876
0.0,0.4,1.0,-0.8,0.7909090909090909,0.8482142857142857,0.8391304347826087,0.8339594290007508,0.058333333333333334,-0.5,-0.36602540378443876,0.0,0.07142857142857142,0.30621508379888324
0.0,0.6,1.0,-0.8,0.5363636363636364,0.7857142857142857,0.8391304347826087,0.7287753568745301,0.058333333333333334,-0.577350269189626,0.0,0.0,0.10714285714285714,0.39350558659217916
0.0,0.8,2.0,-0.8,0.2636363636363636,0.5357142857142857,0.7782608695652173,0.5334335086401201,0.14166666666666666,-0.5000000000000001,0.3660254037844388,0.0,0.14285714285714285,0.4598463687150846
0.0,1.0,2.0,-0.8,0.10909090909090909,0.26785714285714285,0.5347826086956522,0.30803906836964673,0.25,-0.2886751345948132,0.6339745962155612,0.0,0.17857142857142858,0.5073324022346375
0.0,1.2,2.0,-0.8,0.08181818181818182,0.11607142857142858,0.27391304347826084,0.15777610818933072,0.725,-2.1211504774498138e-16,0.7320508075688774,0.0,0.21428571428571427,0.5436452513966489
0.5,-1.0,-1.0,-0.8,0.06363636363636363,0.08928571428571429,0.12608695652173912,0.09166040570999229,0.8916666666666667,0.2886751345948128,0.6339745962155615,0.0,0.25,0.5387569832402241
0.5,-0.8,-1.0,-0.8,0.17272727272727273,0.07142857142857142,0.1,0.11269722013523603,0.8916666666666667,0.49999999999999994,0.3660254037844388,0.0,0.2857142857142857,0.5282821229050285
0.5,-0.6,-1.0,-0.8,0.2,0.17857142857142858,0.08260869565217391,0.1517655897821183,0.6,0.5773502691896257,1.793007356604921e-16,0.0,0.32142857142857145,0.5199022346368721
0.5,-0.4,0.0,-0.8,0.2,0.20535714285714285,0.18695652173913044,0.19684447783621298,1.3916666666666666,0.5,-0.3660254037844383,1.0,0.35714285714285715,0.5359636871508384
0.5,-0.2,0.0,-0.8,0.2,0.20535714285714285,0.21304347826086956,0.2058602554470319,1.3916666666666666,0.2886751345948128,-0.6339745962155612,0.0,0.39285714285714285,0.48568435754189987
0.5,0.0,0.0,-0.8,0.2,0.20535714285714285,0.21304347826086956,0.2058602554470319,1.3916666666666666,0.0,-0.7320508075688771,0.0,0.42857142857142855,0.43540502793296126
0.5,0.2,1.0,-0.8,0.17272727272727273,0.20535714285714285,0.21304347826086956,0.19684447783621298,1.3333333333333333,-0.2886751345948128,-0.6339745962155612,0.0,0.4642857142857143,0.3830307262569836
0.5,0.4,1.0,-0.8,0.12727272727272726,0.17857142857142858,0.21304347826086956,0.1728024042073627,1.1,-0.5,-0.36602540378443876,0.0,0.5,0.33205307262569905
0.5,0.6,1.0,-0.8,0.12727272727272726,0.13392857142857142,0.18695652173913044,0.14876033057851176,0.85,-0.577350269189626,0.0,0.0,0.5357142857142857,0.30062849162011246
0.5,0.8,2.0,-0.8,0.10909090909090909,0.13392857142857142,0.14347826086956522,0.12772351615326802,0.7083333333333334,-0.5000000000000001,0.3660254037844388,0.0,0.5714285714285714,0.2887569832402238
0.5,1.0,2.0,-0.8,0.08181818181818182,0.11607142857142858,0.14347826086956522,0.11269722013523603,0.6833333333333333,-0.2886751345948132,0.6339745962155612,0.0,0.6071428571428571,0.2866620111731847
0.5,1.2,2.0,-0.8,0.01818181818181818,0.08928571428571429,0.12608695652173912,0.07663410969196029,0.6666666666666666,-2.1211504774498138e-16,0.7320508075688774,0.0,0.6428571428571429,0.2817737430167605
1.0,-1.0,-1.0,-0.8,0.08181818181818182,0.026785714285714284,0.1,0.06761833208114136,0.7666666666666667,0.2886751345948128,0.6339745962155615,0.0,0.6785714285714286,0.28317039106145303
1.0,-0.8,-1.0,-0.8,0.35454545454545455,0.08928571428571429,0.0391304347826087,0.15777610818933072,0.7916666666666666,0.49999999999999994,0.3660254037844388,0.0,0.7142857142857143,0.2971368715083802
1.0,-0.6,-1.0,-0.8,0.07272727272727272,0.35714285714285715,0.1,0.17580766341096857,0.7916666666666666,0.5773502691896257,1.793007356604921e-16,0.0,0.75,0.2873603351955312
1.0,-0.4,0.0,-0.8,0.07272727272727272,0.08035714285714286,0.36086956521739133,0.1728024042073627,0.7916666666666666,0.5,-0.3660254037844383,1.0,0.7857142857142857,0.2775837988826823
1.0,-0.2,0.0,-0.8,0.11818181818181818,0.08035714285714286,0.09130434782608696,0.09466566491359817,0.7916666666666666,0.2886751345948128,-0.6339745962155612,0.0,0.8214285714285714,0.271298882681565
1.0,0.0,0.0,-0.8,0.11818181818181818,0.125,0.09130434782608696,0.10969196093163015,0.7666666666666667,0.0,-0.7320508075688771,0.0,0.8571428571428571,0.26501396648044767
1.0,0.2,1.0,-0.8,0.16363636363636364,0.125,0.13478260869565217,0.13974455296769284,0.725,-0.2886751345948128,-0.6339745962155612,0.0,0.8928571428571429,0.2643156424581011
1.0,0.4,1.0,-0.8,0.16363636363636364,0.16964285714285715,0.13478260869565217,0.15477084898572482,0.725,-0.5,-0.36602540378443876,0.0,0.9285714285714286,0.26710893854748674
1.0,0.6,1.0,-0.8,0.16363636363636364,0.16964285714285715,0.1782608695652174,0.16979714500375617,0.7083333333333334,-0.577350269189626,0.0,0.0,0.9642857142857143,0.2699022346368718
1.0,0.8,2.0,-0.8,0.07272727272727272,0.16964285714285715,0.1782608695652174,0.13974455296769284,0.6833333333333333,-0.5000000000000001,0.3660254037844388,0.0,1.0,0.26710893854748674
-1.0,-0.8,-1.0,-0.6,-1.1,-1.0714285714285714,-1.0304347826086957,-1.083395942900076,-0.4,0.49999999999999994,0.3660254037844388,0.0,-1.0,-0.8439245810055865
-1.0,-0.6,-1.0,-0.6,-0.8909090909090909,-1.0714285714285714,-1.0304347826086957,-1.0142749812171306,-0.375,0.5773502691896257,1.793007356604921e-16,0.0,-0.9642857142857143,-0.8278631284916199
-1.0,-0.4,0.0,-0.6,-0.9181818181818182,-0.8660714285714286,-1.0304347826086957,-0.9541697971450045,-0.375,0.5,-0.3660254037844383,0.0,-0.9285714285714286,-0.8159916201117319
-1.0,-0.2,0.0,-0.6,-0.8909090909090909,-0.8928571428571429,-0.8304347826086956,-0.8850488354620593,-0.375,0.2886751345948128,-0.6339745962155612,1.0,-0.8928571428571429,-0.8020251396648044
-1.0,0.0,0.0,-0.6,-0.8909090909090909,-0.8660714285714286,-0.8565217391304348,-0.8850488354620593,-0.375,0.0,-0.7320508075688771,0.0,-0.8571428571428571,-0.7880586592178769
-1.0,0.2,1.0,-0.6,-0.8909090909090909,-0.8660714285714286,-0.8304347826086956,-0.8760330578512403,-0.375,-0.2886751345948128,-0.6339745962155612,0.0,-0.8214285714285714,-0.7740921787709497
-1.0,0.4,1.0,-0.6,-0.8909090909090909,-0.8660714285714286,-0.8304347826086956,-0.8760330578512403,-0.375,-0.5,-0.36602540378443876,0.0,-0.7857142857142857,-0.7601256983240222
-1.0,0.6,1.0,-0.6,-0.8727272727272727,-0.8660714285714286,-0.8304347826086956,-0.8700225394440275,-0.375,-0.577350269189626,0.0,0.0,-0.75,-0.7447625698324022
-1.0,0.8,2.0,-0.6,-0.8454545454545455,-0.8482142857142857,-0.8304347826086956,-0.8549962434259962,-0.375,-0.5000000000000001,0.3660254037844388,0.0,-0.7142857142857143,-0.7273044692737428
-1.0,1.0,2.0,-0.6,-0.7636363636363637,-0.8214285714285714,-0.8130434782608695,-0.8129226145755077,-0.4,-0.2886751345948132,0.6339745962155612,0.0,-0.6785714285714286,-0.7035614525139664
-1.0,1.2,2.0,-0.6,-0.7545454545454545,-0.7410714285714286,-0.7869565217391304,-0.7738542449286258,-0.4,-2.1211504774498138e-16,0.7320508075688774,0.0,-0.6428571428571429,-0.6770251396648043
-0.5,-1.0,-1.0,-0.6,-0.7363636363636363,-0.7321428571428571,-0.7086956521739131,-0.73779113448535,-0.4,0.2886751345948128,0.6339745962155615,0.0,-0.6071428571428571,-0.6490921787709496
-0.5,-0.8,-1.0,-0.6,-0.7363636363636363,-0.7142857142857143,-0.7,-0.7287753568745311,-0.20833333333333334,0.49999999999999994,0.3660254037844388,0.0,-0.5714285714285714,-0.6211592178770949
-0.5,-0.6,-1.0,-0.6,-0.7363636363636363,-0.7142857142857143,-0.6826086956521739,-0.7227648384673184,-0.23333333333333334,0.5773502691896257,1.793007356604921e-16,0.0,-0.5357142857142857,-0.6092877094972066
-0.5,-0.4,0.0,-0.6,-0.7363636363636363,-0.7142857142857143,-0.6826086956521739,-0.7227648384673184,-0.20833333333333334,0.5,-0.3660254037844383,0.0,-0.5,-0.5953212290502791
-0.5,-0.2,0.0,-0.6,-0.5818181818181818,-0.7142857142857143,-0.6826086956521739,-0.671675432006011,-0.20833333333333334,0.2886751345948128,-0.6339745962155612,1.0,-0.4642857142857143,-0.5715782122905027
-0.5,0.0,0.0,-0.6,-0.6181818181818182,-0.5625,-0.6826086956521739,-0.632607062359129,-0.20833333333333334,0.0,-0.7320508075688771,0.0,-0.42857142857142855,-0.5506284916201115
-0.5,0.2,1.0,-0.6,-0.6181818181818182,-0.5982142857142857,-0.5347826086956522,-0.5935386927122471,-0.20833333333333334,-0.2886751345948128,-0.6339745962155612,0.0,-0.39285714285714285,-0.5296787709497205
-0.5,0.4,1.0,-0.6,-0.5545454545454546,-0.5982142857142857,-0.5695652173913044,-0.5845229151014282,-0.19166666666666668,-0.5,-0.36602540378443876,0.0,-0.35714285714285715,-0.503840782122905
-0.5,0.6,1.0,-0.6,-0.4909090909090909,-0.5357142857142857,-0.5695652173913044,-0.5424492862509397,-0.16666666666666666,-0.577350269189626,0.0,0.0,-0.32142857142857145,-0.4745111731843574
-0.5,0.8,2.0,-0.6,-0.4909090909090909,-0.4732142857142857,-0.508695652173913,-0.5003756574004512,-0.09166666666666666,-0.5000000000000001,0.3660254037844388,0.0,-0.2857142857142857,-0.447276536312849
-0.5,1.0,2.0,-0.6,-0.43636363636363634,-0.4732142857142857,-0.44782608695652176,-0.4613072877535693,-0.08333333333333333,-0.2886751345948132,0.6339745962155612,0.0,-0.25,-0.42213687150837975
-0.5,1.2,2.0,-0.6,-0.2818181818181818,-0.41964285714285715,-0.44782608695652176,-0.3921863260706243,-0.06666666666666667,-2.1211504774498138e-16,0.7320508075688774,0.0,-0.21428571428571427,-0.38582402234636837
0.0,-1.0,-1.0,-0.6,0.15454545454545454,-0.26785714285714285,-0.39565217391304347,-0.17881292261457576,-0.06666666666666667,0.2886751345948128,0.6339745962155615,0.0,-0.17857142857142858,-0.3173882681564244
0.0,-0.8,-1.0,-0.6,0.2909090909090909,0.16071428571428573,-0.24782608695652175,0.06160781367392895,-0.06666666666666667,0.49999999999999994,0.3660254037844388,0.0,-0.14285714285714285,-0.23847765363128462
0.0,-0.6,-1.0,-0.6,0.2909090909090909,0.29464285714285715,0.16956521739130434,0.2509391435011266,-0.06666666666666667,0.5773502691896257,1.793007356604921e-16,0.0,-0.10714285714285714,-0.15956703910614511
0.0,-0.4,0.0,-0.6,-0.1,0.29464285714285715,0.3,0.16679188580014964,0.075,0.5,-0.3660254037844383,0.0,-0.07142857142857142,-0.11068435754189908
0.0,-0.2,0.0,-0.6,0.17272727272727273,-0.08928571428571429,0.3,0.12772351615326802,0.041666666666666664,0.2886751345948128,-0.6339745962155612,1.0,-0.03571428571428571,-0.052723463687150654
0.0,0.0,0.0,-0.6,0.17272727272727273,0.17857142857142858,-0.07391304347826087,0.08865514650638576,0.041666666666666664,0.0,-0.7320508075688771,0.0,0.0,0.008030726256983447
0.0,0.2,1.0,-0.6,0.17272727272727273,0.17857142857142858,0.18695652173913044,0.1788129226145751,0.1,-0.2886751345948128,-0.6339745962155612,0.0,0.03571428571428571,0.06878491620111755
0.0,0.4,1.0,-0.6,1.2181818181818183,0.17857142857142858,0.18695652173913044,0.5244177310293012,0.15833333333333333,-0.5,-0.36602540378443876,0.0,0.07142857142857142,0.2049581005586595
0.0,0.6,1.0,-0.6,1.1272727272727272,1.2053571428571428,0.18695652173913044,0.8399699474079639,0.15833333333333333,-0.577350269189626,0.0,0.0,0.10714285714285714,0.3292597765363134
0.0,0.8,2.0,-0.6,0.5727272727272728,1.1160714285714286,1.1869565217391305,0.9722013523666414,0.20833333333333334,-0.5000000000000001,0.3660254037844388,0.0,0.14285714285714285,0.4109636871508386
0.0,1.0,2.0,-0.6,0.5,0.5714285714285714,1.1,0.7347858752817426,0.35,-0.2886751345948132,0.6339745962155612,0.0,0.17857142857142858,0.48289106145251476
0.0,1.2,2.0,-0.6,0.32727272727272727,0.5,0.5695652173913044,0.47032306536438756,0.75,-2.1211504774498138e-16,0.7320508075688774,0.0,0.21428571428571427,0.529678770949721
0.5,-1.0,-1.0,-0.6,0.3,0.33035714285714285,0.5,0.3801652892561982,0.875,0.2886751345948128,0.6339745962155615,0.0,0.25,0.5408519553072632
0.5,-0.8,-1.0,-0.6,0.4818181818181818,0.30357142857142855,0.3347826086956522,0.37415477084898513,0.875,0.49999999999999994,0.3660254037844388,0.0,0.2857142857142857,0.5555167597765369
0.5,-0.6,-1.0,-0.6,0.36363636363636365,0.48214285714285715,0.30869565217391304,0.38617580766341064,0.5166666666666667,0.5773502691896257,1.793007356604921e-16,0.0,0.32142857142857145,0.5611033519553077
0.5,-0.4,0.0,-0.6,0.37272727272727274,0.36607142857142855,0.4826086956521739,0.4102178812922609,0.7666666666666667,0.5,-0.3660254037844383,1.0,0.35714285714285715,0.5974162011173191
0.5,-0.2,0.0,-0.6,0.4,0.375,0.3695652173913043,0.3831705484598041,0.7666666666666667,0.2886751345948128,-0.6339745962155612,0.0,0.39285714285714285,0.6148743016759786
0.5,0.0,0.0,-0.6,0.4,0.4017857142857143,0.3782608695652174,0.39519158527422954,0.7666666666666667,0.0,-0.7320508075688771,0.0,0.42857142857142855,0.6323324022346374
0.5,0.2,1.0,-0.6,0.2818181818181818,0.4017857142857143,0.4043478260869565,0.36513899323816623,1.725,-0.2886751345948128,-0.6339745962155612,0.0,0.4642857142857143,0.6407122905027938
0.5,0.4,1.0,-0.6,0.3090909090909091,0.2857142857142857,0.4043478260869565,0.33508640120210353,1.6416666666666666,-0.5,-0.36602540378443876,0.0,0.5,0.5708798882681573
0.5,0.6,1.0,-0.6,0.3090909090909091,0.3125,0.29130434782608694,0.3050338091660402,1.1333333333333333,-0.577350269189626,0.0,0.0,0.5357142857142857,0.5080307262569841
0.5,0.8,2.0,-0.6,0.2545454545454545,0.3125,0.3173913043478261,0.2960180315552213,1.0666666666666667,-0.5000000000000001,0.3660254037844388,0.0,0.5714285714285714,0.48358938547486074
0.5,1.0,2.0,-0.6,0.19090909090909092,0.25892857142857145,0.3173913043478261,0.256949661908339,0.9083333333333333,-0.2886751345948132,0.6339745962155612,0.0,0.6071428571428571,0.4598463687150846
0.5,1.2,2.0,-0.6,0.00909090909090909,0.19642857142857142,0.26521739130434785,0.15777610818933072,0.8833333333333333,-2.1211504774498138e-16,0.7320508075688774,0.0,0.6428571428571429,0.43540502793296126
1.0,-1.0,-1.0,-0.6,-0.01818181818181818,0.017857142857142856,0.20434782608695654,0.06761833208114136,1.05,0.2886751345948128,0.6339745962155615,0.0,0.6785714285714286,0.4109636871508386
1.0,-0.8,-1.0,-0.6,-0.01818181818181818,-0.008928571428571428,0.030434782608695653,-0.0015026296018035932,0.9416666666666667,0.49999999999999994,0.3660254037844388,0.0,0.7142857142857143,0.3725558659217881
1.0,-0.6,-1.0,-0.6,-0.03636363636363636,-0.008928571428571428,0.004347826086956522,-0.016528925619834933,0.95,0.5773502691896257,1.793007356604921e-16,0.0,0.75,0.341829608938548
1.0,-0.4,0.0,-0.6,0.02727272727272727,-0.026785714285714284,0.004347826086956522,-0.0015026296018035932,0.975,0.5,-0.3660254037844383,1.0,0.7857142857142857,0.3152932960893862
1.0,-0.2,0.0,-0.6,0.03636363636363636,0.03571428571428571,-0.013043478260869565,0.016528925619834278,0.975,0.2886751345948128,-0.6339745962155612,0.0,0.8214285714285714,0.2873603351955312
1.0,0.0,0.0,-0.6,0.12727272727272726,0.044642857142857144,0.04782608695652174,0.07062359128474789,0.8666666666666667,0.0,-0.7320508075688771,0.0,0.8571428571428571,0.2664106145251402
1.0,0.2,1.0,-0.6,0.15454545454545454,0.13392857142857142,0.05652173913043478,0.11269722013523603,0.8916666666666667,-0.2886751345948128,-0.6339745962155612,0.0,0.8928571428571429,0.25663407821229123
1.0,0.4,1.0,-0.6,0.15454545454545454,0.16071428571428573,0.14347826086956522,0.1517655897821183,0.8916666666666667,-0.5,-0.36602540378443876,0.0,0.9285714285714286,0.24476256983240255
1.0,0.6,1.0,-0.6,0.15454545454545454,0.16071428571428573,0.16956521739130434,0.16078136739293725,0.8416666666666667,-0.577350269189626,0.0,0.0,0.9642857142857143,0.23289106145251448
1.0,0.8,2.0,-0.6,0.15454545454545454,0.16071428571428573,0.16956521739130434,0.16078136739293725,0.7833333333333333,-0.5000000000000001,0.3660254037844388,0.0,1.0,0.2252094972067046
-1.0,-0.8,-1.0,-0.4,-1.1181818181818182,-1.0892857142857142,-1.0478260869565217,-1.1014274981217136,-0.375,0.49999999999999994,0.3660254037844388,0.0,-1.0,-0.8606843575418994
-1.0,-0.6,-1.0,-0.4,-1.0727272727272728,-1.0892857142857142,-1.0478260869565217,-1.086401202103682,-0.375,0.5773502691896257,1.793007356604921e-16,0.0,-0.9642857142857143,-0.8606843575418994
-1.0,-0.4,0.0,-0.4,-1.0363636363636364,-1.0446428571428572,-1.0478260869565217,-1.0593538692712252,-0.375,0.5,-0.3660254037844383,0.0,-0.9285714285714286,-0.857891061452514
-1.0,-0.2,0.0,-0.4,-1.0363636363636364,-1.0089285714285714,-1.0043478260869565,-1.0323065364387685,-0.375,0.2886751345948128,-0.6339745962155612,1.0,-0.8928571428571429,-0.8550977653631283
-1.0,0.0,0.0,-0.4,-1.0363636363636364,-1.0089285714285714,-0.9695652173913043,-1.0202854996243433,-0.375,0.0,-0.7320508075688771,0.0,-0.8571428571428571,-0.8523044692737429
-1.0,0.2,1.0,-0.4,-1.0363636363636364,-1.0089285714285714,-0.9695652173913043,-1.0202854996243433,-0.375,-0.2886751345948128,-0.6339745962155612,0.0,-0.8214285714285714,-0.8495111731843575
-1.0,0.4,1.0,-0.4,-1.0363636363636364,-1.0089285714285714,-0.9695652173913043,-1.0202854996243433,-0.44166666666666665,-0.5,-0.36602540378443876,0.0,-0.7857142857142857,-0.8467178770949719
-1.0,0.6,1.0,-0.4,-1.0363636363636364,-1.0089285714285714,-0.9695652173913043,-1.0202854996243433,-0.44166666666666665,-0.577350269189626,0.0,0.0,-0.75,-0.8383379888268154
-1.0,0.8,2.0,-0.4,-1.0272727272727273,-1.0089285714285714,-0.9695652173913043,-1.017280240420737,-0.4166666666666667,-0.5000000000000001,0.3660254037844388,0.0,-0.7142857142857143,-0.8292597765363128
-1.0,1.0,2.0,-0.4,-0.9818181818181818,-1.0,-0.9695652173913043,-0.9992486851990992,-0.4166666666666667,-0.2886751345948132,0.6339745962155612,0.0,-0.6785714285714286,-0.8187849162011173
-1.0,1.2,2.0,-0.4,-0.9363636363636364,-0.9553571428571429,-0.9608695652173913,-0.9661908339594296,-0.4166666666666667,-2.1211504774498138e-16,0.7320508075688774,0.0,-0.6428571428571429,-0.8048184357541898
-0.5,-1.0,-1.0,-0.4,-0.9,-0.9107142857142857,-0.9173913043478261,-0.9241172051089411,-0.4166666666666667,0.2886751345948128,0.6339745962155615,0.0,-0.6071428571428571,-0.7880586592178769
-0.5,-0.8,-1.0,-0.4,-0.9,-0.875,-0.8739130434782608,-0.8970698722764844,-0.375,0.49999999999999994,0.3660254037844388,0.0,-0.5714285714285714,-0.7712988826815641
-0.5,-0.6,-1.0,-0.4,-0.9,-0.875,-0.8391304347826087,-0.8850488354620593,-0.3416666666666667,0.5773502691896257,1.793007356604921e-16,0.0,-0.5357142857142857,-0.7580307262569831
-0.5,-0.4,0.0,-0.4,-0.9,-0.875,-0.8391304347826087,-0.8850488354620593,-0.3416666666666667,0.5,-0.3660254037844383,0.0,-0.5,-0.7475558659217876
-0.5,-0.2,0.0,-0.4,-0.9,-0.875,-0.8391304347826087,-0.8850488354620593,-0.3416666666666667,0.2886751345948128,-0.6339745962155612,1.0,-0.4642857142857143,-0.7370810055865921
-0.5,0.0,0.0,-0.4,-0.7818181818181819,-0.875,-0.8391304347826087,-0.8459804658151773,-0.3416666666666667,0.0,-0.7320508075688771,0.0,-0.42857142857142855,-0.7175279329608938
-0.5,0.2,1.0,-0.4,-0.7818181818181819,-0.7589285714285714,-0.8391304347826087,-0.8069120961682951,-0.3416666666666667,-0.2886751345948128,-0.6339745962155612,0.0,-0.39285714285714285,-0.6979748603351953
-0.5,0.4,1.0,-0.4,-0.7545454545454545,-0.7589285714285714,-0.7260869565217392,-0.7588279489105941,-0.3416666666666667,-0.5,-0.36602540378443876,0.0,-0.35714285714285715,-0.676326815642458
-0.5,0.6,1.0,-0.4,-0.6272727272727273,-0.7321428571428571,-0.7260869565217392,-0.7077385424492867,-0.3333333333333333,-0.577350269189626,0.0,0.0,-0.32142857142857145,-0.6449022346368714
-0.5,0.8,2.0,-0.4,-0.5454545454545454,-0.6071428571428571,-0.7,-0.6296018031555228,-0.2916666666666667,-0.5000000000000001,0.3660254037844388,0.0,-0.2857142857142857,-0.6078910614525137
-0.5,1.0,2.0,-0.4,-0.5454545454545454,-0.5267857142857143,-0.5782608695652174,-0.5604808414725776,-0.25,-0.2886751345948132,0.6339745962155612,0.0,-0.25,-0.574371508379888
-0.5,1.2,2.0,-0.4,-0.5272727272727272,-0.5267857142857143,-0.5,-0.5274229902329081,-0.21666666666666667,-2.1211504774498138e-16,0.7320508075688774,0.0,-0.21428571428571427,-0.5429469273743014
0.0,-1.0,-1.0,-0.4,-0.15454545454545454,-0.5089285714285714,-0.5,-0.39819684447783676,-0.21666666666666667,0.2886751345948128,0.6339745962155615,0.0,-0.17857142857142858,-0.48568435754189926
0.0,-0.8,-1.0,-0.4,-0.12727272727272726,-0.14285714285714285,-0.4826086956521739,-0.2599549211119462,-0.21666666666666667,0.49999999999999994,0.3660254037844388,0.0,-0.14285714285714285,-0.42632681564245795
0.0,-0.6,-1.0,-0.4,-0.12727272727272726,-0.11607142857142858,-0.12608695652173912,-0.12772351615326868,-0.21666666666666667,0.5773502691896257,1.793007356604921e-16,0.0,-0.10714285714285714,-0.3669692737430164
0.0,-0.4,0.0,-0.4,-0.01818181818181818,-0.11607142857142858,-0.1,-0.08264462809917401,-0.21666666666666667,0.5,-0.3660254037844383,0.0,-0.07142857142857142,-0.2992318435754187
0.0,-0.2,0.0,-0.4,1.0818181818181818,-0.008928571428571428,-0.1,0.3170548459804657,-0.10833333333333334,0.2886751345948128,-0.6339745962155612,1.0,-0.03571428571428571,-0.14699720670391048
0.0,0.0,0.0,-0.4,1.0818181818181818,1.0714285714285714,0.004347826086956522,0.7167543200601046,-0.10833333333333334,0.0,-0.7320508075688771,0.0,0.0,-0.003840782122904623
0.0,0.2,1.0,-0.4,1.0818181818181818,1.0714285714285714,1.0565217391304347,1.0803906836964685,-0.08333333333333333,-0.2886751345948128,-0.6339745962155612,0.0,0.03571428571428571,0.1393156424581012
0.0,0.4,1.0,-0.4,1.0363636363636364,1.0714285714285714,1.0565217391304347,1.0653643876784373,0.03333333333333333,-0.5,-0.36602540378443876,0.0,0.07142857142857142,0.2768854748603357
0.0,0.6,1.0,-0.4,0.21818181818181817,1.0267857142857142,1.0565217391304347,0.7798647633358372,0.10833333333333334,-0.577350269189626,0.0,0.0,0.10714285714285714,0.341829608938548
0.0,0.8,2.0,-0.4,0.2636363636363636,0.22321428571428573,1.0130434782608695,0.5093914350112692,0.10833333333333334,-0.5000000000000001,0.3660254037844388,0.0,0.14285714285714285,0.40398044692737467
0.0,1.0,2.0,-0.4,0.2636363636363636,0.26785714285714285,0.23043478260869565,0.2539444027047331,0.125,-0.2886751345948132,0.6339745962155612,0.0,0.17857142857142858,0.4661312849162019
0.0,1.2,2.0,-0.4,0.2636363636363636,0.26785714285714285,0.27391304347826084,0.26897069872276447,0.4666666666666667,-2.1211504774498138e-16,0.7320508075688774,0.0,0.21428571428571427,0.526885474860336
0.5,-1.0,-1.0,-0.4,0.2636363636363636,0.26785714285714285,0.27391304347826084,0.26897069872276447,0.49166666666666664,0.2886751345948128,0.6339745962155615,0.0,0.25,0.5590083798882686
0.5,-0.8,-1.0,-0.4,0.2636363636363636,0.26785714285714285,0.27391304347826084,0.26897069872276447,0.49166666666666664,0.49999999999999994,0.3660254037844388,0.0,0.2857142857142857,0.5890363128491627
0.5,-0.6,-1.0,-0.4,0.2636363636363636,0.26785714285714285,0.27391304347826084,0.26897069872276447,0.5916666666666667,0.5773502691896257,1.793007356604921e-16,0.0,0.32142857142857145,0.6190642458100567
0.5,-0.4,0.0,-0.4,0.2636363636363636,0.26785714285714285,0.27391304347826084,0.26897069872276447,1.6,0.5,-0.3660254037844383,1.0,0.35714285714285715,0.6407122905027938
0.5,-0.2,0.0,-0.4,0.2636363636363636,0.26785714285714285,0.27391304347826084,0.26897069872276447,1.6,0.2886751345948128,-0.6339745962155612,0.0,0.39285714285714285,0.5778631284916206
0.5,0.0,0.0,-0.4,0.2636363636363636,0.26785714285714285,0.27391304347826084,0.26897069872276447,1.6,0.0,-0.7320508075688771,0.0,0.42857142857142855,0.5150139664804474
0.5,0.2,1.0,-0.4,0.2636363636363636,0.26785714285714285,0.27391304347826084,0.26897069872276447,1.5583333333333333,-0.2886751345948128,-0.6339745962155612,0.0,0.4642857142857143,0.45216480446927415
0.5,0.4,1.0,-0.4,0.2909090909090909,0.26785714285714285,0.27391304347826084,0.2779864763335834,0.8083333333333333,-0.5,-0.36602540378443876,0.0,0.5,0.3949022346368723
0.5,0.6,1.0,-0.4,0.2636363636363636,0.29464285714285715,0.27391304347826084,0.2779864763335834,0.85,-0.577350269189626,0.0,0.0,0.5357142857142857,0.3983938547486039
0.5,0.8,2.0,-0.4,0.21818181818181817,0.26785714285714285,0.3,0.2629601803155521,0.85,-0.5000000000000001,0.3660254037844388,0.0,0.5714285714285714,0.3949022346368723
0.5,1.0,2.0,-0.4,0.21818181818181817,0.22321428571428573,0.27391304347826084,0.23891810668670113,0.85,-0.2886751345948132,0.6339745962155612,0.0,0.6071428571428571,0.39141061452514003
0.5,1.2,2.0,-0.4,0.21818181818181817,0.22321428571428573,0.23043478260869565,0.22389181066866978,0.85,-2.1211504774498138e-16,0.7320508075688774,0.0,0.6428571428571429,0.3879189944134084
1.0,-1.0,-1.0,-0.4,0.2,0.22321428571428573,0.23043478260869565,0.2178812922614574,0.85,0.2886751345948128,0.6339745962155615,0.0,0.6785714285714286,0.3830307262569836
1.0,-0.8,-1.0,-0.4,0.2,0.20535714285714285,0.23043478260869565,0.21187077385424433,0.85,0.49999999999999994,0.3660254037844388,0.0,0.7142857142857143,0.3781424581005594
1.0,-0.6,-1.0,-0.4,0.2,0.20535714285714285,0.21304347826086956,0.2058602554470319,0.85,0.5773502691896257,1.793007356604921e-16,0.0,0.75,0.3732541899441346
1.0,-0.4,0.0,-0.4,0.2,0.20535714285714285,0.21304347826086956,0.2058602554470319,0.85,0.5,-0.3660254037844383,1.0,0.7857142857142857,0.3683659217877098
1.0,-0.2,0.0,-0.4,0.2,0.20535714285714285,0.21304347826086956,0.2058602554470319,0.85,0.2886751345948128,-0.6339745962155612,0.0,0.8214285714285714,0.36347765363128565
1.0,0.0,0.0,-0.4,0.2,0.20535714285714285,0.21304347826086956,0.2058602554470319,0.85,0.0,-0.7320508075688771,0.0,0.8571428571428571,0.3585893854748609
1.0,0.2,1.0,-0.4,0.15454545454545454,0.20535714285714285,0.21304347826086956,0.19083395942900058,0.875,-0.2886751345948128,-0.6339745962155612,0.0,0.8928571428571429,0.35020949720670447
1.0,0.4,1.0,-0.4,0.15454545454545454,0.16071428571428573,0.21304347826086956,0.17580766341096857,0.85,-0.5,-0.36602540378443876,0.0,0.9285714285714286,0.3397346368715089
1.0,0.6,1.0,-0.4,0.2,0.16071428571428573,0.16956521739130434,0.17580766341096857,0.8083333333333333,-0.577350269189626,0.0,0.0,0.9642857142857143,0.33484636871508416
1.0,0.8,2.0,-0.4,0.17272727272727273,0.20535714285714285,0.16956521739130434,0.18181818181818163,0.8083333333333333,-0.5000000000000001,0.3660254037844388,0.0,1.0,0.3313547486033525
-1.0,-0.8,-1.0,-0.2,-1.0272727272727273,-1.0,-0.9869565217391304,-1.0202854996243433,-0.3333333333333333,0.49999999999999994,0.3660254037844388,0.0,-1.0,-0.7950418994413408
-1.0,-0.6,-1.0,-0.2,-0.9090909090909091,-1.0,-0.9608695652173913,-0.9722013523666424,-0.3416666666666667,0.5773502691896257,1.793007356604921e-16,0.0,-0.9642857142857143,-0.7859636871508378
-1.0,-0.4,0.0,-0.2,-0.9,-0.8839285714285714,-0.9608695652173913,-0.9301277235161539,-0.3333333333333333,0.5,-0.3660254037844383,0.0,-0.9285714285714286,-0.7754888268156422
-1.0,-0.2,0.0,-0.2,-0.9090909090909091,-0.875,-0.8478260869565217,-0.8910593538692719,-0.3333333333333333,0.2886751345948128,-0.6339745962155612,1.0,-0.8928571428571429,-0.7664106145251396
-1.0,0.0,0.0,-0.2,-0.9090909090909091,-0.8839285714285714,-0.8391304347826087,-0.8910593538692719,-0.30833333333333335,0.0,-0.7320508075688771,0.0,-0.8571428571428571,-0.7573324022346368
-1.0,0.2,1.0,-0.2,-0.9090909090909091,-0.8839285714285714,-0.8478260869565217,-0.8940646130728782,-0.31666666666666665,-0.2886751345948128,-0.6339745962155612,0.0,-0.8214285714285714,-0.750349162011173
-1.0,0.4,1.0,-0.2,-0.9272727272727272,-0.8839285714285714,-0.8478260869565217,-0.9000751314800909,-0.325,-0.5,-0.36602540378443876,0.0,-0.7857142857142857,-0.7440642458100557
-1.0,0.6,1.0,-0.2,-0.9181818181818182,-0.9017857142857143,-0.8478260869565217,-0.903080390683697,-0.3416666666666667,-0.577350269189626,0.0,0.0,-0.75,-0.7363826815642458
-1.0,0.8,2.0,-0.2,-0.8818181818181818,-0.8928571428571429,-0.8652173913043478,-0.8940646130728782,-0.35833333333333334,-0.5000000000000001,0.3660254037844388,0.0,-0.7142857142857143,-0.7245111731843574
-1.0,1.0,2.0,-0.2,-0.8363636363636363,-0.8571428571428571,-0.8565217391304348,-0.8640120210368152,-0.35833333333333334,-0.2886751345948132,0.6339745962155612,0.0,-0.6785714285714286,-0.7077513966480445
-1.0,1.2,2.0,-0.2,-0.7909090909090909,-0.8125,-0.8217391304347826,-0.8219383921863267,-0.3333333333333333,-2.1211504774498138e-16,0.7320508075688774,0.0,-0.6428571428571429,-0.6874999999999998
-0.5,-1.0,-1.0,-0.2,-0.8090909090909091,-0.7678571428571429,-0.7782608695652173,-0.7978963185574761,-0.3333333333333333,0.2886751345948128,0.6339745962155615,0.0,-0.6071428571428571,-0.6707402234636869
-0.5,-0.8,-1.0,-0.2,-0.8090909090909091,-0.7857142857142857,-0.7347826086956522,-0.7888805409466572,-0.225,0.49999999999999994,0.3660254037844388,0.0,-0.5714285714285714,-0.653980446927374
-0.5,-0.6,-1.0,-0.2,-0.7818181818181819,-0.7857142857142857,-0.7521739130434782,-0.785875281743051,-0.21666666666666667,0.5773502691896257,1.793007356604921e-16,0.0,-0.5357142857142857,-0.6442039106145251
-0.5,-0.4,0.0,-0.2,-0.7818181818181819,-0.7589285714285714,-0.7521739130434782,-0.776859504132232,-0.225,0.5,-0.3660254037844383,0.0,-0.5,-0.6351256983240221
-0.5,-0.2,0.0,-0.2,-0.7454545454545455,-0.7589285714285714,-0.7260869565217392,-0.755822689706988,-0.225,0.2886751345948128,-0.6339745962155612,1.0,-0.4642857142857143,-0.6225558659217875
-0.5,0.0,0.0,-0.2,-0.7,-0.7232142857142857,-0.7260869565217392,-0.7287753568745311,-0.225,0.0,-0.7320508075688771,0.0,-0.42857142857142855,-0.6064944134078212
-0.5,0.2,1.0,-0.2,-0.7,-0.6785714285714286,-0.691304347826087,-0.7017280240420743,-0.24166666666666667,-0.2886751345948128,-0.6339745962155612,0.0,-0.39285714285714285,-0.5904329608938546
-0.5,0.4,1.0,-0.2,-0.6454545454545455,-0.6785714285714286,-0.6478260869565218,-0.6686701728024048,-0.23333333333333334,-0.5,-0.36602540378443876,0.0,-0.35714285714285715,-0.5687849162011173
-0.5,0.6,1.0,-0.2,-0.5909090909090909,-0.625,-0.6478260869565218,-0.632607062359129,-0.2,-0.577350269189626,0.0,0.0,-0.32142857142857145,-0.543645251396648
-0.5,0.8,2.0,-0.2,-0.509090909090909,-0.5714285714285714,-0.5956521739130435,-0.5694966190833965,-0.15833333333333333,-0.5000000000000001,0.3660254037844388,0.0,-0.2857142857142857,-0.5150139664804467
-0.5,1.0,2.0,-0.2,-0.4818181818181818,-0.49107142857142855,-0.5434782608695652,-0.5154019534184829,-0.11666666666666667,-0.2886751345948132,0.6339745962155612,0.0,-0.25,-0.48777932960893833
-0.5,1.2,2.0,-0.2,-0.22727272727272727,-0.4642857142857143,-0.4652173913043478,-0.3951915852742302,-0.13333333333333333,-2.1211504774498138e-16,0.7320508075688774,0.0,-0.21428571428571427,-0.44448324022346336
0.0,-1.0,-1.0,-0.2,0.03636363636363636,-0.21428571428571427,-0.4391304347826087,-0.2148760330578515,-0.13333333333333333,0.2886751345948128,0.6339745962155615,0.0,-0.17857142857142858,-0.37953910614525105
0.0,-0.8,-1.0,-0.2,0.18181818181818182,0.044642857142857144,-0.1956521739130435,0.0045078888054088115,-0.10833333333333334,0.49999999999999994,0.3660254037844388,0.0,-0.14285714285714285,-0.3034217877094969
0.0,-0.6,-1.0,-0.2,0.18181818181818182,0.1875,0.05652173913043478,0.13974455296769284,-0.10833333333333334,0.5773502691896257,1.793007356604921e-16,0.0,-0.10714285714285714,-0.2293994413407816
0.0,-0.4,0.0,-0.2,-0.2,0.1875,0.1956521739130435,0.06160781367392895,-0.075,0.5,-0.3660254037844383,0.0,-0.07142857142857142,-0.1847067039106144
0.0,-0.2,0.0,-0.2,1.0636363636363637,-0.1875,0.1956521739130435,0.3531179564237414,-0.03333333333333333,0.2886751345948128,-0.6339745962155612,1.0,-0.03571428571428571,-0.045740223463686766
0.0,0.0,0.0,-0.2,1.0636363636363637,1.0535714285714286,-0.16956521739130434,0.6446280991735532,-0.03333333333333333,0.0,-0.7320508075688771,0.0,0.0,0.08973463687150862
0.0,0.2,1.0,-0.2,1.0636363636363637,1.0535714285714286,1.0391304347826087,1.0623591284748308,0.016666666666666666,-0.2886751345948128,-0.6339745962155612,0.0,0.03571428571428571,0.2252094972067046
0.0,0.4,1.0,-0.2,0.9272727272727272,1.0535714285714286,1.0391304347826087,1.0172802404207362,0.06666666666666667,-0.5,-0.36602540378443876,0.0,0.07142857142857142,0.3460195530726262
0.0,0.6,1.0,-0.2,0.5272727272727272,0.9196428571428571,1.0391304347826087,0.8399699474079639,0.14166666666666666,-0.577350269189626,0.0,0.0,0.10714285714285714,0.4319134078212296
0.0,0.8,2.0,-0.2,0.2909090909090909,0.5267857142857143,0.908695652173913,0.5845229151014272,0.16666666666666666,-0.5000000000000001,0.3660254037844388,0.0,0.14285714285714285,0.4933659217877103
0.0,1.0,2.0,-0.2,0.2636363636363636,0.29464285714285715,0.5260869565217391,0.36513899323816623,0.4,-0.2886751345948132,0.6339745962155612,0.0,0.17857142857142858,0.5506284916201122
0.0,1.2,2.0,-0.2,0.13636363636363635,0.26785714285714285,0.3,0.23591284748309524,0.6416666666666667,-2.1211504774498138e-16,0.7320508075688774,0.0,0.21428571428571427,0.5785614525139671
0.5,-1.0,-1.0,-0.2,0.20909090909090908,0.14285714285714285,0.27391304347826084,0.20886551465063843,0.775,0.2886751345948128,0.6339745962155615,0.0,0.25,0.5918296089385483
0.5,-0.8,-1.0,-0.2,0.20909090909090908,0.21428571428571427,0.15217391304347827,0.19083395942900058,0.775,0.49999999999999994,0.3660254037844388,0.0,0.2857142857142857,0.5939245810055874
0.5,-0.6,-1.0,-0.2,0.22727272727272727,0.21428571428571427,0.2217391304347826,0.22088655146506325,0.425,0.5773502691896257,1.793007356604921e-16,0.0,0.32142857142857145,0.5974162011173191
0.5,-0.4,0.0,-0.2,0.20909090909090908,0.23214285714285715,0.2217391304347826,0.22088655146506325,1.5833333333333333,0.5,-0.3660254037844383,1.0,0.35714285714285715,0.6288407821229057
0.5,-0.2,0.0,-0.2,0.2,0.21428571428571427,0.2391304347826087,0.2178812922614574,1.5833333333333333,0.2886751345948128,-0.6339745962155612,0.0,0.39285714285714285,0.5625000000000009
0.5,0.0,0.0,-0.2,0.15454545454545454,0.20535714285714285,0.2217391304347826,0.19383921863260645,1.5833333333333333,0.0,-0.7320508075688771,0.0,0.42857142857142855,0.49266759776536373
0.5,0.2,1.0,-0.2,0.2,0.16071428571428573,0.21304347826086956,0.19083395942900058,1.4583333333333333,-0.2886751345948128,-0.6339745962155612,0.0,0.4642857142857143,0.4263268156424589
0.5,0.4,1.0,-0.2,0.2,0.20535714285714285,0.16956521739130434,0.19083395942900058,1.0916666666666666,-0.5,-0.36602540378443876,0.0,0.5,0.37046089385474895
0.5,0.6,1.0,-0.2,0.16363636363636364,0.20535714285714285,0.21304347826086956,0.19383921863260645,0.875,-0.577350269189626,0.0,0.0,0.5357142857142857,0.3425279329608946
0.5,0.8,2.0,-0.2,0.15454545454545454,0.16964285714285715,0.21304347826086956,0.1788129226145751,0.85,-0.5000000000000001,0.3660254037844388,0.0,0.5714285714285714,0.33205307262569905
0.5,1.0,2.0,-0.2,0.14545454545454545,0.16071428571428573,0.1782608695652174,0.16078136739293725,0.7333333333333333,-0.2886751345948132,0.6339745962155612,0.0,0.6071428571428571,0.32297486033519607
0.5,1.2,2.0,-0.2,0.14545454545454545,0.15178571428571427,0.16956521739130434,0.15477084898572482,0.8,-2.1211504774498138e-16,0.7320508075688774,0.0,0.6428571428571429,0.32367318435754266
1.0,-1.0,-1.0,-0.2,0.12727272727272726,0.15178571428571427,0.1608695652173913,0.1457550713749059,0.8,0.2886751345948128,0.6339745962155615,0.0,0.6785714285714286,0.31738826815642535
1.0,-0.8,-1.0,-0.2,0.13636363636363635,0.13392857142857142,0.1608695652173913,0.14274981217129937,0.8166666666666667,0.49999999999999994,0.3660254037844388,0.0,0.7142857142857143,0.31180167597765396
1.0,-0.6,-1.0,-0.2,0.14545454545454545,0.14285714285714285,0.14347826086956522,0.14274981217129937,0.8,0.5773502691896257,1.793007356604921e-16,0.0,0.75,0.30551675977653664
1.0,-0.4,0.0,-0.2,0.14545454545454545,0.15178571428571427,0.15217391304347827,0.14876033057851176,0.7916666666666666,0.5,-0.3660254037844383,1.0,0.7857142857142857,0.30062849162011246
1.0,-0.2,0.0,-0.2,0.12727272727272726,0.15178571428571427,0.1608695652173913,0.1457550713749059,0.75,0.2886751345948128,-0.6339745962155612,0.0,0.8214285714285714,0.2950418994413411
1.0,0.0,0.0,-0.2,0.12727272727272726,0.13392857142857142,0.1608695652173913,0.13974455296769284,0.7916666666666666,0.0,-0.7320508075688771,0.0,0.8571428571428571,0.292946927374302
1.0,0.2,1.0,-0.2,0.10909090909090909,0.13392857142857142,0.14347826086956522,0.12772351615326802,0.7916666666666666,-0.2886751345948128,-0.6339745962155612,0.0,0.8928571428571429,0.2859636871508387
1.0,0.4,1.0,-0.2,0.10909090909090909,0.11607142857142858,0.14347826086956522,0.12171299774605497,0.7583333333333333,-0.5,-0.36602540378443876,0.0,0.9285714285714286,0.27898044692737484
1.0,0.6,1.0,-0.2,0.10909090909090909,0.11607142857142858,0.12608695652173912,0.11570247933884256,0.75,-0.577350269189626,0.0,0.0,0.9642857142857143,0.2747905027932966
1.0,0.8,2.0,-0.2,0.11818181818181818,0.11607142857142858,0.12608695652173912,0.11870773854244909,0.7416666666666667,-0.5000000000000001,0.3660254037844388,0.0,1.0,0.2719972067039109
-1.0,-1.0,-1.0,0.0,-1.0909090909090908,-1.0714285714285714,-1.0130434782608695,-1.0743801652892568,-0.36666666666666664,0.2886751345948128,0.6339745962155615,0.0,-1.0357142857142858,-0.8453212290502794
-1.0,-0.8,-1.0,0.0,-1.0909090909090908,-1.0625,-1.0304347826086957,-1.0773854244928631,-0.4083333333333333,0.49999999999999994,0.3660254037844388,0.0,-1.0,-0.8474162011173185
-1.0,-0.6,-1.0,0.0,-0.9727272727272728,-1.0625,-1.0217391304347827,-1.035311795642375,-0.4,0.5773502691896257,1.793007356604921e-16,0.0,-0.9642857142857143,-0.8369413407821229
-1.0,-0.4,0.0,0.0,-0.9727272727272728,-0.9464285714285714,-1.0217391304347827,-0.9962434259954926,-0.375,0.5,-0.3660254037844383,0.0,-0.9285714285714286,-0.8271648044692737
-1.0,-0.2,0.0,0.0,-0.9727272727272728,-0.9464285714285714,-0.908695652173913,-0.9571750563486107,-0.375,0.2886751345948128,-0.6339745962155612,1.0,-0.8928571428571429,-0.8194832402234635
-1.0,0.0,0.0,0.0,-0.9727272727272728,-0.9464285714285714,-0.908695652173913,-0.9571750563486107,-0.375,0.0,-0.7320508075688771,0.0,-0.8571428571428571,-0.8118016759776536
-1.0,0.2,1.0,0.0,-0.9727272727272728,-0.9464285714285714,-0.908695652173913,-0.9571750563486107,-0.375,-0.2886751345948128,-0.6339745962155612,0.0,-0.8214285714285714,-0.8041201117318435
-1.0,0.4,1.0,0.0,-0.9545454545454546,-0.9464285714285714,-0.908695652173913,-0.951164537941398,-0.38333333333333336,-0.5,-0.36602540378443876,0.0,-0.7857142857142857,-0.7950418994413408
-1.0,0.6,1.0,0.0,-0.9454545454545454,-0.9285714285714286,-0.908695652173913,-0.942148760330579,-0.38333333333333336,-0.577350269189626,0.0,0.0,-0.75,-0.7845670391061452
-1.0,0.8,2.0,0.0,-0.9272727272727272,-0.9196428571428571,-0.8913043478260869,-0.9271224643125477,-0.38333333333333336,-0.5000000000000001,0.3660254037844388,0.0,-0.7142857142857143,-0.7726955307262569
-1.0,1.0,2.0,0.0,-0.8545454545454545,-0.9017857142857143,-0.8826086956521739,-0.8940646130728782,-0.4,-0.2886751345948132,0.6339745962155612,0.0,-0.6785714285714286,-0.7552374301675978
-1.0,1.2,2.0,0.0,-0.8454545454545455,-0.8303571428571429,-0.8652173913043478,-0.8610067618332087,-0.39166666666666666,-2.1211504774498138e-16,0.7320508075688774,0.0,-0.6428571428571429,-0.7356843575418992
-0.5,-1.0,-1.0,0.0,-0.8272727272727273,-0.8214285714285714,-0.7956521739130434,-0.8279489105935394,-0.39166666666666666,0.2886751345948128,0.6339745962155615,0.0,-0.6071428571428571,-0.7154329608938548
-0.5,-0.8,-1.0,0.0,-0.8272727272727273,-0.8035714285714286,-0.7869565217391304,-0.8189331329827205,-0.2833333333333333,0.49999999999999994,0.3660254037844388,0.0,-0.5714285714285714,-0.6951815642458099
-0.5,-0.6,-1.0,0.0,-0.8090909090909091,-0.8035714285714286,-0.7695652173913043,-0.8069120961682951,-0.2833333333333333,0.5773502691896257,1.793007356604921e-16,0.0,-0.5357142857142857,-0.6826117318435753
-0.5,-0.4,0.0,0.0,-0.8090909090909091,-0.7857142857142857,-0.7695652173913043,-0.8009015777610826,-0.2833333333333333,0.5,-0.3660254037844383,0.0,-0.5,-0.6700418994413406
-0.5,-0.2,0.0,0.0,-0.7181818181818181,-0.7857142857142857,-0.7521739130434782,-0.7648384673178069,-0.2833333333333333,0.2886751345948128,-0.6339745962155612,1.0,-0.4642857142857143,-0.6504888268156425
-0.5,0.0,0.0,0.0,-0.7090909090909091,-0.6964285714285714,-0.7521739130434782,-0.7317806160781374,-0.2833333333333333,0.0,-0.7320508075688771,0.0,-0.42857142857142855,-0.6302374301675976
-0.5,0.2,1.0,0.0,-0.7090909090909091,-0.6875,-0.6652173913043479,-0.6987227648384678,-0.26666666666666666,-0.2886751345948128,-0.6339745962155612,0.0,-0.39285714285714285,-0.6099860335195528
-0.5,0.4,1.0,0.0,-0.6545454545454545,-0.6875,-0.6565217391304348,-0.6776859504132238,-0.25833333333333336,-0.5,-0.36602540378443876,0.0,-0.35714285714285715,-0.5869413407821227
-0.5,0.6,1.0,0.0,-0.6090909090909091,-0.6339285714285714,-0.6565217391304348,-0.6446280991735542,-0.24166666666666667,-0.577350269189626,0.0,0.0,-0.32142857142857145,-0.5611033519553071
-0.5,0.8,2.0,0.0,-0.5909090909090909,-0.5892857142857143,-0.6043478260869565,-0.6055597295266723,-0.175,-0.5000000000000001,0.3660254037844388,0.0,-0.2857142857142857,-0.5352653631284915
-0.5,1.0,2.0,0.0,-0.5454545454545454,-0.5714285714285714,-0.5608695652173913,-0.5694966190833965,-0.16666666666666666,-0.2886751345948132,0.6339745962155612,0.0,-0.25,-0.5115223463687147
-0.5,1.2,2.0,0.0,-0.33636363636363636,-0.5267857142857143,-0.5434782608695652,-0.4793388429752072,-0.15,-2.1211504774498138e-16,0.7320508075688774,0.0,-0.21428571428571427,-0.4724162011173183
0.0,-1.0,-1.0,0.0,0.05454545454545454,-0.32142857142857145,-0.5,-0.26596543951915924,-0.15,0.2886751345948128,0.6339745962155615,0.0,-0.17857142857142858,-0.4046787709497203
0.0,-0.8,-1.0,0.0,0.17272727272727273,0.0625,-0.3,-0.0285499624342604,-0.13333333333333333,0.49999999999999994,0.3660254037844388,0.0,-0.14285714285714285,-0.3278631284916199
0.0,-0.6,-1.0,0.0,0.17272727272727273,0.17857142857142858,0.07391304347826087,0.13974455296769284,-0.13333333333333333,0.5773502691896257,1.793007356604921e-16,0.0,-0.10714285714285714,-0.25244413407821176
0.0,-0.4,0.0,0.0,-0.14545454545454545,0.17857142857142858,0.18695652173913044,0.07362885048835442,-0.05,0.5,-0.3660254037844383,0.0,-0.07142857142857142,-0.20146648044692725
0.0,-0.2,0.0,0.0,0.6272727272727273,-0.13392857142857142,0.18695652173913044,0.22389181066866978,-0.041666666666666664,0.2886751345948128,-0.6339745962155612,1.0,-0.03571428571428571,-0.09811452513966444
0.0,0.0,0.0,0.0,0.6272727272727273,0.625,-0.11739130434782609,0.37415477084898513,-0.041666666666666664,0.0,-0.7320508075688771,0.0,0.0,0.004539106145251805
0.0,0.2,1.0,0.0,0.6272727272727273,0.625,0.6217391304347826,0.6296018031555218,0.008333333333333333,-0.2886751345948128,-0.6339745962155612,0.0,0.03571428571428571,0.10719273743016805
0.0,0.4,1.0,0.0,1.0818181818181818,0.625,0.6217391304347826,0.7798647633358372,0.05,-0.5,-0.36602540378443876,0.0,0.07142857142857142,0.24057262569832433
0.0,0.6,1.0,0.0,0.7363636363636363,1.0714285714285714,0.6217391304347826,0.815927873779113,0.06666666666666667,-0.577350269189626,0.0,0.0,0.10714285714285714,0.34392458100558715
0.0,0.8,2.0,0.0,0.4,0.7321428571428571,1.0565217391304347,0.7407963936889557,0.10833333333333334,-0.5000000000000001,0.3660254037844388,0.0,0.14285714285714285,0.42004189944134157
0.0,1.0,2.0,0.0,0.32727272727272727,0.4017857142857143,0.7260869565217392,0.4913598797896313,0.3,-0.2886751345948132,0.6339745962155612,0.0,0.17857142857142858,0.487081005586593
0.0,1.2,2.0,0.0,0.22727272727272727,0.33035714285714285,0.4043478260869565,0.3230653643876781,0.6583333333333333,-2.1211504774498138e-16,0.7320508075688774,0.0,0.21428571428571427,0.5303770949720676
0.5,-1.0,-1.0,0.0,0.20909090909090908,0.23214285714285715,0.3347826086956522,0.2599549211119455,0.7666666666666667,0.2886751345948128,0.6339745962155615,0.0,0.25,0.5422486033519557
0.5,-0.8,-1.0,0.0,0.3181818181818182,0.21428571428571427,0.2391304347826087,0.256949661908339,0.7666666666666667,0.49999999999999994,0.3660254037844388,0.0,0.2857142857142857,0.5534217877094978
0.5,-0.6,-1.0,0.0,0.23636363636363636,0.32142857142857145,0.2217391304347826,0.2599549211119455,0.475,0.5773502691896257,1.793007356604921e-16,0.0,0.32142857142857145,0.5583100558659226
0.5,-0.4,0.0,0.0,0.23636363636363636,0.24107142857142858,0.32608695652173914,0.26897069872276447,1.1833333333333333,0.5,-0.3660254037844383,1.0,0.35714285714285715,0.5876396648044702
0.5,-0.2,0.0,0.0,0.2818181818181818,0.24107142857142858,0.24782608695652175,0.256949661908339,1.1833333333333333,0.2886751345948128,-0.6339745962155612,0.0,0.39285714285714285,0.5611033519553077
0.5,0.0,0.0,0.0,0.1,0.2857142857142857,0.24782608695652175,0.21187077385424433,1.1833333333333333,0.0,-0.7320508075688771,0.0,0.42857142857142855,0.5206005586592187
0.5,0.2,1.0,0.0,0.20909090909090908,0.10714285714285714,0.29130434782608694,0.20285499624342537,1.6,-0.2886751345948128,-0.6339745962155612,0.0,0.4642857142857143,0.48847765363128554
0.5,0.4,1.0,0.0,0.21818181818181817,0.21428571428571427,0.11739130434782609,0.18181818181818163,1.2833333333333334,-0.5,-0.36602540378443876,0.0,0.5,0.4221368715083807
0.5,0.6,1.0,0.0,0.18181818181818182,0.22321428571428573,0.2217391304347826,0.20886551465063843,0.975,-0.577350269189626,0.0,0.0,0.5357142857142857,0.37953910614525194
0.5,0.8,2.0,0.0,0.13636363636363635,0.1875,0.23043478260869565,0.18482344102178752,0.9083333333333333,-0.5000000000000001,0.3660254037844388,0.0,0.5714285714285714,0.35928770949720745
0.5,1.0,2.0,0.0,0.09090909090909091,0.14285714285714285,0.1956521739130435,0.14274981217129937,0.8166666666666667,-0.2886751345948132,0.6339745962155612,0.0,0.6071428571428571,0.3411312849162015
0.5,1.2,2.0,0.0,-0.00909090909090909,0.09821428571428571,0.15217391304347827,0.07963936889556682,0.8,-2.1211504774498138e-16,0.7320508075688774,0.0,0.6428571428571429,0.32297486033519607
1.0,-1.0,-1.0,0.0,0.0,0.0,0.10869565217391304,0.034560480841472146,0.9,0.2886751345948128,0.6339745962155615,0.0,0.6785714285714286,0.3069134078212298
1.0,-0.8,-1.0,0.0,-0.07272727272727272,0.008928571428571428,0.013043478260869565,-0.019534184823441464,0.825,0.49999999999999994,0.3660254037844388,0.0,0.7142857142857143,0.2768854748603357
1.0,-0.6,-1.0,0.0,-0.00909090909090909,-0.0625,0.021739130434782608,-0.019534184823441464,0.825,0.5773502691896257,1.793007356604921e-16,0.0,0.75,0.25803072625698376
1.0,-0.4,0.0,0.0,0.0,0.0,-0.04782608695652174,-0.019534184823441464,0.8666666666666667,0.5,-0.3660254037844383,1.0,0.7857142857142857,0.23987430167597837
1.0,-0.2,0.0,0.0,0.03636363636363636,0.008928571428571428,0.013043478260869565,0.016528925619834278,0.7,0.2886751345948128,-0.6339745962155612,0.0,0.8214285714285714,0.22101955307262638
1.0,0.0,0.0,0.0,0.08181818181818182,0.044642857142857144,0.021739130434782608,0.04658151765589761,0.8,0.0,-0.7320508075688771,0.0,0.8571428571428571,0.21962290502793325
1.0,0.2,1.0,0.0,0.06363636363636363,0.08928571428571429,0.05652173913043478,0.06761833208114136,0.8083333333333333,-0.2886751345948128,-0.6339745962155612,0.0,0.8928571428571429,0.20844972067039175
1.0,0.4,1.0,0.0,0.06363636363636363,0.07142857142857142,0.1,0.07663410969196029,0.775,-0.5,-0.36602540378443876,0.0,0.9285714285714286,0.19657821229050307
1.0,0.6,1.0,0.0,0.07272727272727272,0.07142857142857142,0.08260869565217391,0.07362885048835442,0.7333333333333333,-0.577350269189626,0.0,0.0,0.9642857142857143,0.18819832402234665
1.0,0.8,2.0,0.0,0.07272727272727272,0.08035714285714286,0.08260869565217391,0.07663410969196029,0.6916666666666667,-0.5000000000000001,0.3660254037844388,0.0,1.0,0.18331005586592247
-1.0,-0.8,-1.0,0.2,-1.1363636363636365,-1.1071428571428572,-1.0913043478260869,-1.1284748309541706,-0.4083333333333333,0.49999999999999994,0.3660254037844388,0.0,-1.0,-0.8781424581005585
-1.0,-0.6,-1.0,0.2,-1.0454545454545454,-1.1071428571428572,-1.065217391304348,-1.0894064613072885,-0.4166666666666667,0.5773502691896257,1.793007356604921e-16,0.0,-0.9642857142857143,-0.8732541899441341
-1.0,-0.4,0.0,0.2,-1.0545454545454545,-1.0178571428571428,-1.065217391304348,-1.0623591284748317,-0.4166666666666667,0.5,-0.3660254037844383,0.0,-0.9285714285714286,-0.8683659217877095
-1.0,-0.2,0.0,0.2,-1.0636363636363637,-1.0267857142857142,-0.9782608695652174,-1.038317054845981,-0.275,0.2886751345948128,-0.6339745962155612,1.0,-0.8928571428571429,-0.8641759776536313
-1.0,0.0,0.0,0.2,-1.0636363636363637,-1.0357142857142858,-0.9869565217391304,-1.0443275732531938,-0.4166666666666667,0.0,-0.7320508075688771,0.0,-0.8571428571428571,-0.8718575418994412
-1.0,0.2,1.0,0.2,-0.9363636363636364,-1.0357142857142858,-0.9956521739130435,-1.0052592036063115,-0.4166666666666667,-0.2886751345948128,-0.6339745962155612,0.0,-0.8214285714285714,-0.857891061452514
-1.0,0.4,1.0,0.2,-1.0545454545454545,-0.9107142857142857,-0.9956521739130435,-1.0022539444027054,-0.4166666666666667,-0.5,-0.36602540378443876,0.0,-0.7857142857142857,-0.8530027932960892
-1.0,0.6,1.0,0.2,-1.0454545454545454,-1.0267857142857142,-0.8739130434782608,-0.9962434259954926,-0.4583333333333333,-0.577350269189626,0.0,0.0,-0.75,-0.8474162011173185
-1.0,0.8,2.0,0.2,-1.018181818181818,-1.0178571428571428,-0.9869565217391304,-1.0232907588279494,-0.4583333333333333,-0.5000000000000001,0.3660254037844388,0.0,-0.7142857142857143,-0.8362430167597764
-1.0,1.0,2.0,0.2,-0.9727272727272728,-0.9910714285714286,-0.9782608695652174,-0.9962434259954926,-0.4583333333333333,-0.2886751345948132,0.6339745962155612,0.0,-0.6785714285714286,-0.8215782122905027
-1.0,1.2,2.0,0.2,-0.9636363636363636,-0.9464285714285714,-0.9521739130434783,-0.9691960931630359,-0.43333333333333335,-2.1211504774498138e-16,0.7320508075688774,0.0,-0.6428571428571429,-0.8062150837988826
-0.5,-1.0,-1.0,0.2,-0.9272727272727272,-0.9375,-0.908695652173913,-0.9391435011269729,-0.43333333333333335,0.2886751345948128,0.6339745962155615,0.0,-0.6071428571428571,-0.790153631284916
-0.5,-0.8,-1.0,0.2,-0.9272727272727272,-0.9017857142857143,-0.9,-0.9241172051089411,-0.35,0.49999999999999994,0.3660254037844388,0.0,-0.5714285714285714,-0.7740921787709497
-0.5,-0.6,-1.0,0.2,-0.9272727272727272,-0.9017857142857143,-0.8652173913043478,-0.912096168294516,-0.35833333333333334,0.5773502691896257,1.793007356604921e-16,0.0,-0.5357142857142857,-0.7650139664804467
-0.5,-0.4,0.0,0.2,-0.8909090909090909,-0.9017857142857143,-0.8652173913043478,-0.9000751314800909,-0.36666666666666664,0.5,-0.3660254037844383,0.0,-0.5,-0.7524441340782121
-0.5,-0.2,0.0,0.2,-0.8636363636363636,-0.8660714285714286,-0.8652173913043478,-0.8790383170548465,-0.36666666666666664,0.2886751345948128,-0.6339745962155612,1.0,-0.4642857142857143,-0.7370810055865921
-0.5,0.0,0.0,0.2,-0.8090909090909091,-0.8392857142857143,-0.8304347826086956,-0.8399699474079646,-0.25,0.0,-0.7320508075688771,0.0,-0.42857142857142855,-0.7175279329608938
-0.5,0.2,1.0,0.2,-0.8090909090909091,-0.7857142857142857,-0.8043478260869565,-0.8129226145755077,-0.35833333333333334,-0.2886751345948128,-0.6339745962155612,0.0,-0.39285714285714285,-0.7077513966480445
-0.5,0.4,1.0,0.2,-0.7363636363636363,-0.7857142857142857,-0.7521739130434782,-0.7708489857250193,-0.35,-0.5,-0.36602540378443876,0.0,-0.35714285714285715,-0.6833100558659215
-0.5,0.6,1.0,0.2,-0.7090909090909091,-0.7142857142857143,-0.7521739130434782,-0.73779113448535,-0.325,-0.577350269189626,0.0,0.0,-0.32142857142857145,-0.657472067039106
-0.5,0.8,2.0,0.2,-0.7,-0.6875,-0.6826086956521739,-0.7017280240420743,-0.2833333333333333,-0.5000000000000001,0.3660254037844388,0.0,-0.2857142857142857,-0.633030726256983
-0.5,1.0,2.0,0.2,-0.6545454545454545,-0.6785714285714286,-0.6565217391304348,-0.6746806912096175,-0.275,-0.2886751345948132,0.6339745962155612,0.0,-0.25,-0.6085893854748603
-0.5,1.2,2.0,0.2,-0.32727272727272727,-0.6339285714285714,-0.6478260869565218,-0.5484598046581525,-0.24166666666666667,-2.1211504774498138e-16,0.7320508075688774,0.0,-0.21428571428571427,-0.5597067039106143
0.0,-1.0,-1.0,0.2,-0.1,-0.3125,-0.6043478260869565,-0.35011269722013555,-0.24166666666666667,0.2886751345948128,0.6339745962155615,0.0,-0.17857142857142858,-0.49615921787709477
0.0,-0.8,-1.0,0.2,0.1,-0.08928571428571429,-0.29130434782608694,-0.10067618332081188,-0.24166666666666667,0.49999999999999994,0.3660254037844388,0.0,-0.14285714285714285,-0.41724860335195496
0.0,-0.6,-1.0,0.2,0.35454545454545455,0.10714285714285714,-0.07391304347826087,0.1247182569496615,-0.20833333333333334,0.5773502691896257,1.793007356604921e-16,0.0,-0.10714285714285714,-0.31878491620111693
0.0,-0.4,0.0,0.2,-0.4090909090909091,0.35714285714285715,0.11739130434782609,0.022539444027046683,-0.18333333333333332,0.5,-0.3660254037844383,0.0,-0.07142857142857142,-0.2817737430167593
0.0,-0.2,0.0,0.2,1.018181818181818,-0.39285714285714285,0.36086956521739133,0.3260706235912846,-0.13333333333333333,0.2886751345948128,-0.6339745962155612,1.0,-0.03571428571428571,-0.1372206703910609
0.0,0.0,0.0,0.2,1.018181818181818,1.0089285714285714,-0.3695652173913043,0.545454545454545,-0.13333333333333333,0.0,-0.7320508075688771,0.0,0.0,0.00314245810055927
0.0,0.2,1.0,0.2,1.018181818181818,1.0089285714285714,0.9956521739130435,1.0172802404207362,-0.06666666666666667,-0.2886751345948128,-0.6339745962155612,0.0,0.03571428571428571,0.14350558659217943
0.0,0.4,1.0,0.2,0.8454545454545455,1.0089285714285714,0.9956521739130435,0.960180315552216,-0.041666666666666664,-0.5,-0.36602540378443876,0.0,0.07142857142857142,0.26501396648044767
0.0,0.6,1.0,0.2,0.34545454545454546,0.8392857142857143,0.9956521739130435,0.737791134485349,-0.03333333333333333,-0.577350269189626,0.0,0.0,0.10714285714285714,0.3460195530726262
0.0,0.8,2.0,0.2,0.12727272727272726,0.3482142857142857,0.8304347826086956,0.44327573253193076,0.008333333333333333,-0.5000000000000001,0.3660254037844388,0.0,0.14285714285714285,0.409567039106146
0.0,1.0,2.0,0.2,0.07272727272727272,0.13392857142857142,0.3521739130434783,0.18782870022539405,0.30833333333333335,-0.2886751345948132,0.6339745962155612,0.0,0.17857142857142858,0.46543296089385533
0.0,1.2,2.0,0.2,0.08181818181818182,0.08035714285714286,0.14347826086956522,0.10067618332081123,0.5166666666666667,-2.1211504774498138e-16,0.7320508075688774,0.0,0.21428571428571427,0.4968575418994419
0.5,-1.0,-1.0,0.2,0.1,0.08928571428571429,0.09130434782608696,0.09166040570999229,0.7,0.2886751345948128,0.6339745962155615,0.0,0.25,0.5122206703910622
0.5,-0.8,-1.0,0.2,0.09090909090909091,0.10714285714285714,0.1,0.0976709241172047,0.9333333333333333,0.49999999999999994,0.3660254037844388,0.0,0.2857142857142857,0.5115223463687157
0.5,-0.6,-1.0,0.2,0.12727272727272726,0.09821428571428571,0.11739130434782609,0.11269722013523603,0.23333333333333334,0.5773502691896257,1.793007356604921e-16,0.0,0.32142857142857145,0.49406424581005626
0.5,-0.4,0.0,0.2,0.11818181818181818,0.13392857142857142,0.10869565217391304,0.11870773854244909,1.5416666666666667,0.5,-0.3660254037844383,1.0,0.35714285714285715,0.5345670391061459
0.5,-0.2,0.0,0.2,0.12727272727272726,0.125,0.14347826086956522,0.1307287753568739,1.5416666666666667,0.2886751345948128,-0.6339745962155612,0.0,0.39285714285714285,0.4661312849162019
0.5,0.0,0.0,0.2,0.10909090909090909,0.13392857142857142,0.13478260869565217,0.1247182569496615,1.5416666666666667,0.0,-0.7320508075688771,0.0,0.42857142857142855,0.3962988826815648
0.5,0.2,1.0,0.2,0.07272727272727272,0.11607142857142858,0.14347826086956522,0.10969196093163015,1.3833333333333333,-0.2886751345948128,-0.6339745962155612,0.0,0.4642857142857143,0.32367318435754266
0.5,0.4,1.0,0.2,0.08181818181818182,0.08035714285714286,0.12608695652173912,0.09466566491359817,0.925,-0.5,-0.36602540378443876,0.0,0.5,0.26501396648044767
0.5,0.6,1.0,0.2,0.06363636363636363,0.08928571428571429,0.09130434782608696,0.07963936889556682,0.725,-0.577350269189626,0.0,0.0,0.5357142857142857,0.24336592178771
0.5,0.8,2.0,0.2,0.045454545454545456,0.07142857142857142,0.1,0.07062359128474789,0.675,-0.5000000000000001,0.3660254037844388,0.0,0.5714285714285714,0.23708100558659267
0.5,1.0,2.0,0.2,0.0,0.05357142857142857,0.08260869565217391,0.04357625845229108,0.6833333333333333,-0.2886751345948132,0.6339745962155612,0.0,0.6071428571428571,0.23149441340782193
0.5,1.2,2.0,0.2,-0.00909090909090909,0.008928571428571428,0.06521739130434782,0.019534184823440808,0.7,-2.1211504774498138e-16,0.7320508075688774,0.0,0.6428571428571429,0.22451117318435804
1.0,-1.0,-1.0,0.2,-0.00909090909090909,0.0,0.021739130434782608,0.0015026296018029372,0.6916666666666667,0.2886751345948128,0.6339745962155615,0.0,0.6785714285714286,0.21613128491620162
1.0,-0.8,-1.0,0.2,-0.02727272727272727,0.0,0.013043478260869565,-0.007513148009015998,0.725,0.49999999999999994,0.3660254037844388,0.0,0.7142857142857143,0.2070530726256986
1.0,-0.6,-1.0,0.2,-0.06363636363636363,-0.017857142857142856,0.013043478260869565,-0.02554470323065387,0.7166666666666667,0.5773502691896257,1.793007356604921e-16,0.0,0.75,0.19238826815642487
1.0,-0.4,0.0,0.2,-0.01818181818181818,-0.05357142857142857,-0.004347826086956522,-0.0285499624342604,0.725,0.5,-0.3660254037844383,1.0,0.7857142857142857,0.18191340782122933
1.0,-0.2,0.0,0.2,0.0,-0.008928571428571428,-0.0391304347826087,-0.019534184823441464,0.7083333333333334,0.2886751345948128,-0.6339745962155612,0.0,0.8214285714285714,0.17213687150838036
1.0,0.0,0.0,0.2,0.00909090909090909,0.008928571428571428,0.004347826086956522,0.0045078888054088115,0.675,0.0,-0.7320508075688771,0.0,0.8571428571428571,0.16445530726257052
1.0,0.2,1.0,0.2,-0.05454545454545454,0.017857142857142856,0.021739130434782608,-0.007513148009015998,0.6833333333333333,-0.2886751345948128,-0.6339745962155612,0.0,0.8928571428571429,0.15467877094972093
1.0,0.4,1.0,0.2,-0.045454545454545456,-0.044642857142857144,0.030434782608695653,-0.022539444027047995,0.6666666666666666,-0.5,-0.36602540378443876,0.0,0.9285714285714286,0.14490223463687196
1.0,0.6,1.0,0.2,-0.03636363636363636,-0.03571428571428571,-0.030434782608695653,-0.037565740045079336,0.65,-0.577350269189626,0.0,0.0,0.9642857142857143,0.13722067039106212
1.0,0.8,2.0,0.2,-0.05454545454545454,-0.026785714285714284,-0.021739130434782608,-0.037565740045079336,0.6083333333333333,-0.5000000000000001,0.3660254037844388,0.0,1.0,0.12953910614525166
-1.0,-0.8,-1.0,0.4,-0.9727272727272728,-0.9464285714285714,-0.908695652173913,-0.9571750563486107,-0.26666666666666666,0.49999999999999994,0.3660254037844388,0.0,-1.0,-0.7280027932960894
-1.0,-0.6,-1.0,0.4,-0.8454545454545455,-0.9464285714285714,-0.908695652173913,-0.9151014274981223,-0.25833333333333336,0.5773502691896257,1.793007356604921e-16,0.0,-0.9642857142857143,-0.7196229050279329
-1.0,-0.4,0.0,0.4,-0.8727272727272727,-0.8214285714285714,-0.908695652173913,-0.882043576258453,-0.25,0.5,-0.3660254037844383,0.0,-0.9285714285714286,-0.7140363128491619
-1.0,-0.2,0.0,0.4,-0.8818181818181818,-0.8482142857142857,-0.7869565217391304,-0.8519909842223897,-0.25,0.2886751345948128,-0.6339745962155612,1.0,-0.8928571428571429,-0.7098463687150837
-1.0,0.0,0.0,0.4,-0.8818181818181818,-0.8571428571428571,-0.8130434782608695,-0.8640120210368152,-0.25833333333333336,0.0,-0.7320508075688771,0.0,-0.8571428571428571,-0.7056564245810054
-1.0,0.2,1.0,0.4,-0.8818181818181818,-0.8571428571428571,-0.8217391304347826,-0.8670172802404214,-0.26666666666666666,-0.2886751345948128,-0.6339745962155612,0.0,-0.8214285714285714,-0.700768156424581
-1.0,0.4,1.0,0.4,-0.8909090909090909,-0.8571428571428571,-0.8217391304347826,-0.8700225394440275,-0.275,-0.5,-0.36602540378443876,0.0,-0.7857142857142857,-0.6958798882681562
-1.0,0.6,1.0,0.4,-0.8818181818181818,-0.8660714285714286,-0.8217391304347826,-0.8700225394440275,-0.275,-0.577350269189626,0.0,0.0,-0.75,-0.6895949720670389
-1.0,0.8,2.0,0.4,-0.8454545454545455,-0.8571428571428571,-0.8304347826086956,-0.8580015026296024,-0.26666666666666666,-0.5000000000000001,0.3660254037844388,0.0,-0.7142857142857143,-0.6805167597765361
-1.0,1.0,2.0,0.4,-0.7818181818181819,-0.8214285714285714,-0.8217391304347826,-0.8219383921863267,-0.2833333333333333,-0.2886751345948132,0.6339745962155612,0.0,-0.6785714285714286,-0.6672486033519552
-1.0,1.2,2.0,0.4,-0.7636363636363637,-0.7589285714285714,-0.7869565217391304,-0.7828700225394447,-0.2833333333333333,-2.1211504774498138e-16,0.7320508075688774,0.0,-0.6428571428571429,-0.6511871508379887
-0.5,-1.0,-1.0,0.4,-0.7454545454545455,-0.7410714285714286,-0.7260869565217392,-0.7498121712997752,-0.2833333333333333,0.2886751345948128,0.6339745962155615,0.0,-0.6071428571428571,-0.6337290502793296
-0.5,-0.8,-1.0,0.4,-0.7454545454545455,-0.7232142857142857,-0.7086956521739131,-0.73779113448535,-0.16666666666666666,0.49999999999999994,0.3660254037844388,0.0,-0.5714285714285714,-0.6162709497206701
-0.5,-0.6,-1.0,0.4,-0.7272727272727273,-0.7232142857142857,-0.691304347826087,-0.7257700976709246,-0.19166666666666668,0.5773502691896257,1.793007356604921e-16,0.0,-0.5357142857142857,-0.6071927374301674
-0.5,-0.4,0.0,0.4,-0.7181818181818181,-0.7053571428571429,-0.691304347826087,-0.7167543200601056,-0.2,0.5,-0.3660254037844383,0.0,-0.5,-0.5953212290502791
-0.5,-0.2,0.0,0.4,-0.6272727272727273,-0.6964285714285714,-0.6739130434782609,-0.6776859504132238,-0.2,0.2886751345948128,-0.6339745962155612,1.0,-0.4642857142857143,-0.5757681564245808
-0.5,0.0,0.0,0.4,-0.6454545454545455,-0.6071428571428571,-0.6652173913043479,-0.6506386175807669,-0.2,0.0,-0.7320508075688771,0.0,-0.42857142857142855,-0.5576117318435752
-0.5,0.2,1.0,0.4,-0.6454545454545455,-0.625,-0.5782608695652174,-0.6265965439519163,-0.20833333333333334,-0.2886751345948128,-0.6339745962155612,0.0,-0.39285714285714285,-0.5394553072625697
-0.5,0.4,1.0,0.4,-0.5636363636363636,-0.625,-0.5956521739130435,-0.6055597295266723,-0.2,-0.5,-0.36602540378443876,0.0,-0.35714285714285715,-0.5143156424581005
-0.5,0.6,1.0,0.4,-0.5181818181818182,-0.5446428571428571,-0.5956521739130435,-0.5634861006761838,-0.16666666666666666,-0.577350269189626,0.0,0.0,-0.32142857142857145,-0.4863826815642455
-0.5,0.8,2.0,0.4,-0.5,-0.5,-0.5173913043478261,-0.5154019534184829,-0.10833333333333334,-0.5000000000000001,0.3660254037844388,0.0,-0.2857142857142857,-0.45984636871508366
-0.5,1.0,2.0,0.4,-0.4636363636363636,-0.48214285714285715,-0.47391304347826085,-0.48234410217881335,-0.09166666666666666,-0.2886751345948132,0.6339745962155612,0.0,-0.25,-0.43540502793296065
-0.5,1.2,2.0,0.4,-0.33636363636363636,-0.44642857142857145,-0.45652173913043476,-0.422238918106687,-0.075,-2.1211504774498138e-16,0.7320508075688774,0.0,-0.21428571428571427,-0.4025837988826812
0.0,-1.0,-1.0,0.4,0.00909090909090909,-0.32142857142857145,-0.4217391304347826,-0.2539444027047338,-0.075,0.2886751345948128,0.6339745962155615,0.0,-0.17857142857142858,-0.3446229050279328
0.0,-0.8,-1.0,0.4,0.3090909090909091,0.017857142857142856,-0.3,0.0015026296018029372,-0.058333333333333334,0.49999999999999994,0.3660254037844388,0.0,-0.14285714285714285,-0.26361731843575387
0.0,-0.6,-1.0,0.4,0.3090909090909091,0.3125,0.030434782608695653,0.21487603305785086,-0.05,0.5773502691896257,1.793007356604921e-16,0.0,-0.10714285714285714,-0.18400837988826782
0.0,-0.4,0.0,0.4,-0.15454545454545454,0.3125,0.3173913043478261,0.16078136739293725,0.03333333333333333,0.5,-0.3660254037844383,0.0,-0.07142857142857142,-0.14071229050279316
0.0,-0.2,0.0,0.4,0.5727272727272728,-0.14285714285714285,0.3173913043478261,0.24793388429752006,0.016666666666666666,0.2886751345948128,-0.6339745962155612,1.0,-0.03571428571428571,-0.04853351955307244
0.0,0.0,0.0,0.4,0.5727272727272728,0.5714285714285714,-0.12608695652173912,0.33508640120210353,0.016666666666666666,0.0,-0.7320508075688771,0.0,0.0,0.04504189944134141
0.0,0.2,1.0,0.4,0.5727272727272728,0.5714285714285714,0.5695652173913044,0.5755071374906082,0.09166666666666666,-0.2886751345948128,-0.6339745962155612,0.0,0.03571428571428571,0.13861731843575464
0.0,0.4,1.0,0.4,1.1727272727272726,0.5714285714285714,0.5695652173913044,0.7738542449286249,0.13333333333333333,-0.5,-0.36602540378443876,0.0,0.07142857142857142,0.2719972067039109
0.0,0.6,1.0,0.4,0.9454545454545454,1.1607142857142858,0.5695652173913044,0.8970698722764834,0.15,-0.577350269189626,0.0,0.0,0.10714285714285714,0.3844273743016767
0.0,0.8,2.0,0.4,0.6636363636363637,0.9375,1.1434782608695653,0.9271224643125467,0.18333333333333332,-0.5000000000000001,0.3660254037844388,0.0,0.14285714285714285,0.4738128491620118
0.0,1.0,2.0,0.4,0.5727272727272728,0.6607142857142857,0.9260869565217391,0.7287753568745301,0.3,-0.2886751345948132,0.6339745962155612,0.0,0.17857142857142858,0.5534217877094978
0.0,1.2,2.0,0.4,0.4818181818181818,0.5714285714285714,0.6565217391304348,0.5755071374906082,0.6166666666666667,-2.1211504774498138e-16,0.7320508075688774,0.0,0.21428571428571427,0.6162709497206711
0.5,-1.0,-1.0,0.4,0.44545454545454544,0.48214285714285715,0.5695652173913044,0.5033809166040568,0.8916666666666667,0.2886751345948128,0.6339745962155615,0.0,0.25,0.6497905027932968
0.5,-0.8,-1.0,0.4,0.5545454545454546,0.44642857142857145,0.4826086956521739,0.49737039819684437,0.8916666666666667,0.49999999999999994,0.3660254037844388,0.0,0.2857142857142857,0.6686452513966488
0.5,-0.6,-1.0,0.4,0.4727272727272727,0.5535714285714286,0.44782608695652176,0.49436513899323786,0.4666666666666667,0.5773502691896257,1.793007356604921e-16,0.0,0.32142857142857145,0.6812150837988834
0.5,-0.4,0.0,0.4,0.42727272727272725,0.4732142857142857,0.5521739130434783,0.4883546205860254,1.1333333333333333,0.5,-0.3660254037844383,1.0,0.35714285714285715,0.7259078212290512
0.5,-0.2,0.0,0.4,0.45454545454545453,0.42857142857142855,0.47391304347826085,0.45529676934635555,1.1333333333333333,0.2886751345948128,-0.6339745962155612,0.0,0.39285714285714285,0.7168296089385482
0.5,0.0,0.0,0.4,0.45454545454545453,0.45535714285714285,0.43043478260869567,0.44928625093914315,1.1333333333333333,0.0,-0.7320508075688771,0.0,0.42857142857142855,0.7077513966480452
0.5,0.2,1.0,0.4,0.41818181818181815,0.45535714285714285,0.45652173913043476,0.44628099173553665,1.6833333333333333,-0.2886751345948128,-0.6339745962155612,0.0,0.4642857142857143,0.6958798882681572
0.5,0.4,1.0,0.4,0.4,0.41964285714285715,0.45652173913043476,0.42824943651389874,1.475,-0.5,-0.36602540378443876,0.0,0.5,0.6365223463687155
0.5,0.6,1.0,0.4,0.39090909090909093,0.4017857142857143,0.4217391304347826,0.407212622088655,1.2166666666666666,-0.577350269189626,0.0,0.0,0.5357142857142857,0.5939245810055874
0.5,0.8,2.0,0.4,0.32727272727272727,0.39285714285714285,0.4043478260869565,0.3771600300525917,1.1333333333333333,-0.5000000000000001,0.3660254037844388,0.0,0.5714285714285714,0.5680865921787716
0.5,1.0,2.0,0.4,0.23636363636363636,0.33035714285714285,0.39565217391304347,0.3230653643876781,1.05,-0.2886751345948132,0.6339745962155612,0.0,0.6071428571428571,0.5422486033519557
0.5,1.2,2.0,0.4,0.13636363636363635,0.24107142857142858,0.3347826086956522,0.23891810668670113,1.0166666666666666,-2.1211504774498138e-16,0.7320508075688774,0.0,0.6428571428571429,0.5157122905027939
1.0,-1.0,-1.0,0.4,0.11818181818181818,0.14285714285714285,0.24782608695652175,0.16979714500375617,1.1166666666666667,0.2886751345948128,0.6339745962155615,0.0,0.6785714285714286,0.4905726256983246
1.0,-0.8,-1.0,0.4,0.11818181818181818,0.125,0.15217391304347827,0.1307287753568739,1.0416666666666667,0.49999999999999994,0.3660254037844388,0.0,0.7142857142857143,0.45705307262569894
1.0,-0.6,-1.0,0.4,0.06363636363636363,0.125,0.13478260869565217,0.10668670172802362,1.0,0.5773502691896257,1.793007356604921e-16,0.0,0.75,0.4256284916201123
1.0,-0.4,0.0,0.4,0.09090909090909091,0.07142857142857142,0.13478260869565217,0.0976709241172047,1.025,0.5,-0.3660254037844383,1.0,0.7857142857142857,0.3997905027932965
1.0,-0.2,0.0,0.4,0.12727272727272726,0.09821428571428571,0.08260869565217391,0.10067618332081123,1.025,0.2886751345948128,-0.6339745962155612,0.0,0.8214285714285714,0.37465083798882715
1.0,0.0,0.0,0.4,0.2,0.13392857142857142,0.10869565217391304,0.1457550713749059,0.9916666666666667,0.0,-0.7320508075688771,0.0,0.8571428571428571,0.35509776536312926
1.0,0.2,1.0,0.4,0.21818181818181817,0.20535714285714285,0.14347826086956522,0.18782870022539405,0.975,-0.2886751345948128,-0.6339745962155612,0.0,0.8928571428571429,0.3397346368715089
1.0,0.4,1.0,0.4,0.21818181818181817,0.22321428571428573,0.21304347826086956,0.2178812922614574,0.9666666666666667,-0.5,-0.36602540378443876,0.0,0.9285714285714286,0.32576815642458173
1.0,0.6,1.0,0.4,0.22727272727272727,0.22321428571428573,0.23043478260869565,0.2268970698722763,0.9083333333333333,-0.577350269189626,0.0,0.0,0.9642857142857143,0.3131983240223471
1.0,0.8,2.0,0.4,0.20909090909090908,0.23214285714285715,0.23043478260869565,0.22389181066866978,0.825,-0.5000000000000001,0.3660254037844388,0.0,1.0,0.3041201117318441
-1.0,-1.0,-1.0,0.6,-0.8636363636363636,-0.8482142857142857,-0.8043478260869565,-0.8519909842223897,-0.38333333333333336,0.2886751345948128,0.6339745962155615,0.0,-1.0357142857142858,-0.6435055865921785
-1.0,-0.8,-1.0,0.6,-0.8636363636363636,-0.8392857142857143,-0.8130434782608695,-0.8519909842223897,-0.16666666666666666,0.49999999999999994,0.3660254037844388,0.0,-1.0,-0.6267458100558657
-1.0,-0.6,-1.0,0.6,-0.8,-0.8392857142857143,-0.8043478260869565,-0.8279489105935394,-0.175,0.5773502691896257,1.793007356604921e-16,0.0,-0.9642857142857143,-0.6232541899441341
-1.0,-0.4,0.0,0.6,-0.8,-0.7767857142857143,-0.8043478260869565,-0.8069120961682951,-0.18333333333333332,0.5,-0.3660254037844383,0.0,-0.9285714285714286,-0.6190642458100558
-1.0,-0.2,0.0,0.6,-0.7909090909090909,-0.7767857142857143,-0.7434782608695653,-0.7828700225394447,-0.008333333333333333,0.2886751345948128,-0.6339745962155612,1.0,-0.8928571428571429,-0.6134776536312848
-1.0,0.0,0.0,0.6,-0.8727272727272727,-0.7678571428571429,-0.7434782608695653,-0.8069120961682951,-0.18333333333333332,0.0,-0.7320508075688771,0.0,-0.8571428571428571,-0.6288407821229047
-1.0,0.2,1.0,0.6,-0.7090909090909091,-0.8482142857142857,-0.7347826086956522,-0.776859504132232,-0.18333333333333332,-0.2886751345948128,-0.6339745962155612,0.0,-0.8214285714285714,-0.6169692737430167
-1.0,0.4,1.0,0.6,-0.7909090909090909,-0.6875,-0.8130434782608695,-0.776859504132232,-0.18333333333333332,-0.5,-0.36602540378443876,0.0,-0.7857142857142857,-0.6113826815642457
-1.0,0.6,1.0,0.6,-0.8,-0.7678571428571429,-0.6565217391304348,-0.7528174305033815,-0.18333333333333332,-0.577350269189626,0.0,0.0,-0.75,-0.6064944134078212
-1.0,0.8,2.0,0.6,-0.7909090909090909,-0.7767857142857143,-0.7347826086956522,-0.7798647633358382,-0.18333333333333332,-0.5000000000000001,0.3660254037844388,0.0,-0.7142857142857143,-0.6009078212290501
-1.0,1.0,2.0,0.6,-0.7636363636363637,-0.7678571428571429,-0.7434782608695653,-0.7708489857250193,-0.19166666666666668,-0.2886751345948132,0.6339745962155612,0.0,-0.6785714285714286,-0.5932262569832399
-1.0,1.2,2.0,0.6,-0.7545454545454545,-0.7410714285714286,-0.7347826086956522,-0.755822689706988,-0.18333333333333332,-2.1211504774498138e-16,0.7320508075688774,0.0,-0.6428571428571429,-0.5841480446927373
-0.5,-1.0,-1.0,0.6,-0.7363636363636363,-0.7321428571428571,-0.7086956521739131,-0.73779113448535,-0.18333333333333332,0.2886751345948128,0.6339745962155615,0.0,-0.6071428571428571,-0.574371508379888
-0.5,-0.8,-1.0,0.6,-0.7363636363636363,-0.7142857142857143,-0.7,-0.7287753568745311,-0.125,0.49999999999999994,0.3660254037844388,0.0,-0.5714285714285714,-0.564594972067039
-0.5,-0.6,-1.0,0.6,-0.7181818181818181,-0.7142857142857143,-0.6826086956521739,-0.7167543200601056,-0.125,0.5773502691896257,1.793007356604921e-16,0.0,-0.5357142857142857,-0.5583100558659218
-0.5,-0.4,0.0,0.6,-0.7090909090909091,-0.6964285714285714,-0.6826086956521739,-0.7077385424492867,-0.11666666666666667,0.5,-0.3660254037844383,0.0,-0.5,-0.5513268156424578
-0.5,-0.2,0.0,0.6,-0.6818181818181818,-0.6875,-0.6652173913043479,-0.6897069872276489,-0.19166666666666668,0.2886751345948128,-0.6339745962155612,1.0,-0.4642857142857143,-0.5429469273743014
-0.5,0.0,0.0,0.6,-0.6454545454545455,-0.6607142857142857,-0.6565217391304348,-0.6656649135987985,-0.041666666666666664,0.0,-0.7320508075688771,0.0,-0.42857142857142855,-0.5254888268156422
-0.5,0.2,1.0,0.6,-0.4818181818181818,-0.625,-0.6304347826086957,-0.5905334335086406,-0.11666666666666667,-0.2886751345948128,-0.6339745962155612,0.0,-0.39285714285714285,-0.5080307262569831
-0.5,0.4,1.0,0.6,-0.5545454545454546,-0.4642857142857143,-0.5956521739130435,-0.5484598046581525,-0.125,-0.5,-0.36602540378443876,0.0,-0.35714285714285715,-0.48987430167597745
-0.5,0.6,1.0,0.6,-0.5272727272727272,-0.5357142857142857,-0.4391304347826087,-0.5093914350112702,-0.11666666666666667,-0.577350269189626,0.0,0.0,-0.32142857142857145,-0.46892458100558637
-0.5,0.8,2.0,0.6,-0.5,-0.5089285714285714,-0.508695652173913,-0.5154019534184829,-0.09166666666666666,-0.5000000000000001,0.3660254037844388,0.0,-0.2857142857142857,-0.4465782122905025
-0.5,1.0,2.0,0.6,-0.45454545454545453,-0.48214285714285715,-0.4826086956521739,-0.48234410217881335,-0.08333333333333333,-0.2886751345948132,0.6339745962155612,0.0,-0.25,-0.422835195530726
-0.5,1.2,2.0,0.6,-0.23636363636363636,-0.4375,-0.45652173913043476,-0.38617580766341125,-0.06666666666666667,-2.1211504774498138e-16,0.7320508075688774,0.0,-0.21428571428571427,-0.383030726256983
0.0,-1.0,-1.0,0.6,0.05454545454545454,-0.22321428571428573,-0.41304347826086957,-0.2028549962434267,-0.06666666666666667,0.2886751345948128,0.6339745962155615,0.0,-0.17857142857142858,-0.32227653631284886
0.0,-0.8,-1.0,0.6,0.3,0.0625,-0.20434782608695654,0.04658151765589761,-0.05,0.49999999999999994,0.3660254037844388,0.0,-0.14285714285714285,-0.2426675977653628
0.0,-0.6,-1.0,0.6,0.35454545454545455,0.30357142857142855,0.07391304347826087,0.24192336589030766,-0.041666666666666664,0.5773502691896257,1.793007356604921e-16,0.0,-0.10714285714285714,-0.16026536312849107
0.0,-0.4,0.0,0.6,0.07272727272727272,0.35714285714285715,0.30869565217391304,0.24793388429752006,-0.016666666666666666,0.5,-0.3660254037844383,0.0,-0.07142857142857142,-0.10020949720670355
0.0,-0.2,0.0,0.6,1.209090909090909,0.08035714285714286,0.36086956521739133,0.5484598046581515,0.016666666666666666,0.2886751345948128,-0.6339745962155612,1.0,-0.03571428571428571,0.04504189944134141
0.0,0.0,0.0,0.6,1.209090909090909,1.1964285714285714,0.09130434782608696,0.830954169797145,0.16666666666666666,0.0,-0.7320508075688771,0.0,0.0,0.1875000000000007
0.0,0.2,1.0,0.6,1.209090909090909,1.1964285714285714,1.1782608695652175,1.2066115702479336,0.1,-0.2886751345948128,-0.6339745962155612,0.0,0.03571428571428571,0.31738826815642535
0.0,0.4,1.0,0.6,1.2636363636363637,1.1964285714285714,1.1782608695652175,1.2246431254695715,0.125,-0.5,-0.36602540378443876,0.0,0.07142857142857142,0.45705307262569894
0.0,0.6,1.0,0.6,0.8818181818181818,1.25,1.1782608695652175,1.1164537941397443,0.15,-0.577350269189626,0.0,0.0,0.10714285714285714,0.5652932960893859
0.0,0.8,2.0,0.6,0.7090909090909091,0.875,1.2304347826086957,0.951164537941397,0.19166666666666668,-0.5000000000000001,0.3660254037844388,0.0,0.14285714285714285,0.6581703910614531
0.0,1.0,2.0,0.6,0.5818181818181818,0.7053571428571429,0.8652173913043478,0.7257700976709236,0.39166666666666666,-0.2886751345948132,0.6339745962155612,0.0,0.17857142857142858,0.7377793296089392
0.0,1.2,2.0,0.6,0.4636363636363636,0.5803571428571429,0.7,0.5875281743050337,0.6583333333333333,-2.1211504774498138e-16,0.7320508075688774,0.0,0.21428571428571427,0.7915502793296094
0.5,-1.0,-1.0,0.6,0.4727272727272727,0.4642857142857143,0.5782608695652174,0.5093914350112692,0.8833333333333333,0.2886751345948128,0.6339745962155615,0.0,0.25,0.8236731843575427
0.5,-0.8,-1.0,0.6,0.45454545454545453,0.4732142857142857,0.4652173913043478,0.46731780616078106,0.9333333333333333,0.49999999999999994,0.3660254037844388,0.0,0.2857142857142857,0.8355446927374307
0.5,-0.6,-1.0,0.6,0.4909090909090909,0.45535714285714285,0.47391304347826085,0.47633358377159996,0.675,0.5773502691896257,1.793007356604921e-16,0.0,0.32142857142857145,0.8460195530726262
0.5,-0.4,0.0,0.6,0.4909090909090909,0.49107142857142855,0.45652173913043476,0.48234410217881235,1.7166666666666666,0.5,-0.3660254037844383,1.0,0.35714285714285715,0.8781424581005595
0.5,-0.2,0.0,0.6,0.4909090909090909,0.49107142857142855,0.49130434782608695,0.49436513899323786,1.7166666666666666,0.2886751345948128,-0.6339745962155612,0.0,0.39285714285714285,0.8229748603351961
0.5,0.0,0.0,0.6,0.5454545454545454,0.49107142857142855,0.49130434782608695,0.5123966942148757,1.7166666666666666,0.0,-0.7320508075688771,0.0,0.42857142857142855,0.7719972067039116
0.5,0.2,1.0,0.6,0.5,0.5446428571428571,0.49130434782608695,0.5154019534184823,1.7666666666666666,-0.2886751345948128,-0.6339745962155612,0.0,0.4642857142857143,0.7175279329608948
0.5,0.4,1.0,0.6,0.43636363636363634,0.5,0.5434782608695652,0.49737039819684437,1.4166666666666667,-0.5,-0.36602540378443876,0.0,0.5,0.653980446927375
0.5,0.6,1.0,0.6,0.42727272727272725,0.4375,0.5,0.4583020285499621,1.2583333333333333,-0.577350269189626,0.0,0.0,0.5357142857142857,0.6190642458100567
0.5,0.8,2.0,0.6,0.39090909090909093,0.42857142857142855,0.4391304347826087,0.42223891810668635,1.1416666666666666,-0.5000000000000001,0.3660254037844388,0.0,0.5714285714285714,0.5946229050279334
0.5,1.0,2.0,0.6,0.36363636363636365,0.39285714285714285,0.43043478260869567,0.3981968444778361,1.0333333333333334,-0.2886751345948132,0.6339745962155612,0.0,0.6071428571428571,0.5778631284916206
0.5,1.2,2.0,0.6,0.33636363636363636,0.36607142857142855,0.39565217391304347,0.36814425244177273,1.0416666666666667,-2.1211504774498138e-16,0.7320508075688774,0.0,0.6428571428571429,0.5680865921787716
1.0,-1.0,-1.0,0.6,0.33636363636363636,0.3392857142857143,0.3695652173913043,0.3501126972201349,1.025,0.2886751345948128,0.6339745962155615,0.0,0.6785714285714286,0.557611731843576
1.0,-0.8,-1.0,0.6,0.33636363636363636,0.3392857142857143,0.34347826086956523,0.34109691960931593,1.0583333333333333,0.49999999999999994,0.3660254037844388,0.0,0.7142857142857143,0.5485335195530731
1.0,-0.6,-1.0,0.6,0.3,0.3392857142857143,0.34347826086956523,0.3290758827948905,1.0583333333333333,0.5773502691896257,1.793007356604921e-16,0.0,0.75,0.5338687150837993
1.0,-0.4,0.0,0.6,0.3090909090909091,0.30357142857142855,0.34347826086956523,0.3200601051840715,1.0583333333333333,0.5,-0.3660254037844383,1.0,0.7857142857142857,0.5199022346368721
1.0,-0.2,0.0,0.6,0.3181818181818182,0.3125,0.30869565217391304,0.3140495867768591,1.1083333333333334,0.2886751345948128,-0.6339745962155612,0.0,0.8214285714285714,0.5066340782122909
1.0,0.0,0.0,0.6,0.2909090909090909,0.32142857142857145,0.3173913043478261,0.3110443275732526,1.0666666666666667,0.0,-0.7320508075688771,0.0,0.8571428571428571,0.487081005586593
1.0,0.2,1.0,0.6,0.2909090909090909,0.29464285714285715,0.32608695652173914,0.3050338091660402,1.0083333333333333,-0.2886751345948128,-0.6339745962155612,0.0,0.8928571428571429,0.4710195530726261
1.0,0.4,1.0,0.6,0.3,0.29464285714285715,0.3,0.2990232907588278,1.0,-0.5,-0.36602540378443876,0.0,0.9285714285714286,0.46054469273743054
1.0,0.6,1.0,0.6,0.3090909090909091,0.30357142857142855,0.3,0.3050338091660402,0.9666666666666667,-0.577350269189626,0.0,0.0,0.9642857142857143,0.45146648044692816
1.0,0.8,2.0,0.6,0.3090909090909091,0.3125,0.30869565217391304,0.3110443275732526,0.9416666666666667,-0.5000000000000001,0.3660254037844388,0.0,1.0,0.44518156424581085
-1.0,-0.8,-1.0,0.8,-1.209090909090909,-1.1785714285714286,-1.1608695652173913,-1.200601051840722,-0.4,0.49999999999999994,0.3660254037844388,0.0,-1.0,-0.9256284916201117
-1.0,-0.6,-1.0,0.8,-1.0727272727272728,-1.1785714285714286,-1.1347826086956523,-1.1465063861758082,-0.44166666666666665,0.5773502691896257,1.793007356604921e-16,0.0,-0.9642857142857143,-0.9235335195530726
-1.0,-0.4,0.0,0.8,-1.0727272727272728,-1.0446428571428572,-1.1347826086956523,-1.1014274981217136,-0.44166666666666665,0.5,-0.3660254037844383,0.0,-0.9285714285714286,-0.9179469273743015
-1.0,-0.2,0.0,0.8,-1.0727272727272728,-1.0446428571428572,-1.0043478260869565,-1.056348610067619,-0.44166666666666665,0.2886751345948128,-0.6339745962155612,1.0,-0.8928571428571429,-0.9123603351955308
-1.0,0.0,0.0,0.8,-1.0727272727272728,-1.0446428571428572,-1.0043478260869565,-1.056348610067619,-0.44166666666666665,0.0,-0.7320508075688771,0.0,-0.8571428571428571,-0.9067737430167597
-1.0,0.2,1.0,0.8,-1.0727272727272728,-1.0446428571428572,-1.0043478260869565,-1.056348610067619,-0.48333333333333334,-0.2886751345948128,-0.6339745962155612,0.0,-0.8214285714285714,-0.9011871508379887
-1.0,0.4,1.0,0.8,-1.0272727272727273,-1.0446428571428572,-1.0043478260869565,-1.0413223140495873,-0.48333333333333334,-0.5,-0.36602540378443876,0.0,-0.7857142857142857,-0.8886173184357541
-1.0,0.6,1.0,0.8,-0.9818181818181818,-1.0,-1.0043478260869565,-1.0112697220135243,-0.4583333333333333,-0.577350269189626,0.0,0.0,-0.75,-0.8725558659217878
-1.0,0.8,2.0,0.8,-0.9818181818181818,-0.9553571428571429,-0.9608695652173913,-0.9812171299774614,-0.4583333333333333,-0.5000000000000001,0.3660254037844388,0.0,-0.7142857142857143,-0.8585893854748603
-1.0,1.0,2.0,0.8,-0.8909090909090909,-0.9553571428571429,-0.9173913043478261,-0.9361382419233666,-0.525,-0.2886751345948132,0.6339745962155612,0.0,-0.6785714285714286,-0.8376396648044692
-1.0,1.2,2.0,0.8,-0.8454545454545455,-0.8660714285714286,-0.9173913043478261,-0.8910593538692719,-0.5,-2.1211504774498138e-16,0.7320508075688774,0.0,-0.6428571428571429,-0.8076117318435755
-0.5,-1.0,-1.0,0.8,-0.8454545454545455,-0.8214285714285714,-0.8304347826086956,-0.8459804658151773,-0.5,0.2886751345948128,0.6339745962155615,0.0,-0.6071428571428571,-0.7796787709497205
-0.5,-0.8,-1.0,0.8,-0.8454545454545455,-0.8214285714285714,-0.7869565217391304,-0.8309541697971456,-0.375,0.49999999999999994,0.3660254037844388,0.0,-0.5714285714285714,-0.7517458100558658
-0.5,-0.6,-1.0,0.8,-0.8,-0.8214285714285714,-0.7869565217391304,-0.8159278737791139,-0.375,0.5773502691896257,1.793007356604921e-16,0.0,-0.5357142857142857,-0.7307960893854748
-0.5,-0.4,0.0,0.8,-0.8,-0.7767857142857143,-0.7869565217391304,-0.8009015777610826,-0.375,0.5,-0.3660254037844383,0.0,-0.5,-0.7098463687150837
-0.5,-0.2,0.0,0.8,-0.7545454545454545,-0.7767857142857143,-0.7434782608695653,-0.7708489857250193,-0.375,0.2886751345948128,-0.6339745962155612,1.0,-0.4642857142857143,-0.6854050279329607
-0.5,0.0,0.0,0.8,-0.7545454545454545,-0.7321428571428571,-0.7434782608695653,-0.755822689706988,-0.375,0.0,-0.7320508075688771,0.0,-0.42857142857142855,-0.660963687150838
-0.5,0.2,1.0,0.8,-0.7545454545454545,-0.7321428571428571,-0.7,-0.7407963936889562,-0.3333333333333333,-0.2886751345948128,-0.6339745962155612,0.0,-0.39285714285714285,-0.636522346368715
-0.5,0.4,1.0,0.8,-0.6636363636363637,-0.7321428571428571,-0.7,-0.7107438016528933,-0.2916666666666667,-0.5,-0.36602540378443876,0.0,-0.35714285714285715,-0.6085893854748603
-0.5,0.6,1.0,0.8,-0.6636363636363637,-0.6428571428571429,-0.7,-0.6806912096168299,-0.2916666666666667,-0.577350269189626,0.0,0.0,-0.32142857142857145,-0.5841480446927373
-0.5,0.8,2.0,0.8,-0.6181818181818182,-0.6428571428571429,-0.6130434782608696,-0.6356123215627353,-0.20833333333333334,-0.5000000000000001,0.3660254037844388,0.0,-0.2857142857142857,-0.5562150837988826
-0.5,1.0,2.0,0.8,-0.5727272727272728,-0.5982142857142857,-0.6130434782608696,-0.6055597295266723,-0.16666666666666666,-0.2886751345948132,0.6339745962155612,0.0,-0.25,-0.5317737430167596
-0.5,1.2,2.0,0.8,-0.2818181818181818,-0.5535714285714286,-0.5695652173913044,-0.4793388429752072,-0.16666666666666666,-2.1211504774498138e-16,0.7320508075688774,0.0,-0.21428571428571427,-0.4884776536312846
0.0,-1.0,-1.0,0.8,-0.19090909090909092,-0.26785714285714285,-0.5260869565217391,-0.3380916604057107,-0.16666666666666666,0.2886751345948128,0.6339745962155615,0.0,-0.17857142857142858,-0.43819832402234604
0.0,-0.8,-1.0,0.8,-0.07272727272727272,-0.17857142857142858,-0.24782608695652175,-0.17280240420736337,-0.125,0.49999999999999994,0.3660254037844388,0.0,-0.14285714285714285,-0.3788407821229048
0.0,-0.6,-1.0,0.8,-0.07272727272727272,-0.0625,-0.1608695652173913,-0.10368144252441841,-0.125,0.5773502691896257,1.793007356604921e-16,0.0,-0.10714285714285714,-0.3229748603351952
0.0,-0.4,0.0,0.8,-0.2818181818181818,-0.0625,-0.04782608695652174,-0.13373403456048108,-0.08333333333333333,0.5,-0.3660254037844383,0.0,-0.07142857142857142,-0.2831703910614524
0.0,-0.2,0.0,0.8,0.08181818181818182,-0.26785714285714285,-0.04782608695652174,-0.08264462809917401,-0.08333333333333333,0.2886751345948128,-0.6339745962155612,1.0,-0.03571428571428571,-0.21892458100558607
0.0,0.0,0.0,0.8,0.08181818181818182,0.08928571428571429,-0.24782608695652175,-0.03155522163786693,-0.08333333333333333,0.0,-0.7320508075688771,0.0,0.0,-0.15467877094972032
0.0,0.2,1.0,0.8,0.08181818181818182,0.08928571428571429,0.1,0.08865514650638576,0.0,-0.2886751345948128,-0.6339745962155612,0.0,0.03571428571428571,-0.09043296089385458
0.0,0.4,1.0,0.8,0.44545454545454544,0.08928571428571429,0.1,0.20886551465063843,0.0,-0.5,-0.36602540378443876,0.0,0.07142857142857142,-0.005237430167597158
0.0,0.6,1.0,0.8,0.17272727272727273,0.44642857142857145,0.1,0.23891810668670113,0.041666666666666664,-0.577350269189626,0.0,0.0,0.10714285714285714,0.05900837988826859
0.0,0.8,2.0,0.8,0.08181818181818182,0.17857142857142858,0.44782608695652176,0.23891810668670113,0.08333333333333333,-0.5000000000000001,0.3660254037844388,0.0,0.14285714285714285,0.1127793296089388
0.0,1.0,2.0,0.8,-0.05454545454545454,0.08928571428571429,0.18695652173913044,0.07362885048835442,0.35,-0.2886751345948132,0.6339745962155612,0.0,0.17857142857142858,0.15258379888268184
0.0,1.2,2.0,0.8,-0.05454545454545454,-0.044642857142857144,0.1,-0.0015026296018035932,0.43333333333333335,-2.1211504774498138e-16,0.7320508075688774,0.0,0.21428571428571427,0.17004189944134127
0.5,-1.0,-1.0,0.8,-0.00909090909090909,-0.044642857142857144,-0.030434782608695653,-0.03155522163786693,0.5416666666666666,0.2886751345948128,0.6339745962155615,0.0,0.25,0.18400837988826843
0.5,-0.8,-1.0,0.8,-0.00909090909090909,0.0,-0.030434782608695653,-0.016528925619834933,0.5416666666666666,0.49999999999999994,0.3660254037844388,0.0,0.2857142857142857,0.18889664804469322
0.5,-0.6,-1.0,0.8,-0.00909090909090909,0.0,0.013043478260869565,-0.0015026296018035932,0.35,0.5773502691896257,1.793007356604921e-16,0.0,0.32142857142857145,0.193784916201118
0.5,-0.4,0.0,0.8,-0.00909090909090909,0.0,0.013043478260869565,-0.0015026296018035932,0.6833333333333333,0.5,-0.3660254037844383,1.0,0.35714285714285715,0.21473463687150907
0.5,-0.2,0.0,0.8,-0.00909090909090909,0.0,0.013043478260869565,-0.0015026296018035932,0.6833333333333333,0.2886751345948128,-0.6339745962155612,0.0,0.39285714285714285,0.20775139664804518
0.5,0.0,0.0,0.8,0.35454545454545455,0.0,0.013043478260869565,0.11870773854244909,0.6833333333333333,0.0,-0.7320508075688771,0.0,0.42857142857142855,0.22870111731843626
0.5,0.2,1.0,0.8,-0.00909090909090909,0.35714285714285715,0.013043478260869565,0.11870773854244909,1.0166666666666666,-0.2886751345948128,-0.6339745962155612,0.0,0.4642857142857143,0.22171787709497237
0.5,0.4,1.0,0.8,-0.19090909090909092,0.0,0.36086956521739133,0.05860255447032242,0.7666666666666667,-0.5,-0.36602540378443876,0.0,0.5,0.17283519553072693
0.5,0.6,1.0,0.8,-0.19090909090909092,-0.17857142857142858,0.013043478260869565,-0.12171299774605628,0.6833333333333333,-0.577350269189626,0.0,0.0,0.5357142857142857,0.14490223463687196
0.5,0.8,2.0,0.8,-0.23636363636363636,-0.17857142857142858,-0.1608695652173913,-0.19684447783621364,0.5583333333333333,-0.5000000000000001,0.3660254037844388,0.0,0.5714285714285714,0.12046089385474926
0.5,1.0,2.0,0.8,-0.19090909090909092,-0.22321428571428573,-0.1608695652173913,-0.19684447783621364,0.5583333333333333,-0.2886751345948132,0.6339745962155612,0.0,0.6071428571428571,0.10998603351955373
0.5,1.2,2.0,0.8,-0.19090909090909092,-0.17857142857142858,-0.20434782608695654,-0.19684447783621364,0.6,-2.1211504774498138e-16,0.7320508075688774,0.0,0.6428571428571429,0.09951117318435819
1.0,-1.0,-1.0,0.8,-0.19090909090909092,-0.17857142857142858,-0.1608695652173913,-0.1818181818181823,0.6,0.2886751345948128,0.6339745962155615,0.0,0.6785714285714286,0.0855446927374304
1.0,-0.8,-1.0,0.8,-0.19090909090909092,-0.17857142857142858,-0.1608695652173913,-0.1818181818181823,0.6,0.49999999999999994,0.3660254037844388,0.0,0.7142857142857143,0.07157821229050323
1.0,-0.6,-1.0,0.8,-0.19090909090909092,-0.17857142857142858,-0.1608695652173913,-0.1818181818181823,0.6,0.5773502691896257,1.793007356604921e-16,0.0,0.75,0.057611731843576056
1.0,-0.4,0.0,0.8,-0.14545454545454545,-0.17857142857142858,-0.1608695652173913,-0.16679188580015095,0.6,0.5,-0.3660254037844383,1.0,0.7857142857142857,0.047136871508380515
1.0,-0.2,0.0,0.8,-0.1,-0.13392857142857142,-0.1608695652173913,-0.1367392937640876,0.9333333333333333,0.2886751345948128,-0.6339745962155612,0.0,0.8214285714285714,0.04015363128491663
1.0,0.0,0.0,0.8,-0.14545454545454545,-0.08928571428571429,-0.11739130434782609,-0.12171299774605628,0.6,0.0,-0.7320508075688771,0.0,0.8571428571428571,0.0017458100558661257
1.0,0.2,1.0,0.8,-0.19090909090909092,-0.13392857142857142,-0.07391304347826087,-0.1367392937640876,0.43333333333333335,-0.2886751345948128,-0.6339745962155612,0.0,0.8928571428571429,-0.012220670391061051
1.0,0.4,1.0,0.8,-0.05454545454545454,-0.17857142857142858,-0.11739130434782609,-0.12171299774605628,0.43333333333333335,-0.5,-0.36602540378443876,0.0,0.9285714285714286,-0.001745810055865516
1.0,0.6,1.0,0.8,-0.00909090909090909,-0.044642857142857144,-0.1608695652173913,-0.0766341096919616,0.39166666666666666,-0.577350269189626,0.0,0.0,0.9642857142857143,0.01222067039106166
1.0,0.8,2.0,0.8,0.03636363636363636,0.0,-0.030434782608695653,-0.0015026296018035932,0.43333333333333335,-0.5000000000000001,0.3660254037844388,0.0,1.0,0.03317039106145273
