tahun,bulan,kuartal,wilayah_enc,harga_lag1,harga_lag2,harga_lag3,harga_rolling3,harga_lag12,sin_bulan,cos_bulan,is_lebaran_month,tren_index,harga_rolling12
-1.0,-0.8,-1.0,-1.0,-0.1841541755888651,-0.15317286652078774,-0.15946843853820597,-0.19449679607990952,-1.0025706940874035,0.49999999999999994,0.3660254037844388,0.0,-1.0,-0.20604360576310057
-1.0,-0.6,-1.0,-1.0,0.7580299785867237,-0.15317286652078774,-0.14174972314507198,0.14323407463249138,-0.9768637532133676,0.5773502691896257,1.793007356604921e-16,0.0,-0.9642857142857143,-0.0010200178503122314
-1.0,-0.4,0.0,-1.0,0.9207708779443254,0.8096280087527352,-0.14174972314507198,0.5322276667923104,-0.35989717223650386,0.5,-0.3660254037844383,0.0,-0.9285714285714286,0.22083386459262994
-1.0,-0.2,0.0,-1.0,0.6638115631691649,0.975929978118162,0.832779623477298,0.8307576328684506,-0.35989717223650386,0.2886751345948128,-0.6339745962155612,1.0,-0.8928571428571429,0.35088614050745837
-1.0,0.0,0.0,-1.0,0.6638115631691649,0.7133479212253829,1.0011074197120708,0.7975876366377685,1.038560411311054,0.0,-0.7320508075688771,0.0,-0.8571428571428571,0.4809384164222868
-1.0,0.2,1.0,-1.0,0.6638115631691649,0.7133479212253829,0.7353266888150609,0.7071240105540897,0.8226221079691517,-0.2886751345948128,-0.6339745962155612,0.0,-0.8214285714285714,0.4722682646946322
-1.0,0.4,1.0,-1.0,-0.8265524625267666,0.7133479212253829,0.7353266888150609,0.18243497926875243,0.3856041131105398,-0.5,-0.36602540378443876,0.0,-0.7857142857142857,0.30753538186918256
-1.0,0.6,1.0,-1.0,-1.0492505353319057,-0.8096280087527352,0.7353266888150609,-0.42065586128910665,0.19023136246786632,-0.577350269189626,0.0,0.0,-0.75,0.15963279357388716
-1.0,0.8,2.0,-1.0,-0.7408993576017131,-1.0371991247264771,-0.8062015503875969,-0.9151903505465507,0.04113110539845758,-0.5000000000000001,0.3660254037844388,0.0,-0.7142857142857143,0.06783118704577341
-1.0,1.0,2.0,-1.0,-0.6852248394004282,-0.7221006564551422,-1.0365448504983388,-0.8654353562005274,-0.08740359897172237,-0.2886751345948132,0.6339745962155612,0.0,-0.6785714285714286,-0.0025500446257808013
-1.0,1.2,2.0,-1.0,-0.6295503211991434,-0.6652078774617067,-0.717607973421927,-0.717678100263852,-0.06683804627249357,-2.1211504774498138e-16,0.7320508075688774,0.0,-0.6428571428571429,-0.05355093714139994
-0.5,-1.0,-1.0,-1.0,-0.5481798715203426,-0.6083150984682714,-0.6600221483942414,-0.6498303807010929,-0.06683804627249357,0.2886751345948128,0.6339745962155615,0.0,-0.6071428571428571,-0.09690169577967624
-0.5,-0.8,-1.0,-1.0,-0.5481798715203426,-0.5251641137855579,-0.602436323366556,-0.6015831134564643,1.06426735218509,0.49999999999999994,0.3660254037844388,0.0,-0.5714285714285714,-0.1402524544179521
-0.5,-0.6,-1.0,-1.0,-0.6081370449678801,-0.5251641137855579,-0.5182724252491694,-0.5940444779494909,1.2596401028277635,0.5773502691896257,1.793007356604921e-16,0.0,-0.5357142857142857,-0.3029453015427768
-0.5,-0.4,0.0,-1.0,-0.5438972162740899,-0.5864332603938731,-0.5182724252491694,-0.5925367508480964,0.9511568123393316,0.5,-0.3660254037844383,0.0,-0.5,-0.47736835394619376
-0.5,-0.2,0.0,-1.0,-0.44967880085653106,-0.5207877461706784,-0.5802879291251384,-0.5578590275160193,0.9511568123393316,0.2886751345948128,-0.6339745962155612,1.0,-0.4642857142857143,-0.609970674486803
-0.5,0.0,0.0,-1.0,-0.4068522483940043,-0.424507658643326,-0.5138427464008859,-0.486995853750471,0.9511568123393316,0.0,-0.7320508075688771,0.0,-0.42857142857142855,-0.7374729057758507
-0.5,0.2,1.0,-1.0,-0.4068522483940043,-0.38074398249452956,-0.416389811738649,-0.4387485865058424,-0.8380462724935732,-0.2886751345948128,-0.6339745962155612,0.0,-0.39285714285714285,-0.8649751370648983
-0.5,0.4,1.0,-1.0,-0.3640256959314775,-0.38074398249452956,-0.37209302325581395,-0.4085940444779492,-1.1053984575835476,-0.5,-0.36602540378443876,0.0,-0.35714285714285715,-0.8098941731480298
-0.5,0.6,1.0,-1.0,-0.3511777301927195,-0.33698030634573306,-0.37209302325581395,-0.38899359215981905,-0.7352185089974294,-0.577350269189626,0.0,0.0,-0.32142857142857145,-0.7267627183475707
-0.5,0.8,2.0,-1.0,-0.3554603854389722,-0.3238512035010941,-0.327796234772979,-0.3709008669430833,-0.6683804627249358,-0.5000000000000001,0.3660254037844388,0.0,-0.2857142857142857,-0.6808619150835136
-0.5,1.0,2.0,-1.0,-0.3640256959314775,-0.3282275711159737,-0.31450719822812845,-0.3709008669430833,-0.6015424164524421,-0.2886751345948132,0.6339745962155612,0.0,-0.25,-0.6426112456967993
-0.5,1.2,2.0,-1.0,-0.37259100642398285,-0.33698030634573306,-0.31893687707641194,-0.37843950245005636,-0.5038560411311054,-2.1211504774498138e-16,0.7320508075688774,0.0,-0.21428571428571427,-0.6120107101874279
0.0,-1.0,-1.0,-1.0,-0.41541755888650966,-0.34573304157549234,-0.327796234772979,-0.39954768186958134,-0.5038560411311054,0.2886751345948128,0.6339745962155615,0.0,-0.17857142857142858,-0.5962004335075859
0.0,-0.8,-1.0,-1.0,-0.22698072805139186,-0.38949671772428884,-0.33665559246954596,-0.35130041462495276,-0.5758354755784062,0.49999999999999994,0.3660254037844388,0.0,-0.14285714285714285,-0.5579497641208716
0.0,-0.6,-1.0,-1.0,-0.22698072805139186,-0.19693654266958424,-0.38095238095238093,-0.3000376931775346,-0.4987146529562982,0.5773502691896257,1.793007356604921e-16,0.0,-0.10714285714285714,-0.5125589697819709
0.0,-0.4,0.0,-1.0,-0.28693790149892934,-0.19693654266958424,-0.18604651162790697,-0.2548058801356952,-0.3856041131105398,0.5,-0.3660254037844383,0.0,-0.07142857142857142,-0.4819584342725995
0.0,-0.2,0.0,-1.0,-0.24411134903640258,-0.25820568927789933,-0.18604651162790697,-0.2608367885412739,-0.3341902313624679,0.2886751345948128,-0.6339745962155612,1.0,-0.03571428571428571,-0.45747800586510234
0.0,0.0,0.0,-1.0,-0.24411134903640258,-0.21444201312910285,-0.24806201550387597,-0.2668676969468526,-0.3341902313624679,0.0,-0.7320508075688771,0.0,0.0,-0.4380976667091673
0.0,0.2,1.0,-1.0,-0.24411134903640258,-0.21444201312910285,-0.20376522702104097,-0.251790425932906,-0.2827763496143959,-0.2886751345948128,-0.6339745962155612,0.0,0.03571428571428571,-0.41871732755323177
0.0,0.4,1.0,-1.0,-0.5910064239828694,-0.21444201312910285,-0.20376522702104097,-0.3739163211458724,-0.26735218508997427,-0.5,-0.36602540378443876,0.0,0.07142857142857142,-0.44574780058651015
0.0,0.6,1.0,-1.0,-0.6081370449678801,-0.5689277899343544,-0.20376522702104097,-0.5020731247644176,-0.27249357326478146,-0.577350269189626,0.0,0.0,0.10714285714285714,-0.47634833609588156
0.0,0.8,2.0,-1.0,-0.7194860813704497,-0.5864332603938731,-0.5625692137320044,-0.6694308330192235,-0.2827763496143959,-0.5000000000000001,0.3660254037844388,0.0,0.14285714285714285,-0.5196990947341574
0.0,1.0,2.0,-1.0,-0.6723768736616702,-0.700218818380744,-0.5802879291251384,-0.6980776479457216,-0.2930591259640103,-0.2886751345948132,0.6339745962155612,0.0,0.17857142857142858,-0.5564197373454031
0.0,1.2,2.0,-1.0,-0.6638115631691649,-0.6520787746170679,-0.6954595791805094,-0.717678100263852,-0.3444730077120823,-2.1211504774498138e-16,0.7320508075688774,0.0,0.21428571428571427,-0.5911003442560243
0.5,-1.0,-1.0,-1.0,-0.715203426124197,-0.6433260393873085,-0.646733111849391,-0.7161703731624574,-0.11825192802056556,0.2886751345948128,0.6339745962155615,0.0,0.25,-0.6268009690169573
0.5,-0.8,-1.0,-1.0,-0.5267665952890792,-0.6958424507658644,-0.6378737541528239,-0.6649076517150395,-0.11825192802056556,0.49999999999999994,0.3660254037844388,0.0,0.2857142857142857,-0.6625015937778908
0.5,-0.6,-1.0,-1.0,-0.4925053533190578,-0.5032822757111597,-0.6910299003322259,-0.6045985676592535,-0.19023136246786632,0.5773502691896257,1.793007356604921e-16,0.0,0.32142857142857145,-0.6941221471375744
0.5,-0.4,0.0,-1.0,-0.26552462526766596,-0.4682713347921225,-0.49612403100775193,-0.4462872220128155,-0.13881748071979436,0.5,-0.3660254037844383,1.0,0.35714285714285715,-0.6915721025117936
0.5,-0.2,0.0,-1.0,0.008565310492505354,-0.2363238512035011,-0.46068660022148394,-0.2578213343384847,-0.13881748071979436,0.2886751345948128,-0.6339745962155612,0.0,0.39285714285714285,-0.6614815759275785
0.5,0.0,0.0,-1.0,0.008565310492505354,0.0437636761487965,-0.22591362126245848,-0.08141726347531096,-0.13881748071979436,0.0,-0.7320508075688771,0.0,0.42857142857142855,-0.631391049343363
0.5,0.2,1.0,-1.0,0.556745182012848,0.0437636761487965,0.05758582502768549,0.20806633999246166,-0.5552699228791774,-0.2886751345948128,-0.6339745962155612,0.0,0.4642857142857143,-0.5360193803391557
0.5,0.4,1.0,-1.0,0.6980728051391863,0.6039387308533917,0.05758582502768549,0.45081040331699945,-0.5758354755784062,-0.5,-0.36602540378443876,0.0,0.5,-0.3825066938671424
0.5,0.6,1.0,-1.0,0.8222698072805139,0.7483588621444202,0.6245847176079734,0.7372785525819829,-0.7095115681233933,-0.577350269189626,0.0,0.0,0.5357142857142857,-0.21216371286497487
0.5,0.8,2.0,-1.0,0.569593147751606,0.87527352297593,0.770764119601329,0.7418017338861669,-0.6529562982005142,-0.5000000000000001,0.3660254037844388,0.0,0.5714285714285714,-0.05865102639296199
0.5,1.0,2.0,-1.0,0.4197002141327623,0.6170678336980306,0.8992248062015504,0.6437994722955146,-0.6426735218508998,-0.2886751345948132,0.6339745962155612,0.0,0.6071428571428571,0.07140124952186644
0.5,1.2,2.0,-1.0,0.3426124197002141,0.4638949671772429,0.6378737541528239,0.47493403693931424,-0.7043701799485861,-2.1211504774498138e-16,0.7320508075688774,0.0,0.6428571428571429,0.1912533469335712
1.0,-1.0,-1.0,-1.0,0.3511777301927195,0.3851203501094092,0.48283499446290146,0.39803995476818727,-0.4781491002570694,0.2886751345948128,0.6339745962155615,0.0,0.6785714285714286,0.3182455692974625
1.0,-0.8,-1.0,-1.0,0.569593147751606,0.3938730853391685,0.40310077519379844,0.45081040331699945,-0.4370179948586118,0.49999999999999994,0.3660254037844388,0.0,0.7142857142857143,0.44880785413744684
1.0,-0.6,-1.0,-1.0,0.5267665952890792,0.6170678336980306,0.4119601328903654,0.5156426686769697,-0.16452442159383032,0.5773502691896257,1.793007356604921e-16,0.0,0.75,0.5701899783246206
1.0,-0.4,0.0,-1.0,0.5267665952890792,0.5733041575492341,0.6378737541528239,0.5774594798341498,0.16452442159383032,0.5,-0.3660254037844383,1.0,0.7857142857142857,0.6645416294785151
1.0,-0.2,0.0,-1.0,0.7408993576017131,0.5733041575492341,0.593576965669989,0.6377685638899362,0.16452442159383032,0.2886751345948128,-0.6339745962155612,0.0,0.8214285714285714,0.7517531556802236
1.0,0.0,0.0,-1.0,0.8993576017130621,0.7921225382932167,0.593576965669989,0.7689408217112705,0.8226221079691517,0.0,-0.7320508075688771,0.0,0.8571428571428571,0.8578350121127117
1.0,0.2,1.0,-1.0,0.8137044967880086,0.9540481400437637,0.8150609080841639,0.8699585375047116,0.9922879177377892,-0.2886751345948128,-0.6339745962155612,0.0,0.8928571428571429,0.8884355476220832
1.0,0.4,1.0,-1.0,0.6937901498929336,0.8665207877461707,0.9789590254706534,0.8533735393893703,1.141388174807198,-0.5,-0.36602540378443876,0.0,0.9285714285714286,0.8879255386969264
1.0,0.6,1.0,-1.0,0.6081370449678801,0.7439824945295405,0.8903654485049833,0.7508480964945348,0.8380462724935732,-0.577350269189626,0.0,0.0,0.9642857142857143,0.8624250924391175
1.0,0.8,2.0,-1.0,0.6723768736616702,0.6564551422319475,0.7663344407530454,0.7010931021485114,0.6580976863753213,-0.5000000000000001,0.3660254037844388,0.0,1.0,0.874665306642866
-1.0,-0.8,-1.0,-0.8,-0.5653104925053534,-0.5426695842450766,-0.5359911406423035,-0.5910290237467016,-1.2956298200514138,0.49999999999999994,0.3660254037844388,0.0,-1.0,-0.6349611118194565
-1.0,-0.6,-1.0,-0.8,1.576017130620985,-0.5426695842450766,-0.5359911406423035,0.16283452695062225,-1.0796915167095116,0.5773502691896257,1.793007356604921e-16,0.0,-0.9642857142857143,-0.30345531046793317
-1.0,-0.4,0.0,-0.8,0.8565310492505354,1.6455142231947484,-0.5359911406423035,0.6633999246136447,0.10282776349614396,0.5,-0.3660254037844383,0.0,-0.9285714285714286,-0.0790513833992093
-1.0,-0.2,0.0,-0.8,0.9635974304068522,0.9102844638949672,1.6788482834994463,1.2016584998115338,0.10282776349614396,0.2886751345948128,-0.6339745962155612,1.0,-0.8928571428571429,0.04080071401249505
-1.0,0.0,0.0,-0.8,0.9635974304068522,1.0196936542669583,0.9346622369878184,0.9860535243120997,0.12853470437017994,0.0,-0.7320508075688771,0.0,-0.8571428571428571,0.16065281142419982
-1.0,0.2,1.0,-0.8,0.9635974304068522,1.0196936542669583,1.0454042081949058,1.0237467018469657,0.0,-0.2886751345948128,-0.6339745962155612,0.0,-0.8214285714285714,0.27795486421012383
-1.0,0.4,1.0,-0.8,-1.4346895074946466,1.0196936542669583,1.0454042081949058,0.17941952506596293,-0.19023136246786632,-0.5,-0.36602540378443876,0.0,-0.7857142857142857,0.12240214203748559
-1.0,0.6,1.0,-0.8,-1.4218415417558887,-1.4310722100656454,1.0454042081949058,-0.6603844704108556,-0.4730077120822622,-0.577350269189626,0.0,0.0,-0.75,-0.012750223128904897
-1.0,0.8,2.0,-0.8,-0.9207708779443254,-1.4179431072210065,-1.435215946843854,-1.3237843950245003,-0.4884318766066838,-0.5000000000000001,0.3660254037844388,0.0,-0.7142857142857143,-0.06018105316843056
-1.0,1.0,2.0,-0.8,-0.9635974304068522,-0.9059080962800875,-1.4219269102990033,-1.1579344138710892,-0.5244215938303342,-0.2886751345948132,0.6339745962155612,0.0,-0.6785714285714286,-0.11118194568404925
-1.0,1.2,2.0,-0.8,-0.8137044967880086,-0.949671772428884,-0.9036544850498339,-0.9438371654730492,-0.5244215938303342,-2.1211504774498138e-16,0.7320508075688774,0.0,-0.6428571428571429,-0.1407624633431084
-0.5,-1.0,-1.0,-0.8,-0.8008565310492506,-0.7964989059080962,-0.9479512735326688,-0.9016208066339989,-0.5244215938303342,0.2886751345948128,0.6339745962155615,0.0,-0.6071428571428571,-0.168812954226699
-0.5,-0.8,-1.0,-0.8,-0.8008565310492506,-0.7833698030634574,-0.7929125138427464,-0.8443271767810024,2.0462724935732646,0.49999999999999994,0.3660254037844388,0.0,-0.5714285714285714,-0.19686344511028916
-0.5,-0.6,-1.0,-0.8,-0.8565310492505354,-0.7833698030634574,-0.7796234772978959,-0.8594044477949491,1.1825192802056554,0.5773502691896257,1.793007356604921e-16,0.0,-0.5357142857142857,-0.48654851459900517
-0.5,-0.4,0.0,-0.8,-0.6509635974304069,-0.8402625820568927,-0.7796234772978959,-0.8066339992461361,1.3110539845758356,0.5,-0.3660254037844383,0.0,-0.5,-0.6660716562539842
-0.5,-0.2,0.0,-0.8,-0.6723768736616702,-0.6301969365426696,-0.8372093023255814,-0.7614021862042967,1.3110539845758356,0.2886751345948128,-0.6339745962155612,1.0,-0.4642857142857143,-0.8608950656636485
-0.5,0.0,0.0,-0.8,-0.6852248394004282,-0.6520787746170679,-0.6245847176079734,-0.7010931021485111,1.3110539845758356,0.0,-0.7320508075688771,0.0,-0.42857142857142855,-1.0572485018487818
-0.5,0.2,1.0,-0.8,-0.6852248394004282,-0.6652078774617067,-0.646733111849391,-0.7131549189596681,-1.5681233933161953,-0.2886751345948128,-0.6339745962155612,0.0,-0.39285714285714285,-1.253601938033915
-0.5,0.4,1.0,-0.8,-0.8436830835117773,-0.6652078774617067,-0.6600221483942414,-0.7734640030154541,-1.5526992287917738,-0.5,-0.36602540378443876,0.0,-0.35714285714285715,-1.1832207063623608
-0.5,0.6,1.0,-0.8,-0.6423982869379015,-0.8271334792122538,-0.6600221483942414,-0.7583867320015075,-0.9511568123393316,-0.577350269189626,0.0,0.0,-0.32142857142857145,-1.090399081983934
-0.5,0.8,2.0,-0.8,-0.8137044967880086,-0.6214442013129103,-0.8239202657807309,-0.803618545043347,-1.0025706940874035,-0.5000000000000001,0.3660254037844388,0.0,-0.2857142857142857,-1.0776488588550295
-0.5,1.0,2.0,-0.8,-0.8351177730192719,-0.7964989059080962,-0.6157253599114064,-0.8006030908405578,-0.8226221079691517,-0.2886751345948132,0.6339745962155612,0.0,-0.25,-1.0623485911003439
-0.5,1.2,2.0,-0.8,-0.8565310492505354,-0.8183807439824945,-0.7929125138427464,-0.87598944591029,-0.8071979434447301,-2.1211504774498138e-16,0.7320508075688774,0.0,-0.21428571428571427,-1.0674486803519054
0.0,-1.0,-1.0,-0.8,-0.8436830835117773,-0.8402625820568927,-0.8150609080841639,-0.8865435356200527,-0.8071979434447301,0.2886751345948128,0.6339745962155615,0.0,-0.17857142857142858,-1.0725487696034675
0.0,-0.8,-1.0,-0.8,-0.715203426124197,-0.8271334792122538,-0.8372093023255814,-0.8443271767810024,-0.8740359897172236,0.49999999999999994,0.3660254037844388,0.0,-0.14285714285714285,-1.0623485911003439
0.0,-0.6,-1.0,-0.8,-0.715203426124197,-0.6958424507658644,-0.8239202657807309,-0.7945721824349791,-0.6272493573264781,0.5773502691896257,1.793007356604921e-16,0.0,-0.10714285714285714,-1.0455182965701895
0.0,-0.4,0.0,-0.8,-0.7580299785867237,-0.6958424507658644,-0.6910299003322259,-0.7644176404070863,-0.6529562982005142,0.5,-0.3660254037844383,0.0,-0.07142857142857142,-1.058268519699094
0.0,-0.2,0.0,-0.8,-0.4068522483940043,-0.7396061269146609,-0.6910299003322259,-0.6558612891066716,-0.6683804627249358,0.2886751345948128,-0.6339745962155612,1.0,-0.03571428571428571,-1.0266479663394104
0.0,0.0,0.0,-0.8,-0.4068522483940043,-0.38074398249452956,-0.7353266888150609,-0.547304937806257,-0.6683804627249358,0.0,-0.7320508075688771,0.0,0.0,-0.9934973862042581
0.0,0.2,1.0,-0.8,-0.4068522483940043,-0.38074398249452956,-0.37209302325581395,-0.4236713154918958,-0.8586118251928021,-0.2886751345948128,-0.6339745962155612,0.0,0.03571428571428571,-0.9603468060691055
0.0,0.4,1.0,-0.8,-1.0492505353319057,-0.38074398249452956,-0.37209302325581395,-0.6498303807010929,-0.6169665809768637,-0.5,-0.36602540378443876,0.0,0.07142857142857142,-0.9848272344766026
0.0,0.6,1.0,-0.8,-0.9421841541755889,-1.0371991247264771,-0.37209302325581395,-0.8382962683754237,-0.8226221079691517,-0.577350269189626,0.0,0.0,0.10714285714285714,-1.020527859237536
0.0,0.8,2.0,-0.8,-1.100642398286938,-0.9277899343544858,-1.0365448504983388,-1.0825480588013565,-0.8483290488431876,-0.5000000000000001,0.3660254037844388,0.0,0.14285714285714285,-1.054698457223001
0.0,1.0,2.0,-0.8,-1.006423982869379,-1.0897155361050328,-0.9258028792912514,-1.0674707877874103,-0.8740359897172236,-0.2886751345948132,0.6339745962155612,0.0,0.17857142857142858,-1.0750988142292481
0.0,1.2,2.0,-0.8,-1.0920770877944326,-0.9934354485776805,-1.089700996677741,-1.1202412363362229,-0.8586118251928021,-2.1211504774498138e-16,0.7320508075688774,0.0,0.21428571428571427,-1.103149305112839
0.5,-1.0,-1.0,-0.8,-1.1563169164882228,-1.0809628008752736,-0.9922480620155039,-1.1398416886543534,-0.7043701799485861,0.2886751345948128,0.6339745962155615,0.0,0.25,-1.1403799566492407
0.5,-0.8,-1.0,-0.8,-0.9935760171306209,-1.1466083150984683,-1.080841638981174,-1.1353185073501695,-0.7043701799485861,0.49999999999999994,0.3660254037844388,0.0,0.2857142857142857,-1.1735305367843931
0.5,-0.6,-1.0,-0.8,-0.5781584582441114,-0.9803063457330415,-1.1472868217054264,-0.9543912551828118,-0.7557840616966581,0.5773502691896257,1.793007356604921e-16,0.0,0.32142857142857145,-1.1572102511793951
0.5,-0.4,0.0,-0.8,-0.4282655246252677,-0.5557986870897156,-0.9789590254706534,-0.6980776479457216,-0.3341902313624679,0.5,-0.3660254037844383,1.0,0.35714285714285715,-1.1179395639423682
0.5,-0.2,0.0,-0.8,-0.3083511777301927,-0.4026258205689278,-0.5492801771871539,-0.45684131172257814,-0.3341902313624679,0.2886751345948128,-0.6339745962155612,0.0,0.39285714285714285,-1.106209358663776
0.5,0.0,0.0,-0.8,-0.3083511777301927,-0.2800875273522976,-0.39424141749723146,-0.3618545043347154,-0.3341902313624679,0.0,-0.7320508075688771,0.0,0.42857142857142855,-1.0944791533851836
0.5,0.2,1.0,-0.8,0.1841541755888651,-0.2800875273522976,-0.2702104097452935,-0.14624952883528058,-1.1053984575835476,-0.2886751345948128,-0.6339745962155612,0.0,0.4642857142857143,-1.0240979217136295
0.5,0.4,1.0,-0.8,0.7408993576017131,0.22319474835886213,-0.2702104097452935,0.22314361100640792,-0.9768637532133676,-0.5,-0.36602540378443876,0.0,0.5,-0.8109141909983419
0.5,0.6,1.0,-0.8,0.556745182012848,0.7921225382932167,0.23920265780730898,0.5277044854881264,-1.167095115681234,-0.577350269189626,0.0,0.0,0.5357142857142857,-0.6324110671936757
0.5,0.8,2.0,-0.8,0.24839400428265523,0.6039387308533917,0.8150609080841639,0.5503203920090461,-1.0539845758354756,-0.5000000000000001,0.3660254037844388,0.0,0.5714285714285714,-0.47175825576947583
0.5,1.0,2.0,-0.8,0.034261241970021415,0.2888402625820569,0.6245847176079734,0.3015454202789294,-1.1568123393316196,-0.2886751345948132,0.6339745962155612,0.0,0.6071428571428571,-0.3478260869565217
0.5,1.2,2.0,-0.8,-0.09421841541755889,0.0700218818380744,0.30564784053156147,0.07237090086694307,-1.2339331619537275,-2.1211504774498138e-16,0.7320508075688774,0.0,0.6428571428571429,-0.22899400739512912
1.0,-1.0,-1.0,-0.8,-0.2012847965738758,-0.061269146608315096,0.08416389811738649,-0.0859404447794949,-1.038560411311054,0.2886751345948128,0.6339745962155615,0.0,0.6785714285714286,-0.11526201708529907
1.0,-0.8,-1.0,-0.8,0.278372591006424,-0.17067833698030635,-0.048726467331118496,0.0,-0.5398457583547558,0.49999999999999994,0.3660254037844388,0.0,0.7142857142857143,0.03621063368608934
1.0,-0.6,-1.0,-0.8,0.20556745182012848,0.31947483588621445,-0.15946843853820597,0.10554089709762543,-0.35989717223650386,0.5773502691896257,1.793007356604921e-16,0.0,0.75,0.12954226698967208
1.0,-0.4,0.0,-0.8,0.2569593147751606,0.24507658643326038,0.33665559246954596,0.2668676969468529,-0.2159383033419023,0.5,-0.3660254037844383,1.0,0.7857142857142857,0.21114369501466262
1.0,-0.2,0.0,-0.8,0.48394004282655245,0.2975929978118162,0.26135105204872644,0.339238597813796,-0.2159383033419023,0.2886751345948128,-0.6339745962155612,0.0,0.8214285714285714,0.30549534616855806
1.0,0.0,0.0,-0.8,0.48394004282655245,0.5295404814004376,0.31450719822812845,0.4372408594044476,0.37532133676092544,0.0,-0.7320508075688771,0.0,0.8571428571428571,0.3998469973224526
1.0,0.2,1.0,-0.8,0.4282655246252677,0.5295404814004376,0.5492801771871539,0.49754994346023396,1.0437017994858613,-0.2886751345948128,-0.6339745962155612,0.0,0.8928571428571429,0.4289175060563554
1.0,0.4,1.0,-0.8,0.3426124197002141,0.4726477024070022,0.5492801771871539,0.4477949491142106,0.8226221079691517,-0.5,-0.36602540378443876,0.0,0.9285714285714286,0.3814866760168298
1.0,0.6,1.0,-0.8,0.29978586723768735,0.3851203501094092,0.49169435215946844,0.3829626837542403,0.4524421593830334,-0.577350269189626,0.0,0.0,0.9642857142857143,0.35088614050745837
1.0,0.8,2.0,-0.8,0.29978586723768735,0.3413566739606127,0.40310077519379844,0.33773087071240093,0.1953727506426735,-0.5000000000000001,0.3660254037844388,0.0,1.0,0.35700624760933264
-1.0,-0.8,-1.0,-0.6,0.5653104925053534,0.612691466083151,0.48283499446290146,0.5518281191104413,0.2827763496143959,0.49999999999999994,0.3660254037844388,0.0,-1.0,1.4208848654851454
-1.0,-0.6,-1.0,-0.6,1.9186295503211992,0.612691466083151,0.6334440753045404,1.0795326045985674,1.038560411311054,0.5773502691896257,1.793007356604921e-16,0.0,-0.9642857142857143,1.6366186408262138
-1.0,-0.4,0.0,-0.6,2.278372591006424,1.9956236323851204,0.6334440753045404,1.6826234451564268,2.339331619537275,0.5,-0.3660254037844383,0.0,-0.9285714285714286,1.8202218538824422
-1.0,-0.2,0.0,-0.6,1.777301927194861,2.363238512035011,2.0332225913621262,2.109310214851112,2.339331619537275,0.2886751345948128,-0.6339745962155612,1.0,-0.8928571428571429,1.8151217646308797
-1.0,0.0,0.0,-0.6,1.777301927194861,1.851203501094092,2.4053156146179404,2.0595552205050884,2.7146529562982007,0.0,-0.7320508075688771,0.0,-0.8571428571428571,1.8100216753793181
-1.0,0.2,1.0,-0.6,1.777301927194861,1.851203501094092,1.8870431893687707,1.8831511496419147,2.1182519280205656,-0.2886751345948128,-0.6339745962155612,0.0,-0.8214285714285714,1.767690934591354
-1.0,0.4,1.0,-0.6,0.13704496788008566,1.851203501094092,1.8870431893687707,1.3056916698077645,1.1722365038560412,-0.5,-0.36602540378443876,0.0,-0.7857142857142857,1.5891878107866881
-1.0,0.6,1.0,-0.6,-0.14989293361884368,0.175054704595186,1.8870431893687707,0.6272144741801732,0.7969151670951157,-0.577350269189626,0.0,0.0,-0.75,1.4703557312252955
-1.0,0.8,2.0,-0.6,0.3511777301927195,-0.11816192560175055,0.19047619047619047,0.12514134941575564,0.8329048843187661,-0.5000000000000001,0.3660254037844388,0.0,-0.7142857142857143,1.4484253474435798
-1.0,1.0,2.0,-0.6,0.37687366167023556,0.3938730853391685,-0.10631229235880399,0.2095740670938561,0.6580976863753213,-0.2886751345948132,0.6339745962155612,0.0,-0.6785714285714286,1.425984954736707
-1.0,1.2,2.0,-0.6,0.3511777301927195,0.4201312910284464,0.4119601328903654,0.38597813795702984,0.8329048843187661,-2.1211504774498138e-16,0.7320508075688774,0.0,-0.6428571428571429,1.4178248119342083
-0.5,-1.0,-1.0,-0.6,0.4925053533190578,0.3938730853391685,0.43853820598006643,0.4357331323030532,0.8329048843187661,0.2886751345948128,0.6339745962155615,0.0,-0.6071428571428571,1.4091546602065528
-0.5,-0.8,-1.0,-0.6,0.4925053533190578,0.5382932166301969,0.4119601328903654,0.4764417640407087,2.4575835475578405,0.49999999999999994,0.3660254037844388,0.0,-0.5714285714285714,1.4004845084788973
-0.5,-0.6,-1.0,-0.6,0.37687366167023556,0.5382932166301969,0.5581395348837209,0.4854881266490766,2.8894601542416454,0.5773502691896257,1.793007356604921e-16,0.0,-0.5357142857142857,1.2168812954226689
-0.5,-0.4,0.0,-0.6,0.4197002141327623,0.4201312910284464,0.5581395348837209,0.45985676592536734,2.2879177377892033,0.5,-0.3660254037844383,0.0,-0.5,0.995537421904883
-0.5,-0.2,0.0,-0.6,0.3511777301927195,0.4638949671772429,0.43853820598006643,0.41010177157934397,2.2879177377892033,0.2886751345948128,-0.6339745962155612,1.0,-0.4642857142857143,0.8257044498278718
-0.5,0.0,0.0,-0.6,0.3511777301927195,0.3938730853391685,0.48283499446290146,0.4010554089709761,2.2879177377892033,0.0,-0.7320508075688771,0.0,-0.42857142857142855,0.6558714777508605
-0.5,0.2,1.0,-0.6,0.3511777301927195,0.3938730853391685,0.4119601328903654,0.37693177534866196,0.31876606683804626,-0.2886751345948128,-0.6339745962155612,0.0,-0.39285714285714285,0.4860385056738493
-0.5,0.4,1.0,-0.6,0.23554603854389722,0.3938730853391685,0.4119601328903654,0.33622314361100647,-0.02570694087403599,-0.5,-0.36602540378443876,0.0,-0.35714285714285715,0.4977687109524411
-0.5,0.6,1.0,-0.6,0.19271948608137046,0.27571115973741794,0.4119601328903654,0.28043724085940475,0.5758354755784062,-0.577350269189626,0.0,0.0,-0.32142857142857145,0.5385694249649365
-0.5,0.8,2.0,-0.6,0.19271948608137046,0.23194748358862144,0.292358803986711,0.22465133810780236,0.6066838046272494,-0.5000000000000001,0.3660254037844388,0.0,-0.2857142857142857,0.5196990947341579
-0.5,1.0,2.0,-0.6,0.16274089935760172,0.23194748358862144,0.24806201550387597,0.1990199773840938,0.5758354755784062,-0.2886751345948132,0.6339745962155612,0.0,-0.25,0.49419864847634803
-0.5,1.2,2.0,-0.6,0.20556745182012848,0.2013129102844639,0.24806201550387597,0.20354315868827774,0.7455012853470437,-2.1211504774498138e-16,0.7320508075688774,0.0,-0.21428571428571427,0.47685834502103785
0.0,-1.0,-1.0,-0.6,0.20556745182012848,0.24507658643326038,0.21705426356589147,0.20806633999246166,0.7455012853470437,0.2886751345948128,0.6339745962155615,0.0,-0.17857142857142858,0.44268774703557257
0.0,-0.8,-1.0,-0.6,0.23554603854389722,0.24507658643326038,0.26135105204872644,0.23369770071617024,0.6066838046272494,0.49999999999999994,0.3660254037844388,0.0,-0.14285714285714285,0.41208721152620115
0.0,-0.6,-1.0,-0.6,0.23554603854389722,0.27571115973741794,0.26135105204872644,0.2442517904259332,0.6580976863753213,0.5773502691896257,1.793007356604921e-16,0.0,-0.10714285714285714,0.3952569169960469
0.0,-0.4,0.0,-0.6,0.278372591006424,0.27571115973741794,0.292358803986711,0.2698831511496418,0.5758354755784062,0.5,-0.3660254037844383,0.0,-0.07142857142857142,0.37842662246589265
0.0,-0.2,0.0,-0.6,0.5781584582441114,0.31947483588621445,0.292358803986711,0.3905013192612138,0.5758354755784062,0.2886751345948128,-0.6339745962155612,1.0,-0.03571428571428571,0.40545709549917097
0.0,0.0,0.0,-0.6,0.5781584582441114,0.6258205689277899,0.33665559246954596,0.5111194873727858,0.5758354755784062,0.0,-0.7320508075688771,0.0,0.0,0.43248756853244935
0.0,0.2,1.0,-0.6,0.5781584582441114,0.6258205689277899,0.646733111849391,0.6166603844704109,0.4370179948586118,-0.2886751345948128,-0.6339745962155612,0.0,0.03571428571428571,0.45951804156572684
0.0,0.4,1.0,-0.6,0.6338329764453962,0.6258205689277899,0.646733111849391,0.6362608367885411,0.3856041131105398,-0.5,-0.36602540378443876,0.0,0.07142857142857142,0.5069488716052525
0.0,0.6,1.0,-0.6,0.4925053533190578,0.6827133479212254,0.646733111849391,0.6061062947606486,0.3856041131105398,-0.577350269189626,0.0,0.0,0.10714285714285714,0.5426494963661864
0.0,0.8,2.0,-0.6,0.4925053533190578,0.5382932166301969,0.7043189368770764,0.5759517527327555,0.3496143958868895,-0.5000000000000001,0.3660254037844388,0.0,0.14285714285714285,0.5783501211271194
0.0,1.0,2.0,-0.6,0.32119914346895073,0.5382932166301969,0.5581395348837209,0.46588767433094636,0.40102827763496146,-0.2886751345948132,0.6339745962155612,0.0,0.17857142857142858,0.5972204513578981
0.0,1.2,2.0,-0.6,0.278372591006424,0.36323851203501095,0.5581395348837209,0.3905013192612138,0.40102827763496146,-2.1211504774498138e-16,0.7320508075688774,0.0,0.21428571428571427,0.6058906030855536
0.5,-1.0,-1.0,-0.6,0.20556745182012848,0.31947483588621445,0.38095238095238093,0.28948360346777263,0.4370179948586118,0.2886751345948128,0.6339745962155615,0.0,0.25,0.6058906030855536
0.5,-0.8,-1.0,-0.6,0.26552462526766596,0.24507658643326038,0.33665559246954596,0.2698831511496418,0.4370179948586118,0.49999999999999994,0.3660254037844388,0.0,0.2857142857142857,0.6094606655616467
0.5,-0.6,-1.0,-0.6,0.37687366167023556,0.3063457330415755,0.26135105204872644,0.30456087448171887,0.4884318766066838,0.5773502691896257,1.793007356604921e-16,0.0,0.32142857142857145,0.626290960091801
0.5,-0.4,0.0,-0.6,0.5353319057815846,0.4201312910284464,0.3233665559246955,0.420655861289107,0.8483290488431876,0.5,-0.3660254037844383,1.0,0.35714285714285715,0.6568914956011723
0.5,-0.2,0.0,-0.6,0.6081370449678801,0.5820568927789934,0.43853820598006643,0.5412740294006783,0.8483290488431876,0.2886751345948128,-0.6339745962155612,0.0,0.39285714285714285,0.6604615580772663
0.5,0.0,0.0,-0.6,0.6081370449678801,0.6564551422319475,0.602436323366556,0.6226912928759892,0.8483290488431876,0.0,-0.7320508075688771,0.0,0.42857142857142855,0.6640316205533593
0.5,0.2,1.0,-0.6,1.0620985010706638,0.6564551422319475,0.6777408637873754,0.8081417263475309,0.9151670951156813,-0.2886751345948128,-0.6339745962155612,0.0,0.4642857142857143,0.7216626290960091
0.5,0.4,1.0,-0.6,0.9207708779443254,1.1203501094091903,0.6777408637873754,0.9182058047493405,0.7455012853470437,-0.5,-0.36602540378443876,0.0,0.5,0.7558332270814735
0.5,0.6,1.0,-0.6,1.4218415417558887,0.975929978118162,1.1472868217054264,1.2046739540143234,0.7455012853470437,-0.577350269189626,0.0,0.0,0.5357142857142857,0.8665051638403664
0.5,0.8,2.0,-0.6,1.1349036402569592,1.487964989059081,1.0011074197120708,1.2303053147380325,0.5398457583547558,-0.5000000000000001,0.3660254037844388,0.0,0.5714285714285714,0.9430065026137949
0.5,1.0,2.0,-0.6,1.1349036402569592,1.1947483588621444,1.5193798449612403,1.3056916698077645,0.4884318766066838,-0.2886751345948132,0.6339745962155612,0.0,0.6071428571428571,1.0399081983934715
0.5,1.2,2.0,-0.6,1.2077087794432548,1.1947483588621444,1.2225913621262459,1.2303053147380325,0.40102827763496146,-2.1211504774498138e-16,0.7320508075688774,0.0,0.6428571428571429,1.1505801351523646
1.0,-1.0,-1.0,-0.6,0.9935760171306209,1.2691466083150984,1.2225913621262459,1.1805503203920094,0.4730077120822622,0.2886751345948128,0.6339745962155615,0.0,0.6785714285714286,1.244421777381103
1.0,-0.8,-1.0,-0.6,0.9935760171306209,1.0503282275711159,1.2978959025470653,1.130795326045986,0.6066838046272494,0.49999999999999994,0.3660254037844388,0.0,0.7142857142857143,1.3311232946576557
1.0,-0.6,-1.0,-0.6,1.3490364025695931,1.0503282275711159,1.0764119601328903,1.1805503203920094,0.7969151670951157,0.5773502691896257,1.793007356604921e-16,0.0,0.75,1.4468953206681112
1.0,-0.4,0.0,-0.6,1.2762312633832977,1.4135667396061269,1.0764119601328903,1.2800603090840559,0.884318766066838,0.5,-0.3660254037844383,1.0,0.7857142857142857,1.5351268647201315
1.0,-0.2,0.0,-0.6,1.4646680942184154,1.3391684901531729,1.4440753045404209,1.4459102902374668,0.884318766066838,0.2886751345948128,-0.6339745962155612,0.0,0.8214285714285714,1.6371286497513697
1.0,0.0,0.0,-0.6,2.321199143468951,1.5317286652078774,1.3687707641196014,1.7881643422540519,1.429305912596401,0.0,-0.7320508075688771,0.0,0.8571428571428571,1.8411322198138453
1.0,0.2,1.0,-0.6,1.9186295503211992,2.4070021881838075,1.5636766334440753,2.014323407463249,1.2596401028277635,-0.2886751345948128,-0.6339745962155612,0.0,0.8928571428571429,1.9431340048450836
1.0,0.4,1.0,-0.6,1.3490364025695931,1.9956236323851204,2.449612403100775,1.9736147757255935,1.8611825192802056,-0.5,-0.36602540378443876,0.0,0.9285714285714286,1.9941348973607023
1.0,0.6,1.0,-0.6,1.4903640256959314,1.4135667396061269,2.0332225913621262,1.6811157180550318,1.5167095115681235,-0.577350269189626,0.0,0.0,0.9642857142857143,2.002295040163202
1.0,0.8,2.0,-0.6,1.3490364025695931,1.5579868708971554,1.4440753045404209,1.480588013569544,1.5167095115681235,-0.5000000000000001,0.3660254037844388,0.0,1.0,2.027795486421011
-1.0,-0.8,-1.0,-0.4,-0.22269807280513917,-0.1925601750547046,-0.18161683277962348,-0.2291745194119863,-0.9254498714652957,0.49999999999999994,0.3660254037844388,0.0,-1.0,-0.12138212418717335
-1.0,-0.6,-1.0,-0.4,0.8265524625267666,-0.1925601750547046,-0.18161683277962348,0.14021862042970254,-0.6683804627249358,0.5773502691896257,1.793007356604921e-16,0.0,-0.9642857142857143,0.08415147265077134
-1.0,-0.4,0.0,-0.4,0.48394004282655245,0.8796498905908097,-0.18161683277962348,0.3889935921598194,-0.20565552699228792,0.5,-0.3660254037844383,0.0,-0.9285714285714286,0.2233839092184112
-1.0,-0.2,0.0,-0.4,0.4282655246252677,0.5295404814004376,0.9036544850498339,0.6181681115718053,1.5938303341902313,0.2886751345948128,-0.6339745962155612,1.0,-0.8928571428571429,0.3100854264949638
-1.0,0.0,0.0,-0.4,0.4282655246252677,0.4726477024070022,0.5492801771871539,0.4779494911421031,0.5398457583547558,0.0,-0.7320508075688771,0.0,-0.8571428571428571,0.2182838199668496
-1.0,0.2,1.0,-0.4,0.4282655246252677,0.4726477024070022,0.49169435215946844,0.45834903882397293,0.35989717223650386,-0.2886751345948128,-0.6339745962155612,0.0,-0.8214285714285714,0.23103404309575404
-1.0,0.4,1.0,-0.4,-1.2291220556745182,0.4726477024070022,0.49169435215946844,-0.12514134941575564,0.23136246786632392,-0.5,-0.36602540378443876,0.0,-0.7857142857142857,0.06426112456967993
-1.0,0.6,1.0,-0.4,-1.2633832976445396,-1.2210065645514223,0.49169435215946844,-0.7206935544666412,-0.061696658097686374,-0.577350269189626,0.0,0.0,-0.75,-0.0938416422287391
-1.0,0.8,2.0,-0.4,-0.9207708779443254,-1.2560175054704594,-1.2225913621262459,-1.195627591405955,-0.11311053984575835,-0.5000000000000001,0.3660254037844388,0.0,-0.7142857142857143,-0.1820731862807598
-1.0,1.0,2.0,-0.4,-0.8865096359743041,-0.9059080962800875,-1.2580287929125138,-1.0750094232943834,-0.11311053984575835,-0.2886751345948132,0.6339745962155612,0.0,-0.6785714285714286,-0.2611245696799691
-1.0,1.2,2.0,-0.4,-0.8008565310492506,-0.8708971553610503,-0.9036544850498339,-0.9121748963437616,-0.11311053984575835,-2.1211504774498138e-16,0.7320508075688774,0.0,-0.6428571428571429,-0.32997577457605476
-0.5,-1.0,-1.0,-0.4,-0.7494646680942184,-0.7833698030634574,-0.8682170542635659,-0.8518658122879755,-0.11311053984575835,0.2886751345948128,0.6339745962155615,0.0,-0.6071428571428571,-0.3927068723702661
-0.5,-0.8,-1.0,-0.4,-0.7494646680942184,-0.7308533916849015,-0.7796234772978959,-0.803618545043347,1.1465295629820051,0.49999999999999994,0.3660254037844388,0.0,-0.5714285714285714,-0.45543797016447746
-0.5,-0.6,-1.0,-0.4,-0.7494646680942184,-0.7308533916849015,-0.7264673311184939,-0.7855258198266112,0.7352185089974294,0.5773502691896257,1.793007356604921e-16,0.0,-0.5357142857142857,-0.6431212546219557
-0.5,-0.4,0.0,-0.4,-0.5224839400428265,-0.7308533916849015,-0.7264673311184939,-0.705616283452695,0.6683804627249358,0.5,-0.3660254037844383,0.0,-0.5,-0.76297335203366
-0.5,-0.2,0.0,-0.4,-0.5353319057815846,-0.4989059080962801,-0.7264673311184939,-0.6302299283829624,0.6683804627249358,0.2886751345948128,-0.6339745962155612,1.0,-0.4642857142857143,-0.8777253601938028
-0.5,0.0,0.0,-0.4,-0.556745182012848,-0.5120350109409191,-0.49169435215946844,-0.5623822088202033,0.6683804627249358,0.0,-0.7320508075688771,0.0,-0.42857142857142855,-0.9950274129797267
-0.5,0.2,1.0,-0.4,-0.556745182012848,-0.5339168490153173,-0.5049833887043189,-0.5744440256313607,-1.3213367609254498,-0.2886751345948128,-0.6339745962155612,0.0,-0.39285714285714285,-1.1123294657656502
-0.5,0.4,1.0,-0.4,-0.5995717344753747,-0.5339168490153173,-0.5271317829457365,-0.5970599321522804,-1.3624678663239074,-0.5,-0.36602540378443876,0.0,-0.35714285714285715,-1.0373581537676904
-0.5,0.6,1.0,-0.4,-0.5653104925053534,-0.5776805251641138,-0.5271317829457365,-0.6000753863550695,-0.9511568123393316,-0.577350269189626,0.0,0.0,-0.32142857142857145,-0.9542266989672312
-0.5,0.8,2.0,-0.4,-0.5653104925053534,-0.5426695842450766,-0.5714285714285714,-0.6030908405578588,-0.910025706940874,-0.5000000000000001,0.3660254037844388,0.0,-0.2857142857142857,-0.9118959581792676
-0.5,1.0,2.0,-0.4,-0.5653104925053534,-0.5426695842450766,-0.5359911406423035,-0.5910290237467016,-0.8071979434447301,-0.2886751345948132,0.6339745962155612,0.0,-0.25,-0.8736452887925533
-0.5,1.2,2.0,-0.4,-0.5653104925053534,-0.5426695842450766,-0.5359911406423035,-0.5910290237467016,-0.7455012853470437,-2.1211504774498138e-16,0.7320508075688774,0.0,-0.21428571428571427,-0.8455947979089627
0.0,-1.0,-1.0,-0.4,-0.5653104925053534,-0.5426695842450766,-0.5359911406423035,-0.5910290237467016,-0.7455012853470437,0.2886751345948128,0.6339745962155615,0.0,-0.17857142857142858,-0.8236644141272469
0.0,-0.8,-1.0,-0.4,-0.556745182012848,-0.5426695842450766,-0.5359911406423035,-0.5880135695439125,-0.7455012853470437,0.49999999999999994,0.3660254037844388,0.0,-0.14285714285714285,-0.8007140124952183
0.0,-0.6,-1.0,-0.4,-0.556745182012848,-0.5339168490153173,-0.5359911406423035,-0.584998115341123,-0.4730077120822622,0.5773502691896257,1.793007356604921e-16,0.0,-0.10714285714285714,-0.7777636108631898
0.0,-0.4,0.0,-0.4,-0.556745182012848,-0.5339168490153173,-0.5271317829457365,-0.5819826611383337,-0.4884318766066838,0.5,-0.3660254037844383,0.0,-0.07142857142857142,-0.7818436822644391
0.0,-0.2,0.0,-0.4,-0.4796573875802998,-0.5339168490153173,-0.5271317829457365,-0.5548435733132301,-0.5141388174807198,0.2886751345948128,-0.6339745962155612,1.0,-0.03571428571428571,-0.7752135662374086
0.0,0.0,0.0,-0.4,-0.4796573875802998,-0.4551422319474836,-0.5271317829457365,-0.5277044854881264,-0.5141388174807198,0.0,-0.7320508075688771,0.0,0.0,-0.7660334055845971
0.0,0.2,1.0,-0.4,-0.4796573875802998,-0.4551422319474836,-0.44739756367663347,-0.5005653976630229,-0.5655526992287918,-0.2886751345948128,-0.6339745962155612,0.0,0.03571428571428571,-0.7568532449317857
0.0,0.4,1.0,-0.4,-0.9550321199143469,-0.4551422319474836,-0.44739756367663347,-0.6679231059178287,-0.5244215938303342,-0.5,-0.36602540378443876,0.0,0.07142857142857142,-0.7991839857197498
0.0,0.6,1.0,-0.4,-0.7794432548179872,-0.9409190371991247,-0.44739756367663347,-0.7734640030154541,-0.5244215938303342,-0.577350269189626,0.0,0.0,0.10714285714285714,-0.8246844319775591
0.0,0.8,2.0,-0.4,-0.7794432548179872,-0.7614879649890591,-0.9390919158361019,-0.8790049001130792,-0.5244215938303342,-0.5000000000000001,0.3660254037844388,0.0,0.14285714285714285,-0.8501848782353685
0.0,1.0,2.0,-0.4,-0.7794432548179872,-0.7614879649890591,-0.7574750830564784,-0.8171880889558988,-0.5244215938303342,-0.2886751345948132,0.6339745962155612,0.0,0.17857142857142858,-0.8756853244931783
0.0,1.2,2.0,-0.4,-0.7794432548179872,-0.7614879649890591,-0.7574750830564784,-0.8171880889558988,-0.5244215938303342,-2.1211504774498138e-16,0.7320508075688774,0.0,0.21428571428571427,-0.9011857707509876
0.5,-1.0,-1.0,-0.4,-0.9293361884368309,-0.7614879649890591,-0.7574750830564784,-0.8699585375047113,-0.5141388174807198,0.2886751345948128,0.6339745962155615,0.0,0.25,-0.9445365293892639
0.5,-0.8,-1.0,-0.4,-0.6723768736616702,-0.9146608315098468,-0.7574750830564784,-0.8322653599698454,-0.5141388174807198,0.49999999999999994,0.3660254037844388,0.0,0.2857142857142857,-0.958306770368481
0.5,-0.6,-1.0,-0.4,-0.6081370449678801,-0.6520787746170679,-0.9125138427464009,-0.7719562759140594,-0.5141388174807198,0.5773502691896257,1.793007356604921e-16,0.0,0.32142857142857145,-0.9644268774703553
0.5,-0.4,0.0,-0.4,-0.278372591006424,-0.5864332603938731,-0.646733111849391,-0.542781756502073,-0.42159383033419023,0.5,-0.3660254037844383,1.0,0.35714285714285715,-0.9312762973352027
0.5,-0.2,0.0,-0.4,-0.37259100642398285,-0.24945295404814005,-0.5802879291251384,-0.4372408594044476,-0.42159383033419023,0.2886751345948128,-0.6339745962155612,0.0,0.39285714285714285,-0.9185260742062982
0.5,0.0,0.0,-0.4,-0.37259100642398285,-0.34573304157549234,-0.23920265780730898,-0.3543158688277419,-0.42159383033419023,0.0,-0.7320508075688771,0.0,0.42857142857142855,-0.9057758510773933
0.5,0.2,1.0,-0.4,-0.37259100642398285,-0.34573304157549234,-0.33665559246954596,-0.38748586505842425,-0.9922879177377892,-0.2886751345948128,-0.6339745962155612,0.0,0.4642857142857143,-0.8930256279484884
0.5,0.4,1.0,-0.4,0.569593147751606,-0.34573304157549234,-0.33665559246954596,-0.05578590275160174,-0.781491002570694,-0.5,-0.36602540378443876,0.0,0.5,-0.7114624505928849
0.5,0.6,1.0,-0.4,0.3640256959314775,0.6170678336980306,-0.33665559246954596,0.20354315868827774,-0.781491002570694,-0.577350269189626,0.0,0.0,0.5357142857142857,-0.5752900675761823
0.5,0.8,2.0,-0.4,0.39828693790149894,0.40700218818380746,0.6378737541528239,0.47493403693931424,-0.781491002570694,-0.5000000000000001,0.3660254037844388,0.0,0.5714285714285714,-0.43503761315823014
0.5,1.0,2.0,-0.4,0.24839400428265523,0.4420131291028446,0.42524916943521596,0.3618545043347157,-0.781491002570694,-0.2886751345948132,0.6339745962155612,0.0,0.6071428571428571,-0.3126354711207446
0.5,1.2,2.0,-0.4,0.20556745182012848,0.2888402625820569,0.46068660022148394,0.30606860158311333,-0.961439588688946,-2.1211504774498138e-16,0.7320508075688774,0.0,0.6428571428571429,-0.1953334183348206
1.0,-1.0,-1.0,-0.4,0.06423982869379015,0.24507658643326038,0.30564784053156147,0.1884658876743308,-0.6529562982005142,0.2886751345948128,0.6339745962155615,0.0,0.6785714285714286,-0.07701134769858482
1.0,-0.8,-1.0,-0.4,0.6209850107066381,0.10065645514223195,0.26135105204872644,0.31963814549566516,-0.5758354755784062,0.49999999999999994,0.3660254037844388,0.0,0.7142857142857143,0.07701134769858482
1.0,-0.6,-1.0,-0.4,0.5139186295503212,0.6695842450765864,0.11517165005537099,0.42819449679607974,-0.17994858611825193,0.5773502691896257,1.793007356604921e-16,0.0,0.75,0.21063368608950675
1.0,-0.4,0.0,-0.4,0.47109207708779444,0.5601750547045952,0.6910299003322259,0.5714285714285715,-0.2930591259640103,0.5,-0.3660254037844383,1.0,0.7857142857142857,0.2998852479918397
1.0,-0.2,0.0,-0.4,0.7837259100642399,0.5164113785557987,0.5802879291251384,0.6287222012815683,-0.2930591259640103,0.2886751345948128,-0.6339745962155612,0.0,0.8214285714285714,0.437587657784011
1.0,0.0,0.0,-0.4,0.6980728051391863,0.8358862144420132,0.5359911406423035,0.693554466641538,-0.2930591259640103,0.0,-0.7320508075688771,0.0,0.8571428571428571,0.5650898890730581
1.0,0.2,1.0,-0.4,0.8351177730192719,0.7483588621444202,0.8593576965669989,0.8217112702600827,0.8380462724935732,-0.2886751345948128,-0.6339745962155612,0.0,0.8928571428571429,0.7089124059671037
1.0,0.4,1.0,-0.4,0.6852248394004282,0.888402625820569,0.770764119601329,0.7870335469280063,0.5912596401028277,-0.5,-0.36602540378443876,0.0,0.9285714285714286,0.7226826469463208
1.0,0.6,1.0,-0.4,0.7194860813704497,0.7352297592997812,0.9125138427464009,0.7945721824349791,0.6323907455012854,-0.577350269189626,0.0,0.0,0.9642857142857143,0.7650133877342848
1.0,0.8,2.0,-0.4,0.7194860813704497,0.7702407002188184,0.7574750830564784,0.7538635506973236,0.4524421593830334,-0.5000000000000001,0.3660254037844388,0.0,1.0,0.8032640571209991
-1.0,-0.8,-1.0,-0.2,-0.059957173447537475,-0.0262582056892779,-0.03986710963455149,-0.06633999246136438,-0.6580976863753213,0.49999999999999994,0.3660254037844388,0.0,-1.0,0.20094351651153852
-1.0,-0.6,-1.0,-0.2,1.1862955032119915,-0.0262582056892779,-0.013289036544850499,0.3814549566528459,-0.2416452442159383,0.5773502691896257,1.793007356604921e-16,0.0,-0.9642857142857143,0.42279739895448115
-1.0,-0.4,0.0,-0.2,1.1948608137044967,1.2472647702407003,-0.013289036544850499,0.8232189973614779,0.6838046272493573,0.5,-0.3660254037844383,0.0,-0.9285714285714286,0.6043605763100851
-1.0,-0.2,0.0,-0.2,1.113490364025696,1.2560175054704594,1.2757475083056478,1.236336223143611,0.6838046272493573,0.2886751345948128,-0.6339745962155612,1.0,-0.8928571428571429,0.6844319775596066
-1.0,0.0,0.0,-0.2,1.113490364025696,1.1728665207877462,1.2846068660022147,1.2107048624199017,1.2390745501285347,0.0,-0.7320508075688771,0.0,-0.8571428571428571,0.764503378809129
-1.0,0.2,1.0,-0.2,1.113490364025696,1.1728665207877462,1.2004429678848283,1.1820580474934037,0.8946015424164524,-0.2886751345948128,-0.6339745962155612,0.0,-0.8214285714285714,0.789493816141782
-1.0,0.4,1.0,-0.2,-0.6381156316916489,1.1728665207877462,1.2004429678848283,0.5653976630229931,0.4781491002570694,-0.5,-0.36602540378443876,0.0,-0.7857142857142857,0.640061201071018
-1.0,0.6,1.0,-0.2,-0.7323340471092077,-0.6170678336980306,1.2004429678848283,-0.08443271767810015,0.2416452442159383,-0.577350269189626,0.0,0.0,-0.75,0.5207191125844696
-1.0,0.8,2.0,-0.2,-0.5010706638115632,-0.7133479212253829,-0.6112956810631229,-0.6528458349038821,0.12339331619537275,-0.5000000000000001,0.3660254037844388,0.0,-0.7142857142857143,0.45237791661354076
-1.0,1.0,2.0,-0.2,-0.5010706638115632,-0.47702407002188185,-0.70874861572536,-0.6045985676592535,0.05141388174807198,-0.2886751345948132,0.6339745962155612,0.0,-0.6785714285714286,0.39576692592120366
-1.0,1.2,2.0,-0.2,-0.39400428265524623,-0.47702407002188185,-0.4695459579180509,-0.48548812664907626,0.08226221079691516,-2.1211504774498138e-16,0.7320508075688774,0.0,-0.6428571428571429,0.359046283309958
-0.5,-1.0,-1.0,-0.2,-0.37687366167023556,-0.3676148796498906,-0.4695459579180509,-0.44176404070863157,0.08226221079691516,0.2886751345948128,0.6339745962155615,0.0,-0.6071428571428571,0.32130562284839964
-0.5,-0.8,-1.0,-0.2,-0.37687366167023556,-0.350109409190372,-0.3588039867109635,-0.39803995476818693,1.5784061696658098,0.49999999999999994,0.3660254037844388,0.0,-0.5714285714285714,0.2835649623868413
-0.5,-0.6,-1.0,-0.2,-0.37687366167023556,-0.350109409190372,-0.34108527131782945,-0.3920090463626082,1.588688946015424,0.5773502691896257,1.793007356604921e-16,0.0,-0.5357142857142857,0.09741170470483212
-0.5,-0.4,0.0,-0.2,-0.26124197002141325,-0.350109409190372,-0.34108527131782945,-0.35130041462495276,1.4910025706940875,0.5,-0.3660254037844383,0.0,-0.5,-0.07599132984827216
-0.5,-0.2,0.0,-0.2,-0.2826552462526767,-0.23194748358862144,-0.34108527131782945,-0.31813041839427036,1.4910025706940875,0.2886751345948128,-0.6339745962155612,1.0,-0.4642857142857143,-0.24225423944919036
-0.5,0.0,0.0,-0.2,-0.3340471092077088,-0.2538293216630197,-0.22148394241417496,-0.30305314738032413,1.4910025706940875,0.0,-0.7320508075688771,0.0,-0.42857142857142855,-0.41463725615198244
-0.5,0.2,1.0,-0.2,-0.3340471092077088,-0.3063457330415755,-0.24363233665559247,-0.32868450810403305,-0.6118251928020566,-0.2886751345948128,-0.6339745962155612,0.0,-0.39285714285714285,-0.5870202728547744
-0.5,0.4,1.0,-0.2,-0.3083511777301927,-0.3063457330415755,-0.2967884828349945,-0.33773087071240093,-0.7249357326478149,-0.5,-0.36602540378443876,0.0,-0.35714285714285715,-0.547749585617748
-0.5,0.6,1.0,-0.2,-0.23554603854389722,-0.2800875273522976,-0.2967884828349945,-0.30305314738032413,-0.4473007712082262,-0.577350269189626,0.0,0.0,-0.32142857142857145,-0.4885885502996301
-0.5,0.8,2.0,-0.2,-0.28693790149892934,-0.20568927789934355,-0.2702104097452935,-0.28646814926498276,-0.4473007712082262,-0.5000000000000001,0.3660254037844388,0.0,-0.2857142857142857,-0.4630881040418203
-0.5,1.0,2.0,-0.2,-0.31263383297644537,-0.25820568927789933,-0.19490586932447398,-0.28797587636637756,-0.31876606683804626,-0.2886751345948132,0.6339745962155612,0.0,-0.25,-0.4406477113349481
-0.5,1.2,2.0,-0.2,-0.31263383297644537,-0.2844638949671772,-0.24806201550387597,-0.3151149641914812,-0.2982005141388175,-2.1211504774498138e-16,0.7320508075688774,0.0,-0.21428571428571427,-0.43095754175698037
0.0,-1.0,-1.0,-0.2,-0.32548179871520344,-0.2844638949671772,-0.27464008859357697,-0.32868450810403305,-0.2982005141388175,0.2886751345948128,0.6339745962155615,0.0,-0.17857142857142858,-0.42483743465510604
0.0,-0.8,-1.0,-0.2,-0.278372591006424,-0.2975929978118162,-0.27464008859357697,-0.31662269129287596,-0.2982005141388175,0.49999999999999994,0.3660254037844388,0.0,-0.14285714285714285,-0.41310722937651384
0.0,-0.6,-1.0,-0.2,-0.278372591006424,-0.24945295404814005,-0.28792912513842744,-0.30456087448171854,-0.15938303341902313,0.5773502691896257,1.793007356604921e-16,0.0,-0.10714285714285714,-0.40137702409792164
0.0,-0.4,0.0,-0.2,-0.24411134903640258,-0.24945295404814005,-0.23920265780730898,-0.27591405955522047,-0.18508997429305912,0.5,-0.3660254037844383,0.0,-0.07142857142857142,-0.3993369883972967
0.0,-0.2,0.0,-0.2,0.017130620985010708,-0.21444201312910285,-0.23920265780730898,-0.1718808895589898,-0.2467866323907455,0.2886751345948128,-0.6339745962155612,1.0,-0.03571428571428571,-0.36363636363636326
0.0,0.0,0.0,-0.2,0.017130620985010708,0.0525164113785558,-0.20376522702104097,-0.06784771956275913,-0.2467866323907455,0.0,-0.7320508075688771,0.0,0.0,-0.321815631773556
0.0,0.2,1.0,-0.2,0.017130620985010708,0.0525164113785558,0.0664451827242525,0.02412363362231447,-0.2159383033419023,-0.2886751345948128,-0.6339745962155612,0.0,0.03571428571428571,-0.2799948999107483
0.0,0.4,1.0,-0.2,-0.24411134903640258,0.0525164113785558,0.0664451827242525,-0.06784771956275913,-0.12853470437017994,-0.5,-0.36602540378443876,0.0,0.07142857142857142,-0.2723447660334054
0.0,0.6,1.0,-0.2,-0.2826552462526767,-0.21444201312910285,0.0664451827242525,-0.17338861666038424,-0.19023136246786632,-0.577350269189626,0.0,0.0,0.10714285714285714,-0.2779548642101234
0.0,0.8,2.0,-0.2,-0.3083511777301927,-0.2538293216630197,-0.20376522702104097,-0.28797587636637756,-0.2210796915167095,-0.5000000000000001,0.3660254037844388,0.0,0.14285714285714285,-0.2805049088359046
0.0,1.0,2.0,-0.2,-0.31263383297644537,-0.2800875273522976,-0.24363233665559247,-0.312099509988692,-0.2210796915167095,-0.2886751345948132,0.6339745962155612,0.0,0.17857142857142858,-0.2805049088359046
0.0,1.2,2.0,-0.2,-0.33832976445396146,-0.2844638949671772,-0.2702104097452935,-0.3316999623068222,-0.2365038560411311,-2.1211504774498138e-16,0.7320508075688774,0.0,0.21428571428571427,-0.28356496238684176
0.5,-1.0,-1.0,-0.2,-0.4197002141327623,-0.31072210065645517,-0.27464008859357697,-0.3709008669430833,-0.17994858611825193,0.2886751345948128,0.6339745962155615,0.0,0.25,-0.2947851587402776
0.5,-0.8,-1.0,-0.2,-0.28693790149892934,-0.3938730853391685,-0.301218161683278,-0.3618545043347154,-0.17994858611825193,0.49999999999999994,0.3660254037844388,0.0,0.2857142857142857,-0.2958051765905903
0.5,-0.6,-1.0,-0.2,-0.21841541755888652,-0.25820568927789933,-0.3853820598006645,-0.31963814549566516,-0.13881748071979436,0.5773502691896257,1.793007356604921e-16,0.0,0.32142857142857145,-0.28866505163840334
0.5,-0.4,0.0,-0.2,0.029978586723768737,-0.18818380743982493,-0.24806201550387597,-0.16132679984922715,0.17480719794344474,0.5,-0.3660254037844383,1.0,0.35714285714285715,-0.2560244804284075
0.5,-0.2,0.0,-0.2,0.15417558886509636,0.06564551422319474,-0.17718715393134,-0.00603090840557837,0.17480719794344474,0.2886751345948128,-0.6339745962155612,0.0,0.39285714285714285,-0.23970419482340913
0.5,0.0,0.0,-0.2,0.4539614561027837,0.1925601750547046,0.07973421926910298,0.23068224651338137,0.17480719794344474,0.0,-0.7320508075688771,0.0,0.42857142857142855,-0.18768328445747776
0.5,0.2,1.0,-0.2,0.6038543897216274,0.4989059080962801,0.2081949058693245,0.4327176781002637,-0.13881748071979436,-0.2886751345948128,-0.6339745962155612,0.0,0.4642857142857143,-0.11781206171107987
0.5,0.4,1.0,-0.2,0.6595289079229122,0.6520787746170679,0.5182724252491694,0.6106294760648325,-0.18508997429305912,-0.5,-0.36602540378443876,0.0,0.5,-0.01020017850312365
0.5,0.6,1.0,-0.2,0.8436830835117773,0.7089715536105032,0.6733111849390919,0.7478326422917452,-0.2159383033419023,-0.577350269189626,0.0,0.0,0.5357142857142857,0.12393216881295416
0.5,0.8,2.0,-0.2,0.728051391862955,0.8971553610503282,0.7308970099667774,0.7915567282321903,-0.2210796915167095,-0.5000000000000001,0.3660254037844388,0.0,0.5714285714285714,0.2473543287007524
0.5,1.0,2.0,-0.2,0.6038543897216274,0.7789934354485777,0.9213732004429679,0.7719562759140594,-0.2519280205655527,-0.2886751345948132,0.6339745962155612,0.0,0.6071428571428571,0.35649623868417674
0.5,1.2,2.0,-0.2,0.5738758029978587,0.6520787746170679,0.8017718715393134,0.6769694685261965,-0.3496143958868895,-2.1211504774498138e-16,0.7320508075688774,0.0,0.6428571428571429,0.4651281397424452
1.0,-1.0,-1.0,-0.2,0.48394004282655245,0.6214442013129103,0.6733111849390919,0.5910290237467016,-0.19023136246786632,0.2886751345948128,0.6339745962155615,0.0,0.6785714285714286,0.5727400229504009
1.0,-0.8,-1.0,-0.2,0.7194860813704497,0.5295404814004376,0.6423034330011074,0.6317376554843571,-0.10796915167095116,0.49999999999999994,0.3660254037844388,0.0,0.7142857142857143,0.6925921203621063
1.0,-0.6,-1.0,-0.2,0.7109207708779444,0.7702407002188184,0.5492801771871539,0.6799849227289861,0.19023136246786632,0.5773502691896257,1.793007356604921e-16,0.0,0.75,0.8032640571209991
1.0,-0.4,0.0,-0.2,0.715203426124197,0.7614879649890591,0.7929125138427464,0.761402186204297,0.3393316195372751,0.5,-0.3660254037844383,1.0,0.7857142857142857,0.8848654851459893
1.0,-0.2,0.0,-0.2,1.0021413276231264,0.7658643326039387,0.7840531561461794,0.8609121748963438,0.699228791773779,0.2886751345948128,-0.6339745962155612,0.0,0.8214285714285714,0.9858472523269148
1.0,0.0,0.0,-0.2,1.1862955032119915,1.0590809628008753,0.7884828349944629,1.0282698831511496,0.8791773778920309,0.0,-0.7320508075688771,0.0,0.8571428571428571,1.0730587785286234
1.0,0.2,1.0,-0.2,1.0963597430406853,1.2472647702407003,1.0852713178294573,1.1624575951752736,0.9460154241645244,-0.2886751345948128,-0.6339745962155612,0.0,0.8928571428571429,1.1317098049215857
1.0,0.4,1.0,-0.2,0.9164882226980728,1.1553610503282277,1.2757475083056478,1.1323030531473803,1.167095115681234,-0.5,-0.36602540378443876,0.0,0.9285714285714286,1.1623103404309572
1.0,0.6,1.0,-0.2,0.8693790149892934,0.9715536105032823,1.1827242524916943,1.020731247644176,1.0282776349614395,-0.577350269189626,0.0,0.0,0.9642857142857143,1.1653703939818942
1.0,0.8,2.0,-0.2,0.8351177730192719,0.9234135667396062,0.9966777408637874,0.9287598944591029,0.8791773778920309,-0.5000000000000001,0.3660254037844388,0.0,1.0,1.1781206171107987
-1.0,-1.0,-1.0,0.0,0.08565310492505353,0.05689277899343545,0.17275747508305647,0.0859404447794949,-0.35989717223650386,0.2886751345948128,0.6339745962155615,0.0,-1.0357142857142858,0.6941221471375748
-1.0,-0.8,-1.0,0.0,0.08565310492505353,0.12253829321663019,0.07087486157253599,0.07387862796833783,-0.10282776349614396,0.49999999999999994,0.3660254037844388,0.0,-1.0,0.7553232181563175
-1.0,-0.6,-1.0,0.0,1.7516059957173447,0.12253829321663019,0.13732004429678848,0.6830003769317756,0.6580976863753213,0.5773502691896257,1.793007356604921e-16,0.0,-0.9642857142857143,0.9894173148030088
-1.0,-0.4,0.0,0.0,1.6531049250535332,1.824945295404814,0.13732004429678848,1.2348284960422165,1.943444730077121,0.5,-0.3660254037844383,0.0,-0.9285714285714286,1.1362998852479915
-1.0,-0.2,0.0,0.0,1.310492505353319,1.724288840262582,1.8604651162790697,1.6660384470410854,1.943444730077121,0.2886751345948128,-0.6339745962155612,1.0,-0.8928571428571429,1.1148795103914315
-1.0,0.0,0.0,0.0,1.310492505353319,1.37417943107221,1.7585825027685493,1.510742555597437,1.6760925449871464,0.0,-0.7320508075688771,0.0,-0.8571428571428571,1.0934591355348715
-1.0,0.2,1.0,0.0,1.310492505353319,1.37417943107221,1.4042081949058693,1.390124387485865,1.2544987146529563,-0.2886751345948128,-0.6339745962155612,0.0,-0.8214285714285714,1.098559224786433
-1.0,0.4,1.0,0.0,-0.4668094218415418,1.37417943107221,1.4042081949058693,0.7644176404070866,0.5347043701799485,-0.5,-0.36602540378443876,0.0,-0.7857142857142857,0.9338263419609835
-1.0,0.6,1.0,0.0,-0.556745182012848,-0.4420131291028446,1.4042081949058693,0.10704862419901985,0.3496143958868895,-0.577350269189626,0.0,0.0,-0.75,0.8297845212291207
-1.0,0.8,2.0,0.0,-0.10278372591006424,-0.5339168490153173,-0.43410852713178294,-0.39050131926121345,0.2982005141388175,-0.5000000000000001,0.3660254037844388,0.0,-0.7142857142857143,0.7981639678694376
-1.0,1.0,2.0,0.0,-0.13276231263383298,-0.0700218818380744,-0.5271317829457365,-0.27289860535243093,0.17994858611825193,-0.2886751345948132,0.6339745962155612,0.0,-0.6785714285714286,0.768073441285222
-1.0,1.2,2.0,0.0,-0.06423982869379015,-0.10065645514223195,-0.05758582502768549,-0.09950998869204673,0.2570694087403599,-2.1211504774498138e-16,0.7320508075688774,0.0,-0.6428571428571429,0.757873262782098
-0.5,-1.0,-1.0,0.0,0.06423982869379015,-0.030634573304157548,-0.08859357696567,-0.04070863173765548,0.2570694087403599,0.2886751345948128,0.6339745962155615,0.0,-0.6071428571428571,0.7553232181563175
-0.5,-0.8,-1.0,0.0,0.06423982869379015,0.10065645514223195,-0.017718715393133997,0.02864681492649841,2.2570694087403598,0.49999999999999994,0.3660254037844388,0.0,-0.5714285714285714,0.7527731735305363
-0.5,-0.6,-1.0,0.0,-0.034261241970021415,0.10065645514223195,0.11517165005537099,0.03920090463626105,2.138817480719794,0.5773502691896257,1.793007356604921e-16,0.0,-0.5357142857142857,0.5400994517404052
-0.5,-0.4,0.0,0.0,0.055674518201284794,0.0,0.11517165005537099,0.03618545043347154,1.7275064267352185,0.5,-0.3660254037844383,0.0,-0.5,0.3498661226571466
-0.5,-0.2,0.0,0.0,-0.01284796573875803,0.09190371991247265,0.013289036544850499,0.009046362608367884,1.7275064267352185,0.2886751345948128,-0.6339745962155612,1.0,-0.4642857142857143,0.1922733647838839
-0.5,0.0,0.0,0.0,-0.059957173447537475,0.02188183807439825,0.10631229235880399,0.0,1.7275064267352185,0.0,-0.7320508075688771,0.0,-0.42857142857142855,0.029070508733902826
-0.5,0.2,1.0,0.0,-0.059957173447537475,-0.0262582056892779,0.035437430786267994,-0.04070863173765548,-0.40616966580976865,-0.2886751345948128,-0.6339745962155612,0.0,-0.39285714285714285,-0.13413234731607782
-0.5,0.4,1.0,0.0,-0.145610278372591,-0.0262582056892779,-0.013289036544850499,-0.08744817188088932,-0.5141388174807198,-0.5,-0.36602540378443876,0.0,-0.35714285714285715,-0.09588167792936356
-0.5,0.6,1.0,0.0,-0.11134903640256959,-0.1137855579868709,-0.013289036544850499,-0.1055408970976251,0.030848329048843187,-0.577350269189626,0.0,0.0,-0.32142857142857145,-0.042840749713119956
-0.5,0.8,2.0,0.0,-0.17130620985010706,-0.0787746170678337,-0.10188261351052048,-0.14474180173388615,-0.005141388174807198,-0.5000000000000001,0.3660254037844388,0.0,-0.2857142857142857,-0.051000892515619144
-0.5,1.0,2.0,0.0,-0.1670235546038544,-0.1400437636761488,-0.0664451827242525,-0.15228043724085927,0.07712082262210797,-0.2886751345948132,0.6339745962155612,0.0,-0.25,-0.055080963916868515
-0.5,1.2,2.0,0.0,-0.13704496788008566,-0.13566739606126915,-0.12846068660022147,-0.16132679984922715,0.23136246786632392,-2.1211504774498138e-16,0.7320508075688774,0.0,-0.21428571428571427,-0.0637511156445236
0.0,-1.0,-1.0,0.0,-0.14132762312633834,-0.1050328227571116,-0.12403100775193798,-0.15077271013946453,0.23136246786632392,0.2886751345948128,0.6339745962155615,0.0,-0.17857142857142858,-0.08823154405202072
0.0,-0.8,-1.0,0.0,-0.047109207708779445,-0.10940919037199125,-0.09302325581395349,-0.10855635130041462,0.11311053984575835,0.49999999999999994,0.3660254037844388,0.0,-0.14285714285714285,-0.10149177610608194
0.0,-0.6,-1.0,0.0,-0.047109207708779445,-0.01312910284463895,-0.09745293466223699,-0.07689408217112702,0.2210796915167095,0.5773502691896257,1.793007356604921e-16,0.0,-0.10714285714285714,-0.10302180288155051
0.0,-0.4,0.0,0.0,-0.034261241970021415,-0.01312910284463895,0.0,-0.03920090463626072,0.13881748071979436,0.5,-0.3660254037844383,0.0,-0.07142857142857142,-0.1137319903098305
0.0,-0.2,0.0,0.0,0.2826552462526767,0.0,0.0,0.07689408217112702,0.08226221079691516,0.2886751345948128,-0.6339745962155612,1.0,-0.03571428571428571,-0.07854137447405339
0.0,0.0,0.0,0.0,0.2826552462526767,0.3238512035010941,0.013289036544850499,0.19298906897851476,0.08226221079691516,0.0,-0.7320508075688771,0.0,0.0,-0.037740660461557905
0.0,0.2,1.0,0.0,0.2826552462526767,0.3238512035010941,0.34108527131782945,0.30456087448171887,-0.02056555269922879,-0.2886751345948128,-0.6339745962155612,0.0,0.03571428571428571,0.0030600535509371397
0.0,0.4,1.0,0.0,0.23554603854389722,0.3238512035010941,0.34108527131782945,0.28797587636637756,0.02056555269922879,-0.5,-0.36602540378443876,0.0,0.07142857142857142,0.048450847889837896
0.0,0.6,1.0,0.0,0.03854389721627409,0.27571115973741794,0.34108527131782945,0.20203543158688264,-0.05141388174807198,-0.577350269189626,0.0,0.0,0.10714285714285714,0.06630116027030485
0.0,0.8,2.0,0.0,-0.004282655246252677,0.07439824945295405,0.292358803986711,0.10101771579344149,-0.04627249357326478,-0.5000000000000001,0.3660254037844388,0.0,0.14285714285714285,0.08619150835139625
0.0,1.0,2.0,0.0,-0.10706638115631692,0.030634573304157548,0.08859357696567,-0.019600452318130197,-0.010282776349614395,-0.2886751345948132,0.6339745962155612,0.0,0.17857142857142858,0.09333163330358275
0.0,1.2,2.0,0.0,-0.15417558886509636,-0.07439824945295405,0.044296788482835,-0.08744817188088932,-0.015424164524421594,-2.1211504774498138e-16,0.7320508075688774,0.0,0.21428571428571427,0.09129159760295785
0.5,-1.0,-1.0,0.0,-0.24411134903640258,-0.12253829321663019,-0.06201550387596899,-0.1718808895589898,0.09768637532133675,0.2886751345948128,0.6339745962155615,0.0,0.25,0.0790513833992093
0.5,-0.8,-1.0,0.0,-0.14132762312633834,-0.21444201312910285,-0.11074197120708748,-0.18394270637014687,0.09768637532133675,0.49999999999999994,0.3660254037844388,0.0,0.2857142857142857,0.06783118704577341
0.5,-0.6,-1.0,0.0,0.03854389721627409,-0.10940919037199125,-0.20376522702104097,-0.11609498680738774,0.11311053984575835,0.5773502691896257,1.793007356604921e-16,0.0,0.32142857142857145,0.07803136554889706
0.5,-0.4,0.0,0.0,0.24411134903640258,0.07439824945295405,-0.09745293466223699,0.055785902751602064,0.493573264781491,0.5,-0.3660254037844383,1.0,0.35714285714285715,0.11118194568404925
0.5,-0.2,0.0,0.0,0.2955032119914347,0.2844638949671772,0.08859357696567,0.2095740670938561,0.493573264781491,0.2886751345948128,-0.6339745962155612,0.0,0.39285714285714285,0.11271197245951782
0.5,0.0,0.0,0.0,0.10278372591006424,0.33698030634573306,0.301218161683278,0.2321899736147758,0.493573264781491,0.0,-0.7320508075688771,0.0,0.42857142857142855,0.09129159760295785
0.5,0.2,1.0,0.0,0.6124197002141327,0.1400437636761488,0.35437430786268,0.3618545043347157,0.4370179948586118,-0.2886751345948128,-0.6339745962155612,0.0,0.4642857142857143,0.13056228483998478
0.5,0.4,1.0,0.0,0.6423982869379015,0.6608315098468271,0.15503875968992248,0.4839803995476821,0.20051413881748073,-0.5,-0.36602540378443876,0.0,0.5,0.17901313272982267
0.5,0.6,1.0,0.0,0.9978586723768736,0.6914660831509847,0.6821705426356589,0.799095363739163,0.14910025706940874,-0.577350269189626,0.0,0.0,0.5357142857142857,0.2932551319648095
0.5,0.8,2.0,0.0,0.7880085653104925,1.0547045951859957,0.7131782945736435,0.8609121748963438,0.02570694087403599,-0.5000000000000001,0.3660254037844388,0.0,0.5714285714285714,0.38760678311870406
0.5,1.0,2.0,0.0,0.728051391862955,0.8402625820568927,1.080841638981174,0.8910667169242369,-0.030848329048843187,-0.2886751345948132,0.6339745962155612,0.0,0.6071428571428571,0.48705852352416107
0.5,1.2,2.0,0.0,0.7665952890792291,0.7789934354485777,0.8637873754152824,0.809649453448926,-0.13881748071979436,-2.1211504774498138e-16,0.7320508075688774,0.0,0.6428571428571429,0.5967104424327422
1.0,-1.0,-1.0,0.0,0.6723768736616702,0.8183807439824945,0.8017718715393134,0.7689408217112705,-0.015424164524421594,0.2886751345948128,0.6339745962155615,0.0,0.6785714285714286,0.7058523524161666
1.0,-0.8,-1.0,0.0,0.6466809421841542,0.7221006564551422,0.8416389811738649,0.7402940067847718,0.20051413881748073,0.49999999999999994,0.3660254037844388,0.0,0.7142857142857143,0.7996939946449061
1.0,-0.6,-1.0,0.0,1.0364025695931478,0.6958424507658644,0.7441860465116279,0.8352808141726346,0.4473007712082262,0.5773502691896257,1.793007356604921e-16,0.0,0.75,0.9185260742062977
1.0,-0.4,0.0,0.0,1.0364025695931478,1.0940919037199124,0.717607973421927,0.96343761779118,0.5089974293059126,0.5,-0.3660254037844383,1.0,0.7857142857142857,1.0128777253601933
1.0,-0.2,0.0,0.0,1.1563169164882228,1.0940919037199124,1.1207087486157254,1.1428571428571426,0.2776349614395887,0.2886751345948128,-0.6339745962155612,0.0,0.8214285714285714,1.1153895193165875
1.0,0.0,0.0,0.0,1.6745182012847966,1.2166301969365427,1.1207087486157254,1.3675084809649454,0.8894601542416453,0.0,-0.7320508075688771,0.0,0.8571428571428571,1.3025627948489087
1.0,0.2,1.0,0.0,1.4518201284796575,1.7461706783369804,1.2447397563676634,1.513758009800226,0.9254498714652957,-0.2886751345948128,-0.6339745962155612,0.0,0.8928571428571429,1.4025245441795227
1.0,0.4,1.0,0.0,1.0578158458244111,1.5185995623632385,1.7807308970099667,1.4790802864681494,1.352185089974293,-0.5,-0.36602540378443876,0.0,0.9285714285714286,1.4519954099196728
1.0,0.6,1.0,0.0,1.1092077087794432,1.1159737417943107,1.550387596899225,1.2800603090840559,1.1002570694087404,-0.577350269189626,0.0,0.0,0.9642857142857143,1.465255641973734
1.0,0.8,2.0,0.0,0.9850107066381156,1.1684901531728664,1.1428571428571428,1.115718055032039,1.0282776349614395,-0.5000000000000001,0.3660254037844388,0.0,1.0,1.4887160525309184
-1.0,-0.8,-1.0,0.2,-0.5867237687366167,-0.5645514223194749,-0.5448504983388704,-0.6091217489634374,-1.2802056555269923,0.49999999999999994,0.3660254037844388,0.0,-1.0,-0.46971822006885094
-1.0,-0.6,-1.0,0.2,1.1905781584582442,-0.5645514223194749,-0.5581395348837209,0.0120618168111574,-0.987146529562982,0.5773502691896257,1.793007356604921e-16,0.0,-0.9642857142857143,-0.18564324875685329
-1.0,-0.4,0.0,0.2,0.6209850107066381,1.2516411378555798,-0.5581395348837209,0.4372408594044476,0.2930591259640103,0.5,-0.3660254037844383,0.0,-0.9285714285714286,0.0015300267754685699
-1.0,-0.2,0.0,0.2,0.5010706638115632,0.6695842450765864,1.2801771871539314,0.8202035431586883,1.3624678663239074,0.2886751345948128,-0.6339745962155612,1.0,-0.8928571428571429,0.04743083003952566
-1.0,0.0,0.0,0.2,0.5010706638115632,0.5470459518599562,0.6910299003322259,0.5774594798341498,0.4318766066838046,0.0,-0.7320508075688771,0.0,-0.8571428571428571,-0.012750223128904897
-1.0,0.2,1.0,0.2,-0.9635974304068522,0.5470459518599562,0.5669988925802879,0.019600452318130526,-0.07197943444730077,-0.2886751345948128,-0.6339745962155612,0.0,-0.8214285714285714,-0.1550427132474819
-1.0,0.4,1.0,0.2,-1.417558886509636,-0.949671772428884,0.5669988925802879,-0.6558612891066716,-0.2776349614395887,-0.5,-0.36602540378443876,0.0,-0.7857142857142857,-0.30141527476730823
-1.0,0.6,1.0,0.2,-1.417558886509636,-1.4135667396061269,-0.9479512735326688,-1.3313230305314734,-0.4267352185089974,-0.577350269189626,0.0,0.0,-0.75,-0.42738747928088733
-1.0,0.8,2.0,0.2,-0.8822269807280514,-1.4135667396061269,-1.41749723145072,-1.3026762156049754,-0.5089974293059126,-0.5000000000000001,0.3660254037844388,0.0,-0.7142857142857143,-0.47481830932041297
-1.0,1.0,2.0,0.2,-0.9336188436830836,-0.8665207877461707,-1.41749723145072,-1.13230305314738,-0.5347043701799485,-0.2886751345948132,0.6339745962155612,0.0,-0.6785714285714286,-0.5202091036593137
-1.0,1.2,2.0,0.2,-0.8094218415417559,-0.9190371991247265,-0.8637873754152824,-0.9182058047493402,-0.5501285347043702,-2.1211504774498138e-16,0.7320508075688774,0.0,-0.6428571428571429,-0.5482595945429043
-0.5,-1.0,-1.0,0.2,-0.8008565310492506,-0.7921225382932167,-0.9169435215946844,-0.8895589898228419,-0.5501285347043702,0.2886751345948128,0.6339745962155615,0.0,-0.6071428571428571,-0.5737600408007136
-0.5,-0.8,-1.0,0.2,-0.8008565310492506,-0.7833698030634574,-0.7884828349944629,-0.8428194496796076,1.583547557840617,0.49999999999999994,0.3660254037844388,0.0,-0.5714285714285714,-0.599260487058523
-0.5,-0.6,-1.0,0.2,-0.8179871520342612,-0.7833698030634574,-0.7796234772978959,-0.8458349038823972,0.8997429305912596,0.5773502691896257,1.793007356604921e-16,0.0,-0.5357142857142857,-0.8384546729567762
-0.5,-0.4,0.0,0.2,-0.6852248394004282,-0.8008752735229759,-0.7796234772978959,-0.8051262721447418,0.7557840616966581,0.5,-0.3660254037844383,0.0,-0.5,-0.994007395129414
-0.5,-0.2,0.0,0.2,-0.6423982869379015,-0.6652078774617067,-0.7973421926910299,-0.7493403693931396,0.7557840616966581,0.2886751345948128,-0.6339745962155612,1.0,-0.4642857142857143,-1.1301797781461167
-0.5,0.0,0.0,0.2,-0.6937901498929336,-0.6214442013129103,-0.6600221483942414,-0.705616283452695,-1.0025706940874035,0.0,-0.7320508075688771,0.0,-0.42857142857142855,-1.2724722682646936
-0.5,0.2,1.0,0.2,-0.6937901498929336,-0.6739606126914661,-0.6157253599114064,-0.7086317376554842,-1.5475578406169666,-0.2886751345948128,-0.6339745962155612,0.0,-0.39285714285714285,-1.2403417059798538
-0.5,0.4,1.0,0.2,-0.728051391862955,-0.6739606126914661,-0.6688815060908084,-0.738786279683377,-1.5475578406169666,-0.5,-0.36602540378443876,0.0,-0.35714285714285715,-1.1582302690297073
-0.5,0.6,1.0,0.2,-0.6252676659528907,-0.7089715536105032,-0.6688815060908084,-0.7146626460610629,-0.9048843187660668,-0.577350269189626,0.0,0.0,-0.32142857142857145,-1.0638786178758124
-0.5,0.8,2.0,0.2,-0.7066381156316917,-0.6039387308533917,-0.7043189368770764,-0.7191858273652468,-0.9665809768637532,-0.5000000000000001,0.3660254037844388,0.0,-0.2857142857142857,-1.0429682519444083
-0.5,1.0,2.0,0.2,-0.7366167023554604,-0.687089715536105,-0.5980066445182725,-0.722201281568036,-0.8174807197943444,-0.2886751345948132,0.6339745962155612,0.0,-0.25,-1.0195078413872238
-0.5,1.2,2.0,0.2,-0.7323340471092077,-0.7177242888402626,-0.6821705426356589,-0.7598944591029023,-0.8071979434447301,-2.1211504774498138e-16,0.7320508075688774,0.0,-0.21428571428571427,-1.0103276807344124
0.0,-1.0,-1.0,0.2,-0.7922912205567452,-0.7133479212253829,-0.7131782945736435,-0.7900490011307951,-0.8071979434447301,0.2886751345948128,0.6339745962155615,0.0,-0.17857142857142858,-1.0093076628840998
0.0,-0.8,-1.0,0.2,-0.6509635974304069,-0.774617067833698,-0.70874861572536,-0.7598944591029023,-0.8277634961439588,0.49999999999999994,0.3660254037844388,0.0,-0.14285714285714285,-0.9914573505036333
0.0,-0.6,-1.0,0.2,-0.6638115631691649,-0.6301969365426696,-0.770764119601329,-0.7357708254805878,-0.6683804627249358,0.5773502691896257,1.793007356604921e-16,0.0,-0.10714285714285714,-0.9730970291980103
0.0,-0.4,0.0,0.2,-0.6338329764453962,-0.6433260393873085,-0.6245847176079734,-0.6799849227289858,-0.6169665809768637,0.5,-0.3660254037844383,0.0,-0.07142857142857142,-0.9669769220961361
0.0,-0.2,0.0,0.2,-0.4197002141327623,-0.612691466083151,-0.6378737541528239,-0.5985676592536748,-0.6786632390745502,0.2886751345948128,-0.6339745962155612,1.0,-0.03571428571428571,-0.9404564579880141
0.0,0.0,0.0,0.2,-0.4197002141327623,-0.3938730853391685,-0.6068660022148394,-0.5126272144741799,-0.6786632390745502,0.0,-0.7320508075688771,0.0,0.0,-0.9078158867780183
0.0,0.2,1.0,0.2,-0.4197002141327623,-0.3938730853391685,-0.3853820598006645,-0.4372408594044476,-0.7197943444730077,-0.2886751345948128,-0.6339745962155612,0.0,0.03571428571428571,-0.875175315568022
0.0,0.4,1.0,0.2,-1.139186295503212,-0.3938730853391685,-0.3853820598006645,-0.6905390124387484,-0.596401028277635,-0.5,-0.36602540378443876,0.0,0.07142857142857142,-0.9241361723830162
0.0,0.6,1.0,0.2,-0.9421841541755889,-1.1291028446389497,-0.3853820598006645,-0.8744817188088952,-0.6940874035989717,-0.577350269189626,0.0,0.0,0.10714285714285714,-0.961876832844574
0.0,0.8,2.0,0.2,-0.9850107066381156,-0.9277899343544858,-1.1295681063122924,-1.0735016961929886,-0.7300771208226221,-0.5000000000000001,0.3660254037844388,0.0,0.14285714285714285,-0.9950274129797267
0.0,1.0,2.0,0.2,-0.9678800856531049,-0.9715536105032823,-0.9258028792912514,-1.013192612137203,-0.7249357326478149,-0.2886751345948132,0.6339745962155612,0.0,0.17857142857142858,-1.022567894938161
0.0,1.2,2.0,0.2,-1.0235546038543897,-0.9540481400437637,-0.9700996677740864,-1.041839427063701,-0.7969151670951157,-2.1211504774498138e-16,0.7320508075688774,0.0,0.21428571428571427,-1.0572485018487818
0.5,-1.0,-1.0,0.2,-1.1177730192719486,-1.0109409190371992,-0.9523809523809523,-1.0885789672069353,-0.6272493573264781,0.2886751345948128,0.6339745962155615,0.0,0.25,-1.0960091801606524
0.5,-0.8,-1.0,0.2,-0.8179871520342612,-1.1072210065645514,-1.0099667774086378,-1.0358085186581227,-0.6426735218508998,0.49999999999999994,0.3660254037844388,0.0,0.2857142857142857,-1.1158995282417437
0.5,-0.6,-1.0,0.2,-0.582441113490364,-0.8008752735229759,-1.1074197120708749,-0.880512627214474,-0.6066838046272494,0.5773502691896257,1.793007356604921e-16,0.0,0.32142857142857145,-1.106209358663776
0.5,-0.4,0.0,0.2,-0.39400428265524623,-0.5601750547045952,-0.7973421926910299,-0.6257067470787785,-0.3496143958868895,0.5,-0.3660254037844383,1.0,0.35714285714285715,-1.0776488588550295
0.5,-0.2,0.0,0.2,-0.3468950749464668,-0.3676148796498906,-0.5537098560354374,-0.45985676592536734,-0.3496143958868895,0.2886751345948128,-0.6339745962155612,0.0,0.39285714285714285,-1.068978707127374
0.5,0.0,0.0,0.2,-0.21841541755888652,-0.31947483588621445,-0.3588039867109635,-0.3316999623068222,-0.3496143958868895,0.0,-0.7320508075688771,0.0,0.42857142857142855,-1.045008287645033
0.5,0.2,1.0,0.2,0.15417558886509636,-0.18818380743982493,-0.31007751937984496,-0.13871089332830744,-1.2133676092544987,-0.2886751345948128,-0.6339745962155612,0.0,0.4642857142857143,-0.9766670916741038
0.5,0.4,1.0,0.2,0.28693790149892934,0.1925601750547046,-0.17718715393134,0.08443271767810047,-0.9768637532133676,-0.5,-0.36602540378443876,0.0,0.5,-0.8068341195970926
0.5,0.6,1.0,0.2,0.41113490364025695,0.3282275711159737,0.2081949058693245,0.30606860158311333,-1.0282776349614395,-0.577350269189626,0.0,0.0,0.5357142857142857,-0.6456712992477365
0.5,0.8,2.0,0.2,0.24411134903640258,0.4551422319474836,0.34551495016611294,0.33773087071240093,-1.0077120822622108,-0.5000000000000001,0.3660254037844388,0.0,0.5714285714285714,-0.4992987377279101
0.5,1.0,2.0,0.2,0.11134903640256959,0.2844638949671772,0.4739756367663344,0.2759140595552208,-1.0745501285347043,-0.2886751345948132,0.6339745962155612,0.0,0.6071428571428571,-0.3707764885885502
0.5,1.2,2.0,0.2,-0.08993576017130621,0.1487964989059081,0.301218161683278,0.09950998869204705,-1.1876606683804627,-2.1211504774498138e-16,0.7320508075688774,0.0,0.6428571428571429,-0.2595945429045005
1.0,-1.0,-1.0,0.2,-0.09850107066381156,-0.05689277899343545,0.1638981173864895,-0.021108179419524954,-0.8277634961439588,0.2886751345948128,0.6339745962155615,0.0,0.6785714285714286,-0.13821241871732762
1.0,-0.8,-1.0,0.2,0.22698072805139186,-0.06564551422319474,-0.044296788482835,0.019600452318130526,-0.5449871465295629,0.49999999999999994,0.3660254037844388,0.0,0.7142857142857143,-0.013770240979217129
1.0,-0.6,-1.0,0.2,0.2398286937901499,0.26695842450765866,-0.053156146179401995,0.1356954391255186,-0.31876606683804626,0.5773502691896257,1.793007356604921e-16,0.0,0.75,0.08415147265077134
1.0,-0.4,0.0,0.2,0.278372591006424,0.2800875273522976,0.28349944629014395,0.2683754240482473,-0.2622107969151671,0.5,-0.3660254037844383,1.0,0.7857142857142857,0.16422287390029286
1.0,-0.2,0.0,0.2,0.4411134903640257,0.31947483588621445,0.2967884828349945,0.34376177911797995,-0.10796915167095116,0.2886751345948128,-0.6339745962155612,0.0,0.8214285714285714,0.2580645161290324
1.0,0.0,0.0,0.2,0.5738758029978587,0.48577680525164113,0.33665559246954596,0.4613644930267624,0.3393316195372751,0.0,-0.7320508075688771,0.0,0.8571428571428571,0.35241616728292696
1.0,0.2,1.0,0.2,0.5353319057815846,0.6214442013129103,0.5049833887043189,0.5518281191104413,0.4987146529562982,-0.2886751345948128,-0.6339745962155612,0.0,0.8928571428571429,0.39780696162182816
1.0,0.4,1.0,0.2,0.3083511777301927,0.5820568927789934,0.6423034330011074,0.5050885789672068,0.6478149100257069,-0.5,-0.36602540378443876,0.0,0.9285714285714286,0.4003570062476094
1.0,0.6,1.0,0.2,0.39828693790149894,0.350109409190372,0.602436323366556,0.44327176781002664,0.4473007712082262,-0.577350269189626,0.0,0.0,0.9642857142857143,0.3988269794721408
1.0,0.8,2.0,0.2,0.3683083511777302,0.4420131291028446,0.36766334440753046,0.38447041085563544,0.2879177377892031,-0.5000000000000001,0.3660254037844388,0.0,1.0,0.41361723830166974
-1.0,-0.8,-1.0,0.4,0.1284796573875803,0.16630196936542668,0.10188261351052048,0.11458725970599332,-0.4267352185089974,0.49999999999999994,0.3660254037844388,0.0,-1.0,0.46869820221853825
-1.0,-0.6,-1.0,0.4,1.0835117773019272,0.16630196936542668,0.18161683277962348,0.4779494911421031,-0.02570694087403599,0.5773502691896257,1.793007356604921e-16,0.0,-0.9642857142857143,0.6553614688257038
-1.0,-0.4,0.0,0.4,1.563169164882227,1.1422319474835887,0.18161683277962348,0.9830380701093102,1.0848329048843188,0.5,-0.3660254037844383,0.0,-0.9285714285714286,0.8593650388881803
-1.0,-0.2,0.0,0.4,1.259100642398287,1.6323851203501094,1.169435215946844,1.3810780248774972,1.0848329048843188,0.2886751345948128,-0.6339745962155612,1.0,-0.8928571428571429,0.9169960474308292
-1.0,0.0,0.0,0.4,1.259100642398287,1.3216630196936543,1.665559246954596,1.4428948360346778,1.4035989717223651,0.0,-0.7320508075688771,0.0,-0.8571428571428571,0.974627055973479
-1.0,0.2,1.0,0.4,1.259100642398287,1.3216630196936543,1.3510520487264672,1.3358462118356578,1.141388174807198,-0.2886751345948128,-0.6339745962155612,0.0,-0.8214285714285714,1.0006375111564447
-1.0,0.4,1.0,0.4,-0.5610278372591007,1.3216630196936543,1.3510520487264672,0.6950621937429323,0.5809768637532133,-0.5,-0.36602540378443876,0.0,-0.7857142857142857,0.835904628330995
-1.0,0.6,1.0,0.4,-0.7708779443254818,-0.5382932166301969,1.3510520487264672,-0.019600452318130197,0.32904884318766064,-0.577350269189626,0.0,0.0,-0.75,0.7017722810149176
-1.0,0.8,2.0,0.4,-0.15845824411134904,-0.7527352297592997,-0.53156146179402,-0.5186581228797585,0.35475578406169667,-0.5000000000000001,0.3660254037844388,0.0,-0.7142857142857143,0.6655616473288278
-1.0,1.0,2.0,0.4,-0.19271948608137046,-0.12691466083150985,-0.7486157253599114,-0.38899359215981905,0.2159383033419023,-0.2886751345948132,0.6339745962155612,0.0,-0.6785714285714286,0.6227208976157079
-1.0,1.2,2.0,0.4,-0.20985010706638116,-0.16192560175054704,-0.11517165005537099,-0.19148134187712,0.30848329048843187,-2.1211504774498138e-16,0.7320508075688774,0.0,-0.6428571428571429,0.5916103531811806
-0.5,-1.0,-1.0,0.4,-0.059957173447537475,-0.17943107221006566,-0.150609080841639,-0.1568036185450432,0.30848329048843187,0.2886751345948128,0.6339745962155615,0.0,-0.6071428571428571,0.569169960474308
-0.5,-0.8,-1.0,0.4,-0.059957173447537475,-0.0262582056892779,-0.16832779623477298,-0.11006407840180904,1.455012853470437,0.49999999999999994,0.3660254037844388,0.0,-0.5714285714285714,0.5467295677674353
-0.5,-0.6,-1.0,0.4,-0.08137044967880086,-0.0262582056892779,-0.013289036544850499,-0.06483226535996962,2.030848329048843,0.5773502691896257,1.793007356604921e-16,0.0,-0.5357142857142857,0.40800714012495226
-0.5,-0.4,0.0,0.4,0.047109207708779445,-0.04814004376367615,-0.013289036544850499,-0.027139087825103655,1.6658097686375322,0.5,-0.3660254037844383,0.0,-0.5,0.227463980619661
-0.5,-0.2,0.0,0.4,-0.047109207708779445,0.08315098468271334,-0.035437430786267994,-0.022615906520919712,1.6658097686375322,0.2886751345948128,-0.6339745962155612,1.0,-0.4642857142857143,0.07191125844702279
-0.5,0.0,0.0,0.4,0.004282655246252677,-0.01312910284463895,0.09745293466223699,0.007538635506973456,1.6658097686375322,0.0,-0.7320508075688771,0.0,-0.42857142857142855,-0.07752135662374073
-0.5,0.2,1.0,0.4,0.004282655246252677,0.03938730853391685,0.0,-0.007538635506973128,-0.519280205655527,-0.2886751345948128,-0.6339745962155612,0.0,-0.39285714285714285,-0.22695397169450468
-0.5,0.4,1.0,0.4,-0.07708779443254818,0.03938730853391685,0.053156146179401995,-0.01809272521673577,-0.7712082262210797,-0.5,-0.36602540378443876,0.0,-0.35714285714285715,-0.1693229631518549
-0.5,0.6,1.0,0.4,-0.06852248394004283,-0.0437636761487965,0.053156146179401995,-0.04372408594044466,-0.03598971722365039,-0.577350269189626,0.0,0.0,-0.32142857142857145,-0.08568149942623991
-0.5,0.8,2.0,0.4,-0.034261241970021415,-0.0350109409190372,-0.031007751937984496,-0.05729362985299649,-0.07712082262210797,-0.5000000000000001,0.3660254037844388,0.0,-0.2857142857142857,-0.07089124059671055
-0.5,1.0,2.0,0.4,-0.11134903640256959,0.0,-0.0221483942414175,-0.06935544666415357,-0.09768637532133675,-0.2886751345948132,0.6339745962155612,0.0,-0.25,-0.061201071018742795
-0.5,1.2,2.0,0.4,-0.08137044967880086,-0.0787746170678337,0.013289036544850499,-0.07387862796833751,0.08226221079691516,-2.1211504774498138e-16,0.7320508075688774,0.0,-0.21428571428571427,-0.04590080326405709
0.0,-1.0,-1.0,0.4,-0.06852248394004283,-0.04814004376367615,-0.0664451827242525,-0.0859404447794949,0.08226221079691516,0.2886751345948128,0.6339745962155615,0.0,-0.17857142857142858,-0.04692082111436933
0.0,-0.8,-1.0,0.4,-0.017130620985010708,-0.0350109409190372,-0.035437430786267994,-0.05277044854881255,0.056555269922879174,0.49999999999999994,0.3660254037844388,0.0,-0.14285714285714285,-0.04182073186280772
0.0,-0.6,-1.0,0.4,-0.017130620985010708,0.0175054704595186,-0.0221483942414175,-0.030154542027892837,0.21079691516709512,0.5773502691896257,1.793007356604921e-16,0.0,-0.10714285714285714,-0.03417059798546487
0.0,-0.4,0.0,0.4,0.021413276231263382,0.0175054704595186,0.031007751937984496,0.0015077271013947571,0.09768637532133675,0.5,-0.3660254037844383,0.0,-0.07142857142857142,-0.03723065153640202
0.0,-0.2,0.0,0.4,0.19700214132762311,0.05689277899343545,0.031007751937984496,0.07689408217112702,0.15938303341902313,0.2886751345948128,-0.6339745962155612,1.0,-0.03571428571428571,-0.008160142802499187
0.0,0.0,0.0,0.4,0.19700214132762311,0.2363238512035011,0.07087486157253599,0.15228043724085927,0.15938303341902313,0.0,-0.7320508075688771,0.0,0.0,0.014790258829529359
0.0,0.2,1.0,0.4,0.19700214132762311,0.2363238512035011,0.25249169435215946,0.21409724839804004,0.061696658097686374,-0.2886751345948128,-0.6339745962155612,0.0,0.03571428571428571,0.037740660461557905
0.0,0.4,1.0,0.4,-0.03854389721627409,0.2363238512035011,0.25249169435215946,0.13117225782133465,0.07197943444730077,-0.5,-0.36602540378443876,0.0,0.07142857142857142,0.04233074078796362
0.0,0.6,1.0,0.4,-0.029978586723768737,-0.00437636761487965,0.25249169435215946,0.05126272144741812,0.11311053984575835,-0.577350269189626,0.0,0.0,0.10714285714285714,0.04692082111436933
0.0,0.8,2.0,0.4,-0.06423982869379015,0.00437636761487965,0.008859357696566999,-0.04070863173765548,0.02056555269922879,-0.5000000000000001,0.3660254037844388,0.0,0.14285714285714285,0.04335075863827629
0.0,1.0,2.0,0.4,-0.16274089935760172,-0.030634573304157548,0.017718715393133997,-0.08443271767810015,0.056555269922879174,-0.2886751345948132,0.6339745962155612,0.0,0.17857142857142858,0.03723065153640202
0.0,1.2,2.0,0.4,-0.19271948608137046,-0.13129102844638948,-0.017718715393133997,-0.14172634753109664,0.07197943444730077,-2.1211504774498138e-16,0.7320508075688774,0.0,0.21428571428571427,0.023970419482340778
0.5,-1.0,-1.0,0.4,-0.26124197002141325,-0.16192560175054704,-0.11960132890365449,-0.21108179419525053,0.13367609254498714,0.2886751345948128,0.6339745962155615,0.0,0.25,0.0010200178503122314
0.5,-0.8,-1.0,0.4,-0.17987152034261242,-0.23194748358862144,-0.150609080841639,-0.21711270260082924,0.13367609254498714,0.49999999999999994,0.3660254037844388,0.0,0.2857142857142857,-0.01836032130562284
0.5,-0.6,-1.0,0.4,-0.034261241970021415,-0.1487964989059081,-0.22148394241417496,-0.16132679984922715,0.17994858611825193,0.5773502691896257,1.793007356604921e-16,0.0,0.32142857142857145,-0.020400357006247746
0.5,-0.4,0.0,0.4,0.08137044967880086,0.0,-0.13732004429678848,-0.04070863173765548,0.390745501285347,0.5,-0.3660254037844383,1.0,0.35714285714285715,-0.013260232054060789
0.5,-0.2,0.0,0.4,0.2012847965738758,0.11816192560175055,0.013289036544850499,0.09347908028646836,0.390745501285347,0.2886751345948128,-0.6339745962155612,0.0,0.39285714285714285,-0.012750223128904897
0.5,0.0,0.0,0.4,0.2012847965738758,0.24070021881838075,0.132890365448505,0.17640407086317408,0.390745501285347,0.0,-0.7320508075688771,0.0,0.42857142857142855,-0.012240214203748559
0.5,0.2,1.0,0.4,0.8051391862955032,0.24070021881838075,0.25692137320044295,0.4312099509988693,0.10796915167095116,-0.2886751345948128,-0.6339745962155612,0.0,0.4642857142857143,0.06018105316843056
0.5,0.4,1.0,0.4,0.8094218415417559,0.8577680525164114,0.25692137320044295,0.645307199396909,0.11825192802056556,-0.5,-0.36602540378443876,0.0,0.5,0.16116282034935572
0.5,0.6,1.0,0.4,1.0149892933618843,0.862144420131291,0.8815060908084164,0.9317753486618924,0.07712082262210797,-0.577350269189626,0.0,0.0,0.5357142857142857,0.28560499808746664
0.5,0.8,2.0,0.4,0.8222698072805139,1.0722100656455142,0.8859357696566998,0.9378062570674708,-0.04113110539845758,-0.5000000000000001,0.3660254037844388,0.0,0.5714285714285714,0.391176845594798
0.5,1.0,2.0,0.4,0.7194860813704497,0.87527352297593,1.0985603543743079,0.9061439879381832,-0.07712082262210797,-0.2886751345948132,0.6339745962155612,0.0,0.6071428571428571,0.49623868417697253
0.5,1.2,2.0,0.4,0.7323340471092077,0.7702407002188184,0.8992248062015504,0.8066339992461364,-0.15938303341902313,-2.1211504774498138e-16,0.7320508075688774,0.0,0.6428571428571429,0.6064006120107095
1.0,-1.0,-1.0,0.4,0.6124197002141327,0.7833698030634574,0.7929125138427464,0.732755371277799,-0.061696658097686374,0.2886751345948128,0.6339745962155615,0.0,0.6785714285714286,0.7104424327425722
1.0,-0.8,-1.0,0.4,0.6124197002141327,0.6608315098468271,0.8062015503875969,0.6950621937429323,0.11311053984575835,0.49999999999999994,0.3660254037844388,0.0,0.7142857142857143,0.8047940838964677
1.0,-0.6,-1.0,0.4,0.9293361884368309,0.6608315098468271,0.6821705426356589,0.7644176404070866,0.2519280205655527,0.5773502691896257,1.793007356604921e-16,0.0,0.75,0.9195460920566104
1.0,-0.4,0.0,0.4,0.9336188436830836,0.9846827133479212,0.6821705426356589,0.8774971730116852,0.39588688946015427,0.5,-0.3660254037844383,1.0,0.7857142857142857,1.021037868162692
1.0,-0.2,0.0,0.4,1.1948608137044967,0.9890590809628009,1.0099667774086378,1.082548058801357,0.39588688946015427,0.2886751345948128,-0.6339745962155612,0.0,0.8214285714285714,1.1393599387989286
1.0,0.0,0.0,0.4,1.5717344753747324,1.2560175054704594,1.0143964562569214,1.3087071240105541,1.1208226221079691,0.0,-0.7320508075688771,0.0,0.8571428571428571,1.3025627948489087
1.0,0.2,1.0,0.4,1.323340471092077,1.6411378555798688,1.2846068660022147,1.4459102902374668,1.1259640102827764,-0.2886751345948128,-0.6339745962155612,0.0,0.8928571428571429,1.3642738747928083
1.0,0.4,1.0,0.4,1.006423982869379,1.387308533916849,1.6744186046511629,1.3795702977761026,1.3727506426735219,-0.5,-0.36602540378443876,0.0,0.9285714285714286,1.3877342853499928
1.0,0.6,1.0,0.4,0.9721627408993576,1.0634573304157549,1.41749723145072,1.1684885035808519,1.141388174807198,-0.577350269189626,0.0,0.0,0.9642857142857143,1.3826341960984312
1.0,0.8,2.0,0.4,0.9164882226980728,1.0284463894967177,1.089700996677741,1.02525442894836,1.0179948586118253,-0.5000000000000001,0.3660254037844388,0.0,1.0,1.3938543924518672
-1.0,-1.0,-1.0,0.6,0.01284796573875803,-0.0175054704595186,0.0221483942414175,-0.01658499811534101,-0.5758354755784062,0.2886751345948128,0.6339745962155615,0.0,-1.0357142857142858,0.1973734540354455
-1.0,-0.8,-1.0,0.6,0.01284796573875803,0.04814004376367615,-0.004429678848283499,-0.003015454202789185,-0.6375321336760925,0.49999999999999994,0.3660254037844388,0.0,-1.0,0.27132474818309277
-1.0,-0.6,-1.0,0.6,1.1049250535331905,0.04814004376367615,0.06201550387596899,0.4040708631737656,-0.4318766066838046,0.5773502691896257,1.793007356604921e-16,0.0,-0.9642857142857143,0.4814484253474436
-1.0,-0.4,0.0,0.6,1.2291220556745182,1.1641137855579868,0.06201550387596899,0.8322653599698457,0.4832904884318766,0.5,-0.3660254037844383,0.0,-0.9285714285714286,0.6859620043350751
-1.0,-0.2,0.0,0.6,1.15203426124197,1.2910284463894968,1.1915836101882613,1.2333207689408214,1.4858611825192802,0.2886751345948128,-0.6339745962155612,1.0,-0.8928571428571429,0.7905138339920947
-1.0,0.0,0.0,0.6,1.0920770877944326,1.212253829321663,1.320044296788483,1.2287975876366375,1.1979434447300772,0.0,-0.7320508075688771,0.0,-0.8571428571428571,0.7884737982914694
-1.0,0.2,1.0,0.6,0.14132762312633834,1.1509846827133479,1.2403100775193798,0.8458349038823976,0.9357326478149101,-0.2886751345948128,-0.6339745962155612,0.0,-0.8214285714285714,0.7017722810149176
-1.0,0.4,1.0,0.6,-0.556745182012848,0.17943107221006566,1.178294573643411,0.2442517904259332,0.5141388174807198,-0.5,-0.36602540378443876,0.0,-0.7857142857142857,0.557949764120872
-1.0,0.6,1.0,0.6,-0.7794432548179872,-0.5339168490153173,0.19490586932447398,-0.4146249528835279,0.26735218508997427,-0.577350269189626,0.0,0.0,-0.75,0.4294275149815122
-1.0,0.8,2.0,0.6,-0.47109207708779444,-0.7614879649890591,-0.5271317829457365,-0.6302299283829624,0.12339331619537275,-0.5000000000000001,0.3660254037844388,0.0,-0.7142857142857143,0.36210633686089516
-1.0,1.0,2.0,0.6,-0.44967880085653106,-0.44638949671772427,-0.7574750830564784,-0.5925367508480964,0.09254498714652956,-0.2886751345948132,0.6339745962155612,0.0,-0.6785714285714286,0.31161545327043233
-1.0,1.2,2.0,0.6,-0.33832976445396146,-0.424507658643326,-0.43853820598006643,-0.4372408594044476,0.16966580976863754,-2.1211504774498138e-16,0.7320508075688774,0.0,-0.6428571428571429,0.27744485528496704
-0.5,-1.0,-1.0,0.6,-0.25267665952890794,-0.31072210065645517,-0.416389811738649,-0.3603467772333206,0.16966580976863754,0.2886751345948128,0.6339745962155615,0.0,-0.6071428571428571,0.24582430192528384
-0.5,-0.8,-1.0,0.6,-0.25267665952890794,-0.22319474835886213,-0.301218161683278,-0.2909913305691667,1.480719794344473,0.49999999999999994,0.3660254037844388,0.0,-0.5714285714285714,0.21420374856559976
-0.5,-0.6,-1.0,0.6,-0.3297644539614561,-0.22319474835886213,-0.21262458471760798,-0.28797587636637756,1.6298200514138816,0.5773502691896257,1.793007356604921e-16,0.0,-0.5357142857142857,0.04335075863827629
-0.5,-0.4,0.0,0.6,-0.19700214132762311,-0.30196936542669583,-0.21262458471760798,-0.268375424048247,1.5372750642673523,0.5,-0.3660254037844383,0.0,-0.5,-0.12648221343873495
-0.5,-0.2,0.0,0.6,-0.15845824411134904,-0.16630196936542668,-0.292358803986711,-0.23520542781756498,1.4652956298200515,0.2886751345948128,-0.6339745962155612,1.0,-0.4642857142857143,-0.28254494453652906
-0.5,0.0,0.0,0.6,-0.13704496788008566,-0.12691466083150985,-0.15503875968992248,-0.16735770825480586,0.32390745501285345,0.0,-0.7320508075688771,0.0,-0.42857142857142855,-0.42891750605635587
-0.5,0.2,1.0,0.6,0.6338329764453962,-0.1050328227571116,-0.11517165005537099,0.12514134941575564,-0.5141388174807198,-0.2886751345948128,-0.6339745962155612,0.0,-0.39285714285714285,-0.3702664796633939
-0.5,0.4,1.0,0.6,-0.1670235546038544,0.6827133479212254,-0.09302325581395349,0.12212589521296677,-0.781491002570694,-0.5,-0.36602540378443876,0.0,-0.35714285714285715,-0.32385566747418043
-0.5,0.6,1.0,0.6,-0.07708779443254818,-0.13566739606126915,0.7043189368770764,0.14323407463249138,-0.41131105398457585,-0.577350269189626,0.0,0.0,-0.32142857142857145,-0.24021420374856545
-0.5,0.8,2.0,0.6,-0.13276231263383298,-0.0437636761487965,-0.12403100775193798,-0.12664907651715038,-0.3856041131105398,-0.5000000000000001,0.3660254037844388,0.0,-0.2857142857142857,-0.1999234986612263
-0.5,1.0,2.0,0.6,-0.1841541755888651,-0.10065645514223195,-0.031007751937984496,-0.13267998492272876,-0.2519280205655527,-0.2886751345948132,0.6339745962155612,0.0,-0.25,-0.1683029453015427
-0.5,1.2,2.0,0.6,-0.19700214132762311,-0.15317286652078774,-0.08859357696567,-0.17489634376177898,-0.14910025706940874,-2.1211504774498138e-16,0.7320508075688774,0.0,-0.21428571428571427,-0.1514726507713884
0.0,-1.0,-1.0,0.6,-0.21413276231263384,-0.16630196936542668,-0.14174972314507198,-0.2035431586882774,-0.14910025706940874,0.2886751345948128,0.6339745962155615,0.0,-0.17857142857142858,-0.1468825704449827
0.0,-0.8,-1.0,0.6,-0.13704496788008566,-0.1838074398249453,-0.15503875968992248,-0.18695816057293607,-0.2416452442159383,0.49999999999999994,0.3660254037844388,0.0,-0.14285714285714285,-0.13311232946576557
0.0,-0.6,-1.0,0.6,-0.6638115631691649,-0.1050328227571116,-0.17275747508305647,-0.35130041462495276,-0.08226221079691516,0.5773502691896257,1.793007356604921e-16,0.0,-0.10714285714285714,-0.1728930256279484
0.0,-0.4,0.0,0.6,-0.08993576017130621,-0.6433260393873085,-0.09302325581395349,-0.30757632868450807,-0.03598971722365039,0.5,-0.3660254037844383,0.0,-0.07142857142857142,-0.1601428024990435
0.0,-0.2,0.0,0.6,0.08993576017130621,-0.05689277899343545,-0.6378737541528239,-0.22766679231059153,-0.010282776349614395,0.2886751345948128,-0.6339745962155612,1.0,-0.03571428571428571,-0.13056228483998478
0.0,0.0,0.0,0.6,0.08993576017130621,0.12691466083150985,-0.044296788482835,0.03769317753486629,0.9151670951156813,0.0,-0.7320508075688771,0.0,0.0,-0.10353181180670641
0.0,0.2,1.0,0.6,0.08993576017130621,0.12691466083150985,0.14174972314507198,0.10101771579344149,-0.04627249357326478,-0.2886751345948128,-0.6339745962155612,0.0,0.03571428571428571,-0.1683029453015427
0.0,0.4,1.0,0.6,-0.21413276231263384,0.12691466083150985,0.14174972314507198,-0.00603090840557837,0.061696658097686374,-0.5,-0.36602540378443876,0.0,0.07142857142857142,-0.17391304347826061
0.0,0.6,1.0,0.6,-0.20985010706638116,-0.1838074398249453,0.14174972314507198,-0.1115718055032038,-0.005141388174807198,-0.577350269189626,0.0,0.0,0.10714285714285714,-0.18972332015810264
0.0,0.8,2.0,0.6,-0.26124197002141325,-0.17943107221006566,-0.17275747508305647,-0.23520542781756498,-0.06683804627249357,-0.5000000000000001,0.3660254037844388,0.0,0.14285714285714285,-0.20502358791278835
0.0,1.0,2.0,0.6,-0.2740899357601713,-0.23194748358862144,-0.16832779623477298,-0.25631360723708996,-0.08226221079691516,-0.2886751345948132,0.6339745962155612,0.0,0.17857142857142858,-0.21573377534106833
0.0,1.2,2.0,0.6,-0.3297644539614561,-0.24507658643326038,-0.22148394241417496,-0.2985299660761402,-0.10282776349614396,-2.1211504774498138e-16,0.7320508075688774,0.0,0.21428571428571427,-0.23154405202091038
0.5,-1.0,-1.0,0.6,-0.3511777301927195,-0.30196936542669583,-0.23477297895902546,-0.3301922352054278,-0.010282776349614395,0.2886751345948128,0.6339745962155615,0.0,0.25,-0.24786433762590832
0.5,-0.8,-1.0,0.6,-0.23554603854389722,-0.3238512035010941,-0.292358803986711,-0.31662269129287596,-0.6426735218508998,0.49999999999999994,0.3660254037844388,0.0,0.2857142857142857,-0.2595945429045005
0.5,-0.6,-1.0,0.6,-0.15417558886509636,-0.20568927789934355,-0.31450719822812845,-0.2548058801356952,0.04627249357326478,0.5773502691896257,1.793007356604921e-16,0.0,0.32142857142857145,-0.19890348081091408
0.5,-0.4,0.0,0.6,0.004282655246252677,-0.12253829321663019,-0.19490586932447398,-0.12966453071993958,0.2622107969151671,0.5,-0.3660254037844383,1.0,0.35714285714285715,-0.18768328445747776
0.5,-0.2,0.0,0.6,0.20556745182012848,0.03938730853391685,-0.11074197120708748,0.025631360723709227,0.2622107969151671,0.2886751345948128,-0.6339745962155612,0.0,0.39285714285714285,-0.17391304347826061
0.5,0.0,0.0,0.6,0.3511777301927195,0.24507658643326038,0.053156146179401995,0.20354315868827774,0.2622107969151671,0.0,-0.7320508075688771,0.0,0.42857142857142855,-0.14280249904373332
0.5,0.2,1.0,0.6,0.6423982869379015,0.3938730853391685,0.26135105204872644,0.42819449679607974,-0.10282776349614396,-0.2886751345948128,-0.6339745962155612,0.0,0.4642857142857143,-0.07701134769858482
0.5,0.4,1.0,0.6,0.7623126338329764,0.6914660831509847,0.4119601328903654,0.6241990199773844,-0.09768637532133675,-0.5,-0.36602540378443876,0.0,0.5,0.03927068723702647
0.5,0.6,1.0,0.6,0.9079229122055674,0.8140043763676149,0.7131782945736435,0.8202035431586883,-0.15938303341902313,-0.577350269189626,0.0,0.0,0.5357142857142857,0.1723830167027925
0.5,0.8,2.0,0.6,0.715203426124197,0.962800875273523,0.8372093023255814,0.8458349038823976,-0.17480719794344474,-0.5000000000000001,0.3660254037844388,0.0,0.5714285714285714,0.2886650516384038
0.5,1.0,2.0,0.6,0.5867237687366167,0.7658643326039387,0.9878183831672204,0.7840180927252167,-0.2416452442159383,-0.2886751345948132,0.6339745962155612,0.0,0.6071428571428571,0.391176845594798
0.5,1.2,2.0,0.6,0.5310492505353319,0.6345733041575492,0.7884828349944629,0.651338107802488,-0.26735218508997427,-2.1211504774498138e-16,0.7320508075688774,0.0,0.6428571428571429,0.49368863955119213
1.0,-1.0,-1.0,0.6,0.4925053533190578,0.5776805251641138,0.655592469545958,0.5729362985299659,-0.12853470437017994,0.2886751345948128,0.6339745962155615,0.0,0.6785714285714286,0.594160397806961
1.0,-0.8,-1.0,0.6,0.7109207708779444,0.5382932166301969,0.5980066445182725,0.6166603844704109,-0.030848329048843187,0.49999999999999994,0.3660254037844388,0.0,0.7142857142857143,0.7068723702664792
1.0,-0.6,-1.0,0.6,0.7965738758029979,0.7614879649890591,0.5581395348837209,0.7101394647568793,0.15938303341902313,0.5773502691896257,1.793007356604921e-16,0.0,0.75,0.8200943516511534
1.0,-0.4,0.0,0.6,0.7751605995717344,0.849015317286652,0.7840531561461794,0.809649453448926,0.40102827763496146,0.5,-0.3660254037844383,1.0,0.7857142857142857,0.9118959581792676
1.0,-0.2,0.0,0.6,1.0235546038543897,0.8271334792122538,0.8726467331118494,0.919713531850735,0.5758354755784062,0.2886751345948128,-0.6339745962155612,0.0,0.8214285714285714,1.0093076628841002
1.0,0.0,0.0,0.6,1.3319057815845825,1.0809628008752736,0.8504983388704319,1.1081794195250663,0.9254498714652957,0.0,-0.7320508075688771,0.0,0.8571428571428571,1.1260997067448673
1.0,0.2,1.0,0.6,1.1862955032119915,1.3960612691466083,1.1074197120708749,1.2529212212589522,1.069408740359897,-0.2886751345948128,-0.6339745962155612,0.0,0.8928571428571429,1.1908708402397032
1.0,0.4,1.0,0.6,1.0149892933618843,1.2472647702407003,1.426356589147287,1.2499057670561629,1.244215938303342,-0.5,-0.36602540378443876,0.0,0.9285714285714286,1.2209613668239188
1.0,0.6,1.0,0.6,0.9164882226980728,1.0722100656455142,1.2757475083056478,1.1036562382208823,1.012853470437018,-0.577350269189626,0.0,0.0,0.9642857142857143,1.2219813846742313
1.0,0.8,2.0,0.6,0.8779443254817987,0.9715536105032823,1.0985603543743079,0.9950998869204676,0.8586118251928021,-0.5000000000000001,0.3660254037844388,0.0,1.0,1.241361723830166
-1.0,-0.8,-1.0,0.8,-0.1284796573875803,-0.0962800875273523,-0.10631229235880399,-0.1372031662269127,-0.46272493573264784,0.49999999999999994,0.3660254037844388,0.0,-1.0,0.373326533214331
-1.0,-0.6,-1.0,0.8,2.0985010706638114,-0.0962800875273523,-0.08416389811738649,0.6543535620052768,0.5912596401028277,0.5773502691896257,1.793007356604921e-16,0.0,-0.9642857142857143,0.6844319775596066
-1.0,-0.4,0.0,0.8,1.113490364025696,2.1794310722100656,-0.08416389811738649,1.0915944214097248,1.9280205655526992,0.5,-0.3660254037844383,0.0,-0.9285714285714286,0.7736835394619405
-1.0,-0.2,0.0,0.8,0.9635974304068522,1.1728665207877462,2.219269102990033,1.47606483226536,1.9280205655526992,0.2886751345948128,-0.6339745962155612,1.0,-0.8928571428571429,0.7124824684431976
-1.0,0.0,0.0,0.8,0.9635974304068522,1.0196936542669583,1.2004429678848283,1.0765171503957787,0.6169665809768637,0.0,-0.7320508075688771,0.0,-0.8571428571428571,0.6512813974244548
-1.0,0.2,1.0,0.8,0.9635974304068522,1.0196936542669583,1.0454042081949058,1.0237467018469657,0.41131105398457585,-0.2886751345948128,-0.6339745962155612,0.0,-0.8214285714285714,0.7201326023205404
-1.0,0.4,1.0,0.8,-0.7922912205567452,1.0196936542669583,1.0454042081949058,0.40557859027516,0.2827763496143959,-0.5,-0.36602540378443876,0.0,-0.7857142857142857,0.6002805049088352
-1.0,0.6,1.0,0.8,-0.8565310492505354,-0.774617067833698,1.0454042081949058,-0.23520542781756498,0.10282776349614396,-0.577350269189626,0.0,0.0,-0.75,0.48552849674869253
-1.0,0.8,2.0,0.8,-0.6638115631691649,-0.8402625820568927,-0.770764119601329,-0.8081417263475309,0.02570694087403599,-0.5000000000000001,0.3660254037844388,0.0,-0.7142857142857143,0.4115772026010453
-1.0,1.0,2.0,0.8,-0.5995717344753747,-0.6433260393873085,-0.8372093023255814,-0.7402940067847718,-0.02570694087403599,-0.2886751345948132,0.6339745962155612,0.0,-0.6785714285714286,0.35292617620808375
-1.0,1.2,2.0,0.8,-0.32119914346895073,-0.5776805251641138,-0.6378737541528239,-0.5518281191104409,0.0,-2.1211504774498138e-16,0.7320508075688774,0.0,-0.6428571428571429,0.33252581920183555
-0.5,-1.0,-1.0,0.8,-0.278372591006424,-0.29321663019693656,-0.5714285714285714,-0.4161326799849227,0.0,0.2886751345948128,0.6339745962155615,0.0,-0.6071428571428571,0.31467550682136947
-0.5,-0.8,-1.0,0.8,-0.278372591006424,-0.24945295404814005,-0.28349944629014395,-0.30305314738032413,2.673521850899743,0.49999999999999994,0.3660254037844388,0.0,-0.5714285714285714,0.29682519444090255
-0.5,-0.6,-1.0,0.8,-0.278372591006424,-0.24945295404814005,-0.23920265780730898,-0.28797587636637756,1.4910025706940875,0.5773502691896257,1.793007356604921e-16,0.0,-0.5357142857142857,0.013770240979217129
-0.5,-0.4,0.0,0.8,-0.19271948608137046,-0.24945295404814005,-0.23920265780730898,-0.2578213343384847,1.3110539845758356,0.5,-0.3660254037844383,0.0,-0.5,-0.14178248119342066
-0.5,-0.2,0.0,0.8,-0.278372591006424,-0.16192560175054704,-0.23920265780730898,-0.2578213343384847,1.3110539845758356,0.2886751345948128,-0.6339745962155612,1.0,-0.4642857142857143,-0.28968506948871603
-0.5,0.0,0.0,0.8,-0.29978586723768735,-0.24945295404814005,-0.150609080841639,-0.26535996984545784,1.3110539845758356,0.0,-0.7320508075688771,0.0,-0.42857142857142855,-0.4401377024097918
-0.5,0.2,1.0,0.8,-0.29978586723768735,-0.2713347921225383,-0.23920265780730898,-0.30305314738032413,-0.7969151670951157,-0.2886751345948128,-0.6339745962155612,0.0,-0.39285714285714285,-0.5905903353308679
-0.5,0.4,1.0,0.8,-0.3426124197002141,-0.2713347921225383,-0.26135105204872644,-0.32566905390124384,-0.8740359897172236,-0.5,-0.36602540378443876,0.0,-0.35714285714285715,-0.537039398189468
-0.5,0.6,1.0,0.8,-0.278372591006424,-0.3150984682713348,-0.26135105204872644,-0.31813041839427036,-0.6426735218508998,-0.577350269189626,0.0,0.0,-0.32142857142857145,-0.46818819329338235
-0.5,0.8,2.0,0.8,-0.3640256959314775,-0.24945295404814005,-0.30564784053156147,-0.3407463249151901,-0.5655526992287918,-0.5000000000000001,0.3660254037844388,0.0,-0.2857142857142857,-0.4324875685324489
-0.5,1.0,2.0,0.8,-0.3854389721627409,-0.33698030634573306,-0.23920265780730898,-0.3558235959291367,-0.23136246786632392,-0.2886751345948132,0.6339745962155612,0.0,-0.25,-0.40698712227463957
-0.5,1.2,2.0,0.8,-0.3854389721627409,-0.3588621444201313,-0.327796234772979,-0.393516773464003,-0.17994858611825193,-2.1211504774498138e-16,0.7320508075688774,0.0,-0.21428571428571427,-0.41463725615198244
0.0,-1.0,-1.0,0.8,-0.3854389721627409,-0.3588621444201313,-0.34994462901439644,-0.4010554089709761,-0.17994858611825193,0.2886751345948128,0.6339745962155615,0.0,-0.17857142857142858,-0.42738747928088733
0.0,-0.8,-1.0,0.8,-0.2569593147751606,-0.3588621444201313,-0.34994462901439644,-0.3558235959291367,-0.17994858611825193,0.49999999999999994,0.3660254037844388,0.0,-0.14285714285714285,-0.42483743465510604
0.0,-0.6,-1.0,0.8,-0.2569593147751606,-0.2275711159737418,-0.34994462901439644,-0.3105917828872973,-0.07712082262210797,0.5773502691896257,1.793007356604921e-16,0.0,-0.10714285714285714,-0.42228739002932525
0.0,-0.4,0.0,0.8,-0.2569593147751606,-0.2275711159737418,-0.21705426356589147,-0.26535996984545784,-0.17994858611825193,0.5,-0.3660254037844383,0.0,-0.07142857142857142,-0.4299375239066681
0.0,-0.2,0.0,0.8,0.042826552462526764,-0.2275711159737418,-0.21705426356589147,-0.1598190727478324,-0.20565552699228792,0.2886751345948128,-0.6339745962155612,1.0,-0.03571428571428571,-0.3916868545199539
0.0,0.0,0.0,0.8,0.042826552462526764,0.0787746170678337,-0.21705426356589147,-0.05427817565020731,-0.20565552699228792,0.0,-0.7320508075688771,0.0,0.0,-0.3508861405074588
0.0,0.2,1.0,0.8,0.042826552462526764,0.0787746170678337,0.09302325581395349,0.05126272144741812,-0.2570694087403599,-0.2886751345948128,-0.6339745962155612,0.0,0.03571428571428571,-0.31008542649496335
0.0,0.4,1.0,0.8,0.021413276231263382,0.0787746170678337,0.09302325581395349,0.043724085940444996,-0.17994858611825193,-0.5,-0.36602540378443876,0.0,0.07142857142857142,-0.2667346678566875
0.0,0.6,1.0,0.8,-0.06423982869379015,0.05689277899343545,0.09302325581395349,0.0060309084055787,-0.2827763496143959,-0.577350269189626,0.0,0.0,0.10714285714285714,-0.2412342215988777
0.0,0.8,2.0,0.8,-0.08565310492505353,-0.030634573304157548,0.07087486157253599,-0.03920090463626072,-0.30848329048843187,-0.5000000000000001,0.3660254037844388,0.0,0.14285714285714285,-0.2080836414637255
0.0,1.0,2.0,0.8,-0.1284796573875803,-0.0525164113785558,-0.017718715393133997,-0.09197135318507327,-0.30848329048843187,-0.2886751345948132,0.6339745962155612,0.0,0.17857142857142858,-0.1774831059543541
0.0,1.2,2.0,0.8,-0.17130620985010706,-0.0962800875273523,-0.03986710963455149,-0.12966453071993958,-0.30848329048843187,-2.1211504774498138e-16,0.7320508075688774,0.0,0.21428571428571427,-0.15198265969654476
0.5,-1.0,-1.0,0.8,-0.19271948608137046,-0.1400437636761488,-0.08416389811738649,-0.16735770825480586,-0.15424164524421594,0.2886751345948128,0.6339745962155615,0.0,0.25,-0.1290322580645162
0.5,-0.8,-1.0,0.8,-0.3854389721627409,-0.16192560175054704,-0.12846068660022147,-0.2578213343384847,-0.15424164524421594,0.49999999999999994,0.3660254037844388,0.0,0.2857142857142857,-0.1443325258192019
0.5,-0.6,-1.0,0.8,-0.278372591006424,-0.3588621444201313,-0.150609080841639,-0.29551451187335065,-0.15424164524421594,0.5773502691896257,1.793007356604921e-16,0.0,0.32142857142857145,-0.1468825704449827
0.5,-0.4,0.0,0.8,-0.19271948608137046,-0.24945295404814005,-0.34994462901439644,-0.29551451187335065,0.20565552699228792,0.5,-0.3660254037844383,1.0,0.35714285714285715,-0.13923243656763984
0.5,-0.2,0.0,0.8,-0.042826552462526764,-0.16192560175054704,-0.23920265780730898,-0.17489634376177898,0.20565552699228792,0.2886751345948128,-0.6339745962155612,0.0,0.39285714285714285,-0.1494326150707635
0.5,0.0,0.0,0.8,0.4068522483940043,-0.0087527352297593,-0.150609080841639,0.06633999246136471,0.20565552699228792,0.0,-0.7320508075688771,0.0,0.42857142857142855,-0.10608185643248766
0.5,0.2,1.0,0.8,0.3640256959314775,0.45076586433260396,0.004429678848283499,0.262344515642669,0.17994858611825193,-0.2886751345948128,-0.6339745962155612,0.0,0.4642857142857143,-0.06783118704577341
0.5,0.4,1.0,0.8,0.3640256959314775,0.40700218818380746,0.4695459579180509,0.40557859027516,0.07712082262210797,-0.5,-0.36602540378443876,0.0,0.5,-0.027030473033277918
0.5,0.6,1.0,0.8,0.9207708779443254,0.40700218818380746,0.42524916943521596,0.5865058424425177,0.05141388174807198,-0.577350269189626,0.0,0.0,0.5357142857142857,0.09027157975264562
0.5,0.8,2.0,0.8,0.6852248394004282,0.975929978118162,0.42524916943521596,0.6995853750471163,0.0,-0.5000000000000001,0.3660254037844388,0.0,0.5714285714285714,0.1820731862807598
0.5,1.0,2.0,0.8,0.6852248394004282,0.7352297592997812,1.0011074197120708,0.8126649076517148,-0.05141388174807198,-0.2886751345948132,0.6339745962155612,0.0,0.6071428571428571,0.2789748820604356
0.5,1.2,2.0,0.8,0.728051391862955,0.7352297592997812,0.7574750830564784,0.7448171880889557,-0.07712082262210797,-2.1211504774498138e-16,0.7320508075688774,0.0,0.6428571428571429,0.38607675634323546
1.0,-1.0,-1.0,0.8,0.728051391862955,0.7789934354485777,0.7574750830564784,0.7598944591029027,-0.30848329048843187,0.2886751345948128,0.6339745962155615,0.0,0.6785714285714286,0.49572867525181663
1.0,-0.8,-1.0,0.8,1.006423982869379,0.7789934354485777,0.8017718715393134,0.8729739917075012,-0.17994858611825193,0.49999999999999994,0.3660254037844388,0.0,0.7142857142857143,0.6614815759275781
1.0,-0.6,-1.0,0.8,1.0492505353319057,1.0634573304157549,0.8017718715393134,0.9860535243120997,-0.07712082262210797,0.5773502691896257,1.793007356604921e-16,0.0,0.75,0.8195843427259976
1.0,-0.4,0.0,0.8,1.0492505353319057,1.1072210065645514,1.089700996677741,1.0991330569166984,0.10282776349614396,0.5,-0.3660254037844383,1.0,0.7857142857142857,0.967486931021292
1.0,-0.2,0.0,0.8,1.113490364025696,1.1072210065645514,1.1339977851605758,1.1368262344515643,0.6426735218508998,0.2886751345948128,-0.6339745962155612,0.0,0.8214285714285714,1.1051893408134632
1.0,0.0,0.0,0.8,1.45610278372591,1.1728665207877462,1.1339977851605758,1.2800603090840559,0.5912596401028277,0.0,-0.7320508075688771,0.0,0.8571428571428571,1.2301415274767302
1.0,0.2,1.0,0.8,1.45610278372591,1.5229759299781183,1.2004429678848283,1.423294383716547,0.5912596401028277,-0.2886751345948128,-0.6339745962155612,0.0,0.8928571428571429,1.3601938033915586
1.0,0.4,1.0,0.8,1.284796573875803,1.5229759299781183,1.5548172757475083,1.4836034677723333,1.2596401028277635,-0.5,-0.36602540378443876,0.0,0.9285714285714286,1.4698457223001398
1.0,0.6,1.0,0.8,0.9635974304068522,1.3479212253829322,1.5548172757475083,1.3102148511119485,0.9768637532133676,-0.577350269189626,0.0,0.0,0.9642857142857143,1.4749458115517013
1.0,0.8,2.0,0.8,0.8137044967880086,1.0196936542669583,1.3776301218161684,1.0840557859027513,0.9768637532133676,-0.5000000000000001,0.3660254037844388,0.0,1.0,1.490246079306387
